id_parcela,id_venda,id_cliente,valor_parcela,data_vencimento,dias_atraso,data_pagamento,status,valor_em_aberto
1,3,38,38.61,2026-10-05,0,,Em aberto,38.61
2,3,38,38.61,2026-11-04,0,,Em aberto,38.61
3,7,216,255.84,2026-07-17,0,2026-07-19,Pago,0.0
4,10,555,616.9,2026-04-15,0,2026-04-16,Pago,0.0
5,15,331,34.44,2026-09-17,0,2026-09-18,Pago,0.0
6,15,331,34.44,17/10/2026,0,,Em aberto,34.44
7,15,331,34.44,2026-11-16,0,,Em aberto,34.44
8,15,331,34.44,2026-12-16,0,,Em aberto,34.44
9,16,294,8.53,2026-04-04,0,2026-04-06,Pago,0.0
10,16,294,8.53,2026-05-04,0,2026-05-06,Pago,0.0
11,16,294,8.53,2026-06-03,0,2026-06-04,Pago,0.0
12,16,294,8.53,2026-07-03,0,2026-07-06,Pago,0.0
13,25,513,439.83,19/10/2026,0,,Em aberto,439.83
14,31,199,166.57,2026-10-25,0,,Em aberto,166.57
15,31,199,166.57,2026-11-24,0,,Em aberto,166.57
16,31,199,166.57,2026-12-24,0,,Em aberto,166.57
17,35,179,1374.64,2026-06-06,0,2026-06-09,Pago,0.0
18,59,15,8.76,2026-09-19,0,2026-09-21,Pago,0.0
19,59,15,8.76,2026-10-19,0,,Em aberto,8.76
20,59,15,8.76,2026-11-18,0,,Em aberto,8.76
21,59,15,8.76,2026-12-18,0,,Em aberto,8.76
22,66,543,27.2,2026-04-06,0,2026-04-06,Pago,0.0
23,66,543,27.2,2026-05-06,0,2026-05-09,Pago,0.0
24,66,543,27.2,2026-06-05,0,2026-06-08,Pago,0.0
25,66,543,27.2,2026-07-05,2,2026-07-07,Pago,0.0
26,73,331,262.79,2026-05-04,0,2026-05-07,Pago,0.0
27,122,418,280.68,2026-05-18,0,2026-05-19,Pago,0.0
28,122,418,280.68,2026-06-17,0,2026-06-18,Pago,0.0
29,122,418,280.68,2026-07-17,0,2026-07-18,Pago,0.0
30,126,384,990.36,2026-06-24,0,2026-06-26,Pago,0.0
31,139,413,16.88,2026-04-29,0,2026-04-29,Pago,0.0
32,139,413,16.88,2026-05-29,0,2026-06-01,Pago,0.0
33,139,413,16.88,2026-06-28,0,2026-07-01,Pago,0.0
34,142,297,30.24,13/06/26,0,2026-06-15,Pago,0.0
35,142,297,30.24,2026-07-13,0,2026-07-16,Pago,0.0
36,142,297,30.24,2026-08-12,0,2026-08-15,Pago,0.0
37,142,297,30.24,2026-09-11,28,2026-10-09,Pago,0.0
38,179,492,109.33,2026-05-04,0,2026-05-07,Pago,0.0
39,179,492,109.33,2026-06-03,0,2026-06-04,pago,0.0
40,216,37,48.34,2026-05-13,0,2026-05-14,Pago,0.0
41,216,37,48.34,2026-06-12,0,2026-06-14,Pago,0.0
42,216,37,48.34,2026-07-12,27,2026-08-08,Pago,0.0
43,216,37,48.34,2026-08-11,0,2026-08-13,Pago,0.0
44,221,212,54.8,2026-06-08,0,2026-06-09,Pago,0.0
45,221,212,54.8,2026-07-08,0,2026-07-08,Pago,0.0
46,221,212,54.8,2026-08-07,0,2026-08-10,Pago,0.0
47,225,161,62.35,2026-06-13,0,2026-06-15,Pago,0.0
48,225,161,62.35,2026-07-13,29,2026-08-11,Pago,0.0
49,225,161,62.35,2026-08-12,0,2026-08-13,Pago,0.0
50,228,210,47.66,2026-05-07,25,2026-06-01,Pago,0.0
51,228,210,47.66,2026-06-06,0,2026-06-09,Pago,0.0
52,246,300,285.71,2026-05-12,0,2026-05-14,Pago,0.0
53,260,115,125.11,29/10/2026,0,,Em aberto,125.11
54,260,115,125.11,2026-11-28,0,,Em aberto,125.11
55,260,115,125.11,2026-12-28,0,,em aberto,125.11
56,260,115,125.11,2027-01-27,0,,Em aberto,125.11
57,273,430,298.8,2026-09-07,0,2026-09-07,Pago,0.0
58,280,296,556.6,2026-08-05,0,2026-08-07,Pago,0.0
59,281,423,226.94,2026-04-07,19,2026-04-26,Pago,0.0
60,281,423,226.94,2026-05-07,0,2026-05-07,Pago,0.0
61,287,518,124.59,2026-08-21,5,2026-08-26,Pago,0.0
62,287,518,124.59,2026-09-20,0,2026-09-20,Pago,0.0
63,287,518,124.59,2026-10-20,0,,Em aberto,124.59
64,287,518,124.59,2026-11-19,0,,Em aberto,124.59
65,292,189,84.72,2026-05-12,31,2026-06-12,Pago,0.0
66,302,552,904.2,2026-04-18,0,2026-04-19,Pago,0.0
67,306,99,209.64,2026-07-30,0,2026-08-01,Pago,0.0
68,306,99,209.64,2026-08-29,0,2026-08-29,Pago,0.0
69,306,99,209.64,2026-09-28,0,2026-09-28,Pago,0.0
70,311,394,143.25,2026-04-03,0,2026-04-06,Pago,0.0
71,311,394,143.25,2026-05-03,0,2026-05-05,Pago,0.0
72,352,525,722.07,2026-04-01,0,2026-04-01,Pago,0.0
73,369,105,607.92,2026-04-20,0,2026-04-20,Pago,0.0
74,381,28,108.32,2026-10-22,0,,Em aberto,108.32
75,381,28,108.32,2026-11-21,0,,Em aberto,108.32
76,381,28,108.32,2026-12-21,0,,Em aberto,108.32
77,418,558,401.04,12/09/2026,0,2026-09-15,Pago,0.0
78,418,558,401.04,2026-10-12,0,,Em aberto,401.04
79,420,568,113.16,2026-10-04,0,,Em aberto,113.16
80,420,568,113.16,2026-11-03,0,,Em aberto,113.16
81,420,568,113.16,2026-12-03,0,,Em aberto,113.16
82,420,568,113.16,2027-01-02,0,,Em aberto,113.16
83,429,187,126.64,01-04-2026,0,2026-04-04,Pago,0.0
84,429,187,126.64,2026-05-01,0,2026-05-04,Pago,0.0
85,432,389,158.88,2026-07-17,13,2026-07-30,Pago,0.0
86,432,389,158.88,2026-08-16,0,2026-08-17,Pago,0.0
87,432,389,158.88,2026-09-15,0,2026-09-17,Pago,0.0
88,437,236,141.79,2026-06-13,37,,Atrasado,141.79
89,437,236,141.79,2026-07-13,0,2026-07-15,Pago,0.0
90,437,236,141.79,2026-08-12,0,2026-08-13,Pago,0.0
91,437,236,141.79,2026-09-11,0,2026-09-11,Pago,0.0
92,453,12,41.35,2026-04-23,38,,Atrasado,41.35
93,453,12,41.35,2026-05-23,12,2026-06-04,Pago,0.0
94,453,12,41.35,2026-06-22,0,2026-06-22,Pago,0.0
95,453,12,41.35,2026-07-22,0,2026-07-23,Pago,0.0
96,454,452,545.45,2026-09-02,0,2026-09-02,Pago,0.0
97,454,452,545.45,2026-10-02,0,,Em aberto,545.45
98,460,145,194.57,2026-07-16,0,2026-07-18,Pago,0.0
99,460,145,194.57,2026-08-15,0,2026-08-16,Pago,0.0
100,460,145,194.57,2026-09-14,10,2026-09-24,Pago,0.0
101,485,80,139.25,2026-04-30,0,2026-05-01,Pago,0.0
102,485,80,139.25,2026-05-30,0,2026-05-30,Pago,0.0
103,485,80,139.25,2026-06-29,0,2026-07-01,Pago,0.0
104,485,80,139.25,2026-07-29,37,,Atrasado,139.25
105,520,45,50.27,2026-06-11,0,2026-06-13,Pago,0.0
106,537,60,145.95,2026-05-11,0,2026-05-13,Pago,0.0
107,537,60,145.95,2026-06-10,15,2026-06-25,Pago,0.0
108,549,297,157.18,2026-08-11,0,2026-08-11,Pago,0.0
109,549,297,157.18,2026-09-10,4,2026-09-14,Pago,0.0
110,552,180,126.87,2026-07-21,0,2026-07-24,Pago,0.0
111,552,180,126.87,20-08-2026,12,2026-09-01,Pago,0.0
112,552,180,126.87,2026-09-19,0,2026-09-21,Pago,0.0
113,552,180,126.87,2026-10-19,0,,Em aberto,126.87
114,586,304,382.19,2026-05-03,0,2026-05-03,Pago,0.0
115,586,304,382.19,2026-06-02,0,2026-06-05,Pago,0.0
116,603,88,331.84,2026-10-25,0,,Em aberto,331.84
117,608,409,291.86,2026-06-25,0,2026-06-25,Pago,0.0
118,608,409,291.86,2026-07-25,26,2026-08-20,Pago,0.0
119,608,409,291.86,2026-08-24,0,2026-08-24,Pago,0.0
120,608,409,291.86,2026-09-23,28,2026-10-21,Pago,0.0
121,613,186,59.88,2026-09-01,0,2026-09-02,Pago,0.0
122,613,186,59.88,2026-10-01,0,,Em aberto,59.88
123,616,291,36.88,2026-10-16,0,,Em aberto,36.88
124,616,291,36.88,2026-11-15,0,,Em aberto,36.88
125,643,563,465.86,2026-10-28,0,,Em aberto,465.86
126,644,264,191.39,28-08-2026,45,2026-10-12,Pago,0.0
127,644,264,191.39,2026-09-27,0,2026-09-28,Pago,0.0
128,644,264,191.39,27/10/26,0,,Em aberto,191.39
129,646,24,381.99,2026-10-20,0,,Em aberto,381.99
130,649,429,68.69,2026-07-10,0,2026-07-11,Pago,0.0
131,649,429,68.69,2026-08-09,0,2026-08-09,Pago,0.0
132,649,429,68.69,2026-09-08,0,2026-09-11,Pago,0.0
133,649,429,68.69,2026-10-08,0,,Em aberto,68.69
134,656,57,716.44,2026-09-24,0,2026-09-26,Pago,0.0
135,670,181,140.79,2026-10-14,0,,Em aberto,140.79
136,670,181,140.79,2026-11-13,0,,Em aberto,140.79
137,683,569,29.77,2026-05-17,0,2026-05-20,Pago,0.0
138,683,569,29.77,2026-06-16,0,2026-06-18,Pago,0.0
139,712,376,34.51,2026-05-25,3,2026-05-28,Pago,0.0
140,712,376,34.51,2026-06-24,0,2026-06-26,Pago,0.0
141,712,376,34.51,2026-07-24,0,2026-07-26,Pago,0.0
142,712,376,34.51,2026-08-23,17,2026-09-09,Pago,0.0
143,723,528,224.58,26/04/26,5,2026-05-01,PAGO,0.0
144,723,528,224.58,2026-05-26,0,2026-05-27,Pago,0.0
145,723,528,224.58,2026-06-25,0,2026-06-27,Pago,0.0
146,723,528,224.58,2026-07-25,0,2026-07-28,Pago,0.0
147,724,403,701.86,2026-10-30,0,,Em aberto,701.86
148,725,184,30.79,2026-05-12,12,2026-05-24,Pago,0.0
149,725,184,30.79,2026-06-11,0,2026-06-11,Pago,0.0
150,725,184,30.79,11/07/2026,38,,Atrasado,30.79
151,725,184,30.79,2026-08-10,0,2026-08-13,Pago,0.0
152,731,455,89.28,2026-06-18,0,2026-06-21,Pago,0.0
153,731,455,89.28,2026-07-18,0,2026-07-20,Pago,0.0
154,731,455,89.28,2026-08-17,0,2026-08-17,Pago,0.0
155,744,504,261.93,2026-09-22,0,2026-09-23,Pago,0.0
156,744,504,261.93,2026-10-22,0,,Em aberto,261.93
157,762,226,372.13,2026-08-01,0,2026-08-04,Pago,0.0
158,762,226,372.13,2026-08-31,0,2026-09-02,Pago,0.0
159,788,326,308.45,2026-07-24,0,2026-07-24,Pago,0.0
160,788,326,308.45,2026-08-23,0,2026-08-23,Pago,0.0
161,810,77,1167.44,2026-08-21,0,2026-08-24,Pago,0.0
162,820,282,34.7,2026-10-23,0,,Em aberto,34.7
163,820,282,34.7,2026-11-22,0,,Em aberto,34.7
164,820,282,34.7,2026-12-22,0,,Em aberto,34.7
165,842,148,81.85,2026-07-13,0,2026-07-13,Pago,0.0
166,842,148,81.85,2026-08-12,0,2026-08-12,Pago,0.0
167,842,148,81.85,2026-09-11,0,2026-09-13,Pago,0.0
168,842,148,81.85,11/10/26,0,,Em aberto,81.85
169,855,302,609.88,2026-05-30,0,2026-05-30,Pago,0.0
170,855,302,609.88,2026-06-29,0,2026-06-29,Pago,0.0
171,868,330,90.46,2026-06-18,0,2026-06-21,Pago,0.0
172,868,330,90.46,2026-07-18,3,2026-07-21,Pago,0.0
173,868,330,90.46,2026-08-17,30,2026-09-16,Pago,0.0
174,878,386,503.23,2026-08-11,30,2026-09-10,Pago,0.0
175,899,354,161.54,2026-07-03,14,2026-07-17,Pago,0.0
176,899,354,161.54,02/08/26,0,2026-08-04,Pago,0.0
177,899,354,161.54,2026-09-01,0,2026-09-03,Pago,0.0
178,909,178,242.53,2026-07-09,0,2026-07-11,Pago,0.0
179,909,178,242.53,2026-08-08,23,2026-08-31,Pago,0.0
180,956,117,138.31,2026-05-07,0,2026-05-08,Pago,0.0
181,956,117,138.31,2026-06-06,0,2026-06-07,Pago,0.0
182,970,355,27.91,2026-08-16,0,2026-08-16,Pago,0.0
183,970,355,27.91,2026-09-15,0,2026-09-16,Pago,0.0
184,970,355,27.91,2026-10-15,0,,Em aberto,27.91
185,970,355,27.91,2026-11-14,0,,Em aberto,27.91
186,973,88,139.82,2026-10-14,0,,Em aberto,139.82
187,980,189,57.16,2026-07-28,26,2026-08-23,Pago,0.0
188,980,189,57.16,2026-08-27,0,2026-08-27,Pago,0.0
189,980,189,57.16,2026-09-26,0,2026-09-27,Pago,0.0
190,980,189,57.16,2026-10-26,0,,Em aberto,57.16
191,994,219,259.36,2026-06-24,0,2026-06-26,Pago,0.0
192,1012,368,122.46,2026-06-07,0,2026-06-07,Pago,0.0
193,1012,368,122.46,2026-07-07,0,2026-07-07,Pago,0.0
194,1012,368,122.46,2026-08-06,0,2026-08-06,Pago,0.0
195,1012,368,122.46,2026-09-05,0,2026-09-06,Pago,0.0
196,1015,50,231.71,2026-06-23,0,2026-06-25,Pago,0.0
197,1015,50,231.71,2026-07-23,0,2026-07-24,Pago,0.0
198,1015,50,231.71,2026-08-22,0,2026-08-22,Pago,0.0
199,1015,50,231.71,2026-09-21,0,2026-09-21,Pago,0.0
200,1017,470,25.07,2026-09-29,0,2026-10-02,Pago,0.0
201,1017,470,25.07,2026-10-29,0,,Em aberto,25.07
202,1017,470,25.07,2026-11-28,0,,Em aberto,25.07
203,1045,219,75.2,2026-05-21,0,2026-05-21,Pago,0.0
204,1045,219,75.2,2026-06-20,29,2026-07-19,Pago,0.0
205,1045,219,75.2,2026-07-20,0,2026-07-21,Pago,0.0
206,1057,54,63.67,2026-05-20,0,2026-05-20,Pago,0.0
207,1057,54,63.67,19/06/26,0,2026-06-20,Pago,0.0
208,1057,54,63.67,2026-07-19,0,2026-07-22,Pago,0.0
209,1062,235,601.55,2026-06-29,0,2026-06-29,Pago,0.0
210,1084,281,52.04,2026-06-28,16,2026-07-14,Pago,0.0
211,1084,281,52.04,2026-07-28,0,2026-07-30,Pago,0.0
212,1084,281,52.04,2026-08-27,0,2026-08-27,Pago,0.0
213,1104,219,19.71,2026-04-17,3,2026-04-20,Pago,0.0
214,1104,219,19.71,2026-05-17,0,2026-05-20,Pago,0.0
215,1104,219,19.71,2026-06-16,0,2026-06-16,Pago,0.0
216,1115,217,266.58,2026-09-19,11,2026-09-30,Pago,0.0
217,1115,217,266.58,2026-10-19,0,,Em aberto,266.58
218,1124,351,154.59,2026-04-09,0,2026-04-09,Pago,0.0
219,1124,351,154.59,2026-05-09,0,2026-05-12,Pago,0.0
220,1124,351,154.59,2026-06-08,0,2026-06-09,Pago,0.0
221,1124,351,154.59,2026-07-08,19,2026-07-27,Pago,0.0
222,1131,283,85.1,2026-06-03,0,2026-06-06,Pago,0.0
223,1131,283,85.1,2026-07-03,25,2026-07-28,Pago,0.0
224,1131,283,85.1,2026-08-02,10,2026-08-12,Pago,0.0
225,1131,283,85.1,2026-09-01,0,2026-09-01,Pago,0.0
226,1140,435,158.71,2026-08-26,0,2026-08-29,PAGO,0.0
227,1140,435,158.71,2026-09-25,0,2026-09-25,Pago,0.0
228,1142,81,161.85,2026-07-19,0,2026-07-22,Pago,0.0
229,1142,81,161.85,2026-08-18,0,2026-08-19,Pago,0.0
230,1142,81,161.85,2026-09-17,0,2026-09-19,Pago,0.0
231,1145,497,375.31,2026-04-07,0,2026-04-07,Pago,0.0
232,1145,497,375.31,2026-05-07,11,2026-05-18,Pago,0.0
233,1145,497,375.31,2026-06-06,0,2026-06-07,PAGO,0.0
234,1149,519,60.28,14-06-2026,0,2026-06-17,Pago,0.0
235,1149,519,60.28,2026-07-14,0,2026-07-14,Pago,60.28
236,1149,519,60.28,2026-08-13,0,2026-08-13,Pago,0.0
237,1149,519,60.28,2026-09-12,9,2026-09-21,Pago,0.0
238,1159,197,128.41,2026-06-24,0,2026-06-26,Pago,0.0
239,1159,197,128.41,2026-07-24,0,2026-07-26,Pago,0.0
240,1159,197,128.41,2026-08-23,0,2026-08-26,Pago,0.0
241,1167,61,181.69,2026-05-16,0,2026-05-16,Pago,0.0
242,1167,61,181.69,2026-06-15,0,2026-06-16,Pago,0.0
243,1174,322,495.88,2026-06-18,0,2026-06-18,Pago,0.0
244,1179,311,177.06,2026-09-08,29,2026-10-07,Pago,0.0
245,1179,311,177.06,2026-10-08,0,,Em aberto,177.06
246,1179,311,177.06,2026-11-07,0,,Em aberto,177.06
247,1195,81,145.67,2026-04-29,0,2026-04-30,Pago,0.0
248,1195,81,145.67,2026-05-29,0,2026-05-31,Pago,0.0
249,1195,81,145.67,2026-06-28,0,2026-07-01,Pago,0.0
250,1200,183,196.44,2026-05-26,0,2026-05-29,Pago,0.0
251,1200,183,196.44,2026-06-25,0,2026-06-27,Pago,0.0
252,1209,280,628.7,2026-07-26,0,2026-07-27,Pago,0.0
253,1211,15,99.36,2026-04-20,0,2026-04-23,Pago,0.0
254,1211,15,99.36,2026-05-20,0,2026-05-23,Pago,0.0
255,1211,15,99.36,2026-06-19,0,2026-06-19,Pago,0.0
256,1212,415,289.8,2026-08-05,0,2026-08-05,Pago,0.0
257,1212,415,289.8,2026-09-04,0,2026-09-06,Pago,0.0
258,1218,509,1126.68,2026-09-22,5,2026-09-27,Pago,0.0
259,1228,510,234.75,2026-06-01,15,2026-06-16,Pago,0.0
260,1238,338,142.79,2026-04-09,34,2026-05-13,Pago,0.0
261,1238,338,142.79,2026-05-09,0,2026-05-10,Pago,0.0
262,1242,573,9.93,2026-04-04,3,2026-04-07,Pago,0.0
263,1242,573,9.93,2026-05-04,0,2026-05-07,Pago,0.0
264,1242,573,9.93,2026-06-03,0,2026-06-05,Pago,0.0
265,1245,133,319.4,2026-10-03,0,,Em aberto,319.4
266,1245,133,319.4,2026-11-02,0,,Em aberto,319.4
267,1261,386,14.95,2026-10-19,0,,Em aberto,14.95
268,1261,386,14.95,2026-11-18,0,,Em aberto,14.95
269,1261,386,14.95,2026-12-18,0,,em aberto,14.95
270,1261,386,14.95,2027-01-17,0,,Em aberto,14.95
271,1268,96,132.1,2026-10-26,0,,Em aberto,132.1
272,1268,96,132.1,2026-11-25,0,,Em aberto,132.1
273,1268,96,132.1,2026-12-25,0,,Em aberto,132.1
274,1268,96,132.1,24/01/2027,0,,Em aberto,132.1
275,1270,539,59.81,2026-06-22,0,2026-06-23,Pago,0.0
276,1270,539,59.81,2026-07-22,0,2026-07-23,Pago,0.0
277,1270,539,59.81,2026-08-21,0,2026-08-22,Pago,59.81
278,1270,539,59.81,2026-09-20,0,2026-09-21,Pago,0.0
279,1274,32,375.91,2026-09-16,0,2026-09-18,Pago,0.0
280,1274,32,375.91,16/10/26,0,,Em aberto,375.91
281,1274,32,375.91,2026-11-15,0,,Em aberto,375.91
282,1282,489,266.31,2026-07-28,0,2026-07-29,Pago,0.0
283,1282,489,266.31,2026-08-27,0,2026-08-27,Pago,0.0
284,1283,280,63.03,2026-04-17,0,2026-04-20,Pago,0.0
285,1283,280,63.03,2026-05-17,0,2026-05-20,Pago,0.0
286,1297,163,204.75,2026-10-11,0,,Em aberto,204.75
287,1301,385,63.92,2026-06-03,0,2026-06-06,Pago,0.0
288,1301,385,63.92,2026-07-03,0,2026-07-06,Pago,0.0
289,1324,153,159.63,2026-07-20,0,2026-07-23,Pago,0.0
290,1324,153,159.63,2026-08-19,0,2026-08-22,Pago,0.0
291,1324,153,159.63,2026-09-18,21,2026-10-09,Pago,0.0
292,1324,153,159.63,2026-10-18,0,,Em aberto,159.63
293,1338,176,269.12,2026-04-04,0,2026-04-05,Pago,0.0
294,1338,176,269.12,2026-05-04,0,2026-05-04,Pago,0.0
295,1354,6,185.53,2026-08-17,11,2026-08-28,Pago,0.0
296,1354,6,185.53,2026-09-16,0,2026-09-16,Pago,0.0
297,1354,6,185.53,2026-10-16,0,,Em Aberto,185.53
298,1358,446,196.48,2026-08-19,2,2026-08-21,Pago,0.0
299,1358,446,196.48,2026-09-18,0,2026-09-20,Pago,0.0
300,1358,446,196.48,2026-10-18,0,,Em aberto,196.48
301,1365,172,231.88,2026-06-13,0,2026-06-13,Pago,0.0
302,1365,172,231.88,2026-07-13,0,2026-07-13,Pago,0.0
303,1365,172,231.88,2026-08-12,15,2026-08-27,Pago,0.0
304,1365,172,231.88,2026-09-11,0,2026-09-12,Pago,0.0
305,1392,320,58.2,2026-05-08,0,2026-05-11,Pago,0.0
306,1392,320,58.2,2026-06-07,0,2026-06-08,Pago,0.0
307,1392,320,58.2,2026-07-07,0,2026-07-09,Pago,0.0
308,1392,320,58.2,2026-08-06,0,2026-08-07,Pago,0.0
309,1396,46,877.71,2026-10-06,0,,Em aberto,877.71
310,1398,61,657.06,2026-09-16,0,2026-09-19,Pago,0.0
311,1401,95,70.83,2026-04-04,0,2026-04-07,Pago,0.0
312,1401,95,70.83,2026-05-04,0,2026-05-05,Pago,0.0
313,1401,95,70.83,2026-06-03,0,2026-06-03,Pago,0.0
314,1410,546,181.9,2026-05-10,23,2026-06-02,Pago,0.0
315,1410,546,181.9,2026-06-09,0,2026-06-12,Pago,0.0
316,1410,546,181.9,2026-07-09,0,2026-07-09,Pago,0.0
317,1410,546,181.9,2026-08-08,0,2026-08-08,Pago,0.0
318,1411,311,517.12,2026-08-08,0,2026-08-08,Pago,0.0
319,1411,311,517.12,2026-09-07,22,2026-09-29,Pago,0.0
320,1412,217,289.27,2026-10-18,0,,Em aberto,289.27
321,1412,217,289.27,2026-11-17,0,,Em aberto,289.27
322,1422,401,109.36,2026-10-12,0,,Em aberto,109.36
323,1422,401,109.36,2026-11-11,0,,Em aberto,109.36
324,1422,401,109.36,2026-12-11,0,,Em aberto,109.36
325,1427,479,143.16,2026-06-29,0,2026-07-01,Pago,0.0
326,1427,479,143.16,2026-07-29,33,2026-08-31,Pago,0.0
327,1427,479,143.16,2026-08-28,35,,Atrasado,143.16
328,1428,443,172.88,15/05/2026,0,2026-05-18,Pago,0.0
329,1431,277,22.56,2026-09-18,0,2026-09-18,Pago,0.0
330,1431,277,22.56,2026-10-18,0,,Em aberto,22.56
331,1431,277,22.56,2026-11-17,0,,Em aberto,22.56
332,1453,394,45.58,2026-10-03,0,,Em aberto,45.58
333,1453,394,45.58,2026-11-02,0,,Em aberto,45.58
334,1453,394,45.58,2026-12-02,0,,Em aberto,45.58
335,1453,394,45.58,2027-01-01,0,,Em aberto,45.58
336,1465,473,187.06,14/06/26,7,2026-06-21,Pago,0.0
337,1465,473,187.06,2026-07-14,0,2026-07-17,Pago,0.0
338,1472,564,102.64,2026-04-21,0,2026-04-23,Pago,0.0
339,1472,564,102.64,2026-05-21,0,2026-05-23,Pago,0.0
340,1472,564,102.64,2026-06-20,0,2026-06-22,Pago,0.0
341,1498,472,86.59,2026-06-15,36,2026-07-21,Pago,0.0
342,1498,472,86.59,2026-07-15,0,2026-07-16,Pago,0.0
343,1498,472,86.59,2026-08-14,0,2026-08-14,Pago,0.0
344,1498,472,86.59,2026-09-13,0,2026-09-16,Pago,0.0
345,1522,58,195.44,2026-06-02,19,2026-06-21,PAGO,0.0
346,1522,58,195.44,2026-07-02,0,2026-07-05,Pago,0.0
347,1522,58,195.44,2026-08-01,0,2026-08-03,Pago,0.0
348,1522,58,195.44,2026-08-31,0,2026-09-03,Pago,0.0
349,1529,151,1234.85,2026-05-20,0,2026-05-23,Pago,0.0
350,1530,340,327.84,2026-07-05,33,,Atrasado,327.84
351,1530,340,327.84,2026-08-04,12,2026-08-16,Pago,0.0
352,1530,340,327.84,2026-09-03,0,2026-09-03,Pago,0.0
353,1532,338,123.3,2026-04-18,0,2026-04-18,Pago,0.0
354,1532,338,123.3,2026-05-18,0,2026-05-18,Pago,0.0
355,1532,338,123.3,2026-06-17,0,2026-06-19,Pago,0.0
356,1552,63,454.0,2026-05-17,16,2026-06-02,Pago,0.0
357,1556,246,50.55,2026-04-16,0,2026-04-16,Pago,0.0
358,1556,246,50.55,2026-05-16,0,2026-05-18,Pago,0.0
359,1558,64,298.8,2026-05-18,0,2026-05-18,Pago,0.0
360,1559,468,193.36,2026-09-25,0,2026-09-26,Pago,0.0
361,1559,468,193.36,2026-10-25,0,,Em aberto,193.36
362,1559,468,193.36,2026-11-24,0,,Em aberto,193.36
363,1576,137,17.15,2026-04-01,0,2026-04-02,Pago,0.0
364,1576,137,17.15,2026-05-01,0,2026-05-03,Pago,0.0
365,1576,137,17.15,2026-05-31,0,2026-05-31,Pago,0.0
366,1580,443,367.76,2026-06-24,0,2026-06-25,Pago,0.0
367,1580,443,367.76,2026-07-24,0,2026-07-27,Pago,0.0
368,1580,443,367.76,2026-08-23,0,2026-08-24,Pago,0.0
369,1607,555,146.61,2026-06-27,0,2026-06-27,Pago,0.0
370,1615,26,672.26,2026-04-15,0,2026-04-16,Pago,0.0
371,1615,26,672.26,2026-05-15,39,2026-06-23,Pago,0.0
372,1621,183,111.79,2026-08-19,17,2026-09-05,Pago,0.0
373,1621,183,111.79,2026-09-18,0,2026-09-19,Pago,0.0
374,1621,183,111.79,2026-10-18,0,,Em Aberto,111.79
375,1621,183,111.79,2026-11-17,0,,Em aberto,111.79
376,1625,415,29.21,2026-04-29,22,2026-05-21,Pago,0.0
377,1625,415,29.21,2026-05-29,0,2026-05-31,Pago,0.0
378,1625,415,29.21,2026-06-28,0,2026-06-28,Pago,0.0
379,1625,415,29.21,2026-07-28,0,2026-07-30,Pago,0.0
380,1630,595,385.51,2026-05-09,0,2026-05-09,Pago,0.0
381,1630,595,385.51,2026-06-08,0,2026-06-11,Pago,0.0
382,1630,595,385.51,2026-07-08,39,,Atrasado,385.51
383,1634,280,118.81,2026-05-30,0,2026-05-30,Pago,0.0
384,1634,280,118.81,2026-06-29,31,2026-07-30,Pago,0.0
385,1639,344,88.38,2026-04-01,0,2026-04-02,Pago,0.0
386,1652,531,983.76,2026-09-27,0,2026-09-29,Pago,0.0
387,1654,445,91.83,2026-05-08,5,2026-05-13,pago,0.0
388,1654,445,91.83,2026-06-07,0,2026-06-10,Pago,0.0
389,1654,445,91.83,2026-07-07,0,2026-07-08,Pago,0.0
390,1654,445,91.83,2026-08-06,0,2026-08-06,Pago,0.0
391,1662,287,546.0,2026-08-28,0,2026-08-30,Pago,0.0
392,1662,287,546.0,2026-09-27,29,2026-10-26,Pago,0.0
393,1687,556,113.16,2026-07-26,0,2026-07-27,Pago,0.0
394,1687,556,113.16,2026-08-25,29,2026-09-23,Pago,0.0
395,1693,545,96.47,2026-09-29,0,2026-10-01,Pago,0.0
396,1693,545,96.47,2026-10-29,0,,Em aberto,96.47
397,1693,545,96.47,2026-11-28,0,,Em aberto,96.47
398,1696,259,116.97,2026-07-24,0,2026-07-27,Pago,0.0
399,1696,259,116.97,2026-08-23,43,2026-10-05,Pago,0.0
400,1696,259,116.97,2026-09-22,0,2026-09-25,Pago,0.0
401,1696,259,116.97,2026-10-22,0,,Em aberto,116.97
402,1704,528,177.54,2026-08-05,0,2026-08-05,Pago,0.0
403,1704,528,177.54,2026-09-04,0,2026-09-05,Pago,0.0
404,1711,359,95.5,2026-09-02,36,,Atrasado,95.5
405,1711,359,95.5,2026-10-02,0,,Em aberto,95.5
406,1711,359,95.5,2026-11-01,0,,Em aberto,95.5
407,1711,359,95.5,2026-12-01,0,,Em aberto,95.5
408,1719,338,212.05,2026-07-08,25,2026-08-02,Pago,0.0
409,1736,42,36.38,2026-06-25,0,2026-06-26,Pago,0.0
410,1736,42,36.38,2026-07-25,0,2026-07-26,Pago,0.0
411,1736,42,36.38,2026-08-24,0,2026-08-27,Pago,0.0
412,1738,331,83.74,2026-04-08,0,2026-04-08,Pago,0.0
413,1738,331,83.74,2026-05-08,23,2026-05-31,Pago,0.0
414,1738,331,83.74,2026-06-07,12,2026-06-19,Pago,0.0
415,1738,331,83.74,2026-07-07,0,2026-07-07,Pago,0.0
416,1745,381,130.66,2026-08-14,0,2026-08-14,Pago,0.0
417,1745,381,130.66,2026-09-13,0,2026-09-14,Pago,0.0
418,1748,196,223.01,2026-09-20,36,2026-10-26,Pago,0.0
419,1753,14,445.76,2026-10-22,0,,Em aberto,445.76
420,1759,488,485.11,2026-08-03,28,2026-08-31,Pago,0.0
421,1761,6,311.64,2026-10-15,0,,Em aberto,311.64
422,1770,499,95.65,22/06/26,0,2026-06-22,Pago,0.0
423,1770,499,95.65,2026-07-22,0,2026-07-24,Pago,0.0
424,1770,499,95.65,2026-08-21,41,2026-10-01,PAGO,0.0
425,1770,499,95.65,2026-09-20,0,2026-09-20,Pago,0.0
426,1773,471,309.17,2026-10-01,0,,Em aberto,309.17
427,1773,471,309.17,2026-10-31,0,,Em aberto,309.17
428,1773,471,309.17,2026-11-30,0,,Em aberto,309.17
429,1774,50,92.02,2026-07-13,0,2026-07-15,Pago,0.0
430,1774,50,92.02,2026-08-12,34,,Atrasado,92.02
431,1790,260,25.45,2026-08-28,41,,Atrasado,25.45
432,1790,260,25.45,2026-09-27,0,2026-09-27,Pago,0.0
433,1790,260,25.45,2026-10-27,0,,Em aberto,25.45
434,1801,168,229.67,2026-05-03,27,2026-05-30,Pago,0.0
435,1801,168,229.67,2026-06-02,0,2026-06-02,Pago,0.0
436,1801,168,229.67,2026-07-02,0,2026-07-02,Pago,0.0
437,1802,423,129.43,2026-08-05,25,2026-08-30,Pago,0.0
438,1802,423,129.43,04/09/2026,0,2026-09-06,Pago,0.0
439,1802,423,129.43,2026-10-04,0,,EM ABERTO,129.43
440,1826,471,685.97,2026-04-15,0,2026-04-16,Pago,0.0
441,1843,503,10.34,2026-05-19,0,2026-05-20,Pago,0.0
442,1843,503,10.34,2026-06-18,0,2026-06-19,Pago,0.0
443,1843,503,10.34,2026-07-18,0,2026-07-20,Pago,0.0
444,1844,413,17.52,2026-08-29,0,2026-08-29,Pago,0.0
445,1844,413,17.52,2026-09-28,0,2026-09-28,Pago,0.0
446,1848,483,71.62,2026-09-15,0,2026-09-15,Pago,0.0
447,1848,483,71.62,2026-10-15,0,,Em aberto,71.62
448,1848,483,71.62,2026-11-14,0,,Em aberto,71.62
449,1848,483,71.62,2026-12-14,0,,Em aberto,71.62
450,1851,83,165.06,2026-09-19,0,2026-09-19,Pago,0.0
451,1851,83,165.06,2026-10-19,0,,Em aberto,165.06
452,1851,83,165.06,2026-11-18,0,,Em aberto,165.06
453,1851,83,165.06,18-12-2026,0,,Em aberto,165.06
454,1853,214,256.52,2026-05-21,0,2026-05-21,Pago,0.0
455,1853,214,256.52,2026-06-20,0,2026-06-22,Pago,0.0
456,1853,214,256.52,2026-07-20,0,2026-07-21,Pago,0.0
457,1868,94,80.57,2026-09-04,0,2026-09-06,Pago,0.0
458,1868,94,80.57,2026-10-04,0,,Em aberto,80.57
459,1868,94,80.57,2026-11-03,0,,Em aberto,80.57
460,1875,356,251.62,2026-10-23,0,,Em aberto,251.62
461,1875,356,251.62,2026-11-22,0,,Em aberto,251.62
462,1886,493,289.69,2026-10-30,0,,Em aberto,289.69
463,1886,493,289.69,2026-11-29,0,,Em aberto,289.69
464,1900,185,13.96,2026-07-27,5,2026-08-01,pago,0.0
465,1900,185,13.96,2026-08-26,0,2026-08-27,Pago,0.0
466,1900,185,13.96,2026-09-25,0,2026-09-25,Pago,0.0
467,1900,185,13.96,2026-10-25,0,,Em aberto,13.96
468,1906,576,286.52,2026-10-25,0,,Em aberto,286.52
469,1906,576,286.52,2026-11-24,0,,Em aberto,286.52
470,1906,576,286.52,2026-12-24,0,,Em aberto,286.52
471,1919,240,207.85,2026-09-22,0,2026-09-24,Pago,0.0
472,1919,240,207.85,2026-10-22,0,,Em aberto,207.85
473,1919,240,207.85,21-11-2026,0,,Em aberto,207.85
474,1919,240,207.85,2026-12-21,0,,Em aberto,207.85
475,1931,434,142.5,2026-09-18,0,2026-09-19,Pago,0.0
476,1931,434,142.5,2026-10-18,0,,Em aberto,142.5
477,1931,434,142.5,2026-11-17,0,,Em Aberto,142.5
478,1955,312,324.96,2026-04-04,0,2026-04-07,Pago,0.0
479,1978,245,525.25,2026-04-08,0,2026-04-08,Pago,0.0
480,1978,245,525.25,2026-05-08,0,2026-05-09,Pago,0.0
481,1980,371,75.2,2026-05-12,0,2026-05-14,Pago,0.0
482,1980,371,75.2,2026-06-11,0,2026-06-14,Pago,0.0
483,2005,341,102.39,2026-04-18,0,2026-04-19,PAGO,0.0
484,2005,341,102.39,2026-05-18,0,2026-05-18,Pago,0.0
485,2005,341,102.39,2026-06-17,0,2026-06-17,Pago,0.0
486,2005,341,102.39,2026-07-17,43,,Atrasado,102.39
487,2025,559,260.34,2026-10-23,0,,Em aberto,260.34
488,2025,559,260.34,2026-11-22,0,,Em aberto,260.34
489,2025,559,260.34,2026-12-22,0,,Em aberto,260.34
490,2025,559,260.34,2027-01-21,0,,Em aberto,260.34
491,2039,522,38.26,2026-04-06,0,2026-04-09,Pago,0.0
492,2039,522,38.26,2026-05-06,11,2026-05-17,Pago,0.0
493,2039,522,38.26,2026-06-05,0,2026-06-08,Pago,0.0
494,2047,180,197.93,2026-10-07,0,,Em aberto,197.93
495,2047,180,197.93,2026-11-06,0,,Em aberto,197.93
496,2047,180,197.93,2026-12-06,0,,Em aberto,197.93
497,2047,180,197.93,2027-01-05,0,,Em aberto,197.93
498,2048,537,152.24,2026-10-07,0,,Em aberto,152.24
499,2052,6,363.63,2026-07-21,27,2026-08-17,Pago,0.0
500,2052,6,363.63,2026-08-20,3,2026-08-23,Pago,0.0
501,2052,6,363.63,2026-09-19,0,2026-09-20,PAGO,0.0
502,2067,44,824.58,2026-07-31,0,2026-08-01,Pago,0.0
503,2105,329,814.16,2026-09-07,0,2026-09-09,Pago,0.0
504,2106,344,344.93,2026-06-05,0,2026-06-07,Pago,0.0
505,2106,344,344.93,2026-07-05,0,2026-07-05,Pago,0.0
506,2119,239,81.24,2026-04-22,0,2026-04-23,Pago,0.0
507,2119,239,81.24,2026-05-22,13,2026-06-04,Pago,0.0
508,2119,239,81.24,2026-06-21,0,2026-06-24,Pago,0.0
509,2119,239,81.24,2026-07-21,0,2026-07-21,Pago,0.0
510,2132,208,183.31,2026-08-02,0,2026-08-03,Pago,0.0
511,2132,208,183.31,2026-09-01,7,2026-09-08,Pago,0.0
512,2155,595,78.32,2026-04-25,0,2026-04-25,Pago,0.0
513,2155,595,78.32,2026-05-25,0,2026-05-28,Pago,0.0
514,2155,595,78.32,2026-06-24,18,2026-07-12,Pago,0.0
515,2155,595,78.32,2026-07-24,0,2026-07-27,Pago,0.0
516,2160,271,931.41,2026-09-05,0,2026-09-06,Pago,0.0
517,2166,456,90.75,2026-08-12,0,2026-08-15,Pago,0.0
518,2166,456,90.75,2026-09-11,0,2026-09-14,Pago,0.0
519,2185,510,125.97,2026-09-10,0,2026-09-12,Pago,0.0
520,2195,126,68.25,2026-05-21,0,2026-05-24,Pago,0.0
521,2195,126,68.25,2026-06-20,0,2026-06-21,Pago,0.0
522,2195,126,68.25,2026-07-20,0,2026-07-22,Pago,0.0
523,2195,126,68.25,2026-08-19,0,2026-08-20,Pago,0.0
524,2197,70,117.18,2026-09-04,44,,Atrasado,117.18
525,2197,70,117.18,2026-10-04,0,,Em aberto,117.18
526,2197,70,117.18,2026-11-03,0,,Em aberto,117.18
527,2197,70,117.18,2026-12-03,0,,Em aberto,117.18
528,2202,451,54.21,2026-04-20,0,2026-04-23,Pago,0.0
529,2202,451,54.21,2026-05-20,45,2026-07-04,Pago,0.0
530,2202,451,54.21,2026-06-19,-1,2026-06-20,Pago,0.0
531,2202,451,54.21,19/07/26,0,2026-07-22,Pago,0.0
532,2206,286,674.65,2026-04-11,0,2026-04-11,Pago,0.0
533,2207,249,990.36,2026-10-09,0,,Em aberto,990.36
534,2252,144,88.86,14/05/2026,0,2026-05-16,Pago,0.0
535,2252,144,88.86,2026-06-13,0,2026-06-16,Pago,0.0
536,2252,144,88.86,2026-07-13,0,2026-07-14,Pago,0.0
537,2261,525,59.14,2026-07-08,0,2026-07-08,Pago,0.0
538,2261,525,59.14,2026-08-07,0,2026-08-07,Pago,0.0
539,2261,525,59.14,2026-09-06,0,2026-09-06,Pago,0.0
540,2261,525,59.14,2026-10-06,0,,Em aberto,59.14
541,2274,175,238.32,2026-08-06,0,2026-08-09,Pago,0.0
542,2276,278,18.52,15-04-2026,0,2026-04-18,PAGO,0.0
543,2276,278,18.52,2026-05-15,0,2026-05-17,Pago,0.0
544,2276,278,18.52,2026-06-14,40,,Atrasado,18.52
545,2276,278,18.52,2026-07-14,0,2026-07-17,Pago,0.0
546,2278,198,501.02,2026-05-08,0,2026-05-09,Pago,0.0
547,2278,198,501.02,2026-06-07,0,2026-06-07,Pago,0.0
548,2287,355,273.14,2026-07-17,0,2026-07-20,Pago,0.0
549,2287,355,273.14,2026-08-16,29,2026-09-14,Pago,0.0
550,2287,355,273.14,2026-09-15,0,2026-09-17,Pago,0.0
551,2287,355,273.14,2026-10-15,0,,Em aberto,273.14
552,2322,233,14.98,2026-05-05,0,2026-05-05,Pago,0.0
553,2322,233,14.98,2026-06-04,0,2026-06-05,Pago,0.0
554,2331,244,104.86,2026-06-30,0,2026-07-02,Pago,0.0
555,2331,244,104.86,2026-07-30,0,2026-07-31,Pago,0.0
556,2331,244,104.86,2026-08-29,0,2026-08-30,Pago,0.0
557,2331,244,104.86,2026-09-28,0,2026-09-28,Pago,0.0
558,2339,483,74.1,2026-09-06,0,2026-09-07,Pago,0.0
559,2339,483,74.1,2026-10-06,0,,Em aberto,74.1
560,2339,483,74.1,2026-11-05,0,,EM ABERTO,74.1
561,2350,246,81.82,2026-05-01,2,2026-05-03,Pago,0.0
562,2365,562,242.53,2026-05-26,0,2026-05-27,Pago,0.0
563,2365,562,242.53,2026-06-25,0,2026-06-27,Pago,0.0
564,2365,562,242.53,2026-07-25,0,2026-07-26,Pago,0.0
565,2372,74,262.8,2026-09-30,0,2026-10-02,Pago,0.0
566,2372,74,262.8,2026-10-30,0,,Em aberto,262.8
567,2378,410,124.07,2026-04-04,7,2026-04-11,Pago,0.0
568,2378,410,124.07,2026-05-04,0,2026-05-06,Pago,0.0
569,2378,410,124.07,2026-06-03,0,2026-06-06,Pago,0.0
570,2378,410,124.07,2026-07-03,0,2026-07-06,Pago,0.0
571,2384,169,194.58,2026-06-22,0,2026-06-25,Pago,0.0
572,2384,169,194.58,2026-07-22,0,2026-07-24,Pago,0.0
573,2384,169,194.58,2026-08-21,0,2026-08-21,Pago,0.0
574,2397,397,220.52,2026-05-25,31,,Atrasado,220.52
575,2403,278,202.19,2026-08-01,0,2026-08-04,Pago,0.0
576,2409,180,36.04,2026-08-06,0,2026-08-08,Pago,0.0
577,2409,180,36.04,2026-09-05,0,2026-09-07,Pago,0.0
578,2409,180,36.04,2026-10-05,0,,Em aberto,36.04
579,2411,178,8.53,2026-04-22,0,2026-04-25,Pago,8.53
580,2411,178,8.53,2026-05-22,0,2026-05-22,Pago,0.0
581,2411,178,8.53,2026-06-21,0,2026-06-21,Pago,0.0
582,2411,178,8.53,2026-07-21,11,2026-08-01,Pago,0.0
583,2413,337,17.21,2026-10-26,0,,Em aberto,17.21
584,2413,337,17.21,2026-11-25,0,,Em aberto,17.21
585,2418,243,102.24,2026-07-24,0,2026-07-24,Pago,0.0
586,2418,243,102.24,2026-08-23,28,2026-09-20,Pago,0.0
587,2446,263,1097.78,2026-08-02,0,2026-08-05,Pago,0.0
588,2461,172,61.42,2026-07-05,34,2026-08-08,Pago,0.0
589,2461,172,61.42,2026-08-04,0,2026-08-04,Pago,0.0
590,2461,172,61.42,2026-09-03,0,2026-09-04,Pago,0.0
591,2465,381,471.22,2026-10-15,0,,Em aberto,471.22
592,2467,521,196.11,2026-07-05,0,2026-07-07,Pago,0.0
593,2467,521,196.11,2026-08-04,0,2026-08-06,Pago,0.0
594,2470,381,494.89,2026-06-24,36,2026-07-30,Pago,0.0
595,2491,135,228.75,2026-07-07,19,2026-07-26,Pago,0.0
596,2491,135,228.75,2026-08-06,0,2026-08-08,Pago,0.0
597,2512,106,368.73,2026-04-30,0,2026-04-30,Pago,0.0
598,2514,247,52.38,2026-04-06,0,2026-04-07,Pago,0.0
599,2514,247,52.38,2026-05-06,0,2026-05-07,Pago,0.0
600,2517,267,294.94,2026-08-17,0,2026-08-18,Pago,0.0
601,2517,267,294.94,2026-09-16,0,2026-09-16,Pago,0.0
602,2521,254,456.8,2026-07-17,15,2026-08-01,Pago,0.0
603,2588,166,61.45,2026-09-02,0,2026-09-03,Pago,0.0
604,2588,166,61.45,2026-10-02,0,,Em aberto,61.45
605,2588,166,61.45,2026-11-01,0,,Em aberto,61.45
606,2588,166,61.45,2026-12-01,0,,Em aberto,61.45
607,2596,66,180.84,2026-10-22,0,,Em aberto,180.84
608,2596,66,180.84,2026-11-21,0,,Em aberto,180.84
609,2596,66,180.84,2026-12-21,0,,Em Aberto,180.84
610,2617,582,186.38,2026-10-07,0,,Em aberto,186.38
611,2617,582,186.38,2026-11-06,0,,Em aberto,186.38
612,2617,582,186.38,2026-12-06,0,,Em aberto,186.38
613,2630,199,71.67,2026-09-05,40,,Atrasado,71.67
614,2630,199,71.67,05-10-2026,0,,Em aberto,71.67
615,2630,199,71.67,2026-11-04,0,,Em aberto,71.67
616,2643,294,97.17,2026-04-28,0,2026-05-01,Pago,0.0
617,2643,294,97.17,2026-05-28,0,2026-05-29,Pago,0.0
618,2646,97,657.06,2026-04-26,9,2026-05-05,Pago,0.0
619,2646,97,657.06,2026-05-26,0,2026-05-28,Pago,0.0
620,2656,80,394.45,2026-09-17,0,2026-09-18,Pago,0.0
621,2657,406,132.1,2026-08-22,0,2026-08-22,pago,0.0
622,2657,406,132.1,2026-09-21,19,2026-10-10,Pago,0.0
623,2657,406,132.1,2026-10-21,0,,Em aberto,132.1
624,2657,406,132.1,2026-11-20,0,,Em aberto,132.1
625,2690,321,237.79,2026-07-08,0,2026-07-09,Pago,0.0
626,2690,321,237.79,2026-08-07,0,2026-08-10,Pago,0.0
627,2690,321,237.79,2026-09-06,7,2026-09-13,Pago,0.0
628,2709,310,96.53,2026-09-01,27,2026-09-28,Pago,0.0
629,2709,310,96.53,2026-10-01,0,,Em aberto,96.53
630,2709,310,96.53,2026-10-31,0,,Em aberto,96.53
631,2709,310,96.53,2026-11-30,0,,Em aberto,96.53
632,2729,56,30.33,2026-07-03,0,2026-07-04,Pago,0.0
633,2729,56,30.33,2026-08-02,0,2026-08-03,Pago,0.0
634,2753,511,104.53,2026-06-10,0,2026-06-11,Pago,0.0
635,2753,511,104.53,2026-07-10,0,2026-07-10,Pago,0.0
636,2753,511,104.53,2026-08-09,0,2026-08-11,Pago,0.0
637,2753,511,104.53,08/09/26,39,,Atrasado,104.53
638,2757,66,681.88,2026-04-11,0,2026-04-13,Pago,0.0
639,2757,66,681.88,2026-05-11,0,2026-05-12,Pago,0.0
640,2775,389,68.67,2026-09-14,21,2026-10-05,Pago,0.0
641,2775,389,68.67,2026-10-14,0,,Em aberto,68.67
642,2775,389,68.67,2026-11-13,0,,Em aberto,68.67
643,2775,389,68.67,2026-12-13,0,,em aberto,68.67
644,2779,103,254.79,2026-06-08,0,2026-06-08,Pago,0.0
645,2806,386,879.31,2026-05-14,33,,Atrasado,879.31
646,2813,539,328.53,2026-04-16,0,2026-04-18,Pago,0.0
647,2815,93,53.33,2026-04-14,7,2026-04-21,Pago,0.0
648,2815,93,53.33,2026-05-14,0,2026-05-15,Pago,0.0
649,2815,93,53.33,2026-06-13,25,2026-07-08,Pago,0.0
650,2817,457,485.06,2026-05-22,0,2026-05-22,Pago,0.0
651,2822,251,245.83,2026-07-11,0,2026-07-13,Pago,0.0
652,2831,134,27.57,2026-06-27,0,2026-06-30,Pago,0.0
653,2831,134,27.57,2026-07-27,0,2026-07-29,Pago,0.0
654,2833,456,275.07,2026-09-09,35,2026-10-14,Pago,0.0
655,2833,456,275.07,2026-10-09,0,,Em aberto,275.07
656,2853,570,602.8,2026-08-01,0,2026-08-04,Pago,0.0
657,2871,211,401.75,2026-09-14,0,2026-09-17,Pago,0.0
658,2871,211,401.75,2026-10-14,0,,Em aberto,401.75
659,2880,194,48.06,2026-09-04,0,2026-09-07,PAGO,0.0
660,2880,194,48.06,2026-10-04,0,,Em aberto,48.06
661,2880,194,48.06,2026-11-03,0,,Em aberto,48.06
662,2889,501,213.53,2026-06-21,0,2026-06-24,Pago,0.0
663,2889,501,213.53,2026-07-21,0,2026-07-24,Pago,0.0
664,2889,501,213.53,2026-08-20,0,2026-08-20,Pago,0.0
665,2889,501,213.53,2026-09-19,0,2026-09-22,Pago,0.0
666,2892,277,160.85,2026-06-29,0,2026-07-01,Pago,0.0
667,2901,398,45.67,2026-07-02,0,2026-07-02,Pago,0.0
668,2901,398,45.67,2026-08-01,0,2026-08-03,Pago,0.0
669,2901,398,45.67,2026-08-31,0,2026-08-31,Pago,0.0
670,2914,151,175.03,2026-08-12,0,2026-08-13,Pago,0.0
671,2914,151,175.03,2026-09-11,0,2026-09-14,Pago,0.0
672,2917,342,86.27,2026-10-20,0,,Em aberto,86.27
673,2917,342,86.27,2026-11-19,0,,Em aberto,86.27
674,2929,253,784.43,2026-10-08,0,,Em aberto,784.43
675,2951,515,56.86,2026-07-16,0,2026-07-16,Pago,0.0
676,2951,515,56.86,2026-08-15,0,2026-08-16,Pago,0.0
677,2951,515,56.86,2026-09-14,0,2026-09-17,Pago,0.0
678,2951,515,56.86,2026-10-14,0,,Em aberto,56.86
679,2957,564,160.31,2026-10-15,0,,Em aberto,160.31
680,2957,564,160.31,2026-11-14,0,,Em aberto,160.31
681,2957,564,160.31,2026-12-14,0,,Em aberto,160.31
682,2957,564,160.31,2027-01-13,0,,Em aberto,160.31
683,2973,540,287.37,2026-04-03,0,2026-04-05,Pago,0.0
684,2973,540,287.37,2026-05-03,0,2026-05-03,Pago,0.0
685,2973,540,287.37,2026-06-02,0,2026-06-04,Pago,0.0
686,2973,540,287.37,2026-07-02,0,2026-07-02,Pago,0.0
687,2977,526,96.62,2026-06-28,0,2026-06-30,Pago,0.0
688,2977,526,96.62,2026-07-28,0,2026-07-29,Pago,0.0
689,2977,526,96.62,2026-08-27,0,2026-08-28,Pago,0.0
690,2999,455,495.18,2026-07-31,0,2026-08-03,Pago,0.0
691,2999,455,495.18,2026-08-30,0,2026-08-30,Pago,0.0
692,3013,325,75.84,2026-06-15,0,2026-06-18,Pago,0.0
693,3013,325,75.84,2026-07-15,25,2026-08-09,Pago,0.0
694,3013,325,75.84,2026-08-14,0,2026-08-15,Pago,0.0
695,3022,192,121.32,2026-07-18,41,,Atrasado,121.32
696,3022,192,121.32,2026-08-17,0,2026-08-19,Pago,0.0
697,3025,220,60.06,2026-10-19,0,,Em aberto,60.06
698,3025,220,60.06,2026-11-18,0,,Em aberto,60.06
699,3025,220,60.06,2026-12-18,0,,Em aberto,60.06
700,3025,220,60.06,2027-01-17,0,,Em aberto,60.06
701,3026,599,209.57,2026-05-17,0,2026-05-20,Pago,0.0
702,3026,599,209.57,2026-06-16,10,2026-06-26,Pago,0.0
703,3026,599,209.57,2026-07-16,0,2026-07-17,Pago,0.0
704,3026,599,209.57,2026-08-15,0,2026-08-17,Pago,0.0
705,3033,192,46.38,2026-06-23,0,2026-06-25,Pago,0.0
706,3033,192,46.38,2026-07-23,0,2026-07-25,Pago,0.0
707,3033,192,46.38,2026-08-22,0,2026-08-24,Pago,0.0
708,3041,122,263.9,2026-04-11,0,2026-04-12,Pago,0.0
709,3045,460,212.5,2026-06-23,0,2026-06-26,Pago,0.0
710,3045,460,212.5,2026-07-23,0,2026-07-25,pago,0.0
711,3045,460,212.5,2026-08-22,0,2026-08-25,Pago,0.0
712,3045,460,212.5,2026-09-21,0,2026-09-22,Pago,0.0
713,3059,52,244.42,2026-10-26,0,,Em aberto,244.42
714,3060,22,200.88,2026-05-26,19,2026-06-14,Pago,0.0
715,3060,22,200.88,2026-06-25,0,2026-06-25,Pago,0.0
716,3060,22,200.88,2026-07-25,0,2026-07-25,Pago,0.0
717,3060,22,200.88,2026-08-24,0,2026-08-27,Pago,0.0
718,3086,189,497.61,2026-05-14,0,2026-05-14,Pago,0.0
719,3099,218,301.81,2026-08-03,0,2026-08-05,Pago,0.0
720,3116,129,145.67,2026-05-10,21,2026-05-31,Pago,0.0
721,3116,129,145.67,2026-06-09,0,2026-06-12,Pago,0.0
722,3116,129,145.67,2026-07-09,21,2026-07-30,Pago,0.0
723,3125,279,93.08,2026-05-08,0,2026-05-11,Pago,0.0
724,3125,279,93.08,2026-06-07,0,2026-06-09,Pago,0.0
725,3137,375,19.93,2026-10-16,0,,Em aberto,19.93
726,3137,375,19.93,15/11/2026,0,,Em aberto,19.93
727,3137,375,19.93,2026-12-15,0,,Em aberto,19.93
728,3138,560,38.61,2026-04-05,0,2026-04-07,Pago,0.0
729,3138,560,38.61,2026-05-05,0,2026-05-08,Pago,0.0
730,3138,560,38.61,2026-06-04,0,2026-06-07,Pago,0.0
731,3138,560,38.61,2026-07-04,0,2026-07-05,Pago,0.0
732,3156,581,199.94,2026-08-04,0,2026-08-05,Pago,0.0
733,3156,581,199.94,2026-09-03,0,2026-09-06,Pago,0.0
734,3158,143,438.04,2026-06-05,34,,Atrasado,438.04
735,3158,143,438.04,2026-07-05,0,2026-07-07,Pago,0.0
736,3158,143,438.04,2026-08-04,0,2026-08-05,Pago,0.0
737,3159,32,1014.95,2026-07-24,0,2026-07-25,Pago,0.0
738,3181,19,368.73,2026-06-24,0,2026-06-24,Pago,0.0
739,3181,19,368.73,2026-07-24,23,2026-08-16,Pago,0.0
740,3190,447,187.07,2026-05-31,0,2026-06-01,Pago,0.0
741,3190,447,187.07,2026-06-30,4,2026-07-04,Pago,0.0
742,3190,447,187.07,2026-07-30,0,2026-07-31,Pago,0.0
743,3197,221,204.75,2026-10-08,0,,Em aberto,204.75
744,3197,221,204.75,2026-11-07,0,,Em aberto,204.75
745,3197,221,204.75,2026-12-07,0,,Em aberto,204.75
746,3197,221,204.75,2027-01-06,0,,Em aberto,204.75
747,3211,358,53.91,2026-10-21,0,,Em aberto,53.91
748,3211,358,53.91,2026-11-20,0,,em aberto,53.91
749,3215,146,278.81,2026-08-03,7,2026-08-10,Pago,0.0
750,3215,146,278.81,2026-09-02,0,2026-09-03,Pago,0.0
751,3215,146,278.81,2026-10-02,0,,Em aberto,278.81
752,3226,122,18.92,2026-04-04,0,2026-04-05,Pago,0.0
753,3226,122,18.92,2026-05-04,0,2026-05-05,Pago,0.0
754,3226,122,18.92,2026-06-03,0,2026-06-04,Pago,0.0
755,3237,65,51.15,2026-08-08,0,2026-08-10,Pago,0.0
756,3237,65,51.15,2026-09-07,0,2026-09-08,Pago,0.0
757,3237,65,51.15,07/10/26,0,,Em aberto,51.15
758,3237,65,51.15,2026-11-06,0,,Em aberto,51.15
759,3260,242,11.66,2026-09-09,0,2026-09-10,Pago,0.0
760,3260,242,11.66,2026-10-09,0,,Em aberto,11.66
761,3260,242,11.66,2026-11-08,0,,Em aberto,11.66
762,3260,242,11.66,2026-12-08,0,,Em aberto,11.66
763,3262,576,321.15,2026-04-17,0,2026-04-20,Pago,0.0
764,3279,428,554.27,2026-05-28,0,2026-05-30,Pago,0.0
765,3312,131,175.34,2026-08-26,42,,Atrasado,175.34
766,3312,131,175.34,25/09/2026,0,2026-09-28,Pago,0.0
767,3312,131,175.34,2026-10-25,0,,Em aberto,175.34
768,3320,300,678.3,2026-04-06,27,2026-05-03,Pago,0.0
769,3325,165,155.28,2026-08-01,6,2026-08-07,Pago,0.0
770,3372,345,103.68,2026-04-19,0,2026-04-22,Pago,0.0
771,3372,345,103.68,2026-05-19,0,2026-05-22,Pago,0.0
772,3384,211,21.18,2026-05-26,0,2026-05-27,pago,0.0
773,3384,211,21.18,2026-06-25,0,2026-06-25,Pago,0.0
774,3384,211,21.18,2026-07-25,0,2026-07-25,Pago,0.0
775,3384,211,21.18,2026-08-24,8,2026-09-01,Pago,0.0
776,3394,349,127.84,2026-10-08,0,,Em aberto,127.84
777,3394,349,127.84,2026-11-07,0,,Em aberto,127.84
778,3401,263,40.74,2026-10-25,0,,Em aberto,40.74
779,3401,263,40.74,2026-11-24,-1,,Em aberto,40.74
780,3401,263,40.74,2026-12-24,0,,Em aberto,40.74
781,3417,422,177.21,2026-06-10,0,2026-06-11,Pago,0.0
782,3417,422,177.21,2026-07-10,0,2026-07-12,Pago,0.0
783,3423,424,125.84,2026-08-06,0,2026-08-08,Pago,0.0
784,3423,424,125.84,2026-09-05,0,2026-09-05,Pago,0.0
785,3439,537,154.59,2026-06-20,0,2026-06-22,Pago,0.0
786,3439,537,154.59,2026-07-20,0,2026-07-23,Pago,0.0
787,3439,537,154.59,2026-08-19,27,2026-09-15,Pago,0.0
788,3439,537,154.59,2026-09-18,0,2026-09-20,Pago,0.0
789,3444,437,87.73,2026-09-28,6,2026-10-04,Pago,0.0
790,3444,437,87.73,2026-10-28,0,,Em aberto,87.73
791,3444,437,87.73,2026-11-27,0,,Em aberto,87.73
792,3444,437,87.73,2026-12-27,0,,Em aberto,87.73
793,3456,173,218.45,2026-08-14,11,2026-08-25,Pago,0.0
794,3456,173,218.45,2026-09-13,0,2026-09-15,Pago,0.0
795,3456,173,218.45,2026-10-13,0,,Em aberto,218.45
796,3456,173,218.45,2026-11-12,0,,Em aberto,218.45
797,3461,369,43.4,2026-04-29,0,2026-05-02,Pago,0.0
798,3461,369,43.4,29/05/26,0,2026-05-31,Pago,0.0
799,3462,230,207.34,2026-09-13,0,2026-09-16,Pago,0.0
800,3462,230,207.34,2026-10-13,0,,Em aberto,207.34
801,3462,230,207.34,2026-11-12,0,,Em aberto,207.34
802,3462,230,207.34,2026-12-12,0,,Em aberto,207.34
803,3469,173,28.58,2026-04-05,16,2026-04-21,Pago,0.0
804,3469,173,28.58,2026-05-05,0,2026-05-06,Pago,0.0
805,3474,283,92.15,2026-06-11,0,2026-06-13,Pago,0.0
806,3474,283,92.15,2026-07-11,0,2026-07-12,Pago,92.15
807,3474,283,92.15,2026-08-10,0,2026-08-11,Pago,0.0
808,3486,126,17.46,2026-10-17,0,,Em aberto,17.46
809,3486,126,17.46,2026-11-16,0,,Em aberto,17.46
810,3486,126,17.46,2026-12-16,0,,Em aberto,17.46
811,3486,126,17.46,2027-01-15,0,,Em aberto,17.46
812,3491,294,215.65,2026-06-21,35,,Atrasado,215.65
813,3500,131,231.53,2026-10-10,0,,Em aberto,231.53
814,3500,131,231.53,2026-11-09,0,,Em aberto,231.53
815,3500,131,231.53,2026-12-09,0,,Em aberto,231.53
816,3500,131,231.53,2027-01-08,0,,Em aberto,231.53
817,3530,9,139.15,2026-07-26,14,2026-08-09,Pago,0.0
818,3548,503,88.76,2026-09-21,0,2026-09-23,Pago,0.0
819,3548,503,88.76,2026-10-21,0,,Em aberto,88.76
820,3548,503,88.76,2026-11-20,0,,Em aberto,88.76
821,3574,555,309.78,2026-04-26,0,2026-04-29,Pago,0.0
822,3574,555,309.78,2026-05-26,16,2026-06-11,Pago,0.0
823,3574,555,309.78,2026-06-25,0,2026-06-25,Pago,0.0
824,3586,528,108.11,2026-08-15,0,2026-08-18,Pago,0.0
825,3586,528,108.11,2026-09-14,0,2026-09-17,Pago,0.0
826,3586,528,108.11,14/10/2026,0,,Em aberto,108.11
827,3597,333,167.36,2026-06-08,0,2026-06-09,pago,0.0
828,3619,592,38.12,2026-10-01,0,,Em aberto,38.12
829,3619,592,38.12,2026-10-31,0,,Em aberto,38.12
830,3645,449,260.05,2026-08-26,10,2026-09-05,Pago,0.0
831,3645,449,260.05,2026-09-25,28,2026-10-23,Pago,0.0
832,3645,449,260.05,2026-10-25,0,,Em aberto,260.05
833,3645,449,260.05,2026-11-24,0,,Em aberto,260.05
834,3646,341,48.86,2026-03-31,0,2026-04-01,Pago,0.0
835,3646,341,48.86,2026-04-30,10,2026-05-10,Pago,0.0
836,3646,341,48.86,2026-05-30,0,2026-06-01,Pago,0.0
837,3646,341,48.86,2026-06-29,0,2026-07-02,Pago,0.0
838,3655,419,31.23,2026-05-27,0,2026-05-30,Pago,0.0
839,3655,419,31.23,2026-06-26,0,2026-06-27,Pago,0.0
840,3655,419,31.23,2026-07-26,0,2026-07-28,Pago,0.0
841,3669,127,101.32,2026-04-28,0,2026-04-29,Pago,0.0
842,3669,127,101.32,2026-05-28,0,2026-05-29,Pago,0.0
843,3681,442,67.5,2026-05-11,0,2026-05-12,Pago,0.0
844,3681,442,67.5,2026-06-10,42,2026-07-22,Pago,0.0
845,3701,227,8.47,2026-08-14,0,2026-08-17,Pago,0.0
846,3701,227,8.47,2026-09-13,0,2026-09-13,Pago,0.0
847,3701,227,8.47,2026-10-13,0,,Em aberto,8.47
848,3723,186,245.46,2026-08-21,0,2026-08-21,Pago,0.0
849,3725,416,34.43,2026-06-15,0,2026-06-17,Pago,0.0
850,3745,306,212.5,2026-09-27,0,2026-09-29,Pago,0.0
851,3745,306,212.5,2026-10-27,0,,Em aberto,212.5
852,3745,306,212.5,2026-11-26,0,,Em aberto,212.5
853,3745,306,212.5,2026-12-26,0,,Em aberto,212.5
854,3750,375,1097.78,2026-10-28,0,,EM ABERTO,1097.78
855,3802,538,467.62,10/06/26,0,2026-06-12,Pago,0.0
856,3830,324,544.32,2026-04-11,0,2026-04-11,Pago,0.0
857,3845,57,390.07,2026-06-16,0,2026-06-19,Pago,0.0
858,3845,57,390.07,2026-07-16,5,2026-07-21,Pago,0.0
859,3845,57,390.07,2026-08-15,0,2026-08-15,pago,0.0
860,3850,434,187.88,10/08/26,0,2026-08-12,Pago,0.0
861,3850,434,187.88,2026-09-09,29,2026-10-08,Pago,0.0
862,3850,434,187.88,2026-10-09,0,,Em aberto,187.88
863,3850,434,187.88,2026-11-08,0,,Em aberto,187.88
864,3886,443,107.75,2026-04-20,19,2026-05-09,Pago,0.0
865,3886,443,107.75,20/05/26,0,2026-05-21,Pago,0.0
866,3886,443,107.75,2026-06-19,0,2026-06-19,Pago,0.0
867,3886,443,107.75,2026-07-19,0,2026-07-20,Pago,0.0
868,3909,216,81.36,2026-09-06,0,2026-09-07,Pago,0.0
869,3909,216,81.36,2026-10-06,0,,Em aberto,81.36
870,3909,216,81.36,2026-11-05,0,,EM ABERTO,81.36
871,3909,216,81.36,2026-12-05,0,,Em aberto,81.36
872,3912,98,629.06,2026-04-25,0,2026-04-26,Pago,0.0
873,3912,98,629.06,2026-05-25,0,2026-05-25,Pago,0.0
874,3913,392,422.22,2026-07-03,0,2026-07-04,Pago,0.0
875,3913,392,422.22,2026-08-02,1,2026-08-03,Pago,0.0
876,3923,190,424.63,2026-06-28,0,2026-06-28,Pago,0.0
877,3923,190,424.63,2026-07-28,-41,2026-09-06,Pago,0.0
878,4003,481,224.7,2026-07-05,36,2026-08-10,Pago,0.0
879,4003,481,224.7,2026-08-04,0,2026-08-06,Pago,0.0
880,4019,407,19.83,2026-06-30,0,2026-06-30,Pago,0.0
881,4019,407,19.83,2026-07-30,0,2026-08-02,Pago,0.0
882,4019,407,19.83,2026-08-29,0,2026-08-29,Pago,0.0
883,4029,333,817.67,2026-09-29,0,2026-10-02,Pago,0.0
884,4033,429,187.88,2026-10-25,0,,Em aberto,187.88
885,4033,429,187.88,2026-11-24,0,,Em aberto,187.88
886,4033,429,187.88,2026-12-24,0,,Em aberto,187.88
887,4033,429,187.88,2027-01-23,0,,Em aberto,187.88
888,4044,492,1047.03,2026-08-14,0,2026-08-17,Pago,1047.03
889,4056,323,41.24,2026-06-11,0,2026-06-13,Pago,0.0
890,4056,323,41.24,11-07-2026,0,2026-07-14,Pago,0.0
891,4056,323,41.24,2026-08-10,3,2026-08-13,Pago,0.0
892,4060,92,108.11,2026-04-03,27,2026-04-30,Pago,0.0
893,4063,150,549.88,2026-10-08,0,,Em aberto,549.88
894,4071,23,213.75,2026-09-05,0,2026-09-07,Pago,0.0
895,4071,23,213.75,2026-10-05,0,,Em aberto,213.75
896,4071,23,213.75,2026-11-04,0,,Em aberto,213.75
897,4071,23,213.75,2026-12-04,0,,Em aberto,213.75
898,4080,218,77.6,2026-10-17,0,,Em Aberto,77.6
899,4080,218,77.6,2026-11-16,0,,Em aberto,77.6
900,4080,218,77.6,2026-12-16,0,,Em aberto,77.6
901,4080,218,77.6,2027-01-15,0,,Em aberto,77.6
902,4085,63,298.44,2026-09-27,36,,Atrasado,298.44
903,4085,63,298.44,2026-10-27,0,,Em aberto,298.44
904,4085,63,298.44,2026-11-26,0,,Em aberto,298.44
905,4103,515,150.39,2026-07-19,0,2026-07-20,Pago,0.0
906,4104,265,429.78,2026-04-19,0,2026-04-19,Pago,0.0
907,4104,265,429.78,2026-05-19,0,2026-05-22,Pago,0.0
908,4132,250,116.91,2026-05-02,29,2026-05-31,Pago,0.0
909,4132,250,116.91,2026-06-01,0,2026-06-04,Pago,0.0
910,4139,356,124.04,2026-05-11,0,2026-05-12,Pago,0.0
911,4148,400,275.82,2026-08-04,0,2026-08-04,Pago,0.0
912,4148,400,275.82,2026-09-03,0,2026-09-03,Pago,0.0
913,4148,400,275.82,2026-10-03,0,,Em aberto,275.82
914,4157,33,141.05,2026-09-21,0,2026-09-21,pago,0.0
915,4157,33,141.05,2026-10-21,0,,Em aberto,141.05
916,4157,33,141.05,2026-11-20,0,,Em aberto,141.05
917,4175,135,80.41,15-08-2026,0,2026-08-17,Pago,0.0
918,4175,135,80.41,2026-09-14,0,2026-09-16,Pago,0.0
919,4176,484,230.95,2026-06-25,0,2026-06-28,Pago,0.0
920,4176,484,230.95,2026-07-25,0,2026-07-26,Pago,0.0
921,4176,484,230.95,2026-08-24,0,2026-08-24,Pago,230.95
922,4176,484,230.95,2026-09-23,0,2026-09-23,Pago,0.0
923,4189,363,340.94,2026-08-18,0,2026-08-20,Pago,0.0
924,4189,363,340.94,2026-09-17,0,2026-09-19,Pago,0.0
925,4189,363,340.94,2026-10-17,0,,Em aberto,340.94
926,4189,363,340.94,2026-11-16,0,,Em aberto,340.94
927,4196,405,22.56,2026-07-08,0,2026-07-10,Pago,0.0
928,4196,405,22.56,2026-08-07,23,2026-08-30,Pago,0.0
929,4196,405,22.56,06-09-2026,0,2026-09-09,Pago,0.0
930,4196,405,22.56,2026-10-06,0,,Em aberto,22.56
931,4208,55,529.01,2026-10-02,0,,Em aberto,529.01
932,4212,76,561.2,2026-05-27,0,2026-05-30,Pago,0.0
933,4213,41,177.54,2026-06-17,0,2026-06-19,Pago,0.0
934,4224,73,82.48,2026-05-01,0,2026-05-03,PAGO,0.0
935,4224,73,82.48,2026-05-31,0,2026-06-03,Pago,0.0
936,4224,73,82.48,2026-06-30,15,2026-07-15,Pago,0.0
937,4226,596,151.29,2026-06-28,0,2026-06-29,Pago,0.0
938,4226,596,151.29,2026-07-28,0,2026-07-31,Pago,0.0
939,4226,596,151.29,27/08/26,0,2026-08-30,Pago,0.0
940,4235,569,205.46,2026-04-05,0,2026-04-07,Pago,0.0
941,4235,569,205.46,2026-05-05,0,2026-05-06,Pago,0.0
942,4235,569,205.46,2026-06-04,34,,Atrasado,205.46
943,4235,569,205.46,2026-07-04,0,2026-07-05,Pago,0.0
944,4237,258,195.93,2026-04-01,0,2026-04-03,Pago,0.0
945,4237,258,195.93,2026-05-01,31,,Atrasado,195.93
946,4243,1,369.52,2026-08-27,0,2026-08-27,Pago,0.0
947,4243,1,369.52,26/09/26,5,2026-10-01,Pago,0.0
948,4243,1,369.52,2026-10-26,0,,Em aberto,369.52
949,4266,309,761.21,2026-09-07,0,2026-09-10,Pago,0.0
950,4269,295,35.93,2026-08-20,0,2026-08-23,Pago,0.0
951,4269,295,35.93,2026-09-19,0,2026-09-21,Pago,0.0
952,4269,295,35.93,2026-10-19,0,,Em aberto,35.93
953,4279,485,639.14,2026-10-13,0,,Em aberto,639.14
954,4281,30,78.91,2026-04-15,0,2026-04-18,Pago,0.0
955,4281,30,78.91,2026-05-15,0,2026-05-16,Pago,0.0
956,4289,25,61.48,2026-08-04,0,2026-08-06,pago,0.0
957,4289,25,61.48,2026-09-03,0,2026-09-05,Pago,0.0
958,4289,25,61.48,2026-10-03,0,,Em aberto,61.48
959,4289,25,61.48,2026-11-02,0,,Em aberto,61.48
960,4290,4,470.42,2026-05-29,0,2026-05-30,Pago,0.0
961,4290,4,470.42,28-06-2026,0,2026-06-28,Pago,0.0
962,4295,395,35.92,2026-10-10,0,,Em aberto,35.92
963,4295,395,35.92,2026-11-09,0,,Em aberto,35.92
964,4295,395,35.92,2026-12-09,0,,Em aberto,35.92
965,4295,395,35.92,2027-01-08,0,,Em aberto,35.92
966,4319,58,453.88,2026-07-14,0,2026-07-16,Pago,0.0
967,4323,277,62.92,2026-10-09,0,,Em aberto,62.92
968,4323,277,62.92,2026-11-08,0,,Em aberto,62.92
969,4325,212,127.89,2026-10-29,0,,Em aberto,127.89
970,4326,562,572.66,2026-08-03,44,2026-09-16,Pago,0.0
971,4362,395,309.3,2026-05-14,43,2026-06-26,Pago,0.0
972,4362,395,309.3,2026-06-13,0,2026-06-15,Pago,0.0
973,4372,438,671.49,2026-04-14,43,,Atrasado,671.49
974,4382,50,1092.56,2026-10-19,0,,Em aberto,1092.56
975,4426,327,301.4,2026-10-25,0,,Em aberto,301.4
976,4426,327,301.4,2026-11-24,0,,Em aberto,301.4
977,4439,373,26.36,2026-05-17,0,2026-05-20,Pago,0.0
978,4451,477,19.83,2026-05-26,0,2026-05-26,Pago,0.0
979,4451,477,19.83,2026-06-25,0,2026-06-25,Pago,0.0
980,4451,477,19.83,2026-07-25,0,2026-07-28,Pago,0.0
981,4464,556,33.88,2026-06-05,0,2026-06-05,Pago,0.0
982,4464,556,33.88,2026-07-05,0,2026-07-07,Pago,0.0
983,4464,556,33.88,2026-08-04,26,2026-08-30,Pago,0.0
984,4468,383,126.06,2026-05-03,0,2026-05-05,Pago,0.0
985,4468,383,126.06,2026-06-02,0,2026-06-03,Pago,0.0
986,4479,522,29.96,2026-09-23,42,2026-11-04,Pago,0.0
987,4479,522,29.96,2026-10-23,0,,Em aberto,29.96
988,4479,522,29.96,2026-11-22,0,,Em aberto,29.96
989,4479,522,29.96,2026-12-22,0,,Em aberto,29.96
990,4488,291,177.54,2026-09-28,0,2026-09-28,Pago,0.0
991,4488,291,177.54,2026-10-28,0,,Em aberto,177.54
992,4513,300,136.4,2026-10-13,0,,Em aberto,136.4
993,4514,143,334.95,2026-05-25,42,,Atrasado,334.95
994,4514,143,334.95,2026-06-24,0,2026-06-25,Pago,0.0
995,4514,143,334.95,2026-07-24,0,2026-07-26,Pago,0.0
996,4520,387,86.79,2026-09-15,0,2026-09-18,Pago,0.0
997,4520,387,86.79,2026-10-15,0,,Em aberto,86.79
998,4520,387,86.79,2026-11-14,0,,Em aberto,86.79
999,4537,59,77.6,2026-10-23,0,,Em aberto,77.6
1000,4537,59,77.6,2026-11-22,0,,Em aberto,77.6
1001,4537,59,77.6,2026-12-22,0,,Em aberto,77.6
1002,4537,59,77.6,2027-01-21,0,,Em aberto,77.6
1003,4543,50,143.44,2026-07-09,12,2026-07-21,Pago,0.0
1004,4543,50,143.44,2026-08-08,0,2026-08-08,Pago,0.0
1005,4543,50,143.44,2026-09-07,0,2026-09-10,Pago,0.0
1006,4543,50,143.44,2026-10-07,0,,Em aberto,143.44
1007,4551,246,55.72,2026-07-30,0,2026-07-31,Pago,0.0
1008,4551,246,55.72,2026-08-29,0,2026-08-31,Pago,0.0
1009,4559,34,100.26,2026-04-11,0,2026-04-11,Pago,0.0
1010,4559,34,100.26,2026-05-11,0,2026-05-13,Pago,0.0
1011,4559,34,100.26,2026-06-10,0,2026-06-12,Pago,0.0
1012,4559,34,100.26,2026-07-10,0,2026-07-13,Pago,0.0
1013,4567,88,82.26,2026-07-16,0,2026-07-17,Pago,0.0
1014,4567,88,82.26,2026-08-15,0,2026-08-15,Pago,0.0
1015,4567,88,82.26,2026-09-14,0,2026-09-17,Pago,0.0
1016,4580,451,176.71,2026-07-29,0,2026-07-29,Pago,0.0
1017,4580,451,176.71,2026-08-28,0,2026-08-30,pago,0.0
1018,4580,451,176.71,2026-09-27,0,2026-09-27,Pago,0.0
1019,4580,451,176.71,2026-10-27,0,,Em aberto,176.71
1020,4596,174,217.03,2026-04-21,0,2026-04-24,Pago,0.0
1021,4617,538,106.42,08/06/26,0,2026-06-10,Pago,106.42
1022,4617,538,106.42,2026-07-08,35,,Atrasado,106.42
1023,4617,538,106.42,07/08/26,0,2026-08-10,Pago,0.0
1024,4617,538,106.42,2026-09-06,0,2026-09-08,Pago,0.0
1025,4623,9,1205.6,2026-10-04,0,,Em aberto,1205.6
1026,4626,221,145.17,2026-09-07,22,2026-09-29,Pago,0.0
1027,4626,221,145.17,2026-10-07,0,,Em aberto,145.17
1028,4651,8,49.23,2026-04-22,10,2026-05-02,Pago,0.0
1029,4651,8,49.23,2026-05-22,0,2026-05-24,Pago,0.0
1030,4661,8,327.28,2026-08-07,0,2026-08-10,Pago,0.0
1031,4661,8,327.28,2026-09-06,0,2026-09-06,Pago,0.0
1032,4661,8,327.28,2026-10-06,0,,Em aberto,327.28
1033,4669,71,224.03,2026-06-30,0,2026-07-02,pago,0.0
1034,4669,71,224.03,2026-07-30,37,2026-09-05,Pago,0.0
1035,4671,361,288.83,2026-05-12,0,2026-05-12,Pago,0.0
1036,4671,361,288.83,2026-06-11,0,2026-06-13,Pago,0.0
1037,4671,361,288.83,2026-07-11,0,2026-07-13,Pago,0.0
1038,4682,159,598.64,2026-05-04,0,2026-05-04,Pago,0.0
1039,4686,474,615.9,2026-09-27,0,2026-09-29,Pago,0.0
1040,4686,474,615.9,2026-10-27,0,,Em aberto,615.9
1041,4702,226,35.67,19/08/2026,0,2026-08-21,Pago,0.0
1042,4702,226,35.67,2026-09-18,29,2026-10-17,Pago,0.0
1043,4702,226,35.67,2026-10-18,0,,EM ABERTO,35.67
1044,4702,226,35.67,2026-11-17,0,,Em aberto,35.67
1045,4704,334,221.04,2026-10-01,0,,Em aberto,221.04
1046,4704,334,221.04,2026-10-31,0,,Em aberto,221.04
1047,4704,334,221.04,2026-11-30,0,,Em aberto,221.04
1048,4704,334,221.04,2026-12-30,0,,Em aberto,221.04
1049,4705,373,67.85,2026-05-27,16,2026-06-12,Pago,0.0
1050,4705,373,67.85,2026-06-26,0,2026-06-26,pago,0.0
1051,4705,373,67.85,2026-07-26,0,2026-07-26,Pago,0.0
1052,4724,421,250.72,2026-09-07,0,2026-09-10,Pago,0.0
1053,4724,421,250.72,2026-10-07,0,,Em aberto,250.72
1054,4724,421,250.72,2026-11-06,0,,Em aberto,250.72
1055,4724,421,250.72,2026-12-06,0,,Em aberto,250.72
1056,4748,401,119.64,2026-07-31,0,2026-08-03,Pago,0.0
1057,4748,401,119.64,2026-08-30,0,2026-09-02,Pago,0.0
1058,4748,401,119.64,2026-09-29,42,,Atrasado,119.64
1059,4754,258,273.14,2026-10-26,0,,Em aberto,273.14
1060,4760,537,250.22,2026-05-26,0,2026-05-28,Pago,0.0
1061,4760,537,250.22,2026-06-25,0,2026-06-25,Pago,0.0
1062,4763,127,21.01,2026-06-19,0,2026-06-20,Pago,0.0
1063,4763,127,21.01,2026-07-19,5,2026-07-24,Pago,0.0
1064,4763,127,21.01,2026-08-18,26,2026-09-13,Pago,0.0
1065,4774,162,17.86,2026-10-27,0,,Em aberto,17.86
1066,4774,162,17.86,2026-11-26,0,,Em aberto,17.86
1067,4774,162,17.86,2026-12-26,0,,Em aberto,17.86
1068,4776,416,418.1,2026-08-22,0,2026-08-24,Pago,0.0
1069,4779,572,76.65,2026-08-17,0,2026-08-17,Pago,0.0
1070,4779,572,76.65,2026-09-16,0,2026-09-18,Pago,0.0
1071,4779,572,76.65,2026-10-16,0,,Em aberto,76.65
1072,4782,137,145.94,2026-07-14,9,2026-07-23,Pago,0.0
1073,4782,137,145.94,2026-08-13,0,2026-08-16,Pago,0.0
1074,4782,137,145.94,2026-09-12,0,2026-09-14,Pago,0.0
1075,4782,137,145.94,2026-10-12,0,,Em aberto,145.94
1076,4793,549,126.31,2026-05-28,0,2026-05-28,Pago,0.0
1077,4793,549,126.31,2026-06-27,-1,2026-06-29,Pago,0.0
1078,4793,549,126.31,2026-07-27,0,2026-07-29,Pago,0.0
1079,4793,549,126.31,2026-08-26,0,2026-08-29,Pago,0.0
1080,4798,428,328.53,2026-05-10,0,2026-05-12,Pago,0.0
1081,4798,428,328.53,2026-06-09,0,2026-06-09,Pago,0.0
1082,4798,428,328.53,2026-07-09,0,2026-07-10,Pago,0.0
1083,4798,428,328.53,2026-08-08,12,2026-08-20,Pago,0.0
1084,4802,228,216.08,2026-04-16,0,2026-04-16,Pago,0.0
1085,4802,228,216.08,2026-05-16,41,,Atrasado,216.08
1086,4803,112,325.85,28-08-2026,0,2026-08-28,Pago,0.0
1087,4803,112,325.85,2026-09-27,0,2026-09-29,Pago,0.0
1088,4803,112,325.85,2026-10-27,0,,Em Aberto,325.85
1089,4804,505,227.13,2026-05-28,0,2026-05-30,Pago,0.0
1090,4804,505,227.13,2026-06-27,0,2026-06-30,Pago,0.0
1091,4804,505,227.13,2026-07-27,0,2026-07-30,Pago,0.0
1092,4804,505,227.13,2026-08-26,0,2026-08-29,Pago,0.0
1093,4812,103,113.68,2026-05-31,10,2026-06-10,Pago,0.0
1094,4812,103,113.68,2026-06-30,0,2026-07-01,Pago,0.0
1095,4812,103,113.68,2026-07-30,0,2026-08-02,Pago,0.0
1096,4812,103,113.68,2026-08-29,0,2026-08-31,Pago,0.0
1097,4814,478,15.74,2026-06-24,0,2026-06-24,Pago,0.0
1098,4814,478,15.74,2026-07-24,0,2026-07-26,Pago,0.0
1099,4814,478,15.74,2026-08-23,0,2026-08-24,Pago,0.0
1100,4814,478,15.74,2026-09-22,0,2026-09-23,Pago,0.0
1101,4821,33,77.6,2026-07-06,0,2026-07-09,Pago,0.0
1102,4821,33,77.6,2026-08-05,0,2026-08-07,Pago,0.0
1103,4821,33,77.6,2026-09-04,0,2026-09-05,Pago,0.0
1104,4821,33,77.6,2026-10-04,0,,Em aberto,77.6
1105,4841,48,489.71,2026-05-01,0,2026-05-01,Pago,0.0
1106,4841,48,489.71,2026-05-31,0,2026-06-03,Pago,0.0
1107,4852,87,52.55,2026-09-05,0,2026-09-05,Pago,0.0
1108,4852,87,52.55,2026-10-05,0,,Em aberto,52.55
1109,4858,493,90.23,14/08/2026,0,2026-08-17,Pago,0.0
1110,4858,493,90.23,2026-09-13,0,2026-09-15,Pago,0.0
1111,4859,103,176.26,2026-06-28,0,2026-06-28,Pago,0.0
1112,4859,103,176.26,2026-07-28,0,2026-07-28,Pago,0.0
1113,4859,103,176.26,2026-08-27,0,2026-08-29,Pago,0.0
1114,4868,418,140.71,2026-06-08,18,2026-06-26,Pago,0.0
1115,4868,418,140.71,2026-07-08,0,2026-07-11,Pago,0.0
1116,4877,293,467.29,2026-10-13,0,,Em aberto,467.29
1117,4894,336,84.11,2026-04-17,0,2026-04-17,Pago,0.0
1118,4894,336,84.11,2026-05-17,24,2026-06-10,Pago,0.0
1119,4894,336,84.11,2026-06-16,0,2026-06-17,Pago,0.0
1120,4912,80,83.27,2026-08-07,0,2026-08-09,Pago,0.0
1121,4912,80,83.27,2026-09-06,0,2026-09-07,Pago,0.0
1122,4924,482,278.25,2026-09-06,0,2026-09-08,Pago,0.0
1123,4930,156,301.95,2026-10-30,0,,Em aberto,301.95
1124,4930,156,301.95,2026-11-29,0,,Em aberto,301.95
1125,4930,156,301.95,2026-12-29,0,,Em aberto,301.95
1126,4930,156,301.95,2027-01-28,0,,Em aberto,301.95
1127,4933,324,106.77,2026-06-18,0,2026-06-21,Pago,0.0
1128,4933,324,106.77,2026-07-18,0,2026-07-19,Pago,0.0
1129,4933,324,106.77,2026-08-17,0,2026-08-17,Pago,0.0
1130,4933,324,106.77,2026-09-16,0,2026-09-18,Pago,0.0
1131,4936,26,286.85,2026-05-16,0,2026-05-18,Pago,0.0
1132,4936,26,286.85,2026-06-15,0,2026-06-17,Pago,0.0
1133,4936,26,286.85,2026-07-15,0,2026-07-15,Pago,0.0
1134,4936,26,286.85,2026-08-14,0,2026-08-14,Pago,0.0
1135,4943,223,70.37,2026-05-20,0,2026-05-21,Pago,0.0
1136,4943,223,70.37,2026-06-19,27,2026-07-16,Pago,0.0
1137,4943,223,70.37,2026-07-19,0,2026-07-20,Pago,0.0
1138,4943,223,70.37,2026-08-18,0,2026-08-20,Pago,0.0
1139,4946,311,159.79,2026-07-02,0,2026-07-05,Pago,0.0
1140,4946,311,159.79,2026-08-01,5,2026-08-06,pago,0.0
1141,4946,311,159.79,2026-08-31,0,2026-09-02,Pago,0.0
1142,4961,212,419.36,2026-07-12,0,2026-07-12,Pago,0.0
1143,4961,212,419.36,2026-08-11,0,2026-08-12,Pago,0.0
1144,4990,331,72.97,2026-07-23,18,2026-08-10,Pago,0.0
1145,4990,331,72.97,2026-08-22,0,2026-08-23,Pago,0.0
1146,4990,331,72.97,2026-09-21,0,2026-09-21,Pago,0.0
1147,4990,331,72.97,2026-10-21,0,,Em aberto,72.97
1148,5005,57,229.95,2026-06-12,0,2026-06-12,Pago,0.0
1149,5028,527,371.54,2026-04-14,0,2026-04-16,Pago,0.0
1150,5028,527,371.54,2026-05-14,0,2026-05-15,Pago,0.0
1151,5058,580,125.11,2026-09-05,0,2026-09-08,Pago,0.0
1152,5058,580,125.11,2026-10-05,0,,Em aberto,125.11
1153,5058,580,125.11,2026-11-04,0,,em aberto,125.11
1154,5058,580,125.11,2026-12-04,0,,Em aberto,125.11
1155,5093,39,188.91,2026-08-05,0,2026-08-05,Pago,0.0
1156,5093,39,188.91,2026-09-04,0,2026-09-07,Pago,0.0
1157,5093,39,188.91,2026-10-04,0,,Em aberto,188.91
1158,5093,39,188.91,2026-11-03,0,,Em aberto,188.91
1159,5094,488,274.86,2026-06-12,0,2026-06-14,Pago,0.0
1160,5094,488,274.86,2026-07-12,0,2026-07-13,Pago,0.0
1161,5094,488,274.86,2026-08-11,42,2026-09-22,Pago,0.0
1162,5103,315,100.61,2026-06-16,0,2026-06-16,Pago,0.0
1163,5103,315,100.61,2026-07-16,24,2026-08-09,Pago,0.0
1164,5103,315,100.61,2026-08-15,0,2026-08-17,Pago,0.0
1165,5103,315,100.61,2026-09-14,45,2026-10-29,Pago,0.0
1166,5107,545,218.9,2026-06-07,0,2026-06-07,Pago,0.0
1167,5107,545,218.9,2026-07-07,20,2026-07-27,Pago,0.0
1168,5107,545,218.9,2026-08-06,0,2026-08-06,Pago,0.0
1169,5107,545,218.9,2026-09-05,0,2026-09-08,Pago,0.0
1170,5109,154,232.34,2026-06-12,0,2026-06-14,Pago,0.0
1171,5109,154,232.34,2026-07-12,0,2026-07-15,Pago,0.0
1172,5109,154,232.34,2026-08-11,0,2026-08-11,Pago,0.0
1173,5115,473,431.06,2026-08-30,0,2026-09-02,Pago,0.0
1174,5115,473,431.06,2026-09-29,0,2026-10-01,Pago,0.0
1175,5129,513,212.93,2026-04-28,0,2026-04-28,Pago,0.0
1176,5129,513,212.93,2026-05-28,0,2026-05-29,Pago,212.93
1177,5129,513,212.93,27/06/26,0,2026-06-29,Pago,0.0
1178,5129,513,212.93,2026-07-27,39,,Atrasado,212.93
1179,5132,454,195.84,2026-07-09,7,2026-07-16,Pago,0.0
1180,5132,454,195.84,2026-08-08,3,2026-08-11,Pago,0.0
1181,5132,454,195.84,2026-09-07,0,2026-09-10,Pago,0.0
1182,5132,454,195.84,2026-10-07,0,,Em aberto,195.84
1183,5133,273,60.48,2026-05-05,8,2026-05-13,Pago,0.0
1184,5133,273,60.48,2026-06-04,0,2026-06-07,Pago,0.0
1185,5133,273,60.48,2026-07-04,14,2026-07-18,Pago,0.0
1186,5140,122,58.69,2026-05-03,0,2026-05-04,Pago,0.0
1187,5140,122,58.69,2026-06-02,0,2026-06-03,Pago,0.0
1188,5140,122,58.69,2026-07-02,0,2026-07-02,Pago,0.0
1189,5147,148,348.51,2026-08-05,0,2026-08-06,Pago,0.0
1190,5147,148,348.51,2026-09-04,0,2026-09-07,Pago,0.0
1191,5148,218,151.33,2026-07-25,0,2026-07-25,Pago,0.0
1192,5148,218,151.33,2026-08-24,0,2026-08-24,Pago,0.0
1193,5148,218,151.33,2026-09-23,16,2026-10-09,Pago,0.0
1194,5158,396,325.21,2026-04-13,0,2026-04-14,Pago,0.0
1195,5160,577,1150.4,2026-07-18,0,2026-07-20,Pago,0.0
1196,5165,205,31.53,2026-06-12,0,2026-06-14,Pago,0.0
1197,5167,271,204.58,2026-04-03,0,2026-04-06,Pago,0.0
1198,5187,93,107.44,2026-06-16,9,2026-06-25,Pago,0.0
1199,5187,93,107.44,2026-07-16,0,2026-07-17,Pago,0.0
1200,5189,381,165.91,2026-07-07,0,2026-07-09,Pago,0.0
1201,5189,381,165.91,2026-08-06,0,2026-08-06,Pago,0.0
1202,5189,381,165.91,2026-09-05,0,2026-09-07,Pago,0.0
1203,5193,309,175.34,2026-04-28,24,2026-05-22,Pago,0.0
1204,5193,309,175.34,2026-05-28,0,2026-05-30,Pago,0.0
1205,5193,309,175.34,27/06/2026,19,2026-07-16,Pago,0.0
1206,5194,147,186.27,2026-04-25,0,2026-04-26,Pago,0.0
1207,5194,147,186.27,2026-05-25,30,2026-06-24,Pago,0.0
1208,5196,292,154.72,2026-04-08,0,2026-04-09,Pago,0.0
1209,5205,109,274.66,2026-06-19,0,2026-06-19,Pago,0.0
1210,5205,109,274.66,2026-07-19,0,2026-07-21,Pago,0.0
1211,5205,109,274.66,2026-08-18,0,2026-08-21,Pago,0.0
1212,5226,517,719.03,2026-07-08,0,2026-07-09,Pago,0.0
1213,5229,598,146.37,2026-07-09,0,2026-07-11,Pago,0.0
1214,5243,440,1191.96,2026-05-16,0,2026-05-18,Pago,0.0
1215,5249,231,387.12,03/08/2026,0,2026-08-05,Pago,0.0
1216,5249,231,387.12,2026-09-02,0,2026-09-05,Pago,0.0
1217,5249,231,387.12,2026-10-02,0,,Em aberto,387.12
1218,5267,555,59.14,2026-09-15,0,2026-09-16,Pago,0.0
1219,5267,555,59.14,2026-10-15,0,,Em aberto,59.14
1220,5268,504,56.48,2026-04-13,34,,Atrasado,56.48
1221,5273,513,1030.98,2026-07-09,0,2026-07-10,Pago,0.0
1222,5285,386,36.73,2026-09-11,33,,Atrasado,36.73
1223,5285,386,36.73,2026-10-11,0,,Em aberto,36.73
1224,5285,386,36.73,2026-11-10,0,,Em aberto,36.73
1225,5296,25,114.2,2026-05-25,0,2026-05-28,Pago,0.0
1226,5298,76,732.74,2026-05-31,0,2026-05-31,Pago,0.0
1227,5302,147,127.84,2026-06-11,39,2026-07-20,PAGO,0.0
1228,5406,152,118.21,2026-10-01,0,,Em aberto,118.21
1229,5458,105,27.27,2026-09-19,2,2026-09-21,Pago,0.0
1230,5458,105,27.27,19/10/26,0,,Em aberto,27.27
1231,5458,105,27.27,2026-11-18,0,,Em aberto,27.27
1232,5470,397,131.95,2026-05-04,0,2026-05-05,Pago,0.0
1233,5470,397,131.95,2026-06-03,0,2026-06-04,Pago,0.0
1234,5470,397,131.95,2026-07-03,0,2026-07-05,Pago,0.0
1235,5470,397,131.95,2026-08-02,0,2026-08-05,Pago,0.0
1236,5477,108,254.79,24/09/2026,0,2026-09-26,Pago,0.0
1237,5477,108,254.79,2026-10-24,0,,Em aberto,254.79
1238,5477,108,254.79,2026-11-23,0,,Em aberto,254.79
1239,5486,478,584.93,2026-07-12,0,2026-07-14,Pago,0.0
1240,5486,478,584.93,2026-08-11,0,2026-08-12,Pago,0.0
1241,5495,294,89.88,2026-10-10,0,,Em aberto,89.88
1242,5504,160,36.38,2026-09-29,0,2026-09-29,Pago,0.0
1243,5504,160,36.38,2026-10-29,0,,Em aberto,36.38
1244,5504,160,36.38,2026-11-28,0,,Em aberto,36.38
1245,5508,115,113.5,2026-07-15,0,2026-07-15,Pago,0.0
1246,5522,102,247.04,2026-08-10,0,2026-08-12,Pago,0.0
1247,5522,102,247.04,2026-09-09,0,2026-09-12,Pago,0.0
1248,5522,102,247.04,2026-10-09,0,,Em aberto,247.04
1249,5522,102,247.04,2026-11-08,0,,Em aberto,247.04
1250,5551,144,256.38,2026-06-17,0,2026-06-19,Pago,0.0
1251,5555,246,7.37,03/09/26,0,2026-09-05,Pago,0.0
1252,5555,246,7.37,2026-10-03,0,,Em aberto,7.37
1253,5555,246,7.37,2026-11-02,0,,Em aberto,7.37
1254,5555,246,7.37,2026-12-02,0,,Em aberto,7.37
1255,5562,270,108.79,2026-10-18,0,,Em aberto,108.79
1256,5569,562,45.16,2026-05-28,0,2026-05-31,Pago,0.0
1257,5569,562,45.16,2026-06-27,0,2026-06-30,Pago,0.0
1258,5569,562,45.16,2026-07-27,0,2026-07-30,Pago,0.0
1259,5574,358,73.45,2026-06-02,33,2026-07-05,Pago,0.0
1260,5574,358,73.45,2026-07-02,0,2026-07-05,Pago,0.0
1261,5574,358,73.45,2026-08-01,0,2026-08-01,Pago,0.0
1262,5574,358,73.45,2026-08-31,0,2026-09-02,Pago,0.0
1263,5576,419,819.42,2026-08-04,0,2026-08-05,Pago,0.0
1264,5581,257,217.58,2026-08-18,0,2026-08-20,Pago,0.0
1265,5581,257,217.58,2026-09-17,32,,Atrasado,217.58
1266,5584,105,216.62,2026-09-13,0,2026-09-13,Pago,0.0
1267,5584,105,216.62,2026-10-13,0,,Em aberto,216.62
1268,5611,102,323.89,2026-04-28,0,2026-04-30,Pago,0.0
1269,5611,102,323.89,2026-05-28,0,2026-05-31,Pago,0.0
1270,5611,102,323.89,2026-06-27,0,2026-06-27,Pago,0.0
1271,5622,339,341.28,2026-08-14,29,2026-09-12,Pago,0.0
1272,5622,339,341.28,2026-09-13,0,2026-09-13,Pago,0.0
1273,5638,482,54.55,2026-06-20,0,2026-06-20,Pago,0.0
1274,5638,482,54.55,2026-07-20,0,2026-07-22,Pago,0.0
1275,5638,482,54.55,2026-08-19,0,2026-08-19,Pago,0.0
1276,5661,518,58.41,2026-09-25,0,2026-09-26,Pago,0.0
1277,5661,518,58.41,2026-10-25,0,,Em aberto,58.41
1278,5661,518,58.41,2026-11-24,0,,Em aberto,58.41
1279,5661,518,58.41,2026-12-24,0,,Em aberto,58.41
1280,5666,32,357.0,2026-10-23,0,,Em aberto,357.0
1281,5686,597,457.41,2026-08-30,0,2026-08-31,Pago,0.0
1282,5686,597,457.41,2026-09-29,38,2026-11-06,Pago,0.0
1283,5696,128,193.4,2026-10-02,0,,Em aberto,193.4
1284,5696,128,193.4,2026-11-01,0,,Em aberto,193.4
1285,5696,128,193.4,2026-12-01,0,,Em aberto,193.4
1286,5696,128,193.4,31-12-2026,0,,EM ABERTO,193.4
1287,5717,518,16.64,2026-04-16,24,2026-05-10,Pago,0.0
1288,5717,518,16.64,2026-05-16,0,2026-05-17,Pago,0.0
1289,5717,518,16.64,2026-06-15,0,2026-06-17,Pago,0.0
1290,5717,518,16.64,2026-07-15,0,2026-07-15,Pago,0.0
1291,5722,563,25.57,2026-10-18,0,,Em Aberto,25.57
1292,5722,563,25.57,2026-11-17,0,,Em aberto,25.57
1293,5722,563,25.57,2026-12-17,0,,Em aberto,25.57
1294,5722,563,25.57,2027-01-16,0,,Em aberto,25.57
1295,5729,339,151.64,2026-07-03,0,2026-07-06,Pago,0.0
1296,5729,339,151.64,2026-08-02,0,2026-08-02,Pago,0.0
1297,5729,339,151.64,2026-09-01,0,2026-09-02,Pago,0.0
1298,5729,339,151.64,2026-10-01,0,,Em aberto,151.64
1299,5731,184,409.7,2026-04-14,8,2026-04-22,Pago,0.0
1300,5764,73,422.22,2026-04-23,18,2026-05-11,Pago,0.0
1301,5764,73,422.22,2026-05-23,0,2026-05-25,Pago,0.0
1302,5784,50,54.3,2026-09-05,0,2026-09-07,Pago,0.0
1303,5784,50,54.3,2026-10-05,0,,Em aberto,54.3
1304,5784,50,54.3,2026-11-04,0,,Em aberto,54.3
1305,5786,146,13.41,2026-06-22,0,2026-06-24,Pago,0.0
1306,5786,146,13.41,2026-07-22,0,2026-07-23,Pago,0.0
1307,5786,146,13.41,2026-08-21,0,2026-08-21,Pago,0.0
1308,5786,146,13.41,2026-09-20,0,2026-09-20,Pago,0.0
1309,5787,463,169.16,2026-07-16,0,2026-07-19,Pago,0.0
1310,5787,463,169.16,2026-08-15,0,2026-08-18,Pago,0.0
1311,5787,463,169.16,2026-09-14,0,2026-09-17,Pago,0.0
1312,5813,538,291.87,2026-09-28,0,2026-09-28,Pago,0.0
1313,5813,538,291.87,2026-10-28,0,,Em aberto,291.87
1314,5829,15,114.55,2026-05-18,0,2026-05-18,Pago,0.0
1315,5829,15,114.55,2026-06-17,0,2026-06-18,Pago,0.0
1316,5829,15,114.55,2026-07-17,0,2026-07-20,Pago,0.0
1317,5844,137,224.58,2026-06-17,0,2026-06-18,Pago,0.0
1318,5844,137,224.58,2026-07-17,0,2026-07-18,Pago,0.0
1319,5844,137,224.58,16/08/26,0,2026-08-17,Pago,0.0
1320,5844,137,224.58,2026-09-15,0,2026-09-15,Pago,0.0
1321,5848,484,84.26,2026-06-08,0,2026-06-11,Pago,0.0
1322,5848,484,84.26,2026-07-08,0,2026-07-09,Pago,0.0
1323,5848,484,84.26,2026-08-07,25,2026-09-01,Pago,0.0
1324,5848,484,84.26,2026-09-06,41,2026-10-17,Pago,0.0
1325,5860,306,117.38,2026-07-04,0,2026-07-04,Pago,0.0
1326,5860,306,117.38,2026-08-03,0,2026-08-05,Pago,0.0
1327,5881,291,238.0,2026-09-02,0,2026-09-05,Pago,0.0
1328,5895,61,429.78,2026-10-23,0,,Em aberto,429.78
1329,5895,61,429.78,2026-11-22,0,,Em aberto,429.78
1330,5921,249,412.81,2026-10-01,0,,Em aberto,412.81
1331,5921,249,412.81,2026-10-31,0,,Em aberto,412.81
1332,5929,484,105.87,2026-06-29,0,2026-06-30,Pago,0.0
1333,5929,484,105.87,2026-07-29,38,2026-09-05,Pago,0.0
1334,5929,484,105.87,2026-08-28,0,2026-08-29,Pago,0.0
1335,5929,484,105.87,2026-09-27,0,2026-09-27,Pago,0.0
1336,5930,515,412.86,2026-07-15,0,2026-07-18,Pago,0.0
1337,5930,515,412.86,2026-08-14,0,2026-08-15,Pago,0.0
1338,5941,25,113.72,2026-10-07,0,,Em aberto,113.72
1339,5941,25,113.72,2026-11-06,0,,Em aberto,113.72
1340,5941,25,113.72,2026-12-06,0,,Em aberto,113.72
1341,5941,25,113.72,2027-01-05,0,,Em aberto,113.72
1342,5942,173,18.11,2026-09-16,0,2026-09-18,Pago,0.0
1343,5942,173,18.11,2026-10-16,0,,Em Aberto,18.11
1344,5942,173,18.11,2026-11-15,0,,Em aberto,18.11
1345,5942,173,18.11,2026-12-15,0,,Em aberto,18.11
1346,5954,37,218.9,2026-07-26,0,2026-07-26,Pago,0.0
1347,5955,206,126.14,2026-10-10,0,,Em aberto,126.14
1348,5955,206,126.14,09/11/26,0,,Em aberto,126.14
1349,5955,206,126.14,2026-12-09,0,,Em aberto,126.14
1350,5955,206,126.14,2027-01-08,0,,Em aberto,126.14
1351,5975,406,317.3,2026-04-06,0,2026-04-06,Pago,0.0
1352,6002,350,172.16,2026-09-15,0,2026-09-17,Pago,172.16
1353,6002,350,172.16,2026-10-15,0,,Em aberto,172.16
1354,6003,391,105.78,2026-06-24,0,2026-06-27,Pago,0.0
1355,6003,391,105.78,2026-07-24,0,2026-07-27,Pago,0.0
1356,6003,391,105.78,2026-08-23,0,2026-08-24,Pago,0.0
1357,6003,391,105.78,2026-09-22,0,2026-09-23,Pago,0.0
1358,6009,499,12.57,2026-10-05,0,,Em aberto,12.57
1359,6009,499,12.57,2026-11-04,0,,Em aberto,12.57
1360,6009,499,12.57,2026-12-04,0,,Em aberto,12.57
1361,6009,499,12.57,2027-01-03,-1,,Em aberto,12.57
1362,6012,328,232.38,2026-09-22,0,2026-09-23,Pago,0.0
1363,6014,195,33.17,2026-07-04,0,2026-07-05,Pago,0.0
1364,6014,195,33.17,2026-08-03,0,2026-08-06,Pago,0.0
1365,6014,195,33.17,2026-09-02,0,2026-09-04,Pago,0.0
1366,6014,195,33.17,2026-10-02,0,,Em aberto,33.17
1367,6017,460,232.33,2026-10-15,0,,Em aberto,232.33
1368,6026,541,75.19,2026-06-04,22,2026-06-26,Pago,0.0
1369,6026,541,75.19,2026-07-04,30,2026-08-03,Pago,0.0
1370,6030,265,121.51,2026-07-03,0,2026-07-05,Pago,0.0
1371,6030,265,121.51,2026-08-02,0,2026-08-04,Pago,0.0
1372,6030,265,121.51,2026-09-01,0,2026-09-04,Pago,0.0
1373,6033,496,77.36,2026-04-24,0,2026-04-25,Pago,0.0
1374,6033,496,77.36,2026-05-24,0,2026-05-27,Pago,0.0
1375,6060,337,52.05,2026-09-21,0,2026-09-21,Pago,0.0
1376,6060,337,52.05,2026-10-21,0,,Em aberto,52.05
1377,6063,79,77.36,2026-05-22,0,2026-05-25,Pago,0.0
1378,6063,79,77.36,2026-06-21,0,2026-06-22,Pago,0.0
1379,6098,178,86.79,2026-10-19,0,,Em aberto,86.79
1380,6098,178,86.79,2026-11-18,0,,Em aberto,86.79
1381,6098,178,86.79,2026-12-18,0,,Em aberto,86.79
1382,6098,178,86.79,2027-01-17,0,,Em aberto,86.79
1383,6099,176,122.21,2026-04-17,0,2026-04-18,Pago,0.0
1384,6099,176,122.21,2026-05-17,0,2026-05-19,Pago,0.0
1385,6099,176,122.21,2026-06-16,0,2026-06-19,Pago,0.0
1386,6099,176,122.21,2026-07-16,0,2026-07-19,Pago,0.0
1387,6113,1,15.98,2026-05-04,-38,,Atrasado,15.98
1388,6113,1,15.98,2026-06-03,0,2026-06-04,Pago,0.0
1389,6113,1,15.98,2026-07-03,0,2026-07-04,Pago,0.0
1390,6113,1,15.98,2026-08-02,0,2026-08-02,Pago,0.0
1391,6136,340,67.81,2026-06-29,29,2026-07-28,Pago,0.0
1392,6136,340,67.81,2026-07-29,0,2026-07-30,Pago,0.0
1393,6136,340,67.81,2026-08-28,0,2026-08-31,Pago,0.0
1394,6136,340,67.81,2026-09-27,0,2026-09-29,Pago,0.0
1395,6140,535,194.35,14/09/26,0,2026-09-16,Pago,0.0
1396,6140,535,194.35,14-10-2026,0,,Em aberto,194.35
1397,6157,39,309.29,2026-07-07,0,2026-07-08,Pago,0.0
1398,6161,530,549.61,2026-04-05,30,2026-05-05,Pago,0.0
1399,6162,459,275.71,17-04-2026,0,2026-04-17,Pago,0.0
1400,6162,459,275.71,2026-05-17,0,2026-05-20,Pago,0.0
1401,6162,459,275.71,2026-06-16,0,2026-06-16,Pago,0.0
1402,6162,459,275.71,2026-07-16,11,2026-07-27,Pago,0.0
1403,6175,298,81.45,2026-03-31,0,2026-04-02,Pago,0.0
1404,6175,298,81.45,30/04/2026,0,2026-05-02,Pago,0.0
1405,6175,298,81.45,2026-05-30,0,2026-06-01,Pago,0.0
1406,6175,298,81.45,2026-06-29,2,2026-07-01,Pago,0.0
1407,6178,146,37.45,18/05/2026,0,2026-05-18,Pago,0.0
1408,6178,146,37.45,2026-06-17,0,2026-06-17,Pago,0.0
1409,6178,146,37.45,2026-07-17,0,2026-07-17,pago,0.0
1410,6181,398,136.69,2026-07-01,0,2026-07-04,Pago,0.0
1411,6181,398,136.69,2026-07-31,5,2026-08-05,Pago,0.0
1412,6181,398,136.69,2026-08-30,0,2026-08-30,Pago,0.0
1413,6181,398,136.69,2026-09-29,7,2026-10-06,Pago,0.0
1414,6182,269,455.84,2026-06-30,-1,2026-07-02,Pago,0.0
1415,6185,375,501.02,2026-04-02,25,2026-04-27,Pago,0.0
1416,6185,375,501.02,2026-05-02,0,2026-05-02,Pago,0.0
1417,6186,407,215.31,2026-05-05,0,2026-05-05,Pago,0.0
1418,6186,407,215.31,2026-06-04,0,2026-06-06,Pago,0.0
1419,6186,407,215.31,2026-07-04,0,2026-07-05,Pago,0.0
1420,6186,407,215.31,2026-08-03,30,2026-09-02,Pago,0.0
1421,6195,276,162.9,2026-04-08,0,2026-04-11,Pago,0.0
1422,6195,276,162.9,2026-05-08,37,,Atrasado,162.9
1423,6208,408,41.88,2026-04-08,0,2026-04-09,Pago,0.0
1424,6208,408,41.88,2026-05-08,0,2026-05-11,Pago,0.0
1425,6230,430,505.26,2026-07-08,0,2026-07-11,Pago,0.0
1426,6235,329,160.0,2026-09-02,0,2026-09-05,Pago,0.0
1427,6244,275,106.42,2026-09-11,0,2026-09-14,Pago,0.0
1428,6244,275,106.42,2026-10-11,0,,Em aberto,106.42
1429,6244,275,106.42,2026-11-10,0,,Em aberto,106.42
1430,6250,562,82.45,2026-04-24,0,2026-04-24,Pago,0.0
1431,6250,562,82.45,2026-05-24,0,2026-05-25,Pago,0.0
1432,6250,562,82.45,2026-06-23,0,2026-06-23,Pago,0.0
1433,6250,562,82.45,2026-07-23,0,2026-07-26,Pago,0.0
1434,6256,475,281.48,2026-07-15,0,2026-07-18,Pago,0.0
1435,6258,574,8.97,2026-09-04,0,2026-09-07,Pago,0.0
1436,6258,574,8.97,2026-10-04,0,,Em aberto,8.97
1437,6258,574,8.97,2026-11-03,0,,Em aberto,8.97
1438,6265,263,122.91,2026-04-04,0,2026-04-07,Pago,0.0
1439,6276,517,131.5,2026-09-09,0,2026-09-12,Pago,0.0
1440,6276,517,131.5,2026-10-09,0,,Em aberto,131.5
1441,6276,517,131.5,2026-11-08,0,,Em aberto,131.5
1442,6276,517,131.5,2026-12-08,0,,Em aberto,131.5
1443,6294,481,184.84,2026-05-04,0,2026-05-06,Pago,0.0
1444,6294,481,184.84,2026-06-03,0,2026-06-03,Pago,0.0
1445,6294,481,184.84,2026-07-03,4,2026-07-07,Pago,0.0
1446,6295,536,26.91,2026-06-01,0,2026-06-04,Pago,0.0
1447,6313,544,392.22,2026-04-17,16,2026-05-03,Pago,0.0
1448,6360,241,99.08,2026-06-02,0,2026-06-02,Pago,0.0
1449,6360,241,99.08,2026-07-02,0,2026-07-02,Pago,0.0
1450,6362,148,25.87,2026-09-07,-9,2026-09-15,Pago,0.0
1451,6362,148,25.87,2026-10-07,0,,Em aberto,25.87
1452,6362,148,25.87,2026-11-06,0,,Em aberto,25.87
1453,6363,356,160.31,2026-08-16,0,2026-08-16,Pago,0.0
1454,6363,356,160.31,2026-09-15,0,2026-09-16,Pago,0.0
1455,6363,356,160.31,2026-10-15,0,,Em aberto,160.31
1456,6363,356,160.31,2026-11-14,0,,Em aberto,160.31
1457,6371,264,336.84,2026-05-19,15,2026-06-03,Pago,0.0
1458,6371,264,336.84,2026-06-18,0,2026-06-18,Pago,0.0
1459,6381,489,52.95,2026-08-15,0,2026-08-15,Pago,0.0
1460,6381,489,52.95,2026-09-14,23,2026-10-07,Pago,0.0
1461,6382,125,120.45,2026-06-17,0,2026-06-20,Pago,0.0
1462,6382,125,120.45,2026-07-17,0,2026-07-18,Pago,0.0
1463,6382,125,120.45,2026-08-16,0,2026-08-19,Pago,0.0
1464,6382,125,120.45,2026-09-15,38,,Atrasado,120.45
1465,6384,318,305.14,2026-08-15,0,2026-08-17,Pago,0.0
1466,6384,318,305.14,2026-09-14,0,2026-09-17,Pago,0.0
1467,6384,318,305.14,14-10-2026,0,,Em aberto,305.14
1468,6391,578,481.38,2026-08-03,0,2026-08-05,Pago,0.0
1469,6391,578,481.38,2026-09-02,0,2026-09-03,Pago,0.0
1470,6407,432,279.57,2026-05-12,0,2026-05-13,Pago,0.0
1471,6407,432,279.57,2026-06-11,0,2026-06-14,Pago,0.0
1472,6407,432,279.57,2026-07-11,0,2026-07-12,Pago,0.0
1473,6419,289,147.47,2026-06-21,0,2026-06-24,Pago,0.0
1474,6419,289,147.47,2026-07-21,0,2026-07-24,Pago,0.0
1475,6427,470,56.78,2026-10-08,0,,Em aberto,56.78
1476,6427,470,56.78,07/11/26,0,,Em aberto,56.78
1477,6427,470,56.78,2026-12-07,0,,Em aberto,56.78
1478,6427,470,56.78,2027-01-06,0,,Em aberto,56.78
1479,6439,159,227.52,20/10/26,0,,Em aberto,227.52
1480,6439,159,227.52,2026-11-19,-1,,Em aberto,227.52
1481,6439,159,227.52,2026-12-19,0,,Em aberto,227.52
1482,6457,448,25.07,2026-09-23,9,2026-10-02,Pago,0.0
1483,6457,448,25.07,2026-10-23,0,,Em aberto,25.07
1484,6463,62,30.71,2026-05-02,0,2026-05-05,Pago,0.0
1485,6463,62,30.71,2026-06-01,0,2026-06-03,Pago,0.0
1486,6487,331,32.15,2026-05-24,31,2026-06-24,Pago,0.0
1487,6487,331,32.15,2026-06-23,0,2026-06-25,Pago,0.0
1488,6487,331,32.15,2026-07-23,0,2026-07-23,Pago,0.0
1489,6492,389,105.25,2026-04-30,20,2026-05-20,Pago,0.0
1490,6492,389,105.25,2026-05-30,0,2026-05-30,Pago,0.0
1491,6492,389,105.25,2026-06-29,0,2026-06-29,Pago,0.0
1492,6497,164,76.13,2026-09-30,0,2026-09-30,Pago,0.0
1493,6497,164,76.13,2026-10-30,0,,Em aberto,76.13
1494,6497,164,76.13,2026-11-29,0,,Em aberto,76.13
1495,6507,257,403.56,2026-06-21,0,2026-06-21,Pago,0.0
1496,6507,257,403.56,2026-07-21,0,2026-07-22,Pago,0.0
1497,6507,257,403.56,2026-08-20,0,2026-08-20,Pago,0.0
1498,6534,542,232.67,2026-04-26,0,2026-04-29,Pago,0.0
1499,6534,542,232.67,2026-05-26,0,2026-05-27,Pago,0.0
1500,6534,542,232.67,2026-06-25,0,2026-06-28,Pago,0.0
1501,6552,439,93.19,2026-07-24,0,2026-07-26,Pago,0.0
1502,6552,439,93.19,2026-08-23,0,2026-08-23,Pago,0.0
1503,6552,439,93.19,2026-09-22,0,2026-09-22,Pago,0.0
1504,6581,423,174.2,2026-04-20,0,2026-04-20,Pago,0.0
1505,6581,423,174.2,2026-05-20,0,2026-05-23,Pago,0.0
1506,6581,423,174.2,2026-06-19,22,2026-07-11,Pago,0.0
1507,6596,503,37.6,2026-04-05,0,2026-04-06,Pago,0.0
1508,6596,503,37.6,2026-05-05,0,2026-05-05,Pago,0.0
1509,6596,503,37.6,2026-06-04,0,2026-06-07,Pago,0.0
1510,6607,582,102.39,2026-05-24,5,2026-05-29,Pago,0.0
1511,6607,582,102.39,2026-06-23,0,2026-06-24,Pago,0.0
1512,6631,338,142.35,2026-10-03,0,,Em Aberto,142.35
1513,6631,338,142.35,2026-11-02,0,,Em aberto,142.35
1514,6631,338,142.35,2026-12-02,0,,Em aberto,142.35
1515,6633,487,284.71,2026-07-26,0,2026-07-29,Pago,0.0
1516,6633,487,284.71,2026-08-25,0,2026-08-27,Pago,0.0
1517,6633,487,284.71,2026-09-24,0,2026-09-27,Pago,0.0
1518,6642,94,165.13,2026-04-01,0,2026-04-03,Pago,0.0
1519,6642,94,165.13,2026-05-01,20,2026-05-21,Pago,0.0
1520,6642,94,165.13,2026-05-31,0,2026-05-31,Pago,0.0
1521,6657,150,113.5,2026-08-27,0,2026-08-30,Pago,0.0
1522,6657,150,113.5,2026-09-26,0,2026-09-28,Pago,0.0
1523,6657,150,113.5,2026-10-26,0,,Em aberto,113.5
1524,6663,151,159.78,2026-06-20,0,2026-06-22,Pago,0.0
1525,6663,151,159.78,2026-07-20,35,2026-08-24,Pago,0.0
1526,6663,151,159.78,2026-08-19,-1,2026-08-22,Pago,0.0
1527,6691,296,58.92,2026-07-30,0,2026-08-01,Pago,0.0
1528,6691,296,58.92,2026-08-29,0,2026-08-30,Pago,0.0
1529,6696,488,86.19,2026-10-13,0,,Em aberto,86.19
1530,6696,488,86.19,2026-11-12,0,,Em aberto,86.19
1531,6696,488,86.19,2026-12-12,-1,,Em aberto,86.19
1532,6719,133,41.53,2026-07-07,0,2026-07-08,Pago,0.0
1533,6719,133,41.53,2026-08-06,0,2026-08-06,Pago,0.0
1534,6719,133,41.53,2026-09-05,0,2026-09-06,Pago,0.0
1535,6719,133,41.53,2026-10-05,0,,Em aberto,41.53
1536,6729,395,608.38,2026-07-07,0,2026-07-08,Pago,0.0
1537,6729,395,608.38,2026-08-06,0,2026-08-07,Pago,0.0
1538,6736,481,319.26,2026-10-22,0,,Em aberto,319.26
1539,6736,481,319.26,2026-11-21,0,,Em aberto,319.26
1540,6743,125,252.24,2026-04-13,0,2026-04-14,Pago,0.0
1541,6743,125,252.24,2026-05-13,33,2026-06-15,Pago,0.0
1542,6760,345,1029.0,2026-10-07,0,,Em aberto,1029.0
1543,6780,274,242.56,2026-10-29,0,,Em aberto,242.56
1544,6792,531,115.25,2026-08-07,0,2026-08-09,Pago,0.0
1545,6795,211,14.49,2026-08-13,27,2026-09-09,PAGO,0.0
1546,6795,211,14.49,2026-09-12,0,2026-09-13,Pago,0.0
1547,6795,211,14.49,2026-10-12,0,,Em aberto,14.49
1548,6798,346,161.24,2026-04-28,0,2026-04-30,Pago,0.0
1549,6808,146,139.71,2026-05-17,0,2026-05-19,Pago,0.0
1550,6808,146,139.71,2026-06-16,0,2026-06-17,Pago,0.0
1551,6820,92,168.83,2026-07-23,1,2026-07-24,Pago,168.83
1552,6820,92,168.83,2026-08-22,0,2026-08-23,Pago,0.0
1553,6820,92,168.83,2026-09-21,0,2026-09-21,Pago,0.0
1554,6841,123,203.54,2026-10-02,0,,Em aberto,203.54
1555,6841,123,203.54,2026-11-01,0,,Em aberto,203.54
1556,6854,307,169.74,2026-10-26,0,,Em aberto,169.74
1557,6854,307,169.74,2026-11-25,0,,Em aberto,169.74
1558,6859,370,1013.33,2026-09-16,0,2026-09-18,Pago,0.0
1559,6871,211,49.76,2026-07-31,0,2026-07-31,Pago,0.0
1560,6871,211,49.76,2026-08-30,0,2026-08-31,Pago,0.0
1561,6871,211,49.76,2026-09-29,0,2026-10-02,Pago,0.0
1562,6871,211,49.76,2026-10-29,0,,Em aberto,49.76
1563,6877,95,91.94,13/07/26,0,2026-07-16,Pago,0.0
1564,6877,95,91.94,2026-08-12,0,2026-08-13,Pago,0.0
1565,6877,95,91.94,2026-09-11,0,2026-09-13,Pago,0.0
1566,6923,29,121.32,2026-10-16,0,,Em aberto,121.32
1567,6924,305,47.27,2026-04-13,0,2026-04-15,Pago,0.0
1568,6924,305,47.27,13/05/26,0,2026-05-15,Pago,0.0
1569,6924,305,47.27,2026-06-12,0,2026-06-13,Pago,0.0
1570,6924,305,47.27,2026-07-12,0,2026-07-15,Pago,0.0
1571,6930,415,252.63,2026-08-31,0,2026-08-31,Pago,0.0
1572,6930,415,252.63,2026-09-30,0,2026-10-02,Pago,0.0
1573,6942,63,551.42,2026-07-22,9,2026-07-31,Pago,0.0
1574,6942,63,551.42,2026-08-21,0,2026-08-24,Pago,0.0
1575,6971,321,204.85,2026-08-18,0,2026-08-18,Pago,0.0
1576,6971,321,204.85,2026-09-17,0,2026-09-20,Pago,0.0
1577,6973,575,183.66,2026-06-22,-1,2026-06-24,Pago,0.0
1578,6983,114,92.77,2026-07-01,0,2026-07-02,Pago,0.0
1579,6983,114,92.77,2026-07-31,35,,Atrasado,92.77
1580,6983,114,92.77,2026-08-30,0,2026-08-30,Pago,0.0
1581,6986,475,264.21,2026-08-25,0,2026-08-26,Pago,0.0
1582,6986,475,264.21,2026-09-24,0,2026-09-26,Pago,0.0
1583,6986,475,264.21,2026-10-24,0,,em aberto,264.21
1584,6990,456,81.19,2026-04-06,0,2026-04-06,Pago,0.0
1585,6990,456,81.19,2026-05-06,0,2026-05-09,Pago,81.19
1586,6990,456,81.19,2026-06-05,0,2026-06-05,Pago,0.0
1587,7001,549,436.56,2026-06-20,0,2026-06-21,Pago,0.0
1588,7001,549,436.56,2026-07-20,0,2026-07-21,Pago,0.0
1589,7011,525,500.43,2026-08-28,0,2026-08-30,Pago,0.0
1590,7036,411,113.63,2026-06-13,0,2026-06-15,Pago,0.0
1591,7036,411,113.63,2026-07-13,0,2026-07-14,Pago,0.0
1592,7036,411,113.63,2026-08-12,0,2026-08-12,Pago,0.0
1593,7063,511,186.69,2026-08-29,0,2026-08-29,Pago,0.0
1594,7063,511,186.69,2026-09-28,0,2026-10-01,Pago,0.0
1595,7065,506,76.23,2026-10-08,0,,Em aberto,76.23
1596,7075,413,971.68,2026-06-06,0,2026-06-07,Pago,0.0
1597,7079,78,308.34,2026-04-04,0,2026-04-07,Pago,308.34
1598,7080,432,324.96,2026-06-13,37,2026-07-20,Pago,0.0
1599,7080,432,324.96,2026-07-13,0,2026-07-16,Pago,0.0
1600,7080,432,324.96,2026-08-12,0,2026-08-12,Pago,0.0
1601,7083,243,172.1,02-10-2026,0,,Em aberto,172.1
1602,7083,243,172.1,2026-11-01,0,,Em aberto,172.1
1603,7083,243,172.1,2026-12-01,0,,Em aberto,172.1
1604,7087,575,180.54,2026-06-17,0,2026-06-20,Pago,0.0
1605,7087,575,180.54,2026-07-17,34,2026-08-20,Pago,0.0
1606,7087,575,180.54,2026-08-16,0,2026-08-19,Pago,0.0
1607,7095,274,122.91,2026-05-30,0,2026-05-31,pago,0.0
1608,7095,274,122.91,2026-06-29,0,2026-07-01,Pago,0.0
1609,7105,135,446.99,2026-06-03,0,2026-06-05,Pago,0.0
1610,7105,135,446.99,2026-07-03,0,2026-07-06,Pago,0.0
1611,7112,446,164.9,2026-07-29,0,2026-07-30,Pago,0.0
1612,7112,446,164.9,2026-08-28,0,2026-08-28,Pago,0.0
1613,7116,283,39.56,2026-05-09,0,2026-05-11,Pago,0.0
1614,7116,283,39.56,2026-06-08,0,2026-06-11,Pago,0.0
1615,7140,596,196.9,2026-08-16,0,2026-08-16,Pago,0.0
1616,7148,323,244.42,2026-10-12,0,,Em aberto,244.42
1617,7160,593,176.34,2026-08-14,0,2026-08-16,Pago,0.0
1618,7160,593,176.34,2026-09-13,29,2026-10-12,Pago,0.0
1619,7164,508,675.32,2026-07-17,21,2026-08-07,Pago,0.0
1620,7174,151,138.63,2026-08-12,0,2026-08-15,Pago,0.0
1621,7182,502,73.33,2026-09-13,0,2026-09-13,Pago,0.0
1622,7182,502,73.33,2026-10-13,0,,Em aberto,73.33
1623,7202,83,304.19,2026-08-09,0,2026-08-09,Pago,0.0
1624,7202,83,304.19,2026-09-08,0,2026-09-10,Pago,0.0
1625,7202,83,304.19,2026-10-08,0,,Em aberto,304.19
1626,7202,83,304.19,2026-11-07,0,,Em aberto,304.19
1627,7221,190,13.01,2026-08-31,0,2026-09-02,Pago,0.0
1628,7221,190,13.01,2026-09-30,0,2026-09-30,Pago,0.0
1629,7221,190,13.01,2026-10-30,0,,Em aberto,13.01
1630,7221,190,13.01,2026-11-29,0,,Em aberto,13.01
1631,7231,372,716.44,2026-08-19,5,2026-08-24,Pago,0.0
1632,7237,71,329.39,2026-07-18,0,2026-07-18,Pago,0.0
1633,7237,71,329.39,2026-08-17,0,2026-08-20,Pago,0.0
1634,7238,35,47.26,2026-05-12,0,2026-05-14,Pago,0.0
1635,7238,35,47.26,2026-06-11,0,2026-06-11,Pago,0.0
1636,7238,35,47.26,2026-07-11,0,2026-07-14,Pago,0.0
1637,7239,516,128.34,2026-04-19,0,2026-04-21,Pago,0.0
1638,7243,370,615.9,2026-06-18,0,2026-06-21,Pago,0.0
1639,7247,159,46.54,2026-10-09,0,,Em aberto,46.54
1640,7247,159,46.54,2026-11-08,0,,Em aberto,46.54
1641,7257,588,344.51,2026-07-20,0,2026-07-23,Pago,0.0
1642,7257,588,344.51,2026-08-19,0,2026-08-21,Pago,0.0
1643,7260,436,166.57,2026-09-26,0,2026-09-28,Pago,0.0
1644,7263,332,7.06,2026-10-24,0,,Em aberto,7.06
1645,7263,332,7.06,2026-11-23,0,,Em aberto,7.06
1646,7263,332,7.06,2026-12-23,0,,Em aberto,7.06
1647,7263,332,7.06,2027-01-22,0,,Em aberto,7.06
1648,7287,488,95.25,2026-09-13,34,2026-10-17,Pago,0.0
1649,7287,488,95.25,2026-10-13,0,,Em aberto,95.25
1650,7294,43,149.66,2026-07-16,38,2026-08-23,Pago,0.0
1651,7294,43,149.66,2026-08-15,0,2026-08-15,Pago,0.0
1652,7294,43,149.66,2026-09-14,0,2026-09-15,Pago,0.0
1653,7294,43,149.66,2026-10-14,0,,Em aberto,149.66
1654,7327,307,44.06,2026-08-08,0,2026-08-10,Pago,0.0
1655,7327,307,44.06,2026-09-07,0,2026-09-10,Pago,0.0
1656,7327,307,44.06,2026-10-07,0,,Em aberto,44.06
1657,7327,307,44.06,2026-11-06,0,,Em aberto,44.06
1658,7359,323,128.63,2026-08-03,0,2026-08-06,Pago,0.0
1659,7359,323,128.63,2026-09-02,30,2026-10-02,Pago,0.0
1660,7359,323,128.63,2026-10-02,0,,Em aberto,128.63
1661,7391,470,96.48,2026-10-15,0,,Em aberto,96.48
1662,7410,399,217.75,2026-08-23,0,2026-08-25,Pago,0.0
1663,7410,399,217.75,2026-09-22,0,2026-09-25,Pago,0.0
1664,7410,399,217.75,2026-10-22,0,,Em aberto,217.75
1665,7410,399,217.75,2026-11-21,0,,Em aberto,217.75
1666,7411,29,439.11,2026-06-04,0,2026-06-06,Pago,0.0
1667,7421,244,207.96,2026-05-12,0,2026-05-14,Pago,0.0
1668,7421,244,207.96,2026-06-11,5,2026-06-16,Pago,0.0
1669,7421,244,207.96,2026-07-11,0,2026-07-13,Pago,0.0
1670,7421,244,207.96,2026-08-10,11,2026-08-21,Pago,0.0
1671,7424,537,323.28,2026-10-14,0,,Em aberto,323.28
1672,7424,537,323.28,2026-11-13,0,,Em aberto,323.28
1673,7427,48,307.93,2026-10-04,0,,Em aberto,307.93
1674,7427,48,307.93,2026-11-03,0,,Em aberto,307.93
1675,7431,258,55.13,2026-10-04,0,,Em aberto,55.13
1676,7431,258,55.13,2026-11-03,0,,Em aberto,55.13
1677,7450,318,84.26,2026-08-22,0,2026-08-25,Pago,0.0
1678,7450,318,84.26,2026-09-21,0,2026-09-21,Pago,0.0
1679,7450,318,84.26,2026-10-21,0,,Em aberto,84.26
1680,7450,318,84.26,2026-11-20,0,,Em aberto,84.26
1681,7466,417,183.81,2026-07-12,0,2026-07-14,Pago,0.0
1682,7466,417,183.81,2026-08-11,0,2026-08-11,Pago,0.0
1683,7466,417,183.81,2026-09-10,0,2026-09-10,Pago,0.0
1684,7468,207,7.49,25/09/26,0,2026-09-25,Pago,0.0
1685,7468,207,7.49,2026-10-25,0,,Em aberto,7.49
1686,7468,207,7.49,2026-11-24,0,,Em aberto,7.49
1687,7468,207,7.49,2026-12-24,0,,Em aberto,7.49
1688,7471,71,24.81,2026-04-09,0,2026-04-10,Pago,0.0
1689,7471,71,24.81,2026-05-09,0,2026-05-11,PAGO,0.0
1690,7489,516,111.05,2026-09-20,0,2026-09-22,Pago,0.0
1691,7489,516,111.05,2026-10-20,0,,Em aberto,111.05
1692,7489,516,111.05,2026-11-19,0,,Em aberto,111.05
1693,7493,347,406.21,2026-05-12,7,2026-05-19,Pago,0.0
1694,7493,347,406.21,2026-06-11,0,2026-06-12,Pago,0.0
1695,7508,429,52.15,2026-07-16,0,2026-07-18,Pago,0.0
1696,7508,429,52.15,2026-08-15,0,2026-08-16,Pago,0.0
1697,7508,429,52.15,2026-09-14,29,2026-10-13,Pago,0.0
1698,7508,429,52.15,2026-10-14,0,,Em aberto,52.15
1699,7510,579,93.08,2026-10-23,0,,Em aberto,93.08
1700,7510,579,93.08,2026-11-22,0,,Em aberto,93.08
1701,7510,579,93.08,2026-12-22,0,,em aberto,93.08
1702,7511,67,29.94,2026-07-05,0,2026-07-07,Pago,0.0
1703,7511,67,29.94,2026-08-04,0,2026-08-04,Pago,0.0
1704,7516,232,250.51,2026-10-05,0,,Em aberto,250.51
1705,7516,232,250.51,2026-11-04,0,,Em aberto,250.51
1706,7516,232,250.51,2026-12-04,0,,Em aberto,250.51
1707,7516,232,250.51,2027-01-03,0,,Em aberto,250.51
1708,7535,59,341.18,2026-07-13,21,2026-08-03,Pago,0.0
1709,7535,59,341.18,2026-08-12,41,,Atrasado,341.18
1710,7555,233,838.71,2026-07-22,16,2026-08-07,Pago,0.0
1711,7580,97,344.75,2026-05-12,0,2026-05-15,Pago,0.0
1712,7580,97,344.75,2026-06-11,0,2026-06-13,Pago,0.0
1713,7580,97,344.75,2026-07-11,13,2026-07-24,Pago,0.0
1714,7589,233,27.57,2026-08-22,0,2026-08-23,Pago,0.0
1715,7589,233,27.57,2026-09-21,0,2026-09-24,Pago,0.0
1716,7604,256,308.53,2026-04-26,12,2026-05-08,Pago,0.0
1717,7604,256,308.53,2026-05-26,0,2026-05-27,Pago,0.0
1718,7604,256,308.53,2026-06-25,20,2026-07-15,Pago,0.0
1719,7611,371,273.0,2026-06-09,0,2026-06-09,Pago,0.0
1720,7622,411,100.3,2026-05-07,0,2026-05-10,Pago,0.0
1721,7622,411,100.3,2026-06-06,0,2026-06-08,Pago,0.0
1722,7626,243,113.35,2026-10-25,0,,Em aberto,113.35
1723,7626,243,113.35,2026-11-24,0,,Em aberto,113.35
1724,7626,243,113.35,2026-12-24,0,,Em aberto,113.35
1725,7648,415,289.2,2026-09-02,0,2026-09-02,Pago,0.0
1726,7648,415,289.2,2026-10-02,0,,Em aberto,289.2
1727,7650,37,75.2,2026-06-29,6,2026-07-05,Pago,0.0
1728,7658,468,33.34,24-07-2026,0,2026-07-25,Pago,0.0
1729,7658,468,33.34,2026-08-23,0,2026-08-24,Pago,0.0
1730,7658,468,33.34,2026-09-22,0,2026-09-24,Pago,0.0
1731,7658,468,33.34,2026-10-22,0,,Em aberto,33.34
1732,7662,271,161.85,2026-06-22,0,2026-06-23,Pago,0.0
1733,7662,271,161.85,2026-07-22,0,2026-07-23,Pago,0.0
1734,7662,271,161.85,2026-08-21,0,2026-08-24,Pago,0.0
1735,7669,133,206.98,2026-08-17,0,2026-08-19,Pago,0.0
1736,7669,133,206.98,2026-09-16,0,2026-09-19,PAGO,0.0
1737,7669,133,206.98,2026-10-16,0,,Em aberto,206.98
1738,7679,317,64.84,02-08-2026,0,2026-08-03,Pago,0.0
1739,7679,317,64.84,2026-09-01,0,2026-09-02,Pago,0.0
1740,7713,192,67.68,2026-06-05,0,2026-06-07,Pago,0.0
1741,7719,251,230.42,2026-06-01,0,2026-06-02,Pago,0.0
1742,7719,251,230.42,2026-07-01,0,2026-07-01,Pago,0.0
1743,7726,3,233.81,2026-05-11,40,,Atrasado,233.81
1744,7726,3,233.81,2026-06-10,0,2026-06-12,Pago,0.0
1745,7726,3,233.81,2026-07-10,0,2026-07-13,Pago,0.0
1746,7732,485,431.4,2026-07-29,32,,Atrasado,431.4
1747,7732,485,431.4,2026-08-28,16,2026-09-13,Pago,0.0
1748,7738,271,142.84,2026-05-28,11,2026-06-08,Pago,0.0
1749,7738,271,142.84,2026-06-27,0,2026-06-30,Pago,142.84
1750,7738,271,142.84,2026-07-27,0,2026-07-27,Pago,0.0
1751,7740,257,29.96,2026-08-03,0,2026-08-04,Pago,0.0
1752,7740,257,29.96,2026-09-02,0,2026-09-03,Pago,0.0
1753,7740,257,29.96,2026-10-02,0,,Em aberto,29.96
1754,7740,257,29.96,2026-11-01,0,,Em aberto,29.96
1755,7742,307,103.67,2026-07-15,0,2026-07-15,Pago,0.0
1756,7742,307,103.67,2026-08-14,7,2026-08-21,Pago,0.0
1757,7748,419,206.24,2026-04-29,29,2026-05-28,Pago,0.0
1758,7754,468,77.88,2026-09-25,0,2026-09-28,Pago,0.0
1759,7754,468,77.88,2026-10-25,0,,Em aberto,77.88
1760,7754,468,77.88,2026-11-24,0,,Em aberto,77.88
1761,7760,154,497.76,2026-04-14,0,2026-04-14,Pago,0.0
1762,7764,142,371.57,2026-08-26,0,2026-08-27,Pago,0.0
1763,7766,446,143.16,2026-05-05,0,2026-05-05,Pago,0.0
1764,7766,446,143.16,2026-06-04,39,,Atrasado,143.16
1765,7766,446,143.16,2026-07-04,0,2026-07-07,Pago,0.0
1766,7768,576,157.12,2026-06-03,0,2026-06-06,Pago,0.0
1767,7797,509,250.72,2026-08-11,0,2026-08-12,Pago,0.0
1768,7797,509,250.72,2026-09-10,4,2026-09-14,Pago,0.0
1769,7797,509,250.72,2026-10-10,0,,Em aberto,250.72
1770,7806,178,56.81,2026-04-03,0,2026-04-03,Pago,0.0
1771,7806,178,56.81,2026-05-03,26,2026-05-29,Pago,0.0
1772,7806,178,56.81,2026-06-02,18,2026-06-20,Pago,0.0
1773,7808,206,38.68,25-06-2026,0,2026-06-26,Pago,0.0
1774,7808,206,38.68,2026-07-25,6,2026-07-31,Pago,0.0
1775,7808,206,38.68,2026-08-24,0,2026-08-25,Pago,0.0
1776,7808,206,38.68,2026-09-23,0,2026-09-24,Pago,0.0
1777,7816,244,15.51,2026-04-09,0,2026-04-09,Pago,0.0
1778,7816,244,15.51,2026-05-09,0,2026-05-10,Pago,0.0
1779,7830,5,24.14,2026-05-13,0,2026-05-15,Pago,0.0
1780,7830,5,24.14,2026-06-12,0,2026-06-14,Pago,0.0
1781,7835,86,224.88,2026-09-03,0,2026-09-03,Pago,0.0
1782,7835,86,224.88,03/10/2026,0,,Em aberto,224.88
1783,7835,86,224.88,2026-11-02,0,,Em aberto,224.88
1784,7837,145,16.8,2026-09-22,0,2026-09-24,Pago,0.0
1785,7837,145,16.8,2026-10-22,0,,Em aberto,16.8
1786,7837,145,16.8,2026-11-21,0,,Em aberto,16.8
1787,7837,145,16.8,2026-12-21,0,,Em aberto,16.8
1788,7863,430,107.16,2026-04-04,0,2026-04-06,Pago,0.0
1789,7863,430,107.16,2026-05-04,0,2026-05-07,Pago,0.0
1790,7867,284,104.36,2026-09-27,38,2026-11-04,Pago,0.0
1791,7867,284,104.36,2026-10-27,0,,Em aberto,104.36
1792,7867,284,104.36,2026-11-26,0,,Em aberto,104.36
1793,7867,284,104.36,2026-12-26,0,,Em aberto,104.36
1794,7870,257,34.1,2026-10-19,0,,Em aberto,34.1
1795,7870,257,34.1,2026-11-18,0,,Em aberto,34.1
1796,7870,257,34.1,2026-12-18,0,,Em aberto,34.1
1797,7879,382,69.58,2026-07-21,0,2026-07-24,Pago,0.0
1798,7879,382,69.58,2026-08-20,0,2026-08-20,Pago,0.0
1799,7896,387,154.75,2026-07-21,16,2026-08-06,Pago,0.0
1800,7906,335,460.84,2026-06-09,12,2026-06-21,Pago,0.0
1801,7907,192,74.1,2026-10-25,0,,Em aberto,74.1
1802,7907,192,74.1,2026-11-24,0,,Em aberto,74.1
1803,7914,349,172.16,2026-04-12,0,2026-04-14,Pago,0.0
1804,7914,349,172.16,2026-05-12,0,2026-05-14,Pago,0.0
1805,7920,242,145.17,2026-10-11,0,,Em aberto,145.17
1806,7920,242,145.17,2026-11-10,0,,Em aberto,145.17
1807,7956,101,216.81,2026-07-07,0,2026-07-09,Pago,0.0
1808,7971,489,1167.48,2026-09-26,0,2026-09-26,Pago,0.0
1809,7996,480,390.32,2026-04-21,0,2026-04-21,Pago,0.0
1810,7996,480,390.32,2026-05-21,0,2026-05-21,Pago,0.0
1811,8006,72,204.91,2026-08-24,0,2026-08-24,Pago,0.0
1812,8006,72,204.91,2026-09-23,15,2026-10-08,PAGO,0.0
1813,8006,72,204.91,2026-10-23,0,,Em aberto,204.91
1814,8006,72,204.91,2026-11-22,0,,Em aberto,204.91
1815,8007,372,77.73,2026-10-01,0,,Em aberto,77.73
1816,8007,372,77.73,2026-10-31,0,,Em aberto,77.73
1817,8007,372,77.73,2026-11-30,0,,Em aberto,77.73
1818,8009,245,46.53,2026-07-04,0,2026-07-04,Pago,0.0
1819,8009,245,46.53,2026-08-03,0,2026-08-04,Pago,0.0
1820,8009,245,46.53,2026-09-02,0,2026-09-03,Pago,0.0
1821,8009,245,46.53,2026-10-02,0,,Em aberto,46.53
1822,8019,435,52.9,2026-06-05,0,2026-06-08,Pago,0.0
1823,8019,435,52.9,2026-07-05,0,2026-07-05,Pago,0.0
1824,8019,435,52.9,2026-08-04,0,2026-08-04,Pago,0.0
1825,8019,435,52.9,2026-09-03,0,2026-09-03,Pago,0.0
1826,8030,542,318.6,03-08-2026,42,2026-09-14,Pago,0.0
1827,8037,20,56.77,2026-09-02,0,2026-09-03,Pago,0.0
1828,8037,20,56.77,2026-10-02,0,,Em aberto,56.77
1829,8037,20,56.77,2026-11-01,0,,Em aberto,56.77
1830,8037,20,56.77,2026-12-01,0,,Em aberto,56.77
1831,8050,82,159.79,11/08/2026,32,2026-09-12,Pago,0.0
1832,8050,82,159.79,2026-09-10,0,2026-09-10,Pago,0.0
1833,8050,82,159.79,2026-10-10,0,,Em aberto,159.79
1834,8052,413,191.54,13/05/2026,25,2026-06-07,Pago,0.0
1835,8052,413,191.54,2026-06-12,0,2026-06-15,pago,0.0
1836,8068,483,12.71,2026-10-29,0,,Em aberto,12.71
1837,8068,483,12.71,2026-11-28,0,,Em aberto,12.71
1838,8069,392,15.96,2026-06-27,0,2026-06-30,Pago,0.0
1839,8069,392,15.96,2026-07-27,0,2026-07-29,Pago,0.0
1840,8069,392,15.96,2026-08-26,0,2026-08-29,Pago,0.0
1841,8069,392,15.96,2026-09-25,0,2026-09-25,Pago,0.0
1842,8075,445,827.13,2026-09-27,0,2026-09-28,Pago,0.0
1843,8083,267,737.28,2026-05-12,32,2026-06-13,Pago,0.0
1844,8126,140,245.46,2026-09-24,0,2026-09-26,Pago,0.0
1845,8126,140,245.46,2026-10-24,0,,Em aberto,245.46
1846,8126,140,245.46,2026-11-23,0,,Em aberto,245.46
1847,8126,140,245.46,2026-12-23,0,,Em aberto,245.46
1848,8129,36,85.23,2026-04-26,0,2026-04-27,Pago,0.0
1849,8129,36,85.23,2026-05-26,0,2026-05-29,Pago,0.0
1850,8129,36,85.23,2026-06-25,29,2026-07-24,Pago,0.0
1851,8129,36,85.23,2026-07-25,0,2026-07-28,Pago,0.0
1852,8130,484,157.82,2026-07-11,9,2026-07-20,Pago,0.0
1853,8130,484,157.82,2026-08-10,29,2026-09-08,Pago,0.0
1854,8130,484,157.82,2026-09-09,0,2026-09-10,Pago,0.0
1855,8138,56,179.78,2026-06-12,0,2026-06-14,Pago,0.0
1856,8140,358,48.01,2026-07-01,0,2026-07-03,Pago,0.0
1857,8142,212,242.38,2026-08-28,0,2026-08-30,Pago,0.0
1858,8142,212,242.38,2026-09-27,41,2026-11-07,Pago,0.0
1859,8142,212,242.38,2026-10-27,0,,Em aberto,242.38
1860,8142,212,242.38,2026-11-26,0,,Em aberto,242.38
1861,8144,41,481.8,2026-09-30,0,2026-10-02,Pago,0.0
1862,8145,470,290.1,2026-09-28,0,2026-09-29,Pago,0.0
1863,8145,470,290.1,2026-10-28,0,,Em aberto,290.1
1864,8151,492,74.66,2026-04-06,20,2026-04-26,Pago,0.0
1865,8151,492,74.66,2026-05-06,0,2026-05-07,Pago,0.0
1866,8151,492,74.66,2026-06-05,0,2026-06-06,Pago,0.0
1867,8151,492,74.66,2026-07-05,28,2026-08-02,Pago,0.0
1868,8181,151,69.86,2026-08-09,23,2026-09-01,Pago,0.0
1869,8181,151,69.86,2026-09-08,0,2026-09-08,Pago,0.0
1870,8181,151,69.86,2026-10-08,0,,Em aberto,69.86
1871,8181,151,69.86,2026-11-07,0,,Em aberto,69.86
1872,8187,209,983.76,2026-04-14,0,2026-04-15,Pago,0.0
1873,8233,592,108.41,2026-10-30,0,,Em aberto,108.41
1874,8233,592,108.41,2026-11-29,0,,Em aberto,108.41
1875,8233,592,108.41,2026-12-29,0,,Em aberto,108.41
1876,8233,592,108.41,2027-01-28,0,,Em Aberto,108.41
1877,8239,78,144.73,2026-04-01,0,2026-04-04,Pago,0.0
1878,8239,78,144.73,2026-05-01,0,2026-05-02,Pago,0.0
1879,8239,78,144.73,2026-05-31,24,2026-06-24,Pago,0.0
1880,8245,204,56.25,2026-10-14,0,,Em aberto,56.25
1881,8246,405,69.53,2026-04-19,35,2026-05-24,Pago,0.0
1882,8246,405,69.53,2026-05-19,0,2026-05-21,Pago,0.0
1883,8246,405,69.53,2026-06-18,0,2026-06-19,Pago,0.0
1884,8247,385,150.31,2026-05-11,0,2026-05-12,Pago,0.0
1885,8247,385,150.31,2026-06-10,41,2026-07-21,Pago,0.0
1886,8247,385,150.31,2026-07-10,0,2026-07-11,Pago,0.0
1887,8270,396,100.8,2026-07-25,0,2026-07-26,Pago,0.0
1888,8270,396,100.8,2026-08-24,0,2026-08-24,Pago,0.0
1889,8287,207,491.88,2026-05-03,0,2026-05-05,Pago,0.0
1890,8314,268,99.23,18/08/2026,30,2026-09-17,Pago,0.0
1891,8314,268,99.23,2026-09-17,0,2026-09-20,Pago,0.0
1892,8315,32,551.42,2026-10-22,0,,Em aberto,551.42
1893,8315,32,551.42,2026-11-21,0,,EM ABERTO,551.42
1894,8320,153,305.54,2026-10-17,0,,Em aberto,305.54
1895,8320,153,305.54,2026-11-16,0,,Em aberto,305.54
1896,8324,342,218.04,01/08/2026,0,2026-08-04,Pago,0.0
1897,8324,342,218.04,2026-08-31,0,2026-09-02,Pago,0.0
1898,8324,342,218.04,2026-09-30,0,2026-10-03,Pago,0.0
1899,8336,247,181.5,2026-08-27,0,2026-08-30,Pago,0.0
1900,8343,124,150.2,2026-04-15,0,2026-04-15,Pago,0.0
1901,8343,124,150.2,2026-05-15,3,2026-05-18,Pago,0.0
1902,8343,124,150.2,2026-06-14,0,2026-06-14,Pago,0.0
1903,8343,124,150.2,2026-07-14,0,2026-07-16,Pago,0.0
1904,8355,70,14.95,2026-04-18,35,2026-05-23,Pago,0.0
1905,8355,70,14.95,2026-05-18,0,2026-05-19,PAGO,0.0
1906,8355,70,14.95,2026-06-17,0,2026-06-18,Pago,0.0
1907,8355,70,14.95,2026-07-17,0,2026-07-20,Pago,0.0
1908,8367,600,34.1,2026-09-08,0,2026-09-10,Pago,0.0
1909,8367,600,34.1,2026-10-08,0,,Em aberto,34.1
1910,8367,600,34.1,2026-11-07,0,,Em aberto,34.1
1911,8378,281,931.72,2026-05-29,15,2026-06-13,Pago,0.0
1912,8380,573,723.62,2026-08-29,0,2026-08-29,Pago,0.0
1913,8387,246,309.17,2026-04-06,0,2026-04-07,Pago,0.0
1914,8387,246,309.17,2026-05-06,7,2026-05-13,Pago,0.0
1915,8392,440,193.36,2026-06-08,0,2026-06-11,Pago,0.0
1916,8394,133,150.78,2026-09-01,0,2026-09-04,Pago,0.0
1917,8394,133,150.78,2026-10-01,0,,Em aberto,150.78
1918,8406,123,230.64,2026-09-14,0,2026-09-14,Pago,0.0
1919,8406,123,230.64,2026-10-14,0,,Em aberto,230.64
1920,8406,123,230.64,2026-11-13,0,,Em aberto,230.64
1921,8406,123,230.64,2026-12-13,0,,EM ABERTO,230.64
1922,8407,111,253.33,2026-05-02,0,2026-05-03,Pago,0.0
1923,8407,111,253.33,2026-06-01,0,2026-06-01,Pago,0.0
1924,8428,141,93.08,2026-03-31,0,2026-03-31,Pago,0.0
1925,8441,81,56.73,2026-10-08,0,,Em aberto,56.73
1926,8441,81,56.73,2026-11-07,0,,Em aberto,56.73
1927,8468,326,153.97,2026-07-18,0,2026-07-19,Pago,0.0
1928,8468,326,153.97,2026-08-17,40,2026-09-26,Pago,0.0
1929,8468,326,153.97,2026-09-16,0,2026-09-16,Pago,0.0
1930,8468,326,153.97,2026-10-16,0,,Em aberto,153.97
1931,8474,52,211.07,2026-05-03,0,2026-05-03,Pago,0.0
1932,8474,52,211.07,2026-06-02,0,2026-06-04,Pago,0.0
1933,8474,52,211.07,2026-07-02,0,2026-07-03,Pago,0.0
1934,8475,199,73.05,2026-09-20,0,2026-09-20,Pago,0.0
1935,8475,199,73.05,2026-10-20,0,,Em aberto,73.05
1936,8475,199,73.05,2026-11-19,0,,Em aberto,73.05
1937,8482,394,157.62,2026-06-25,0,2026-06-26,Pago,0.0
1938,8482,394,157.62,2026-07-25,0,2026-07-28,Pago,0.0
1939,8482,394,157.62,2026-08-24,0,2026-08-26,Pago,0.0
1940,8482,394,157.62,2026-09-23,0,2026-09-25,Pago,0.0
1941,8508,368,78.32,2026-05-07,0,2026-05-10,Pago,0.0
1942,8508,368,78.32,2026-06-06,0,2026-06-07,Pago,0.0
1943,8508,368,78.32,2026-07-06,0,2026-07-08,Pago,0.0
1944,8508,368,78.32,2026-08-05,37,,Atrasado,78.32
1945,8539,541,232.85,2026-04-08,22,2026-04-30,Pago,0.0
1946,8539,541,232.85,2026-05-08,0,2026-05-10,Pago,0.0
1947,8539,541,232.85,2026-06-07,44,,Atrasado,232.85
1948,8539,541,232.85,2026-07-07,0,2026-07-10,Pago,0.0
1949,8546,333,119.71,2026-09-24,28,2026-10-22,Pago,0.0
1950,8546,333,119.71,2026-10-24,0,,Em aberto,119.71
1951,8587,539,113.3,2026-04-22,0,2026-04-23,Pago,0.0
1952,8587,539,113.3,2026-05-22,0,2026-05-24,Pago,0.0
1953,8587,539,113.3,2026-06-21,0,2026-06-22,Pago,0.0
1954,8593,194,321.61,2026-06-14,0,2026-06-16,PAGO,0.0
1955,8624,258,242.78,2026-05-16,0,2026-05-18,Pago,0.0
1956,8624,258,242.78,2026-06-15,0,2026-06-15,Pago,0.0
1957,8624,258,242.78,2026-07-15,0,2026-07-17,Pago,0.0
1958,8624,258,242.78,2026-08-14,0,2026-08-14,Pago,0.0
1959,8625,283,218.26,2026-07-19,2,2026-07-21,Pago,0.0
1960,8625,283,218.26,18-08-2026,0,2026-08-21,Pago,0.0
1961,8635,221,405.71,2026-09-03,0,2026-09-06,Pago,0.0
1962,8654,203,315.76,2026-07-28,0,2026-07-31,Pago,0.0
1963,8658,236,162.63,2026-05-16,0,2026-05-16,Pago,0.0
1964,8658,236,162.63,15-06-2026,0,2026-06-16,Pago,0.0
1965,8658,236,162.63,2026-07-15,0,2026-07-15,Pago,0.0
1966,8658,236,162.63,2026-08-14,-1,2026-08-16,Pago,0.0
1967,8664,302,781.03,2026-05-25,0,2026-05-25,Pago,0.0
1968,8666,450,237.98,2026-10-26,0,,Em aberto,237.98
1969,8692,24,336.39,2026-07-10,0,2026-07-13,Pago,0.0
1970,8692,24,336.39,2026-08-09,30,2026-09-08,Pago,0.0
1971,8692,24,336.39,2026-09-08,0,2026-09-11,Pago,0.0
1972,8695,264,216.84,2026-05-29,0,2026-05-29,Pago,0.0
1973,8716,388,226.46,2026-07-09,0,2026-07-11,Pago,0.0
1974,8716,388,226.46,2026-08-08,0,2026-08-11,Pago,0.0
1975,8716,388,226.46,2026-09-07,0,2026-09-09,Pago,0.0
1976,8716,388,226.46,2026-10-07,0,,Em aberto,226.46
1977,8722,27,292.83,2026-06-23,0,2026-06-26,Pago,0.0
1978,8722,27,292.83,2026-07-23,0,2026-07-24,Pago,0.0
1979,8722,27,292.83,2026-08-22,0,2026-08-22,Pago,0.0
1980,8729,53,119.64,2026-05-12,0,2026-05-15,Pago,0.0
1981,8729,53,119.64,2026-06-11,0,2026-06-12,Pago,0.0
1982,8729,53,119.64,2026-07-11,0,2026-07-11,Pago,0.0
1983,8744,494,126.62,2026-08-27,0,2026-08-28,Pago,0.0
1984,8744,494,126.62,2026-09-26,0,2026-09-27,Pago,0.0
1985,8744,494,126.62,2026-10-26,0,,Em aberto,126.62
1986,8744,494,126.62,2026-11-25,0,,Em aberto,126.62
1987,8750,432,166.54,2026-06-30,0,2026-07-02,Pago,0.0
1988,8750,432,166.54,2026-07-30,0,2026-08-02,Pago,0.0
1989,8750,432,166.54,29/08/26,8,2026-09-06,pago,0.0
1990,8750,432,166.54,2026-09-28,0,2026-09-28,Pago,0.0
1991,8766,348,138.22,2026-09-25,0,2026-09-25,Pago,0.0
1992,8766,348,138.22,2026-10-25,0,,Em aberto,138.22
1993,8766,348,138.22,24/11/2026,0,,Em aberto,138.22
1994,8766,348,138.22,2026-12-24,0,,Em aberto,138.22
1995,8779,537,98.8,2026-08-27,0,2026-08-27,Pago,0.0
1996,8779,537,98.8,2026-09-26,0,2026-09-29,Pago,0.0
1997,8779,537,98.8,2026-10-26,0,,Em aberto,98.8
1998,8781,206,259.78,2026-10-27,0,,Em aberto,259.78
1999,8796,271,182.96,2026-08-26,7,2026-09-02,Pago,0.0
2000,8796,271,182.96,2026-09-25,0,2026-09-27,Pago,0.0
2001,8796,271,182.96,2026-10-25,0,,Em aberto,182.96
2002,8845,53,61.93,2026-08-01,0,2026-08-01,Pago,0.0
2003,8845,53,61.93,2026-08-31,0,2026-09-01,Pago,0.0
2004,8845,53,61.93,2026-09-30,8,2026-10-08,Pago,0.0
2005,8848,532,155.75,2026-05-24,0,2026-05-24,Pago,0.0
2006,8848,532,155.75,2026-06-23,0,2026-06-24,Pago,0.0
2007,8848,532,155.75,2026-07-23,0,2026-07-23,Pago,0.0
2008,8864,339,28.37,2026-10-28,0,,Em aberto,28.37
2009,8864,339,28.37,2026-11-27,0,,Em aberto,28.37
2010,8864,339,28.37,2026-12-27,0,,Em aberto,28.37
2011,8864,339,28.37,2027-01-26,0,,Em aberto,28.37
2012,8865,513,59.55,2026-08-02,0,2026-08-03,Pago,0.0
2013,8886,408,151.34,2026-05-19,0,2026-05-21,Pago,0.0
2014,8886,408,151.34,2026-06-18,0,2026-06-21,Pago,0.0
2015,8886,408,151.34,2026-07-18,0,2026-07-19,Pago,0.0
2016,8893,66,116.34,2026-07-12,0,2026-07-12,Pago,0.0
2017,8893,66,116.34,2026-08-11,17,2026-08-28,Pago,0.0
2018,8893,66,116.34,2026-09-10,0,2026-09-10,Pago,0.0
2019,8893,66,116.34,2026-10-10,0,,Em aberto,116.34
2020,8901,154,167.74,2026-09-01,0,2026-09-03,Pago,0.0
2021,8901,154,167.74,2026-10-01,0,,Em aberto,167.74
2022,8901,154,167.74,2026-10-31,0,,Em aberto,167.74
2023,8903,388,111.21,2026-06-12,0,2026-06-12,Pago,0.0
2024,8903,388,111.21,2026-07-12,0,2026-07-12,Pago,0.0
2025,8903,388,111.21,2026-08-11,0,2026-08-14,Pago,0.0
2026,8906,1,500.43,2026-07-10,0,2026-07-12,Pago,0.0
2027,8909,591,86.19,2026-06-21,0,2026-06-24,Pago,0.0
2028,8909,591,86.19,2026-07-21,0,2026-07-23,Pago,0.0
2029,8923,509,204.59,2026-07-22,0,2026-07-22,Pago,0.0
2030,8923,509,204.59,2026-08-21,0,2026-08-22,pago,0.0
2031,8923,509,204.59,2026-09-20,0,2026-09-20,Pago,0.0
2032,8923,509,204.59,2026-10-20,0,,Em aberto,204.59
2033,8933,26,170.44,31/08/26,0,2026-09-03,Pago,0.0
2034,8933,26,170.44,2026-09-30,22,2026-10-22,Pago,0.0
2035,8933,26,170.44,2026-10-30,0,,EM ABERTO,170.44
2036,8933,26,170.44,2026-11-29,0,,Em aberto,170.44
2037,8938,448,141.03,2026-05-11,0,2026-05-13,Pago,0.0
2038,8938,448,141.03,2026-06-10,0,2026-06-12,Pago,0.0
2039,8938,448,141.03,2026-07-10,0,2026-07-13,Pago,0.0
2040,8938,448,141.03,2026-08-09,0,2026-08-09,Pago,0.0
2041,8945,54,165.39,2026-08-22,0,2026-08-24,Pago,0.0
2042,8962,486,114.42,2026-04-13,0,2026-04-13,Pago,0.0
2043,8962,486,114.42,13/05/2026,0,2026-05-13,Pago,0.0
2044,8971,598,673.68,2026-06-04,0,2026-06-07,Pago,0.0
2045,8992,69,269.17,2026-05-08,16,2026-05-24,Pago,0.0
2046,8992,69,269.17,2026-06-07,0,2026-06-07,Pago,0.0
2047,8992,69,269.17,2026-07-07,0,2026-07-08,Pago,0.0
650,2817,457,485.06,2026-05-22,0,2026-05-22,Pago,0.0
1834,8052,413,191.54,2026-05-13,25,2026-06-07,pago,0.0
203,1045,219,75.2,2026-05-21,0,2026-05-21,Pago,0.0
396,1693,545,96.47,2026-10-29,0,,Em aberto,96.47
1074,4782,137,145.94,2026-09-12,0,2026-09-14,Pago,0.0
792,3444,437,87.73,2026-12-27,0,,Em aberto,87.73
1213,5229,598,146.37,2026-07-09,0,2026-07-11,Pago,0.0
989,4479,522,29.96,2026-12-22,0,,Em aberto,29.96
482,1980,371,75.2,2026-06-11,0,2026-06-14,Pago,0.0
2018,8893,66,116.34,2026-09-10,0,2026-09-10,Pago,0.0
1393,6136,340,67.81,2026-08-28,0,2026-08-31,Pago,0.0
838,3655,419,31.23,2026-05-27,0,2026-05-30,Pago,0.0
2016,8893,66,116.34,2026-07-12,0,2026-07-12,Pago,0.0
1541,6743,125,252.24,2026-05-13,33,2026-06-15,Pago,0.0
1376,6060,337,52.05,2026-10-21,0,,Em aberto,52.05
965,4295,395,35.92,2027-01-08,0,,Em aberto,35.92
1628,7221,190,13.01,2026-09-30,0,2026-09-30,Pago,0.0
1374,6033,496,77.36,2026-05-24,0,2026-05-27,Pago,0.0
820,3548,503,88.76,2026-11-20,0,,Em aberto,88.76
40,216,37,48.34,2026-05-13,0,2026-05-14,Pago,0.0
726,3137,375,19.93,2026-11-15,0,,Em aberto,19.93
503,2105,329,814.16,2026-09-07,0,2026-09-09,Pago,0.0
768,3320,300,678.3,2026-04-06,27,2026-05-03,Pago,0.0
956,4289,25,61.48,2026-08-04,0,2026-08-06,Pago,0.0
210,1084,281,52.04,2026-06-28,16,2026-07-14,Pago,0.0
399,1696,259,116.97,2026-08-23,43,2026-10-05,Pago,0.0
28,122,418,280.68,2026-06-17,0,2026-06-18,Pago,0.0
378,1625,415,29.21,2026-06-28,0,2026-06-28,Pago,0.0
1789,7863,430,107.16,2026-05-04,0,2026-05-07,Pago,0.0
1917,8394,133,150.78,2026-10-01,0,,Em aberto,150.78
840,3655,419,31.23,2026-07-26,0,2026-07-28,Pago,0.0
1676,7431,258,55.13,2026-11-03,0,,Em aberto,55.13
1401,6162,459,275.71,2026-06-16,0,2026-06-16,Pago,0.0
1811,8006,72,204.91,2026-08-24,0,2026-08-24,Pago,0.0
55,260,115,125.11,2026-12-28,0,,Em aberto,125.11
2022,8901,154,167.74,2026-10-31,0,,Em aberto,167.74
27,122,418,280.68,2026-05-18,0,2026-05-19,Pago,0.0
1716,7604,256,308.53,2026-04-26,12,2026-05-08,Pago,0.0
588,2461,172,61.42,2026-07-05,34,2026-08-08,Pago,0.0
719,3099,218,301.81,2026-08-03,0,2026-08-05,Pago,0.0
