id_venda,data_venda,hora_venda,id_produto,produto,categoria,cor,tamanho,quantidade,preco_unitario,desconto,valor_total,forma_pagamento,canal,id_cliente,id_vendedor
1,2026-07-30,13:15,89,Acessório Premium,Acessório,Vermelha,GG,3,62.97,0.0,188.91,PIX,Online,151.0,7
2,2026-06-12,14:30,68,Acessório Casual,Acessório,Branca,P,1,212.83,0.0,212.83,Cartão de Débito,Física,145.0,15
3,2026-09-05,10:15,41,Vestido X,Vestido,Verde,M,2,38.61,0.0,77.22,Crediário,Online,38.0,4
4,30/05/2026,16:15,160,Vestido Básica,Vestido,Branca,G,4,38.68,0.0,154.72,PIX,Online,53.0,17
5,2026-08-26,11:45,53,Jaqueta Casual,Jaqueta,Branca,P,3,203.54,30.53,580.09,Cartão de Débito,Física,307.0,5
6,2026-05-31,20:45,88,Bermuda X,Bermuda,Rosa,G,2,55.13,0.0,110.26,PIX,Física,469.0,18
7,2026-06-17,15:45,127,Bermuda X,Bermuda,Azul,M,-2,269.31,13.47,255.84,Crediário,Online,216.0,5
8,20-05-2026,19:45,119,Calça Esporte,Calça,Branca,P,3,331.07,148.98,844.23,Dinheiro,Física,511.0,17
9,2026-05-15,11:45,149,Vestido Básica,Vestido,Cinza,GG,4,67.2,26.88,241.92,Cartão de Crédito,Online,508.0,16
10,2026-03-16,10:15,23,Calça Social,Calça,Preta,GG,4,181.44,108.86,"R$ 616,90",Crediário,Física,555.0,16
11,16/06/26,09:15,152,Jaqueta Premium,Jaqueta,Verde,M,3,208.59,0.0,625.77,Cartão de Débito,Física,507.0,11
12,2026-07-26,15:45,25,Calça Básica,Calça,Rosa,GG,2,346.73,0.0,693.46,Dinheiro,Física,530.0,17
13,2026-05-13,09:45,158,Jaqueta Premium,Jaqueta,Rosa,GG,4,91.13,54.68,309.84,Cartão de Débito,Física,458.0,25
14,2026-04-20,20:00,36,Jaqueta X,Jaqueta,Rosa,GG,3,109.13,49.11,278.28,PIX,Física,147.0,14
15,2026-08-18,09:45,128,Acessório X,Acessório,Verde,G,4,38.26,15.3,137.74,Crediário,Online,331.0,18
16,2026-03-05,15:00,174,Calça Slim,Calça,Cinza,M,1,34.1,0.0,34.1,Crediário,Online,294.0,11
17,2026-05-06, 11:15 ,22,Bermuda Social,Bermuda,Vermelha,GG,3,213.75,0.0,641.25,PIX,Física,331.0,5
18,2026-07-06,09:15,32,Acessório Social,Acessório,Azul,G,2,324.96,97.49,552.43,Cartão de Débito,Online,166.0,23
19,2026-09-04,18:45,102,Vestido Premium,Vestido,Vermelha,GG,4,250.72,0.0,1002.88,Cartão de Débito,Física,,12
20,2026-04-13,12:15,94,Blusa X,Blusa,Azul,GG,3,310.47,139.71,791.7,Cartão de Crédito,Física,232.0,16
21,2026-03-09,12:30,124,Camiseta Social,Camiseta,Branca,M,1,31.01,0.0,31.01,Dinheiro,Física,543.0,3
22,2026-08-08,12:30,109,Camiseta Esporte,Camiseta,Branca,GG,2,227.45,0.0,454.9,PIX,Online,461.0,1
23,2026-06-18,15:30,92,Vestido Básica,Vestido,Cinza,G,4,146.37,0.0,585.48,Cartão de Débito,Online,,7
24,2026-09-26,16:30,90,Jaqueta Social,Jaqueta,Rosa,M,1,340.94,0.0,340.94,Cartão De Débito,Online,550.0,12
25,2026-09-19,13:45  ,141,Bermuda Slim,Bermuda,Vermelha,GG,3,162.9,48.87,439.83,Crediário,Online,513.0,2
26,2026-08-12,10:00,110,Bermuda Slim,Bermuda,Vermelha,G,1,158.66,0.0,158.66,Cartão de Crédito,Online,437.0,15
27,2026-06-26, 14:15,33,Camiseta Esporte,Camiseta,Verde,G,2,238.32,47.66,428.98,Cartão de Crédito,Física,526.0,19
28,2026-08-11,14:15,26,Jaqueta Esporte,Jaqueta,Verde,P,4,204.58,81.83,736.49,Cartão de Crédito,Online,160.0,21
29,2026-08-05,15:00,1,Blusa Premium,Blusa,Cinza,G,1,318.6,0.0,318.6,Cartão de Débito,Física,242.0,20
30,2026-06-11,20:45,29,Blusa Básica,Blusa,Azul,P,1,287.6,0.0,287.6,Cartão de Débito,Física,411.0,6
31,2026-09-25,18:00,164,Blusa Premium,Blusa,Preta,G,3,175.34,26.3,499.72,Crediário,Física,199.0,4
32,2026-07-08,18:30,145,Bermuda Casual,Bermuda,Azul,GG,1,159.63,0.0,159.63,Cartão de Crédito,Física,497.0,18
33,2026-05-17,17:15,62,Jaqueta Social,Jaqueta,Rosa,M,4,66.35,0.0,265.4,Cartão de Débito,Online,58.0,6
34,2026-06-07,11:00,130,Bermuda Slim,Bermuda,Verde,G,1,139.82,0.0,139.82,Dinheiro,Física,,19
35,2026-05-07,21:45,146,Calça Premium,Calça,Branca,GG,4,343.66,0.0,1374.64,crediário,Física,179.0,1
36,2026-04-20,14:15,82,Bermuda Social,Bermuda,Azul,M,1,325.21,48.78,276.43,Cartão de Débito,Online,584.0,25
37,16/09/2026,12:00,77,Blusa Básica,Blusa,Preta,M,2,29.9,0.0,59.8,Cartão de Débito,Online,45.0,10
38,2026-07-19,14:30,168,Camiseta Slim,Camiseta,Preta,GG,3,50.13,0.0,150.39,Cartão de Crédito,Física,243.0,16
39,2026-09-02,21:45,117,Vestido Premium,Vestido,Cinza,M,4,81.36,0.0,325.44,cartao credito,Física,331.0,23
40,2026-09-12,19:15,128,Acessório X,Acessório,Verde,G,1,38.26,0.0,38.26,Cartão de Crédito,Física,397.0,20
41,2026-08-31,16:30,45,Jaqueta Social,Jaqueta,Preta,P,0,105.9,10.59,201.21,PIX,Física,370.0,23
42,2026-06-15,20:00,47,Blusa Esporte,Blusa,Vermelha,M,2,85.46,25.64,145.28,Dinheiro,Física,442.0,3
43,2026-05-10,21:45,162,Acessório Esporte,Acessório,Preta,P,1,314.53,0.0,314.53,Dinheiro,Física,217.0,24
44,2026-08-07,21:15,177,Camiseta Slim,Camiseta,Vermelha,G,2,63.08,0.0,126.16,Cartão de Crédito,Online,324.0,2
45,2026-04-30,11:00,18,Acessório Básica,Acessório,Azul,M,1,242.78,0.0,242.78,PIX,Online,330.0,2
46,2026-05-03,19:15,98,Acessório Básica,Acessório,Branca,G,3,254.79,0.0,764.37,Dinheiro,Física,481.0,24
47,2026-07-04,10:15,30,Vestido Esporte,Vestido,Vermelha,G,3,244.92,110.21,624.55,Cartão de Débito,Online,249.0,4
48,2026-08-07,09:45,140,Jaqueta Básica,Jaqueta,Cinza,P,3,275.21,82.56,743.07,PIX,Física,120.0,7
49,2026-05-26,09:45,86,Blusa Social,Blusa,Azul,P,2,56.25,0.0,112.5,Cartão de Crédito,Física,87.0,18
50,2026-03-23,13:45,31,Vestido Social,Vestido,Azul,GG,1,28.24,1.41,26.83,Dinheiro,Online,,4
51,19/07/2026,11:45,16,Bermuda Esporte,Bermuda,Branca,M,2,242.53,0.0,485.06,Cartão de Débito,Online,264.0,4
52,2026-05-15,19:30,87,Camiseta Casual,Camiseta,Cinza,P,3,273.14,0.0,819.42,cartão de débito,Online,27.0,14
53,2026-07-11,15:15,57,Calça Casual,Calça,Verde,GG,1,86.79,0.0,86.79,Cartão de Débito,Física,311.0,3
54,2026-04-04,20:15,119,Calça Esporte,Calça,Branca,P,1,331.07,0.0,331.07,Dinheiro,Física,67.0,8
55,2026-04-01,15:00,7,Acessório X,Acessório,Vermelha,GG,1,160.81,0.0,160.81,Dinheiro,Física,419.0,25
56,2026-07-21,11:15,139,Jaqueta X,Jaqueta,Preta,M,2,172.53,51.76,293.3,Cartão de Crédito,Física,285.0,1
57,2026-08-30,19:00,121,Acessório Básica,Acessório,Vermelha,GG,3,127.53,0.0,382.59,Cartão de Débito,Física,,10
58,2026-09-21,17:45,38,Acessório Esporte,Acessório,Rosa,P,1,113.5,0.0,113.5,Cartão de Crédito,Online,471.0,18
59,2026-08-20,10:45,157,Bermuda Básica,Bermuda,Azul,P,1,35.03,0.0,35.03,Crediário,Física,15.0,4
60,2026-09-09,20:30,163,Blusa Esporte,Blusa,Rosa,GG,1,291.86,0.0,291.86,PIX,Online,264.0,22
61,2026-07-30,15:15,86,Blusa Social,Blusa,Azul,P,4,56.25,0.0,225.0,Dinheiro,Online,503.0,6
62,2026-09-02,21:45,22,Bermuda Social,Bermuda,Vermelha,GG,1,213.75,0.0,213.75,Cartão de Crédito,Online,510.0,24
63,2026-09-05,16:00,178,Blusa Slim,Blusa,Rosa,G,3,281.67,0.0,845.01,Cartão de Crédito,Online,177.0,19
64,2026-07-02,12:30,128,Acessório X,Acessório,Verde,G,3,38.26,0.0,114.78,PIX,Online,72743.0,1
65,2026-07-17,20:30,45,Jaqueta Social,Jaqueta,Preta,P,1,105.9,0.0,"R$ 105,90",Cartão de Débito,Online,235.0,17
66,2026-03-07,13:15,180,Acessório X,Acessório,Verde,GG,1,108.79,0.0,108.79,Crediário,Online,543.0,19
67,2026-05-20,15:00,40,Jaqueta Premium,Jaqueta,Branca,G,2,59.14,17.74,100.54,Cartão de Débito,Física,308.0,2
68,2026-03-22,09:30,129,Acessório X,Acessório,Branca,M,4,84.81,16.96,322.28,Dinheiro,Física,441.0,15
69,2026-06-19,15:00,150,Camiseta Casual,Camiseta,Cinza,GG,3,216.84,97.58,552.94,PIX,Online,427.0,13
70,2026-08-29,11:45,73,Calça X,Calça,Azul,M,2,313.28,93.98,532.58,Cartão de Débito,Online,496.0,13
71,2026-06-26,19:15,29,Blusa Básica,Blusa,Azul,P,1,287.6,14.38,273.22,PIX,Física,,4
72,2026-03-13,09:30,62,Jaqueta Social,Jaqueta,Rosa,M,2,66.35,6.64,126.06,Cartão de Débito,Física,316.0,3
73,2026-04-04,17:00,6,Acessório Casual,Acessório,Rosa,GG,1,309.17,46.38,262.79,Crediário,Online,331.0,22
74,2026-04-11,21:15,147,Calça Premium,Calça,Preta,P,4,176.07,105.64,598.64,Cartão de Crédito,Online,96.0,5
75,2026-09-23,12:15,44,Acessório Esporte,Acessório,Preta,M,4,211.07,0.0,844.28,Dinheiro,Online,223.0,8
76,2026-04-28,11:45,159,Calça Social,Calça,Verde,G,1,166.81,16.68,150.13,PIX,Física,565.0,8
77,2026-05-05,17:15,146,Calça Premium,Calça,Branca,GG,3,343.66,0.0,1030.98,Cartão de Débito,Física,594.0,11
78,2026-04-20,12:45,146,Calça Premium,Calça,Branca,GG,4,343.66,0.0,1374.64,Cartão de Crédito,Física,157.0,25
79,2026-06-17,09:45,159,Calça Social,Calça,Verde,G,4,166.81,0.0,667.24,Cartão de Débito,Física,574.0,19
80,2026-05-17,10:15,112,Bermuda Premium,Bermuda,Rosa,GG,3,93.18,0.0,279.54,PIX,Física,82046.0,18
81,2026-07-30,16:15,142,Vestido Esporte,Vestido,Branca,GG,4,142.68,0.0,570.72,Cartão de Crédito,Física,105.0,5
82,2026-04-06,13:00,127,Bermuda X,Bermuda,Azul,M,1,269.31,26.93,242.38,Cartão de Crédito,Online,259.0,23
83,2026-04-27,18:45,99,Camiseta Slim,Camiseta,Rosa,G,2,178.5,0.0,357.0,Cartão de Crédito,Online,371.0,8
84,2026-05-31,20:30,23,Calça Social,Calça,Preta,GG,4,181.44,0.0,725.76,PIX,Física,387.0,21
85,2026-06-28,10:45,37,Acessório Premium,Acessório,Rosa,G,3,281.93,42.29,803.5,Dinheiro,Física,558.0,6
86,2026-06-20,10:30,49,Calça Esporte,Calça,Preta,P,1,264.21,26.42,237.79,Cartão de Débito,Online,268.0,23
87,2026-03-02,10:30,164,Blusa Premium,Blusa,Preta,G,1,175.34,26.3,149.04,Cartão de Crédito,Física,42.0,3
88,2026-05-20,20:45,127,Bermuda X,Bermuda,Azul,M,1,269.31,0.0,269.31,PIX,Física,530.0,16
89,2026-04-06,20:15,107,Bermuda Slim,Bermuda,Rosa,M,4,304.94,60.99,1158.77,Cartão de Crédito,Física,431.0,9
90,2026-09-29,10:15,180,Acessório X,Acessório,Verde,GG,3,108.79,16.32,310.05,Dinheiro,Online,521.0,19
91,2026-03-12,19:15,119,Calça Esporte,Calça,Branca,P,3,331.07,49.66,943.55,Cartão de Débito,Online,273.0,17
92,2026-09-18,14:15,95,Bermuda X,Bermuda,Cinza,G,4,275.07,0.0,1100.28,Cartão de Crédito,Física,579.0,24
93,2026-05-18,09:45,53,Jaqueta Casual,Jaqueta,Branca,P,4,203.54,0.0,814.16,Cartão de Crédito,Física,407.0,2
94,2026-05-05,17:00,5,Jaqueta Básica,Jaqueta,Preta,GG,1,235.61,0.0,235.61,PIX,Online,530.0,12
95,2026-05-30,13:15,14,Bermuda Esporte,Bermuda,Verde,GG,1,113.16,11.32,101.84,Cartão de Crédito,Física,419.0,25
96,2026-03-10,16:30,14,Bermuda Esporte,Bermuda,Verde,GG,1,113.16,5.66,107.5,Cartão de Crédito,Física,220.0,5
97,2026-07-09,16:00,55,Vestido Premium,Vestido,Branca,M,2,126.12,12.61,239.63,PIX,Física,212.0,9
98,2026-03-01,21:30,144,Blusa X,Blusa,Verde,G,3,297.99,0.0,893.97,PIX,Física,73.0,13
99,2026-05-11,09:00,121,Acessório Básica,Acessório,Vermelha,GG,3,127.53,0.0,382.59,Dinheiro,Física,158.0,4
100,2026-04-17,14:00,154,Bermuda Básica,Bermuda,Branca,P,4,240.69,0.0,962.76,Cartão de Débito,Física,471.0,24
101,2026-08-08,18:45,15,Bermuda Básica,Bermuda,Cinza,G,4,52.05,0.0,208.2,cartão de débito,Online,249.0,20
102,2026-04-07,17:30,145,Bermuda Casual,Bermuda,Azul,GG,4,159.63,0.0,638.52,Cartão de Débito,Física,176.0,23
103,2026-09-02,11:00,132,Acessório Esporte,Acessório,Rosa,P,4,45.67,27.4,155.28,Cartão de Débito,Física,468.0,16
104,2026-05-19,12:30,76,Jaqueta X,Jaqueta,Cinza,P,4,291.87,0.0,1167.48,PIX,Física,91.0,4
105,2026-04-16,14:30,146,Calça Premium,Calça,Branca,GG,1,343.66,0.0,343.66,Cartão de Débito,Online,,10
106,2026-08-02,17:30,36,Jaqueta X,Jaqueta,Rosa,GG,3,109.13,0.0,327.39,Cartão de Débito,Online,299.0,22
107,2026-03-06,20:45,162,Acessório Esporte,Acessório,Preta,P,4,314.53,0.0,1258.12,Cartão de Débito,Online,195.0,12
108,2026-09-01,19:00,55,Vestido Premium,Vestido,Branca,M,4,126.12,75.67,428.81,PIX,Online,37.0,21
109,2026-06-12,13:00,141,Bermuda Slim,Bermuda,Vermelha,GG,3,162.9,0.0,"488,70",Cartão de Débito,Online,36.0,15
110,2026-06-21,20:30,129,Acessório X,Acessório,Branca,M,2,84.81,0.0,169.62,Cartão de Débito,Online,200.0,24
111,2026-09-10,13:30,73,Calça X,Calça,Azul,M,3,313.28,46.99,892.85,PIX,Online,562.0,15
112,2026-04-02,17:00,112,Bermuda Premium,Bermuda,Rosa,GG,2,93.18,27.95,158.41,Cartão de Débito,Online,245.0,5
113,2026-03-04,10:00,112,Bermuda Premium,Bermuda,Rosa,GG,3,93.18,0.0,279.54,Cartão de Débito,Física,,12
114,2026-06-17,10:00,95,Bermuda X,Bermuda,Cinza,G,1,275.07,0.0,275.07,CARTÃO DE CRÉDITO,Física,120.0,21
115,2026-06-14,11:00,112,Bermuda Premium,Bermuda,Rosa,GG,2,93.18,0.0,186.36,PIX,Online,566.0,3
116,2026-09-28,19:30,76,Jaqueta X,Jaqueta,Cinza,P,4,291.87,58.37,1109.11,Cartão de Crédito,Física,577.0,21
117,2026-07-14,21:30,119,Calça Esporte,Calça,Branca,P,4,331.07,132.43,1191.85,Cartão de Crédito,Física,,24
118,2026-06-23,20:30,48,Camiseta Básica,Camiseta,Cinza,GG,1,63.03,6.3,56.73,Cartão de Crédito,Física,140.0,15
119,2026-07-11,13:45,179,Calça Social,Calça,Cinza,P,3,214.89,0.0,644.67,Dinheiro,Online,255.0,9
120,2026-06-28,13:30,144,Blusa X,Blusa,Verde,G,4,297.99,178.79,1013.17,Cartão de Crédito,Física,23.0,17
121,2026-05-10,18:45  ,39,Blusa X,Blusa,Vermelha,P,1,80.38,4.02,76.36,Cartão de Débito,Física,479.0,16
122,2026-04-18,21:30,72,Camiseta Casual,Camiseta,Rosa,P,3,280.68,0.0,842.04,Crediário,Online,418.0,11
123,2026-08-26,16:30,152,Jaqueta Premium,Jaqueta,Verde,M,1,208.59,0.0,208.59,PIX,Física,97.0,3
124,2026-09-06,13:00,113,Jaqueta Premium,Jaqueta,Rosa,M,4,196.9,0.0,787.6,Cartão De Débito,Online,22.0,24
125,2026-09-16,16:00,28900,Bermuda Slim,Bermuda,Vermelha,GG,1,162.9,8.15,154.75,Cartão de Débito,Física,471.0,4
126,25-05-2026,09:45,114,Camiseta Social,Camiseta,Verde,GG,3,330.12,0.0,990.36,Crediário,Física,384.0,14
127,26-07-2026,14:15,24,Blusa Esporte,Blusa,Preta,M,1,315.76,0.0,315.76,Dinheiro,Online,264.0,5
128,2026-08-01,18:30,60,Blusa Premium,Blusa,Azul,GG,-2,177.54,71.02,639.14,Cartão de Crédito,Física,431.0,22
129,2026-04-14,13:45,122,Calça Social,Calça,Azul,M,4,77.6,0.0,310.4,Cartão de Crédito,Online,111.0,3
130,2026-09-23,16:30,42,Calça Casual,Calça,Verde,G,2,245.94,0.0,"491,88",Cartão de Débito,Física,330.0,22
131,2026-03-31,21:30,77,Blusa Básica,Blusa,Preta,M,2,29.9,2.99,56.81,PIX,Física,263.0,19
132,2026-08-22,17:30,173,Camiseta Esporte,Camiseta,Preta,P,2,183.66,18.37,348.95,Cartão de Débito,Online,344.0,22
133,2026-03-24,16:45,163,Blusa Esporte,Blusa,Rosa,GG,4,291.86,0.0,1167.44,Dinheiro,Física,277.0,1
134,2026-08-14,13:15,92,Vestido Básica,Vestido,Cinza,G,4,146.37,58.55,526.93,Cartão de Débito,Online,454.0,18
135,2026-05-14,13:15,174,Calça Slim,Calça,Cinza,M,3,34.1,10.23,92.07,Cartão de Débito,Física,194.0,14
136,2026-08-28,11:00,4,Acessório Básica,Acessório,Vermelha,G,2,81.82,16.36,147.28,Dinheiro,Física,173.0,21
137,2026-05-13,14:15,26,Jaqueta Esporte,Jaqueta,Verde,P,1,204.58,0.0,204.58,PIX,Online,15.0,11
138,2026-09-03,20:45,172,Camiseta Premium,Camiseta,Rosa,G,1,289.13,43.37,245.76,Cartão de Crédito,Online,51.0,24
139,2026-03-30,20:15,86,Blusa Social,Blusa,Azul,P,1,56.25,5.62,50.63,Crediário,Física,413.0,4
140,2026-03-17,17:30,5,Jaqueta Básica,Jaqueta,Preta,GG,1,235.61,0.0,235.61,Dinheiro,Online,596.0,23
141,2026-07-09,09:45,120,Camiseta Básica,Camiseta,Rosa,G,3,304.19,0.0,912.57,Dinheiro,Física,315.0,25
142,2026-05-14,18:30,149,Vestido Básica,Vestido,Cinza,GG,2,67.2,13.44,120.96,Crediário,Física,297.0,21
143,2026-03-22,18:00,109,Camiseta Esporte,Camiseta,Branca,GG,2,227.45,22.74,432.16,Dinheiro,Online,330.0,14
144,2026-04-26,11:00,145,Bermuda Casual,Bermuda,Azul,GG,3,159.63,0.0,478.89,PIX,Online,94.0,5
145,2026-09-29,09:45,8,Bermuda Básica,Bermuda,Rosa,P,3,301.95,90.58,815.27,PIX,Online,202.0,2
146,2026-03-11,21:00,28,Bermuda Premium,Bermuda,Vermelha,GG,4,57.16,0.0,228.64,Cartão de Débito,Online,403.0,7
147,2026-09-15,11:00,136,Bermuda Slim,Bermuda,Verde,P,2,232.34,0.0,464.68,cartao credito,Online,333.0,3
148,2026-04-14,15:15,178,Blusa Slim,Blusa,Rosa,G,1,281.67,28.17,253.5,Cartão de Crédito,Física,255.0,12
149,2026-07-27,14:00,142,Vestido Esporte,Vestido,Branca,GG,2,142.68,0.0,285.36,Dinheiro,Online,573.0,12
150,2026-09-23,20:45,42,Calça Casual,Calça,Verde,G,2,245.94,73.78,418.1,Dinheiro,Online,197.0,17
151,2026-08-27,11:15,164,Blusa Premium,Blusa,Preta,G,4,175.34,105.2,596.16,Dinheiro,Online,217.0,12
152,2026-07-18,10:00,86,Blusa Social,Blusa,Azul,P,1,56.25,8.44,47.81,Cartão de Débito,Online,420.0,18
153,2026-06-22,12:00,103,Acessório Esporte,Acessório,Verde,M,4,142.1,0.0,568.4,Cartão de Débito,Física,158.0,19
154,2026-03-24,09:45,89,Acessório Premium,Acessório,Vermelha,GG,1,62.97,0.0,62.97,PIX,Física,51594.0,20
155,2026-09-19,12:15,167,Jaqueta Slim,Jaqueta,Branca,G,1,219.14,0.0,219.14,Cartão de Débito,Física,275.0,17
156,2026-06-15,15:30,127,Bermuda X,Bermuda,Azul,M,3,269.31,40.4,767.53,Cartão de Crédito,Online,507.0,16
157,2026-05-21,09:30,80,Camiseta Básica,Camiseta,Cinza,M,4,179.41,0.0,717.64,Cartão de Débito,Online,394.0,1
158,2026-05-21,14:45,51,Blusa Premium,Blusa,Branca,P,1,122.21,18.33,103.88,Cartão de Crédito,Online,120.0,17
159,2026-07-24,10:15,152,Jaqueta Premium,Jaqueta,Verde,M,2,208.59,62.58,354.6,PIX,Online,75.0,24
160,2026-08-07,15:15,30,Vestido Esporte,Vestido,Vermelha,G,1,244.92,0.0,244.92,PIX,Física,,3
161,2026-07-10,21:30,80,Camiseta Básica,Camiseta,Cinza,M,3,179.41,0.0,538.23,Cartão de Crédito,Online,580.0,25
162,2026-08-12,15:15,141,Bermuda Slim,Bermuda,Vermelha,GG,1,162.9,0.0,162.9,Cartão de Débito,Física,405.0,16
163,2026-03-24,15:15,53,Jaqueta Casual,Jaqueta,Branca,P,2,203.54,0.0,407.08,Cartão de Débito,Física,,13
164,2026-04-26,12:30,132,Acessório Esporte,Acessório,Rosa,P,4,45.67,27.4,155.28,Dinheiro,Online,580.0,24
165,2026-05-16,11:45,178,Blusa Slim,Blusa,Rosa,G,4,281.67,56.33,1070.35,Cartão de Crédito,Online,417.0,16
166,2026-08-30,15:30,87,Camiseta Casual,Camiseta,Cinza,P,4,273.14,109.26,983.3,PIX,Física,12.0,8
167,2026-03-06,17:30,7,Acessório X,Acessório,Vermelha,GG,1,160.81,24.12,136.69,Cartão de Débito,Online,301.0,7
168,03-04-2026, 20:15,23,Calça Social,Calça,Preta,GG,2,181.44,18.14,344.74,Cartão de Crédito,Online,176.0,4
169,2026-04-05,15:45,4,Acessório Básica,Acessório,Vermelha,G,3,81.82,36.82,208.64,PIX,Física,228.0,14
170,16/04/2026,17:15,104,Acessório Premium,Acessório,Rosa,M,2,240.9,0.0,481.8,Cartão de Débito,Online,25.0,16
171,2026-06-11,14:30,8,Bermuda Básica,Bermuda,Rosa,P,1,301.95,15.1,"286,85",Cartão de Débito,Online,,17
172,2026-06-30,16:30,162,Acessório Esporte,Acessório,Preta,P,4,314.53,0.0,1258.12,Dinheiro,Online,553.0,10
173,2026-07-18,20:15,169,Camiseta Premium,Camiseta,Branca,GG,3,137.47,0.0,412.41,Cartão de Débito,Online,50.0,15
174,2026-04-27,12:30,19,Calça Casual,Calça,Rosa,P,2,165.92,49.78,282.06,Cartão de Débito,Física,96.0,9
175,2026-05-20,12:00,60,Blusa Premium,Blusa,Azul,GG,1,177.54,0.0,177.54,Crediário,Online,,15
176,2026-07-02,11:00,161,Camiseta X,Camiseta,Branca,GG,1,168.83,8.44,160.39,Cartão de Crédito,Física,393.0,1
177,2026-07-06,14:15,65,Jaqueta Casual,Jaqueta,Branca,G,3,232.93,34.94,663.85,Dinheiro,Física,249.0,7
178,2026-03-04,18:00,119,Calça Esporte,Calça,Branca,P,1,331.07,16.55,314.52,Cartão de Débito,Online,271.0,16
179,2026-04-04,15:45,138,Jaqueta Social,Jaqueta,Branca,P,1,257.25,38.59,218.66,Crediário,Online,492.0,12
180,2026-06-02,14:00,107,Bermuda Slim,Bermuda,Rosa,M,3,304.94,45.74,869.08,PIX,Física,,20
181,2026-07-20,18:45,22,Bermuda Social,Bermuda,Vermelha,GG,3,213.75,32.06,609.19,PIX,Online,5.0,22
182,2026-05-08,10:15,19,Calça Casual,Calça,Rosa,P,2,165.92,33.18,298.66,Cartão de Crédito,Física,265.0,20
183,2026-04-26,09:45,25,Calça Básica,Calça,Rosa,GG,4,346.73,208.04,1178.88,PIX,Física,178.0,23
184,2026-07-20,10:30,175,Jaqueta Slim,Jaqueta,Branca,P,2,111.44,0.0,222.88,PIX,Online,400.0,23
185,2026-04-17,13:45,138,Jaqueta Social,Jaqueta,Branca,P,2,257.25,51.45,463.05,Dinheiro,Física,83.0,22
186,2026-05-12,14:00,120,Camiseta Básica,Camiseta,Rosa,G,4,304.19,0.0,1216.76,Cartão de Débito,Online,214.0,4
187,2026-08-16,16:45,55,Vestido Premium,Vestido,Branca,M,1,126.12,0.0,126.12,Cartão de Crédito,Física,474.0,16
188,2026-07-25,19:15,153,Bermuda Social,Bermuda,Cinza,G,4,75.2,15.04,285.76,PIX,Online,473.0,19
189,2026-03-20,11:30,29,Blusa Básica,Blusa,Azul,P,1,287.6,43.14,244.46,Cartão de Débito,Online,582.0,1
190,09/07/26,19:45,6,Acessório Casual,Acessório,Rosa,GG,4,309.17,123.67,1113.01,Dinheiro,Física,29.0,6
191,2026-06-30,21:15,168,Camiseta Slim,Camiseta,Preta,GG,2,50.13,0.0,100.26,Cartão de Débito,Online,453.0,22
192,2026-05-20,15:15,114,Camiseta Social,Camiseta,Verde,GG,3,330.12,49.52,940.84,Dinheiro,Online,446.0,25
193,2026-09-05,16:00,28,Bermuda Premium,Bermuda,Vermelha,GG,3,57.16,17.15,154.33,Cartão de Crédito,Online,485.0,22
194,2026-03-31,13:30,43,Bermuda Premium,Bermuda,Preta,GG,3,144.6,0.0,433.8,Cartão de Crédito,Física,407.0,6
195,2026-03-23,10:45,66,Vestido Básica,Vestido,Preta,GG,4,195.93,0.0,783.72,Cartão de Débito,Física,471.0,13
196,2026-09-24,11:30,97,Jaqueta Premium,Jaqueta,Rosa,GG,3,161.24,0.0,483.72,Cartão de Crédito,Física,377.0,13
197,2026-09-06,21:45,29,Blusa Básica,Blusa,Azul,P,1,287.6,43.14,244.46,CARTÃO DE CRÉDITO,Online,126.0,14
198,2026-03-16,09:15,176,Vestido Esporte,Vestido,Vermelha,M,3,227.13,0.0,681.39,PIX,Física,475.0,3
199,2026-03-20,19:00,164,Blusa Premium,Blusa,Preta,G,2,175.34,0.0,350.68,CARTÃO DE DÉBITO,Online,359.0,21
200,2026-04-17,19:45,78,Acessório Básica,Acessório,Cinza,GG,1,138.63,20.79,117.84,Cartão de Crédito,Online,69.0,11
201,2026-03-31,16:00,87,Camiseta Casual,Camiseta,Cinza,P,1,273.14,0.0,273.14,Cartão de Crédito,Online,382.0,25
202,2026-07-06,14:30,174,Calça Slim,Calça,Cinza,M,4,34.1,20.46,"115,94",Dinheiro,Física,204.0,6
203,2026-08-31,21:15,99,Camiseta Slim,Camiseta,Rosa,G,2,178.5,0.0,357.0,Cartão de Crédito,Física,474.0,15
204,2026-03-27,09:45  ,64,Blusa Slim,Blusa,Cinza,G,3,307.95,92.38,831.47,PIX,Online,283.0,22
205,2026-06-14,14:30,152,Jaqueta Premium,Jaqueta,Verde,M,4,208.59,0.0,834.36,PIX,Online,5.0,7
206,2026-06-07,16:30,73,Calça X,Calça,Azul,M,1,313.28,31.33,281.95,PIX,Online,549.0,3
207,2026-06-04,18:00,79,Vestido Slim,Vestido,Verde,GG,3,29.96,13.48,76.4,PIX,Online,33.0,7
208,2026-09-05,16:45,139,Jaqueta X,Jaqueta,Preta,M,4,172.53,34.51,655.61,Cartão de Débito,Física,142.0,17
209,2026-09-03,10:45,173,Camiseta Esporte,Camiseta,Preta,P,2,183.66,55.1,312.22,Crediário,Física,,2
210,2026-05-21,21:30,130,Bermuda Slim,Bermuda,Verde,G,1,139.82,20.97,118.85,Cartão de Crédito,Física,38.0,16
211,2026-07-08,20:00,153,Bermuda Social,Bermuda,Cinza,G,2,75.2,7.52,142.88,Dinheiro,Online,270.0,9
212,2026-04-06,21:15,56,Camiseta Social,Camiseta,Verde,M,4,252.29,0.0,1009.16,Cartão de Crédito,Online,334.0,17
213,2026-07-08,11:45,68,Acessório Casual,Acessório,Branca,P,1,212.83,21.28,191.55,Cartão de Débito,Online,50.0,16
214,2026-06-23,15:30,28,Bermuda Premium,Bermuda,Vermelha,GG,2,57.16,0.0,114.32,Cartão de Crédito,Online,18.0,7
215,2026-04-20,13:15,172,Camiseta Premium,Camiseta,Rosa,G,1,289.13,0.0,289.13,Cartão de Débito,Física,223.0,18
216,2026-04-13,16:45,53,Jaqueta Casual,Jaqueta,Branca,P,1,203.54,10.18,193.36,Crediário,Online,37.0,2
217,2026-04-17,19:45,60,Blusa Premium,Blusa,Azul,GG,1,177.54,0.0,177.54,PIX,Física,577.0,19
218,2026-03-15,18:30,2,Calça Casual,Calça,Verde,M,4,308.53,0.0,1234.12,Cartão de Crédito,Física,492.0,6
219,2026-07-28,09:30,32,Acessório Social,Acessório,Azul,G,0,324.96,194.98,1104.86,Cartão de Débito,Online,456.0,11
220,2026-08-24,10:00,25,Calça Básica,Calça,Rosa,GG,3,346.73,0.0,1040.19,Cartão de Crédito,Física,211.0,3
221,2026-05-09,13:15,132,Acessório Esporte,Acessório,Rosa,P,4,45.67,18.27,164.41,Crediário,Online,212.0,24
222,23/07/26,17:15,60,Blusa Premium,Blusa,Azul,GG,2,177.54,35.51,319.57,PIX,Online,212.0,8
223,2026-03-31,16:00,163,Blusa Esporte,Blusa,Rosa,GG,4,291.86,116.74,1050.7,PIX,Física,224.0,9
224,2026-04-23,16:45,51,Blusa Premium,Blusa,Branca,P,1,122.21,0.0,122.21,Cartão de Débito,Online,241.0,21
225,2026-05-14,16:15,113,Jaqueta Premium,Jaqueta,Rosa,M,1,196.9,9.85,187.05,Crediário,Online,161.0,11
226,2026-04-11,17:15,116,Blusa Premium,Blusa,Branca,G,2,68.25,20.47,116.03,Cartão de Crédito,Física,143.0,2
227,2026-06-12,18:30,159,Calça Social,Calça,Verde,G,2,166.81,0.0,333.62,Cartão de Crédito,Online,388.0,9
228,2026-04-07,19:15,45,Jaqueta Social,Jaqueta,Preta,P,1,105.9,10.59,95.31,Crediário,Física,210.0,18
229,2026-04-18,09:00,31,Vestido Social,Vestido,Azul,GG,4,28.24,0.0,112.96,PIX,Física,165.0,14
230,2026-07-07,16:00,154,Bermuda Básica,Bermuda,Branca,P,2,240.69,0.0,"R$ 481,38",PIX,Online,204.0,18
231,2026-05-06,11:30,177,Camiseta Slim,Camiseta,Vermelha,G,1,63.08,0.0,63.08,Cartão de Crédito,Online,99.0,24
232,2026-03-22,09:00,60,Blusa Premium,Blusa,Azul,GG,2,177.54,35.51,319.57,Dinheiro,Online,599.0,25
233,2026-05-16,19:15,149,Vestido Básica,Vestido,Cinza,GG,2,67.2,0.0,134.4,Cartão de Débito,Física,493.0,23
234,2026-06-07,21:15,157,Bermuda Básica,Bermuda,Azul,P,4,35.03,7.01,133.11,Cartão de Débito,Online,508.0,18
235,2026-03-01,19:00,179,Calça Social,Calça,Cinza,P,3,214.89,32.23,612.44,Cartão de Crédito,Online,204.0,19
236,2026-06-02,09:30,48,Camiseta Básica,Camiseta,Cinza,GG,2,63.03,6.3,119.76,Cartão de Crédito,Física,534.0,5
237,2026-05-26,10:45,159,Calça Social,Calça,Verde,G,2,166.81,33.36,300.26,Cartão de Débito,Física,465.0,18
238,04/08/2026,17:30,65,Jaqueta Casual,Jaqueta,Branca,G,3,232.93,69.88,628.91,Cartão de Débito,Física,582.0,25
239,28/08/26,13:15,13,Blusa Básica,Blusa,Verde,G,1,276.45,13.82,262.63,Cartão de Débito,Online,346.0,16
240,2026-04-16,19:15,22,Bermuda Social,Bermuda,Vermelha,GG,1,213.75,32.06,181.69,Cartão de Débito,Física,6.0,24
241,2026-04-17, 15:45 ,64,Blusa Slim,Blusa,Cinza,G,2,307.95,0.0,615.9,PIX,Online,274.0,17
242,2026-09-14,12:00,170,Bermuda Premium,Bermuda,Vermelha,GG,4,234.75,93.9,845.1,PIX,Física,33.0,1
243,2026-03-22,12:00,107,Bermuda Slim,Bermuda,Rosa,M,4,304.94,121.98,1097.78,PIX,Online,61.0,11
244,2026-03-04,09:30,70,Vestido Slim,Vestido,Verde,G,3,304.38,91.31,821.83,Cartão de Débito,Online,182.0,8
245,2026-09-09,09:30,71,Acessório Premium,Acessório,Rosa,GG,3,227.52,102.38,580.18,Cartão de Débito,Online,398.0,8
246,2026-04-12,17:15,61,Blusa Social,Blusa,Preta,P,1,336.13,50.42,285.71,Crediário,Física,300.0,12
247,2026-03-03,12:00,50,Blusa Básica,Blusa,Azul,G,4,124.43,74.66,423.06,cartao credito,Física,246.0,23
248,2026-04-19,10:15,178,Blusa Slim,Blusa,Rosa,G,1,281.67,42.25,239.42,PIX,Online,113.0,15
249,2026-07-24,15:30,145,Bermuda Casual,Bermuda,Azul,GG,4,159.63,95.78,542.74,Cartão de Débito,Física,379.0,3
250,2026-08-09,11:30,52,Vestido Básica,Vestido,Vermelha,G,1,334.95,0.0,334.95,Cartão de Crédito,Física,16.0,13
251,31/05/26,09:45,180,Acessório X,Acessório,Verde,GG,3,108.79,0.0,326.37,Cartão de Débito,Online,599.0,8
252,2026-08-29,12:00,177,Camiseta Slim,Camiseta,Vermelha,G,4,63.08,37.85,214.47,Cartão de Débito,Física,525.0,1
253,2026-03-19,17:45,90,Jaqueta Social,Jaqueta,Rosa,M,4,340.94,0.0,1363.76,PIX,Online,599.0,17
254,2026-04-10,19:15,111,Blusa Esporte,Blusa,Verde,M,4,279.57,0.0,1118.28,Cartão de Crédito,Física,402.0,6
255,2026-04-10,16:45,73,Calça X,Calça,Azul,M,3,313.28,46.99,892.85,Cartão de Débito,Online,48.0,20
256,2026-03-14,21:30,102,Vestido Premium,Vestido,Vermelha,GG,1,250.72,12.54,238.18,Cartão de Crédito,Física,582.0,14
257,2026-07-29,11:30,107,Bermuda Slim,Bermuda,Rosa,M,4,304.94,0.0,1219.76,Dinheiro,Online,396.0,21
258,2026-09-10,18:45,95,Bermuda X,Bermuda,Cinza,G,2,275.07,0.0,550.14,PIX,Física,102.0,4
259,2026-05-06,09:15,66,Vestido Básica,Vestido,Preta,GG,3,195.93,0.0,587.79,Cartão de Débito,Online,138.0,21
260,2026-09-29,15:45,159,Calça Social,Calça,Verde,G,3,166.81,0.0,500.43,Crediário,Física,115.0,9
261,2026-08-26,12:00,150,Camiseta Casual,Camiseta,Cinza,GG,4,216.84,43.37,823.99,Cartão de Crédito,Online,229.0,10
262,2026-05-06,16:45,103,Acessório Esporte,Acessório,Verde,M,4,142.1,56.84,511.56,Cartão de Débito,Física,102.0,19
263,2026-09-27,09:45,78,Acessório Básica,Acessório,Cinza,GG,2,138.63,0.0,277.26,Cartão de Débito,Física,153.0,22
264,2026-08-22,19:30,124,Camiseta Social,Camiseta,Branca,M,4,31.01,0.0,124.04,Cartão de Crédito,Física,291.0,9
265,2026-09-16,20:00,157,Bermuda Básica,Bermuda,Azul,P,2,35.03,3.5,"R$ 66,56",Dinheiro,Física,320.0,7
266,2026-05-13,17:30,63,Bermuda Social,Bermuda,Azul,M,2,250.51,50.1,450.92,PIX,Online,470.0,17
267,2026-08-19,12:45,51,Blusa Premium,Blusa,Branca,P,2,122.21,24.44,219.98,Cartão de Débito,Online,398.0,12
268,2026-07-02,12:45,152,Jaqueta Premium,Jaqueta,Verde,M,3,208.59,93.87,531.9,Cartão de Débito,Online,231.0,1
269,2026-04-07,15:00,66,Vestido Básica,Vestido,Preta,GG,1,195.93,0.0,195.93,Crediário,Física,,8
270,2026-03-02,15:00,63,Bermuda Social,Bermuda,Azul,M,1,250.51,25.05,225.46,Cartão de Débito,Online,538.0,14
271,2026-08-10,09:45,64,Blusa Slim,Blusa,Cinza,G,3,307.95,138.58,785.27,Dinheiro,Online,352.0,8
272,2026-03-21,11:30,172,Camiseta Premium,Camiseta,Rosa,G,4,289.13,115.65,1040.87,Dinheiro,Física,136.0,12
273,2026-08-08,10:15,162,Acessório Esporte,Acessório,Preta,P,1,314.53,15.73,298.8,Crediário,Online,430.0,17
274,2026-08-09,13:00,128,Acessório X,Acessório,Verde,G,4,38.26,0.0,"R$ 153,04",PIX,Online,118.0,4
275,2026-04-07,19:45,93,Calça Slim,Calça,Azul,G,1,328.53,0.0,328.53,Cartão de Crédito,Física,121.0,13
276,2026-05-10,10:15,129,Acessório X,Acessório,Branca,M,3,84.81,25.44,228.99,Cartão De Crédito,Física,,10
277,2026-09-03,12:00,141,Bermuda Slim,Bermuda,Vermelha,GG,3,162.9,0.0,488.7,Cartão de Débito,Online,232.0,14
278,2026-03-24,14:00,87,Camiseta Casual,Camiseta,Cinza,P,4,273.14,0.0,1092.56,Cartão de Débito,Online,435.0,25
279,2026-04-30,16:15,176,Vestido Esporte,Vestido,Vermelha,M,3,227.13,34.07,647.32,Cartão de Crédito,Online,574.0,16
280,2026-07-06,19:45,171,Blusa Casual,Blusa,Verde,M,4,139.15,0.0,556.6,Crediário,Online,296.0,4
281,2026-03-08,12:15,143,Bermuda Casual,Bermuda,Rosa,G,4,113.47,0.0,453.88,Crediário,Física,423.0,14
282,12/03/26,10:30,104,Acessório Premium,Acessório,Rosa,M,4,240.9,0.0,963.6,Cartão de Crédito,Física,163.0,21
283,2026-05-10,17:15,179,Calça Social,Calça,Cinza,P,2,214.89,42.98,386.8,PIX,Física,432.0,13
284,2026-05-31,17:45,155,Blusa X,Blusa,Rosa,GG,3,229.95,0.0,689.85,Cartão de Crédito,Online,244.0,22
285,2026-07-29,15:15,157,Bermuda Básica,Bermuda,Azul,P,2,35.03,0.0,70.06,Cartão de Crédito,Física,284.0,13
286,2026-03-25,09:00,80,Camiseta Básica,Camiseta,Cinza,M,2,179.41,35.88,322.94,Cartão de Crédito,Online,413.0,17
287,2026-07-22,19:00,123,Camiseta Básica,Camiseta,Preta,P,3,195.44,87.95,498.37,Crediário,Online,518.0,5
288,2026-09-26,21:15,179,Calça Social,Calça,Cinza,P,1,214.89,0.0,214.89,PIX,Física,61.0,23
289,2026-03-05,10:00,133,Jaqueta Social,Jaqueta,Branca,P,1,168.42,25.26,143.16,Cartão de Débito,Online,210.0,19
290,2026-04-28,17:30,153,Bermuda Social,Bermuda,Cinza,G,2,75.2,0.0,150.4,Cartão de Débito,Online,200.0,5
291,2026-04-23,10:15,85,Calça X,Calça,Cinza,G,2,287.08,0.0,574.16,PIX,Física,548.0,9
292,2026-04-12,15:45,31,Vestido Social,Vestido,Azul,GG,3,28.24,0.0,84.72,Crediário,Online,189.0,9
293,2026-04-01,18:30,29,Blusa Básica,Blusa,Azul,P,3,287.6,129.42,733.38,Dinheiro,Online,395.0,9
294,2026-07-26,09:30,35,Blusa Premium,Blusa,Preta,P,3,314.35,94.3,848.75,Cartão de Débito,Online,438.0,13
295,2026-04-24,16:45,163,Blusa Esporte,Blusa,Rosa,GG,2,291.86,0.0,583.72,Cartão de Débito,Online,454.0,13
296,25/07/2026,15:45,61,Blusa Social,Blusa,Preta,P,3,336.13,0.0,1008.39,Cartão de Crédito,Online,62.0,16
297,2026-09-25,10:15,25,Calça Básica,Calça,Rosa,GG,3,346.73,104.02,936.17,Cartão de Débito,Física,146.0,9
298,2026-08-17,14:30,64,Blusa Slim,Blusa,Cinza,G,4,307.95,184.77,1047.03,Cartão de Crédito,Física,291.0,12
299,2026-08-24,10:00,171,Blusa Casual,Blusa,Verde,M,1,139.15,20.87,118.28,Cartão de Débito,Online,231.0,4
300,2026-09-06,20:30,11,Calça Básica,Calça,Verde,G,4,112.35,0.0,449.4,Cartão de Crédito,Física,41.0,17
301,2026-07-31,14:15,37,Acessório Premium,Acessório,Rosa,G,4,281.93,0.0,1127.72,PIX,Online,,21
302,2026-03-19,19:45,21,Bermuda Social,Bermuda,Branca,GG,3,301.4,0.0,"904,20",Crediário,Física,552.0,2
303,2026-09-22,18:00,113,Jaqueta Premium,Jaqueta,Rosa,M,3,196.9,0.0,590.7,Cartão de Crédito,Física,200.0,9
304,2026-07-03,11:45,131,Jaqueta X,Jaqueta,Azul,P,1,192.39,0.0,192.39,Cartão de Débito,Física,296.0,19
305,2026-05-26,09:00,145,Bermuda Casual,Bermuda,Azul,GG,3,159.63,0.0,478.89,Cartão de Débito,Física,61.0,2
306,2026-06-30,10:15,65,Jaqueta Casual,Jaqueta,Branca,G,3,232.93,69.88,628.91,Crediário,Física,99.0,18
307,2026-08-08,16:15,104,Acessório Premium,Acessório,Rosa,M,3,240.9,0.0,722.7,Cartão de Débito,Online,328.0,1
308,2026-07-29,18:30,64,Blusa Slim,Blusa,Cinza,G,4,307.95,123.18,1108.62,Cartão De Débito,Online,355.0,1
309,2026-09-27,13:15,149,Vestido Básica,Vestido,Cinza,GG,2,67.2,0.0,134.4,Dinheiro,Física,33.0,19
310,2026-05-18,19:30,164,Blusa Premium,Blusa,Preta,G,2,175.34,0.0,350.68,Cartão de Crédito,Online,377.0,4
311,2026-03-04,11:45,11,Calça Básica,Calça,Verde,G,3,112.35,50.56,286.49,Crediário,Online,394.0,22
312,2026-08-28,17:00,10,Camiseta Social,Camiseta,Azul,G,2,281.48,0.0,562.96,PIX,Física,142.0,6
313,2026-07-09,17:15,45,Jaqueta Social,Jaqueta,Preta,P,1,105.9,0.0,105.9,PIX,Física,208.0,12
314,2026-06-07,09:00,74,Bermuda Esporte,Bermuda,Branca,M,-2,290.34,29.03,551.65,PIX,Online,307.0,9
315,2026-08-27,09:30,100,Calça Social,Calça,Preta,M,2,133.29,26.66,239.92,Cartão de Débito,Online,475.0,15
316,2026-09-29,21:15,156,Calça Esporte,Calça,Cinza,P,1,179.11,0.0,179.11,Cartão de Crédito,Física,468.0,12
317,2026-05-21,17:30,158,Jaqueta Premium,Jaqueta,Rosa,GG,1,91.13,13.67,77.46,Dinheiro,Física,277.0,22
318,2026-05-13,19:45,45,Jaqueta Social,Jaqueta,Preta,P,3,105.9,0.0,317.7,Cartão de Crédito,Física,27.0,10
319,2026-04-26,14:15,67,Vestido Premium,Vestido,Preta,G,1,60.66,6.07,54.59,PIX,Física,471.0,2
320,2026-07-17,18:15,119,Calça Esporte,Calça,Branca,P,3,331.07,49.66,943.55,PIX,Física,62.0,6
321,2026-06-08,17:45,129,Acessório X,Acessório,Branca,M,4,84.81,33.92,305.32,Cartão de Débito,Física,582.0,21
322,2026-08-12,10:00,104,Acessório Premium,Acessório,Rosa,M,4,240.9,0.0,963.6,Cartão de Débito,Física,450.0,5
323,2026-03-07,21:15,144,Blusa X,Blusa,Verde,G,2,297.99,59.6,536.38,Cartão de Débito,Online,393.0,22
324,2026-08-05,17:00,103,Acessório Esporte,Acessório,Verde,M,4,142.1,0.0,568.4,Cartão de Débito,Online,77.0,19
325,2026-05-02,17:30,20,Blusa Básica,Blusa,Branca,M,1,212.5,0.0,212.5,Dinheiro,Física,23.0,4
326,2026-08-28,19:15,30,Vestido Esporte,Vestido,Vermelha,G,3,244.92,0.0,734.76,Cartão de Crédito,Online,456.0,18
327,2026-08-11,09:30,79,Vestido Slim,Vestido,Verde,GG,3,29.96,0.0,89.88,PIX,Online,526.0,18
328,2026-03-05,16:00,137,Jaqueta Básica,Jaqueta,Cinza,GG,3,124.46,56.01,317.37,PIX,Física,216.0,18
329,2026-09-16,15:15,163,Blusa Esporte,Blusa,Rosa,GG,1,291.86,43.78,248.08,Cartão de Débito,Online,405.0,21
330,2026-09-11,17:15,170,Bermuda Premium,Bermuda,Vermelha,GG,1,234.75,0.0,234.75,Dinheiro,Online,591.0,25
331,2026-06-09,17:30,69,Camiseta Básica,Camiseta,Branca,M,1,71.3,0.0,71.3,Dinheiro,Física,41.0,13
332,2026-03-14,21:45,149,Vestido Básica,Vestido,Cinza,GG,1,67.2,0.0,67.2,Dinheiro,Física,16.0,23
333,2026-04-20, 16:45,34,Blusa Casual,Blusa,Preta,GG,1,206.43,10.32,196.11,PIX,Física,506.0,3
334,2026-09-24,14:30,32,Acessório Social,Acessório,Azul,G,4,324.96,129.98,1169.86,Cartão de Débito,Física,387.0,18
335,2026-07-15,11:00,80,Camiseta Básica,Camiseta,Cinza,M,2,179.41,0.0,358.82,Cartão de Crédito,Física,439.0,13
336,2026-03-31,19:00,154,Bermuda Básica,Bermuda,Branca,P,1,240.69,0.0,240.69,PIX,Online,64.0,6
337,2026-09-12,11:30,145,Bermuda Casual,Bermuda,Azul,GG,2,159.63,0.0,319.26,Dinheiro,Física,484.0,15
338,2026-03-23,18:15,24,Blusa Esporte,Blusa,Preta,M,4,315.76,126.3,1136.74,Cartão de Débito,Online,5.0,21
339,2026-09-13,21:15,165,Calça Casual,Calça,Rosa,G,2,158.71,15.87,301.55,Cartão de Débito,Física,444.0,21
340,27-06-2026,13:00,172,Camiseta Premium,Camiseta,Rosa,G,4,289.13,0.0,1156.52,Cartão de Crédito,Física,35.0,13
341,2026-09-26,17:45,49,Calça Esporte,Calça,Preta,P,2,264.21,52.84,475.58,Cartão de Débito,Física,209.0,18
342,2026-04-11,11:30,170,Bermuda Premium,Bermuda,Vermelha,GG,3,234.75,35.21,669.04,PIX,Online,,13
343,2026-07-04,13:00,16,Bermuda Esporte,Bermuda,Branca,M,1,242.53,24.25,218.28,Cartão de Débito,Física,553.0,3
344,2026-06-01,12:00,52,Vestido Básica,Vestido,Vermelha,G,1,334.95,0.0,334.95,PIX,Física,382.0,24
345,2026-03-02,14:00,142,Vestido Esporte,Vestido,Branca,GG,1,142.68,21.4,121.28,PIX,Física,597.0,14
346,2026-04-28,18:30,56,Camiseta Social,Camiseta,Verde,M,2,252.29,25.23,479.35,Cartão de Débito,Física,420.0,9
347,2026-07-06,11:30,62,Jaqueta Social,Jaqueta,Rosa,M,2,66.35,19.9,112.8,Cartão de Crédito,Online,550.0,11
348,2026-07-14,14:30,68,Acessório Casual,Acessório,Branca,P,4,212.83,127.7,723.62,Cartão de Débito,Física,557.0,24
349,2026-09-20,17:30,58,Blusa X,Blusa,Branca,P,3,215.52,0.0,646.56,PIX,Física,83.0,1
350,2026-08-15,10:45,140,Jaqueta Básica,Jaqueta,Cinza,P,4,275.21,0.0,1100.84,Cartão de Débito,Física,229.0,19
351,10/04/2026,11:00,158,Jaqueta Premium,Jaqueta,Rosa,GG,1,91.13,0.0,91.13,Dinheiro,Online,324.0,6
352,2026-03-02,19:45,154,Bermuda Básica,Bermuda,Branca,P,3,240.69,0.0,722.07,Crediário,Online,525.0,18
353,2026-04-17,14:00,8,Bermuda Básica,Bermuda,Rosa,P,1,301.95,0.0,301.95,PIX,Online,38.0,22
354,24-03-2026,13:15,179,Calça Social,Calça,Cinza,P,2,214.89,42.98,386.8,Cartão de Débito,Física,467.0,15
355,2026-06-23,19:45,76,Jaqueta X,Jaqueta,Cinza,P,2,291.87,0.0,583.74,Dinheiro,Física,119.0,1
356,2026-03-05,16:15,146,Calça Premium,Calça,Branca,GG,4,343.66,0.0,1374.64,Cartão de Crédito,Física,226.0,15
357,2026-09-28,10:00,76,Jaqueta X,Jaqueta,Cinza,P,2,291.87,29.19,554.55,PIX,Online,560.0,8
358,2026-05-03,19:15,69,Camiseta Básica,Camiseta,Branca,M,4,71.3,0.0,285.2,Cartão de Crédito,Online,292.0,4
359,2026-04-17,21:30,16,Bermuda Esporte,Bermuda,Branca,M,1,242.53,36.38,"206,15",Cartão de Crédito,Online,,8
360,2026-08-08,17:30,3,Vestido Esporte,Vestido,Azul,GG,3,51.13,23.01,130.38,Dinheiro,Online,469.0,8
361,2026-08-28,11:30,22,Bermuda Social,Bermuda,Vermelha,GG,3,213.75,32.06,609.19,Cartão de Débito,Online,157.0,24
362,2026-07-26,11:00,37922,Bermuda Premium,Bermuda,Vermelha,GG,3,234.75,35.21,669.04,Cartão de Crédito,Física,193.0,7
363,2026-09-10,17:45,11,Calça Básica,Calça,Verde,G,2,112.35,263.7821925008034,191.0,Cartão de Débito,Online,192.0,4
364,25/07/2026,11:15,71,Acessório Premium,Acessório,Rosa,GG,1,227.52,0.0,227.52,Dinheiro,Online,535.0,19
365,2026-04-23,16:00,118,Bermuda Premium,Bermuda,Verde,G,1,289.27,0.0,289.27,Cartão de Débito,Online,392.0,22
366,2026-05-28,20:45,112,Bermuda Premium,Bermuda,Rosa,GG,2,93.18,0.0,186.36,Crediário,Física,,11
367,2026-09-18,17:15,38,Acessório Esporte,Acessório,Rosa,P,4,113.5,22.7,431.3,Cartão de Débito,Online,553.0,17
368,2026-04-17,12:45,49,Calça Esporte,Calça,Preta,P,4,264.21,105.68,951.16,Cartão de Crédito,Física,335.0,25
369,2026-03-21,09:30,59,Blusa Social,Blusa,Verde,M,3,202.64,0.0,607.92,Crediário,Física,105.0,2
370,28-03-2026,21:15,68,Acessório Casual,Acessório,Branca,P,2,212.83,63.85,361.81,Cartão de Débito,Online,594.0,21
371,2026-09-03,10:15,42,Calça Casual,Calça,Verde,G,1,245.94,0.0,245.94,Cartão de Débito,Física,569.0,15
372,2026-03-15,13:00,101,Jaqueta Casual,Jaqueta,Verde,M,4,263.03,157.82,894.3,Cartão de Débito,Online,596.0,11
373,2026-08-30,18:30,127,Bermuda X,Bermuda,Azul,M,4,269.31,0.0,1077.24,Cartão de Débito,Online,323.0,14
374,2026-05-05,17:15,119,Calça Esporte,Calça,Branca,P,2,331.07,0.0,662.14,Cartão de Débito,Online,391.0,12
375,2026-05-13,21:45,57,Calça Casual,Calça,Verde,GG,4,86.79,34.72,312.44,Cartão de Crédito,Online,321.0,20
376,2026-09-02,21:45,143,Bermuda Casual,Bermuda,Rosa,G,1,113.47,0.0,113.47,Cartão de Crédito,Física,100.0,23
377,2026-05-15,14:15,85,Calça X,Calça,Cinza,G,4,287.08,0.0,1148.32,PIX,Física,364.0,3
378,2026-03-05,12:30,173,Camiseta Esporte,Camiseta,Preta,P,1,183.66,0.0,183.66,Cartão de Débito,Online,272.0,6
379,2026-05-21,15:30,142,Vestido Esporte,Vestido,Branca,GG,3,142.68,42.8,"385,24",Cartão de Crédito,Física,307.0,2
380,2026-04-06,14:30,128,Acessório X,Acessório,Verde,G,1,38.26,3.83,34.43,Cartão de Débito,Online,504.0,22
381,2026-09-22,14:45,32,Acessório Social,Acessório,Azul,G,1,324.96,0.0,324.96,CREDIÁRIO,Física,28.0,17
382,2026-09-26,13:45,100,Calça Social,Calça,Preta,M,2,133.29,39.99,226.59,PIX,Física,21.0,22
383,2026-08-17,11:15,63,Bermuda Social,Bermuda,Azul,M,2,250.51,75.15,425.87,Cartão de Crédito,Online,95.0,18
384,2026-03-05,11:15,44,Acessório Esporte,Acessório,Preta,M,4,211.07,126.64,717.64,Dinheiro,Física,574.0,16
385,2026-06-04,14:00,117,Vestido Premium,Vestido,Cinza,M,1,81.36,0.0,81.36,Dinheiro,Online,198.0,14
386,2026-04-21,10:15,121,Acessório Básica,Acessório,Vermelha,GG,1,127.53,0.0,127.53,Cartão de Crédito,Online,395.0,2
387,2026-05-15,11:00,91,Acessório Casual,Acessório,Rosa,M,3,274.86,123.69,700.89,Cartão de Crédito,Física,246.0,1
388,2026-06-20,12:15,42,Calça Casual,Calça,Verde,G,4,245.94,98.38,885.38,PIX,Online,460.0,4
389,2026-06-15,19:15,85,Calça X,Calça,Cinza,G,1,287.08,0.0,287.08,PIX,Online,78.0,16
390,2026-06-23,18:00,128,Acessório X,Acessório,Verde,G,2,38.26,0.0,76.52,Cartão de Crédito,Física,423.0,10
391,2026-06-22,20:00,21,Bermuda Social,Bermuda,Branca,GG,4,301.4,0.0,1205.6,Cartão de Débito,Online,326.0,14
392,2026-08-12,09:30,57,Calça Casual,Calça,Verde,GG,2,86.79,17.36,156.22,PIX,Física,63.0,21
393,2026-06-22,20:00,37,Acessório Premium,Acessório,Rosa,G,4,281.93,56.39,1071.33,Cartão de Débito,Física,391.0,12
394,2026-03-18,20:30,39,Blusa X,Blusa,Vermelha,P,3,80.38,0.0,241.14,Cartão de Crédito,Online,,1
395,2026-09-03,11:45  ,56,Camiseta Social,Camiseta,Verde,M,1,252.29,37.84,214.45,Cartão de Débito,Física,556.0,16
396,2026-08-09,13:45,36,Jaqueta X,Jaqueta,Rosa,GG,3,109.13,32.74,294.65,Cartão de Débito,Online,354.0,12
397,2026-05-24,10:00,100,Calça Social,Calça,Preta,M,2,133.29,0.0,266.58,Cartão de Débito,Online,369.0,20
398,2026-03-05,13:00,5,Jaqueta Básica,Jaqueta,Preta,GG,4,235.61,141.37,801.07,PIX,Física,560.0,11
399,2026-05-13,20:15,47,Blusa Esporte,Blusa,Vermelha,M,3,85.46,0.0,256.38,Cartão de Débito,Física,397.0,6
400,2026-03-12,15:45,116,Blusa Premium,Blusa,Branca,G,1,68.25,6.82,61.43,PIX,Física,245.0,3
401,2026-07-05,17:15,108,Jaqueta X,Jaqueta,Azul,G,2,84.3,8.43,160.17,Cartão de Crédito,Física,394.0,5
402,2026-07-25,12:15,149,Vestido Básica,Vestido,Cinza,GG,2,67.2,13.44,120.96,Dinheiro,Online,297.0,6
403,2026-09-25,09:15,58,Blusa X,Blusa,Branca,P,3,215.52,0.0,646.56,Cartão de Débito,Online,289.0,9
404,2026-05-20,13:00,131,Jaqueta X,Jaqueta,Azul,P,2,192.39,57.72,327.06,Cartão de Débito,Online,148.0,2
405,2026-06-09,19:30,43,Bermuda Premium,Bermuda,Preta,GG,4,144.6,57.84,520.56,PIX,Física,291.0,24
406,2026-07-11,18:00,122,Calça Social,Calça,Azul,M,2,77.6,0.0,155.2,Cartão de Crédito,Física,131.0,11
407,2026-09-03,21:15,122,Calça Social,Calça,Azul,M,3,77.6,0.0,232.8,Dinheiro,Física,170.0,15
408,2026-05-08,18:30,174,Calça Slim,Calça,Cinza,M,1,34.1,0.0,34.1,cartão de débito,Física,564.0,8
409,2026-06-14,19:30,161,Camiseta X,Camiseta,Branca,GG,3,168.83,0.0,506.49,Dinheiro,Online,28.0,21
410,2026-08-08,11:00,47,Blusa Esporte,Blusa,Vermelha,M,2,85.46,0.0,170.92,Cartão de Crédito,Física,305.0,22
411,2026-08-19,16:00,157,Bermuda Básica,Bermuda,Azul,P,3,35.03,15.76,89.33,Cartão de Crédito,Online,53.0,22
412,2026-07-15,17:15,88,Bermuda X,Bermuda,Rosa,G,1,55.13,0.0,55.13,Dinheiro,Online,,23
413,2026-06-23,18:45,158,Jaqueta Premium,Jaqueta,Rosa,GG,2,91.13,18.23,164.03,Cartão de Débito,Online,246.0,15
414,13-03-2026,18:15,159,Calça Social,Calça,Verde,G,2,166.81,0.0,333.62,PIX,Física,334.0,21
415,2026-07-06,18:45,88,Bermuda X,Bermuda,Rosa,G,4,55.13,0.0,220.52,Cartão de Crédito,Online,2.0,23
416,2026-04-22,11:45,38,Acessório Esporte,Acessório,Rosa,P,1,113.5,5.68,107.82,Dinheiro,Física,415.0,10
417,2026-07-17,19:00,6,Acessório Casual,Acessório,Rosa,GG,4,309.17,0.0,1236.68,PIX,Física,,14
418,2026-08-13,21:45,44,Acessório Esporte,Acessório,Preta,M,4,211.07,42.21,802.07,Crediário,Física,558.0,25
419,2026-04-28,17:30,13,Blusa Básica,Blusa,Verde,G,2,276.45,0.0,552.9,Cartão de Débito,Física,232.0,25
420,2026-09-04,21:30,14,Bermuda Esporte,Bermuda,Verde,GG,4,113.16,0.0,452.64,Crediário,Online,568.0,4
421,2026-06-13,19:15,70,Vestido Slim,Vestido,Verde,G,4,304.38,182.63,1034.89,Cartão de Crédito,Online,474.0,11
422,2026-07-30,20:00,81,Calça Básica,Calça,Rosa,G,2,188.91,0.0,377.82,PIX,Online,13.0,12
423,2026-06-21,20:45,165,Calça Casual,Calça,Rosa,G,4,158.71,0.0,634.84,Cartão de Débito,Física,550.0,20
424,2026-05-05,10:00,77,Blusa Básica,Blusa,Preta,M,4,29.9,11.96,107.64,Dinheiro,Online,,7
425,2026-08-24,18:45,41,Vestido X,Vestido,Verde,M,2,38.61,7.72,69.5,Cartão de Crédito,Física,7.0,7
426,2026-08-17,14:30,31,Vestido Social,Vestido,Azul,GG,4,28.24,16.94,96.02,Cartão de Débito,Online,143.0,16
427,2026-08-16,09:15,137,Jaqueta Básica,Jaqueta,Cinza,GG,1,124.46,12.45,112.01,Cartão de Crédito,Física,138.0,13
428,2026-09-20,15:15,59,Blusa Social,Blusa,Verde,M,4,202.64,0.0,810.56,Cartão de Crédito,Online,491.0,11
429,2026-03-02,19:00,144,Blusa X,Blusa,Verde,G,1,297.99,44.7,253.29,Crediário,Física,187.0,10
430,2026-09-21,14:15,93,Calça Slim,Calça,Azul,G,3,328.53,0.0,985.59,Cartão de Crédito,Física,180.0,19
431,2026-06-28,20:15,109,Camiseta Esporte,Camiseta,Branca,GG,3,227.45,0.0,682.35,PIX,Física,487.0,23
432,2026-06-17,19:15,33,Camiseta Esporte,Camiseta,Verde,G,2,238.32,0.0,476.64,Crediário,Física,389.0,3
433,2026-06-11,16:45,127,Bermuda X,Bermuda,Azul,M,2,269.31,0.0,538.62,Cartão de Crédito,Física,33704.0,11
434,2026-09-13,10:30,104,Acessório Premium,Acessório,Rosa,M,2,240.9,24.09,457.71,Cartão de Débito,Online,77.0,14
435,2026-09-06,20:30,36,Jaqueta X,Jaqueta,Rosa,GG,3,109.13,0.0,327.39,Dinheiro,Online,318.0,21
436,2026-08-04,13:45,140,Jaqueta Básica,Jaqueta,Cinza,P,1,275.21,13.76,261.45,Cartão de Débito,Online,36.0,12
437,2026-05-14,16:00,159,Calça Social,Calça,Verde,G,4,166.81,100.09,567.15,Crediário,Física,236.0,14
438,2026-07-26,11:15,26,Jaqueta Esporte,Jaqueta,Verde,P,1,204.58,20.46,184.12,Crediário,Online,,9
439,2026-04-30,11:00,91,Acessório Casual,Acessório,Rosa,M,3,274.86,0.0,824.58,Dinheiro,Online,393.0,10
440,2026-05-31,14:45,46,Bermuda Social,Bermuda,Azul,P,4,46.54,9.31,176.85,PIX,Online,424.0,12
441,2026-08-02,21:15  ,34,Blusa Casual,Blusa,Preta,GG,4,206.43,0.0,825.72,PIX,Física,266.0,14
442,2026-09-07,19:30,170,Bermuda Premium,Bermuda,Vermelha,GG,2,234.75,0.0,469.5,Dinheiro,Online,113.0,3
443,2026-04-17,20:45,7,Acessório X,Acessório,Vermelha,GG,3,160.81,0.0,482.43,PIX,Física,56.0,23
444,2026-07-30,13:45,128,Acessório X,Acessório,Verde,G,4,38.26,0.0,153.04,Cartão de Crédito,Física,488.0,22
445,2026-08-03,13:00,113,Jaqueta Premium,Jaqueta,Rosa,M,4,196.9,39.38,748.22,PIX,Online,123.0,19
446,2026-06-04,11:30,155,Blusa X,Blusa,Rosa,GG,4,229.95,137.97,781.83,Cartão de Débito,Online,93.0,9
447,2026-06-21,20:00,21,Bermuda Social,Bermuda,Branca,GG,2,301.4,0.0,602.8,Cartão de Crédito,Online,8665.0,4
448,2026-08-18,15:45,112,Bermuda Premium,Bermuda,Rosa,GG,2,93.18,0.0,186.36,Cartão de Crédito,Online,305.0,2
449,2026-07-13,10:00,119,Calça Esporte,Calça,Branca,P,1,331.07,0.0,331.07,Cartão de Crédito,Física,463.0,22
450,2026-09-22,09:00,40,Jaqueta Premium,Jaqueta,Branca,G,3,59.14,0.0,177.42,Cartão de Débito,Física,395.0,24
451,2026-04-18,14:30,35,Blusa Premium,Blusa,Preta,P,1,314.35,47.15,267.2,Cartão de Crédito,Física,208.0,5
452,2026-03-12,19:00,46,Bermuda Social,Bermuda,Azul,P,3,46.54,0.0,139.62,Cartão de Débito,Online,,7
453,2026-03-24,17:00,88,Bermuda X,Bermuda,Rosa,G,3,55.13,0.0,165.39,Crediário,Física,12.0,6
454,2026-08-03,20:15,85,Calça X,Calça,Cinza,G,4,287.08,57.42,1090.9,Crediário,Online,452.0,9
455,2026-06-14,14:15,145,Bermuda Casual,Bermuda,Azul,GG,3,159.63,47.89,431.0,Cartão de Crédito,Online,536.0,4
456,2026-04-19,10:00,108,Jaqueta X,Jaqueta,Azul,G,4,84.3,0.0,337.2,Cartão de Débito,Online,149.0,19
457,2026-07-31,18:45,43,Bermuda Premium,Bermuda,Preta,GG,4,144.6,0.0,578.4,PIX,Online,82.0,5
458,2026-06-07,12:45,104,Acessório Premium,Acessório,Rosa,M,2,240.9,24.09,457.71,Cartão de Crédito,Online,70.0,18
459,2026-06-06,13:00,141,Bermuda Slim,Bermuda,Vermelha,GG,4,162.9,0.0,651.6,Dinheiro,Online,167.0,24
460,2026-06-16,18:00,163,Blusa Esporte,Blusa,Rosa,GG,2,291.86,0.0,583.72,Crediário,Online,145.0,13
461,2026-09-13,18:15,36,Jaqueta X,Jaqueta,Rosa,GG,2,109.13,21.83,196.43,Dinheiro,Online,250.0,15
462,2026-04-08,19:15,110,Bermuda Slim,Bermuda,Vermelha,G,2,158.66,15.87,301.45,PIX,Online,416.0,8
463,2026-05-07,21:00,33,Camiseta Esporte,Camiseta,Verde,G,2,238.32,23.83,452.81,Cartão de Débito,Online,147.0,4
464,2026-09-22,09:45,130,Bermuda Slim,Bermuda,Verde,G,2,139.82,0.0,279.64,Cartão de Débito,Online,23.0,11
465,2026-06-06,16:45,113,Jaqueta Premium,Jaqueta,Rosa,M,2,196.9,0.0,393.8,PIX,Física,,11
466,2026-09-12,17:00,155,Blusa X,Blusa,Rosa,GG,4,229.95,45.99,873.81,Cartão de Crédito,Online,520.0,24
467,2026-08-04,18:00,8,Bermuda Básica,Bermuda,Rosa,P,4,301.95,120.78,1087.02,Cartão de Crédito,Online,290.0,16
468,2026-09-10,09:30,148,Vestido Slim,Vestido,Rosa,G,3,213.53,0.0,640.59,Dinheiro,Online,66.0,8
469,2026-07-23,21:45,62,Jaqueta Social,Jaqueta,Rosa,M,4,66.35,13.27,252.13,Cartão de Débito,Online,392.0,25
470,2026-04-18,20:45,52,Vestido Básica,Vestido,Vermelha,G,1,334.95,50.24,284.71,Cartão de Crédito,Online,339.0,9
471,2026-07-24,10:00,53,Jaqueta Casual,Jaqueta,Branca,P,4,203.54,40.71,773.45,PIX,Online,600.0,11
472,2026-08-26,10:30,2,Calça Casual,Calça,Verde,M,1,308.53,30.85,277.68,Cartão de Crédito,Online,512.0,24
473,2026-04-01,14:00,38,Acessório Esporte,Acessório,Rosa,P,4,113.5,22.7,431.3,Cartão de Crédito,Física,100.0,21
474,2026-06-14,11:00,99,Camiseta Slim,Camiseta,Rosa,G,3,178.5,0.0,535.5,Cartão de Crédito,Física,3.0,25
475,2026-09-21,20:00,36,Jaqueta X,Jaqueta,Rosa,GG,3,109.13,0.0,327.39,Cartão de Crédito,Online,393.0,15
476,2026-09-25,21:00,60,Blusa Premium,Blusa,Azul,GG,1,177.54,26.63,150.91,Cartão de Crédito,Online,435.0,25
477,2026-03-24,11:00,168,Camiseta Slim,Camiseta,Preta,GG,4,50.13,0.0,200.52,PIX,Online,230.0,25
478,2026-07-20,18:00,65,Jaqueta Casual,Jaqueta,Branca,G,4,232.93,139.76,791.96,Crediário,Online,,9
479,2026-04-26,11:15,91,Acessório Casual,Acessório,Rosa,M,1,274.86,41.23,233.63,Cartão de Crédito,Online,5.0,23
480,2026-04-16,13:00,34,Blusa Casual,Blusa,Preta,GG,1,206.43,20.64,185.79,Dinheiro,Física,9.0,16
481,2026-06-19,18:00,2,Calça Casual,Calça,Verde,M,4,308.53,185.12,1049.0,Dinheiro,Física,488.0,2
482,2026-09-23,18:15,114,Camiseta Social,Camiseta,Verde,GG,1,330.12,0.0,330.12,Cartão de Crédito,Online,115.0,2
483,2026-07-27,19:00,63,Bermuda Social,Bermuda,Azul,M,3,250.51,0.0,751.53,Cartão de Débito,Física,252.0,25
484,2026-07-09,12:45,147,Calça Premium,Calça,Preta,P,4,176.07,0.0,704.28,Cartão de Débito,Física,6.0,9
485,2026-03-31, 20:45 ,123,Camiseta Básica,Camiseta,Preta,P,3,195.44,29.32,557.0,Crediário,Online,80.0,21
486,2026-06-05,17:30,81,Calça Básica,Calça,Rosa,G,2,188.91,56.67,321.15,Cartão de Débito,Física,290.0,5
487,2026-04-21,17:45,100,Calça Social,Calça,Preta,M,4,133.29,0.0,533.16,Cartão de Crédito,Online,126.0,5
488,2026-05-22,16:45,39,Blusa X,Blusa,Vermelha,P,3,80.38,0.0,241.14,Cartão de Crédito,Física,442.0,12
489,2026-06-11,20:00,157,Bermuda Básica,Bermuda,Azul,P,2,35.03,7.01,63.05,Cartão de Crédito,Online,593.0,23
490,2026-03-19,13:30,162,Acessório Esporte,Acessório,Preta,P,1,314.53,0.0,314.53,Cartão de Crédito,Física,174.0,24
491,2026-08-25,15:45,104,Acessório Premium,Acessório,Rosa,M,4,240.9,96.36,867.24,Cartão de Débito,Física,402.0,17
492,2026-05-06,12:45,173,Camiseta Esporte,Camiseta,Preta,P,1,183.66,0.0,183.66,Cartão de Débito,Física,14.0,7
493,2026-05-19,17:15,10,Camiseta Social,Camiseta,Azul,G,2,281.48,84.44,478.52,PIX,Online,16.0,5
494,2026-08-01,21:15,95,Bermuda X,Bermuda,Cinza,G,2,275.07,82.52,467.62,Dinheiro,Online,38.0,11
495,2026-03-17,14:15,26,Jaqueta Esporte,Jaqueta,Verde,P,3,204.58,0.0,613.74,Cartão de Crédito,Física,410.0,10
496,2026-05-25,14:45,54,Bermuda Social,Bermuda,Cinza,G,1,115.21,11.52,103.69,Dinheiro,Física,,11
497,2026-08-26,09:00,9,Acessório X,Acessório,Preta,M,3,51.84,0.0,155.52,Cartão de Débito,Online,527.0,20
498,2026-06-29,18:15,15,Bermuda Básica,Bermuda,Cinza,G,3,52.05,7.81,148.34,Cartão de Débito,Física,55.0,1
499,2026-09-09,17:30,125,Vestido X,Vestido,Verde,M,2,114.2,11.42,216.98,PIX,Online,258.0,24
500,2026-08-07,16:15,7,Acessório X,Acessório,Vermelha,GG,2,160.81,16.08,305.54,Cartão de Crédito,Online,473.0,13
501,2026-04-06,20:00,173,Camiseta Esporte,Camiseta,Preta,P,3,183.66,0.0,"R$ 550,98",Cartão de Crédito,Física,543.0,25
502,2026-04-01,16:30,161,Camiseta X,Camiseta,Branca,GG,4,168.83,0.0,675.32,Cartão de Débito,Física,34.0,11
503,2026-07-08,10:15,53,Jaqueta Casual,Jaqueta,Branca,P,2,203.54,40.71,366.37,Cartão de Débito,Online,517.0,10
504,2026-08-03,18:15,85,Calça X,Calça,Cinza,G,3,287.08,0.0,861.24,Cartão de Crédito,Online,230.0,16
505,2026-05-11,11:45,89,Acessório Premium,Acessório,Vermelha,GG,4,62.97,37.78,214.1,cartão de crédito,Online,358.0,13
506,2026-06-17,16:15,11,Calça Básica,Calça,Verde,G,1,112.35,0.0,112.35,Cartão de Débito,Física,372.0,24
507,2026-08-29,11:00,101,Jaqueta Casual,Jaqueta,Verde,M,1,263.03,0.0,263.03,PIX,Online,117.0,10
508,2026-09-01,19:00,157,Bermuda Básica,Bermuda,Azul,P,2,35.03,10.51,59.55,Cartão de Débito,Online,270.0,8
509,2026-03-29,14:45,170,Bermuda Premium,Bermuda,Vermelha,GG,2,234.75,46.95,422.55,Dinheiro,Física,17.0,17
510,2026-07-20,12:00,107,Bermuda Slim,Bermuda,Rosa,M,3,304.94,45.74,869.08,Cartão de Débito,Online,54.0,10
511,2026-04-11,16:45,54,Bermuda Social,Bermuda,Cinza,G,3,115.21,17.28,328.35,Cartão de Crédito,Online,226.0,13
512,2026-09-01,10:15,129,Acessório X,Acessório,Branca,M,3,84.81,12.72,241.71,Cartão de Débito,Física,22173.0,8
513,2026-08-09, 17:00,127,Bermuda X,Bermuda,Azul,M,4,269.31,0.0,1077.24,Cartão de Débito,Física,326.0,10
514,2026-09-16,16:00,53,Jaqueta Casual,Jaqueta,Branca,P,4,203.54,40.71,773.45,Cartão de Débito,Online,110.0,19
515,13/06/2026,15:00,54,Bermuda Social,Bermuda,Cinza,G,4,115.21,0.0,460.84,Cartão de Débito,Online,326.0,14
516,2026-03-03,16:15,89,Acessório Premium,Acessório,Vermelha,GG,3,62.97,0.0,188.91,Dinheiro,Física,462.0,2
517,2026-06-16,11:45,85,Calça X,Calça,Cinza,G,3,287.08,86.12,775.12,Cartão de Débito,Física,172.0,1
518,2026-03-02,14:15,48,Camiseta Básica,Camiseta,Cinza,GG,1,63.03,3.15,59.88,Cartão de Débito,Física,532.0,8
519,2026-06-04, 13:45 ,17,Acessório Slim,Acessório,Azul,M,1,102.24,0.0,102.24,cartão de débito,Online,429.0,1
520,2026-05-12,09:15,40,Jaqueta Premium,Jaqueta,Branca,G,1,59.14,69.42581579589208,50.27,Crediário,Online,45.0,22
521,2026-07-28,11:15,60,Blusa Premium,Blusa,Azul,GG,2,177.54,35.51,319.57,Cartão de Débito,Física,404.0,19
522,2026-03-01,16:45,57,Calça Casual,Calça,Verde,GG,2,86.79,0.0,173.58,cartão de crédito,Física,427.0,2
523,03/08/26,10:00,35,Blusa Premium,Blusa,Preta,P,2,314.35,0.0,628.7,PIX,Online,15.0,14
524,2026-04-27,14:15,3,Vestido Esporte,Vestido,Azul,GG,3,51.13,23.01,130.38,Cartão de Crédito,Física,268.0,8
525,2026-09-25,10:15,68,Acessório Casual,Acessório,Branca,P,2,212.83,63.85,361.81,PIX,Física,345.0,3
526,2026-05-20,10:45,165,Calça Casual,Calça,Rosa,G,4,158.71,95.23,539.61,Cartão de Débito,Física,451.0,25
527,2026-03-20,16:00,41,Vestido X,Vestido,Verde,M,2,38.61,3.86,73.36,PIX,Online,431.0,21
528,14/03/26,11:00,97,Jaqueta Premium,Jaqueta,Rosa,GG,2,161.24,16.12,306.36,Cartão de Débito,Online,290.0,19
529,2026-09-14,14:00,48,Camiseta Básica,Camiseta,Cinza,GG,1,63.03,0.0,63.03,Cartão de Débito,Física,30.0,4
530,2026-05-30,15:30,151,Vestido Social,Vestido,Cinza,P,4,305.13,61.03,1159.49,Cartão de Crédito,Online,595.0,19
531,2026-09-08,21:30,81,Calça Básica,Calça,Rosa,G,3,188.91,85.01,481.72,Cartão de Débito,Física,548.0,11
532,2026-07-07,10:45,13,Blusa Básica,Blusa,Verde,G,1,276.45,41.47,234.98,Cartão de Débito,Física,470.0,2
533,2026-06-02,16:00,90,Jaqueta Social,Jaqueta,Rosa,M,4,340.94,0.0,1363.76,Cartão de Crédito,Online,593.0,13
534,2026-04-26,17:45,170,Bermuda Premium,Bermuda,Vermelha,GG,4,234.75,0.0,939.0,Cartão de Débito,Física,296.0,17
535,2026-09-06,21:45,20,Blusa Básica,Blusa,Branca,M,2,212.5,0.0,425.0,Cartão de Débito,Física,264.0,8
536,2026-04-29,21:45,168,Camiseta Slim,Camiseta,Preta,GG,2,50.13,10.03,90.23,Dinheiro,Online,417.0,18
537,2026-04-11,12:45,115,Vestido Básica,Vestido,Vermelha,GG,3,108.11,32.43,291.9,Crediário,Física,60.0,12
538,2026-07-29,14:15,80,Camiseta Básica,Camiseta,Cinza,M,4,179.41,35.88,681.76,Cartão de Crédito,Online,301.0,6
539,2026-03-27,18:15,44,Acessório Esporte,Acessório,Preta,M,2,211.07,21.11,401.03,PIX,Online,280.0,13
540,2026-07-05,15:45,85,Calça X,Calça,Cinza,G,1,287.08,28.71,258.37,PIX,Online,393.0,13
541,2026-06-09,19:45,120,Camiseta Básica,Camiseta,Rosa,G,1,304.19,45.63,258.56,Cartão de Débito,Online,435.0,7
542,2026-06-18,13:45,55,Vestido Premium,Vestido,Branca,M,2,126.12,0.0,252.24,Cartão de Débito,Online,112.0,12
543,2026-09-14, 16:00 ,160,Vestido Básica,Vestido,Branca,G,4,38.68,15.47,139.25,Cartão de Débito,Online,374.0,4
544,2026-05-18,16:45,165,Calça Casual,Calça,Rosa,G,2,158.71,47.61,269.81,Cartão de Débito,Física,,10
545,2026-08-29,21:00,15,Bermuda Básica,Bermuda,Cinza,G,2,52.05,5.2,98.9,Dinheiro,Física,27.0,3
546,2026-08-12,11:30,91,Acessório Casual,Acessório,Rosa,M,4,274.86,54.97,1044.47,Cartão de Crédito,Física,531.0,20
547,06/05/26,21:45,64,Blusa Slim,Blusa,Cinza,G,2,307.95,92.38,523.52,PIX,Online,339.0,16
548,2026-06-01,21:45,48,Camiseta Básica,Camiseta,Cinza,GG,1,63.03,9.45,53.58,PIX,Física,350.0,20
549,2026-07-12,15:15,35,Blusa Premium,Blusa,Preta,P,1,314.35,0.0,314.35,Crediário,Física,297.0,24
550,2026-08-02,17:45,157,Bermuda Básica,Bermuda,Azul,P,2,35.03,10.51,59.55,Cartão de Crédito,Física,476.0,5
551,2026-04-13,16:45,141,Bermuda Slim,Bermuda,Vermelha,GG,1,162.9,0.0,162.9,Dinheiro,Online,120.0,21
552,2026-06-21,19:45,37,Acessório Premium,Acessório,Rosa,G,2,281.93,56.39,507.47,Crediário,Física,180.0,17
553,2026-04-14,15:45,137,Jaqueta Básica,Jaqueta,Cinza,GG,3,124.46,56.01,317.37,Cartão de Crédito,Online,27.0,14
554,2026-05-13,15:15,12,Blusa X,Blusa,Rosa,P,3,258.15,116.17,658.28,PIX,Online,165.0,3
555,2026-07-18,20:15,136,Bermuda Slim,Bermuda,Verde,P,4,232.34,92.94,836.42,Cartão de Débito,Online,299.0,22
556,2026-08-02,14:30,92,Vestido Básica,Vestido,Cinza,G,2,146.37,0.0,292.74,Cartão de Débito,Física,508.0,11
557,2026-04-25,10:15,40,Jaqueta Premium,Jaqueta,Branca,G,4,59.14,35.48,201.08,Dinheiro,Online,339.0,21
558,2026-08-22,11:30,5,Jaqueta Básica,Jaqueta,Preta,GG,3,235.61,35.34,671.49,Cartão de Débito,Online,237.0,8
559,2026-07-25,09:30,42,Calça Casual,Calça,Verde,G,2,245.94,0.0,491.88,Cartão de Débito,Física,427.0,7
560,2026-06-01,20:15,52,Vestido Básica,Vestido,Vermelha,G,4,334.95,0.0,1339.8,Dinheiro,Online,115.0,10
561,2026-04-25,13:30,89,Acessório Premium,Acessório,Vermelha,GG,4,62.97,0.0,251.88,Dinheiro,Física,96.0,12
562,2026-07-10,13:45,139,Jaqueta X,Jaqueta,Preta,M,1,172.53,17.25,155.28,Cartão de Débito,Física,530.0,5
563,2026-05-13,21:00,114,Camiseta Social,Camiseta,Verde,GG,2,330.12,0.0,660.24,Cartão de Crédito,Online,207.0,15
564,2026-07-15,09:15,63,Bermuda Social,Bermuda,Azul,M,2,250.51,0.0,501.02,PIX,Online,236.0,17
565,2026-05-16,15:15,2,Calça Casual,Calça,Verde,M,3,308.53,138.84,786.75,Cartão de Débito,Online,295.0,2
566,2026-03-17,21:00,161,Camiseta X,Camiseta,Branca,GG,3,168.83,25.32,481.17,Cartão de Débito,Online,142.0,13
567,2026-07-20,21:45,156,Calça Esporte,Calça,Cinza,P,3,179.11,26.87,510.46,Cartão de Débito,Física,318.0,6
568,2026-04-10,20:15,47,Blusa Esporte,Blusa,Vermelha,M,4,85.46,0.0,341.84,Cartão de Débito,Online,475.0,16
569,2026-04-25,12:15,69,Camiseta Básica,Camiseta,Branca,M,2,71.3,0.0,142.6,Cartão de Débito,Física,373.0,16
570,2026-08-30,13:00,54,Bermuda Social,Bermuda,Cinza,G,4,115.21,23.04,437.8,Cartão de Débito,Online,229.0,16
571,2026-07-01,15:15  ,31,Vestido Social,Vestido,Azul,GG,2,28.24,5.65,50.83,Cartão de Débito,Física,67.0,6
572,2026-03-14,19:00,83,Bermuda Básica,Bermuda,Cinza,M,1,344.51,34.45,310.06,Cartão de Débito,Física,385.0,11
573,15/06/26,10:00,30,Vestido Esporte,Vestido,Vermelha,G,1,244.92,36.74,208.18,Cartão de Débito,Online,591.0,21
574,13/06/2026,15:15,63,Bermuda Social,Bermuda,Azul,M,3,250.51,37.58,713.95,Dinheiro,Online,74.0,23
575,2026-04-12,13:00,161,Camiseta X,Camiseta,Branca,GG,1,168.83,25.32,143.51,Cartão de Crédito,Online,211.0,14
576,2026-05-19,15:30,51,Blusa Premium,Blusa,Branca,P,4,122.21,24.44,464.4,Dinheiro,Física,390.0,22
577,2026-06-27,14:45  ,125,Vestido X,Vestido,Verde,M,1,114.2,0.0,114.2,Cartão de Crédito,Online,257.0,19
578,2026-07-11,12:15,26,Jaqueta Esporte,Jaqueta,Verde,P,0,204.58,81.83,736.49,Cartão de Crédito,Física,196.0,24
579,2026-04-16,17:45,29,Blusa Básica,Blusa,Azul,P,3,287.6,0.0,862.8,Cartão de Crédito,Física,297.0,22
580,2026-05-04,10:45,115,Vestido Básica,Vestido,Vermelha,GG,2,108.11,0.0,216.22,Cartão de Débito,Online,,18
581,2026-05-29,09:45,60,Blusa Premium,Blusa,Azul,GG,3,177.54,0.0,532.62,Cartão de Débito,Online,188.0,5
582,2026-09-01,09:45,118,Bermuda Premium,Bermuda,Verde,G,1,289.27,14.46,274.81,Cartão de Débito,Física,41.0,23
583,2026-06-30,11:45,8,Bermuda Básica,Bermuda,Rosa,P,3,301.95,0.0,905.85,Cartão de Crédito,Online,335.0,18
584,2026-04-02,16:15,179,Calça Social,Calça,Cinza,P,3,214.89,96.7,547.97,PIX,Online,67.0,23
585,2026-09-03,18:45,64,Blusa Slim,Blusa,Cinza,G,2,307.95,0.0,615.9,Dinheiro,Física,25.0,2
586,2026-04-03,19:00,98,Acessório Básica,Acessório,Branca,G,3,254.79,0.0,764.37,Crediário,Online,304.0,2
587,20/08/2026,19:15,77,Blusa Básica,Blusa,Preta,M,4,29.9,17.94,101.66,Cartão de Crédito,Física,410.0,2
588,2026-08-15,18:15,120,Camiseta Básica,Camiseta,Rosa,G,1,304.19,15.21,288.98,Cartão de Débito,Física,,24
589,2026-09-03,14:00,68,Acessório Casual,Acessório,Branca,P,4,212.83,0.0,851.32,Cartão de Débito,Online,374.0,19
590,2026-06-20,09:00,86,Blusa Social,Blusa,Azul,P,1,56.25,0.0,56.25,Cartão de Crédito,Online,197.0,3
591,2026-05-20,19:00,70,Vestido Slim,Vestido,Verde,G,4,304.38,0.0,"R$ 1.217,52",Cartão de Débito,Online,571.0,2
592,2026-06-07,10:45,52,Vestido Básica,Vestido,Vermelha,G,3,334.95,0.0,1004.85,Crediário,Online,,24
593,09/08/26,17:45,132,Acessório Esporte,Acessório,Rosa,P,4,45.67,27.4,155.28,Cartão de Débito,Física,577.0,21
594,2026-06-01,14:45,84,Blusa X,Blusa,Branca,M,1,91.15,13.67,77.48,Cartão de Débito,Online,21.0,11
595,2026-03-07,20:00,127,Bermuda X,Bermuda,Azul,M,3,269.31,0.0,807.93,Dinheiro,Online,354.0,24
596,2026-04-16,11:30,111,Blusa Esporte,Blusa,Verde,M,4,279.57,167.74,950.54,Cartão de Crédito,Física,358.0,11
597,2026-07-01,13:30,14,Bermuda Esporte,Bermuda,Verde,GG,1,113.16,5.66,107.5,PIX,Online,187.0,13
598,2026-04-29,15:45,48,Camiseta Básica,Camiseta,Cinza,GG,2,63.03,12.61,113.45,PIX,Física,254.0,1
599,2026-03-18,12:45,79,Vestido Slim,Vestido,Verde,GG,3,29.96,8.99,80.89,Dinheiro,Física,491.0,5
600,2026-07-27,21:45,48,Camiseta Básica,Camiseta,Cinza,GG,4,63.03,12.61,239.51,PIX,Online,348.0,21
601,2026-07-02,20:15,104,Acessório Premium,Acessório,Rosa,M,3,240.9,72.27,650.43,PIX,Online,222.0,13
602,2026-09-07,20:45,107,Bermuda Slim,Bermuda,Rosa,M,2,304.94,0.0,609.88,Cartão de Crédito,Online,577.0,18
603,25/09/26,21:30,19,Calça Casual,Calça,Rosa,P,2,165.92,0.0,"R$ 331,84",Crediário,Online,88.0,17
604,2026-07-02,12:15,29,Blusa Básica,Blusa,Azul,P,1,287.6,14.38,273.22,PIX,Física,,9
605,2026-08-03,20:30,128,Acessório X,Acessório,Verde,G,3,38.26,11.48,103.3,cartão de crédito,Física,162.0,11
606,2026-08-25,09:30,117,Vestido Premium,Vestido,Cinza,M,3,81.36,0.0,244.08,Cartão de Débito,Física,548.0,8
607,2026-09-30,20:00,42,Calça Casual,Calça,Verde,G,3,245.94,36.89,700.93,Cartão de Débito,Física,205.0,17
608,2026-05-26,20:15,163,Blusa Esporte,Blusa,Rosa,GG,4,291.86,0.0,1167.44,Crediário,Física,409.0,1
609,2026-08-03,15:45,54,Bermuda Social,Bermuda,Cinza,G,2,115.21,0.0,230.42,Dinheiro,Física,556.0,3
610,2026-05-25,11:15,155,Blusa X,Blusa,Rosa,GG,1,229.95,23.0,206.95,PIX,Física,204.0,19
611,2026-07-04,15:15,139,Jaqueta X,Jaqueta,Preta,M,1,172.53,0.0,172.53,Cartão de Crédito,Física,406.0,19
612,2026-09-22,19:15,76,Jaqueta X,Jaqueta,Cinza,P,1,291.87,29.19,262.68,PIX,Física,570.0,20
613,2026-08-02,14:15,48,Camiseta Básica,Camiseta,Cinza,GG,2,63.03,6.3,119.76,Crediário,Online,186.0,15
614,2026-04-30,11:15,162,Acessório Esporte,Acessório,Preta,P,1,314.53,0.0,314.53,dinheiro,Online,433.0,23
615,2026-05-12,20:00,114,Camiseta Social,Camiseta,Verde,GG,2,330.12,33.01,627.23,Cartão de Crédito,Física,398.0,22
616,2026-09-16,21:45,57,Calça Casual,Calça,Verde,GG,1,86.79,13.02,73.77,Crediário,Física,291.0,24
617,2026-07-31,09:15,155,Blusa X,Blusa,Rosa,GG,4,229.95,45.99,873.81,Dinheiro,Física,282.0,7
618,2026-03-27,17:45,135,Bermuda Básica,Bermuda,Cinza,M,1,74.1,11.11,62.99,Cartão de Débito,Física,21.0,5
619,2026-03-28, 09:45 ,69,Camiseta Básica,Camiseta,Branca,M,4,71.3,0.0,285.2,Cartão de Crédito,Física,164.0,13
620,2026-03-22,13:30,91,Acessório Casual,Acessório,Rosa,M,1,274.86,41.23,233.63,Cartão de Crédito,Física,291.0,21
621,2026-03-22,11:00,14,Bermuda Esporte,Bermuda,Verde,GG,4,113.16,67.9,384.74,Cartão de Débito,Online,,20
622,2026-04-22,12:30,11,Calça Básica,Calça,Verde,G,1,112.35,16.85,95.5,Cartão de Débito,Física,166.0,16
623,2026-08-28,12:00,76,Jaqueta X,Jaqueta,Cinza,P,1,291.87,43.78,248.09,Cartão de Crédito,Online,301.0,25
624,2026-05-01,17:15,35,Blusa Premium,Blusa,Preta,P,4,314.35,0.0,1257.4,Cartão de Crédito,Online,,13
625,2026-05-16,16:30,50,Blusa Básica,Blusa,Azul,G,3,124.43,0.0,373.29,Cartão de Crédito,Física,69.0,11
626,2026-05-28,16:45,37,Acessório Premium,Acessório,Rosa,G,2,281.93,84.58,479.28,Dinheiro,Física,308.0,18
627,2026-06-16,15:30,152,Jaqueta Premium,Jaqueta,Verde,M,3,208.59,0.0,625.77,PIX,Online,3.0,19
628,2026-04-29,14:00,148,Vestido Slim,Vestido,Rosa,G,2,213.53,21.35,405.71,PIX,Física,510.0,5
629,2026-06-01,19:15,43,Bermuda Premium,Bermuda,Preta,GG,1,144.6,14.46,130.14,PIX,Online,63697.0,25
630,2026-06-05,13:45,10,Camiseta Social,Camiseta,Azul,G,3,281.48,84.44,760.0,Cartão de Débito,Física,272.0,8
631,2026-09-06,15:30,177,Camiseta Slim,Camiseta,Vermelha,G,2,63.08,0.0,126.16,PIX,Online,493.0,1
632,2026-07-08,12:15  ,165,Calça Casual,Calça,Rosa,G,2,158.71,47.61,269.81,Cartão de Crédito,Online,9.0,15
633,2026-03-10,17:45,65,Jaqueta Casual,Jaqueta,Branca,G,3,232.93,0.0,698.79,Cartão de Débito,Física,397.0,16
634,30/09/26,18:45,165,Calça Casual,Calça,Rosa,G,2,158.71,15.87,301.55,Cartão de Débito,Física,440.0,14
635,2026-09-22,20:45,177,Camiseta Slim,Camiseta,Vermelha,G,2,63.08,0.0,126.16,Dinheiro,Online,266.0,7
636,2026-06-03,16:00,176,Vestido Esporte,Vestido,Vermelha,M,2,227.13,0.0,454.26,Dinheiro,Física,422.0,8
637,2026-07-02,17:45,73,Calça X,Calça,Azul,M,2,313.28,93.98,532.58,Cartão de Débito,Online,549.0,15
638,2026-09-24,12:00,73,Calça X,Calça,Azul,M,1,313.28,0.0,313.28,PIX,Online,328.0,17
639,2026-09-24,19:45,42,Calça Casual,Calça,Verde,G,3,245.94,110.67,627.15,Cartão de Débito,Online,234.0,21
640,2026-06-15,18:30,90,Jaqueta Social,Jaqueta,Rosa,M,4,340.94,68.19,1295.57,Cartão de Débito,Física,186.0,20
641,2026-04-12,15:15,18,Acessório Básica,Acessório,Azul,M,4,242.78,0.0,971.12,cartao credito,Física,230.0,5
642,2026-03-15,13:00,22,Bermuda Social,Bermuda,Vermelha,GG,3,213.75,0.0,641.25,PIX,Online,24.0,8
643,2026-09-28,13:45,65,Jaqueta Casual,Jaqueta,Branca,G,2,232.93,0.0,465.86,Crediário,Online,563.0,5
644,2026-07-29,09:15,85,Calça X,Calça,Cinza,G,2,287.08,0.0,574.16,Crediário,Física,264.0,12
645,2026-03-14,09:45,119,Calça Esporte,Calça,Branca,P,3,331.07,0.0,993.21,Cartão de Crédito,Online,414.0,10
646,2026-09-20,18:30,11,Calça Básica,Calça,Verde,G,4,112.35,67.41,381.99,Crediário,Online,24.0,9
647,2026-04-23,20:45,14,Bermuda Esporte,Bermuda,Verde,GG,1,113.16,0.0,113.16,Cartão de Débito,Online,505.0,3
648,2026-09-06,11:00,1,Blusa Premium,Blusa,Cinza,G,4,318.6,63.72,1210.68,Cartão de Débito,Física,596.0,22
649,2026-06-10,20:00,43,Bermuda Premium,Bermuda,Preta,GG,2,144.6,14.46,274.74,Crediário,Online,429.0,13
650,2026-09-14,13:30,118,Bermuda Premium,Bermuda,Verde,G,2,289.27,57.85,520.69,Cartão de Débito,Física,382.0,13
651,2026-05-29,14:00,34,Blusa Casual,Blusa,Preta,GG,3,206.43,0.0,619.29,Cartão de Crédito,Online,557.0,12
652,2026-08-19,15:15,156,Calça Esporte,Calça,Cinza,P,1,179.11,0.0,179.11,Cartão de Débito,Online,247.0,16
653,2026-03-06,21:30,131,Jaqueta X,Jaqueta,Azul,P,1,192.39,28.86,163.53,PIX,Física,307.0,22
654,2026-08-21,10:15,159,Calça Social,Calça,Verde,G,1,166.81,16.68,150.13,Cartão de Crédito,Física,250.0,2
655,2026-04-09,15:00,168,Camiseta Slim,Camiseta,Preta,GG,1,50.13,69.23246759196478,50.13,PIX,Física,528.0,1
656,2026-08-25,13:15,156,Calça Esporte,Calça,Cinza,P,4,179.11,0.0,716.44,Crediário,Física,57.0,1
657,2026-08-07,20:45,3,Vestido Esporte,Vestido,Azul,GG,1,51.13,5.11,46.02,PIX,Online,358.0,25
658,2026-09-30,13:30,82,Bermuda Social,Bermuda,Azul,M,3,325.21,146.34,829.29,Cartão de Crédito,Online,480.0,20
659,2026-03-31,10:00,153,Bermuda Social,Bermuda,Cinza,G,2,75.2,7.52,142.88,Cartão de Crédito,Online,401.0,22
660,2026-04-04,17:30,158,Jaqueta Premium,Jaqueta,Rosa,GG,2,91.13,18.23,164.03,PIX,Online,81.0,8
661,2026-07-27,18:15,151,Vestido Social,Vestido,Cinza,P,4,305.13,61.03,1159.49,PIX,Física,30.0,12
662,2026-08-29,10:45,45,Jaqueta Social,Jaqueta,Preta,P,3,105.9,15.89,301.81,Dinheiro,Online,382.0,5
663,2026-06-20,12:00,167,Jaqueta Slim,Jaqueta,Branca,G,1,219.14,0.0,219.14,Cartão de Débito,Física,536.0,4
664,2026-09-11,14:45,13,Blusa Básica,Blusa,Verde,G,3,276.45,0.0,829.35,Cartão de Débito,Online,575.0,1
665,2026-07-17,14:30,130,Bermuda Slim,Bermuda,Verde,G,4,139.82,55.93,"R$ 503,35",Dinheiro,Física,45.0,10
666,07/09/2026,18:30,179,Calça Social,Calça,Cinza,P,4,214.89,0.0,859.56,cartão de crédito,Online,353.0,9
667,2026-08-07,09:45,66,Vestido Básica,Vestido,Preta,GG,1,195.93,0.0,195.93,Cartão de Débito,Online,89.0,20
668,2026-04-30,10:00,113,Jaqueta Premium,Jaqueta,Rosa,M,2,196.9,19.69,374.11,PIX,Online,436.0,19
669,2026-09-23,19:15,27,Camiseta Casual,Camiseta,Vermelha,P,3,287.37,129.32,732.79,PIX,Física,172.0,18
670,2026-09-14,13:15,135,Bermuda Básica,Bermuda,Cinza,M,4,74.1,14.82,281.58,Crediário,Física,181.0,2
671,2026-07-14,15:45,98,Acessório Básica,Acessório,Branca,G,3,254.79,0.0,764.37,Dinheiro,Online,491.0,13
672,2026-07-21,09:15,22,Bermuda Social,Bermuda,Vermelha,GG,3,213.75,0.0,641.25,PIX,Física,,5
673,2026-06-05,19:00,75,Bermuda Premium,Bermuda,Cinza,G,1,129.65,0.0,129.65,Cartão de Crédito,Online,372.0,13
674,2026-09-20,13:45,99,Camiseta Slim,Camiseta,Rosa,G,4,178.5,986.0758400291812,714.0,Dinheiro,Online,,4
675,2026-04-07, 15:45,40,Jaqueta Premium,Jaqueta,Branca,G,4,59.14,0.0,236.56,PIX,Online,542.0,14
676,2026-09-09,12:00,66,Vestido Básica,Vestido,Preta,GG,2,195.93,39.19,352.67,Cartão de Crédito,Online,30.0,20
677,2026-06-21,09:30,150,Camiseta Casual,Camiseta,Cinza,GG,1,216.84,0.0,"216,84",Cartão de Débito,Física,,5
678,2026-05-23,20:30,145,Bermuda Casual,Bermuda,Azul,GG,2,159.63,47.89,271.37,Cartão de Crédito,Física,417.0,1
679,2026-06-01,09:30,98,Acessório Básica,Acessório,Branca,G,4,254.79,0.0,1019.16,PIX,Física,417.0,1
680,2026-03-25,15:00,94,Blusa X,Blusa,Azul,GG,3,310.47,0.0,931.41,PIX,Física,548.0,24
681,26/09/2026,13:15,17,Acessório Slim,Acessório,Azul,M,2,102.24,0.0,204.48,Cartão de Crédito,Física,352.0,15
682,2026-06-08,19:30,90,Jaqueta Social,Jaqueta,Rosa,M,1,340.94,0.0,340.94,Cartão de Débito,Física,79.0,1
683,2026-04-17,21:15,157,Bermuda Básica,Bermuda,Azul,P,2,35.03,10.51,59.55,Crediário,Online,569.0,5
684,2026-05-07,20:30,169,Camiseta Premium,Camiseta,Branca,GG,1,137.47,0.0,137.47,Cartão de Débito,Online,302.0,22
685,2026-05-27,21:15,166,Blusa Casual,Blusa,Cinza,P,4,25.41,0.0,"R$ 101,64",Dinheiro,Física,542.0,22
686,2026-05-12,11:00,43,Bermuda Premium,Bermuda,Preta,GG,4,144.6,0.0,578.4,Cartão de Crédito,Física,39.0,17
687,2026-09-23,18:30,141,Bermuda Slim,Bermuda,Vermelha,GG,4,162.9,32.58,619.02,Cartão de Débito,Online,362.0,7
688,2026-05-04,10:45,55,Vestido Premium,Vestido,Branca,M,3,126.12,37.84,340.52,Dinheiro,Física,521.0,3
689,2026-09-02,18:30,17,Acessório Slim,Acessório,Azul,M,2,102.24,10.22,194.26,Dinheiro,Física,292.0,9
690,2026-05-19, 18:45 ,34,Blusa Casual,Blusa,Preta,GG,3,206.43,0.0,619.29,PIX,Física,440.0,24
691,2026-03-20,09:15,113,Jaqueta Premium,Jaqueta,Rosa,M,4,196.9,0.0,787.6,PIX,Física,291.0,18
692,2026-09-11,14:30,132,Acessório Esporte,Acessório,Rosa,P,4,45.67,0.0,"R$ 182,68",Cartão de Crédito,Física,211.0,16
693,2026-07-27,09:30,174,Calça Slim,Calça,Cinza,M,2,34.1,3.41,64.79,PIX,Online,344.0,7
694,2026-03-24,20:45,36,Jaqueta X,Jaqueta,Rosa,GG,2,109.13,21.83,196.43,Cartão de Crédito,Online,317.0,1
695,2026-03-31,16:00,145,Bermuda Casual,Bermuda,Azul,GG,1,159.63,0.0,159.63,Cartão de Débito,Física,26293.0,19
696,2026-09-13,12:45,100,Calça Social,Calça,Preta,M,2,133.29,39.99,226.59,Cartão de Débito,Online,411.0,22
697,2026-04-29,19:45,118,Bermuda Premium,Bermuda,Verde,G,1,289.27,0.0,289.27,Cartão de Débito,Online,382.0,6
698,2026-09-10,12:45,27,Camiseta Casual,Camiseta,Vermelha,P,1,287.37,0.0,287.37,Dinheiro,Online,57.0,4
699,2026-08-18,19:30,119,Calça Esporte,Calça,Branca,P,4,331.07,0.0,1324.28,Dinheiro,Online,580.0,25
700,2026-07-20,13:45,54,Bermuda Social,Bermuda,Cinza,G,1,115.21,17.28,97.93,Cartão de Débito,Online,39.0,12
701,2026-07-26,09:00,4,Acessório Básica,Acessório,Vermelha,G,3,81.82,0.0,245.46,Cartão de Crédito,Online,384.0,10
702,2026-03-08,16:00,169,Camiseta Premium,Camiseta,Branca,GG,2,137.47,0.0,274.94,Cartão de Débito,Física,,18
703,2026-06-04,16:00,105,Calça Premium,Calça,Vermelha,GG,4,53.58,21.43,192.89,Cartão de Débito,Física,373.0,8
704,2026-04-29,19:45,58,Blusa X,Blusa,Branca,P,3,215.52,32.33,614.23,Cartão de Crédito,Online,545.0,17
705,2026-07-28,12:30,39,Blusa X,Blusa,Vermelha,P,4,80.38,0.0,321.52,Dinheiro,Online,106.0,7
706,2026-03-29,20:45,101,Jaqueta Casual,Jaqueta,Verde,M,2,263.03,52.61,473.45,Cartão de Débito,Online,126.0,2
707,2026-05-12,20:15,155,Blusa X,Blusa,Rosa,GG,4,229.95,0.0,919.8,Cartão de Crédito,Física,581.0,14
708,2026-09-16, 20:45,9,Acessório X,Acessório,Preta,M,2,51.84,0.0,103.68,PIX,Online,392.0,12
709,2026-05-09,12:30,126,Calça Casual,Calça,Vermelha,G,2,275.71,82.71,468.71,Cartão de Crédito,Física,142.0,21
710,2026-07-09,17:45,63,Bermuda Social,Bermuda,Azul,M,2,250.51,0.0,501.02,Cartão de Débito,Online,425.0,10
711,2026-03-09, 18:30 ,14,Bermuda Esporte,Bermuda,Verde,GG,2,113.16,33.95,192.37,Cartão de Crédito,Física,10.0,8
712,2026-04-25,14:00,3,Vestido Esporte,Vestido,Azul,GG,3,51.13,15.34,138.05,Crediário,Física,376.0,8
713,2026-05-21,14:45,160,Vestido Básica,Vestido,Branca,G,4,38.68,15.47,139.25,PIX,Física,347.0,7
714,2026-09-19,14:00,79,Vestido Slim,Vestido,Verde,GG,4,29.96,0.0,119.84,Cartão de Débito,Física,9.0,17
715,2026-08-15,20:45,38,Acessório Esporte,Acessório,Rosa,P,3,113.5,34.05,306.45,Cartão de Crédito,Física,399.0,14
716,2026-09-22,18:45,56,Camiseta Social,Camiseta,Verde,M,1,252.29,25.23,227.06,Cartão de Crédito,Física,135.0,19
717,2026-06-24,15:15,70,Vestido Slim,Vestido,Verde,G,1,304.38,0.0,304.38,Dinheiro,Física,376.0,25
718,2026-06-24,17:00,67,Vestido Premium,Vestido,Preta,G,1,60.66,3.03,57.63,dinheiro,Online,362.0,12
719,2026-07-03,20:15,116,Blusa Premium,Blusa,Branca,G,1,68.25,0.0,68.25,PIX,Física,590.0,25
720,2026-03-27,21:45,119,Calça Esporte,Calça,Branca,P,3,331.07,148.98,844.23,Cartão de Débito,Física,25.0,8
721,2026-06-04,09:00,18,Acessório Básica,Acessório,Azul,M,2,242.78,0.0,485.56,Cartão de Débito,Física,154.0,14
722,2026-07-11,09:30,107,Bermuda Slim,Bermuda,Rosa,M,1,304.94,0.0,304.94,Dinheiro,Online,306.0,4
723,2026-03-27,11:45,49,Calça Esporte,Calça,Preta,P,4,264.21,158.53,898.31,Crediário,Física,528.0,6
724,2026-09-30,17:30,34,Blusa Casual,Blusa,Preta,GG,4,206.43,123.86,701.86,Crediário,Física,403.0,12
725,2026-04-12,19:30,75,Bermuda Premium,Bermuda,Cinza,G,1,129.65,6.48,123.17,CREDIÁRIO,Online,184.0,15
726,2026-07-03,20:30,123,Camiseta Básica,Camiseta,Preta,P,2,195.44,0.0,390.88,Cartão de Crédito,Física,223.0,19
727,2026-04-01,15:15,31,Vestido Social,Vestido,Azul,GG,2,28.24,5.65,50.83,PIX,Online,247.0,2
728,2026-07-09,10:15,59,Blusa Social,Blusa,Verde,M,4,202.64,0.0,810.56,Cartão de Débito,Física,575.0,23
729,2026-03-24,10:30,8,Bermuda Básica,Bermuda,Rosa,P,2,301.95,0.0,603.9,Dinheiro,Física,574.0,22
730,2026-08-05,14:00,97,Jaqueta Premium,Jaqueta,Rosa,GG,3,161.24,0.0,483.72,Cartão de Crédito,Física,24.0,10
731,2026-05-19,19:45,37,Acessório Premium,Acessório,Rosa,G,1,281.93,14.1,267.83,Crediário,Física,455.0,24
732,2026-05-29,19:45,8,Bermuda Básica,Bermuda,Rosa,P,2,301.95,0.0,603.9,PIX,Online,397.0,21
733,30/07/26,18:30,93,Calça Slim,Calça,Azul,G,4,328.53,131.41,1182.71,Cartão de Débito,Online,262.0,19
734,2026-08-18,19:30,110,Bermuda Slim,Bermuda,Vermelha,G,2,158.66,47.6,269.72,Cartão de Débito,Online,323.0,18
735,18/05/2026,12:30,160,Vestido Básica,Vestido,Branca,G,4,38.68,0.0,154.72,Cartão de Débito,Física,44.0,20
736,2026-05-08,11:45,54,Bermuda Social,Bermuda,Cinza,G,1,115.21,0.0,115.21,Cartão de Débito,Online,457.0,24
737,2026-03-18,17:00,113,Jaqueta Premium,Jaqueta,Rosa,M,2,196.9,0.0,393.8,Dinheiro,Física,417.0,4
738,2026-09-26,17:15,116,Blusa Premium,Blusa,Branca,G,1,68.25,0.0,68.25,Cartão de Crédito,Online,481.0,18
739,2026-08-24,16:00,90,Jaqueta Social,Jaqueta,Rosa,M,4,340.94,0.0,1363.76,Cartão de Débito,Física,34.0,4
740,2026-03-01,20:15,18,Acessório Básica,Acessório,Azul,M,4,242.78,0.0,971.12,PIX,Física,396.0,4
741,2026-05-31, 13:30 ,91,Acessório Casual,Acessório,Rosa,M,1,274.86,360.62202149638625,261.12,Cartão de Débito,Física,439.0,16
742,2026-07-11,16:30,179,Calça Social,Calça,Cinza,P,3,214.89,32.23,"612,44",cartão de débito,Física,600.0,12
743,2026-08-13,19:30,117,Vestido Premium,Vestido,Cinza,M,3,81.36,24.41,219.67,Cartão de Crédito,Física,96.0,7
744,2026-08-23,20:00,126,Calça Casual,Calça,Vermelha,G,2,275.71,27.57,523.85,Crediário,Online,504.0,25
745,2026-08-12,21:00,80,Camiseta Básica,Camiseta,Cinza,M,1,179.41,26.91,152.5,Cartão de Crédito,Online,442.0,8
746,2026-05-23,18:45,52,Vestido Básica,Vestido,Vermelha,G,1,334.95,16.75,318.2,PIX,Física,470.0,15
747,2026-09-28,10:00,96,Camiseta Casual,Camiseta,Verde,P,2,307.93,61.59,554.27,Cartão de Crédito,Online,364.0,20
748,2026-09-03,21:45,50,Blusa Básica,Blusa,Azul,G,1,124.43,0.0,124.43,PIX,Física,105.0,18
749,2026-07-22,13:15,119,Calça Esporte,Calça,Branca,P,1,331.07,0.0,331.07,Cartão de Crédito,Online,94.0,13
750,2026-08-20,19:45,65,Jaqueta Casual,Jaqueta,Branca,G,2,232.93,23.29,442.57,PIX,Física,505.0,16
751,2026-03-03,21:00,43,Bermuda Premium,Bermuda,Preta,GG,4,144.6,86.76,491.64,Cartão de Crédito,Física,233.0,13
752,2026-07-27,21:15,18,Acessório Básica,Acessório,Azul,M,1,242.78,36.42,206.36,Cartão de Crédito,Online,160.0,23
753,2026-08-27,11:30,139,Jaqueta X,Jaqueta,Preta,M,4,172.53,0.0,690.12,PIX,Online,597.0,1
754,2026-03-20,12:45,51,Blusa Premium,Blusa,Branca,P,4,122.21,0.0,488.84,Cartão de Crédito,Online,51.0,8
755,2026-05-02,11:15,128,Acessório X,Acessório,Verde,G,1,38.26,0.0,38.26,PIX,Física,471.0,18
756,2026-07-05,11:00,158,Jaqueta Premium,Jaqueta,Rosa,GG,4,91.13,54.68,309.84,PIX,Física,488.0,6
757,2026-05-22,15:15,40,Jaqueta Premium,Jaqueta,Branca,G,4,59.14,0.0,236.56,PIX,Física,591.0,2
758,2026-07-18,16:45,142,Vestido Esporte,Vestido,Branca,GG,3,142.68,0.0,428.04,Cartão de Débito,Física,499.0,17
759,2026-06-15,16:30,15,Bermuda Básica,Bermuda,Cinza,G,1,52.05,0.0,52.05,PIX,Online,292.0,11
760,2026-06-21,19:00,81,Calça Básica,Calça,Rosa,G,4,188.91,113.35,642.29,Cartão De Débito,Online,32.0,22
761,2026-09-11,18:00,118,Bermuda Premium,Bermuda,Verde,G,4,289.27,0.0,1157.08,Cartão de Crédito,Online,21457.0,9
762,2026-07-02,17:00,76,Jaqueta X,Jaqueta,Cinza,P,3,291.87,131.34,744.27,Crediário,Física,226.0,13
763,2026-08-03,15:45,50,Blusa Básica,Blusa,Azul,G,1,124.43,0.0,124.43,Cartão de Débito,Física,557.0,4
764,2026-05-02,13:30  ,139,Jaqueta X,Jaqueta,Preta,M,3,172.53,0.0,517.59,Cartão de Débito,Online,491.0,19
765,2026-08-26,16:00  ,104,Acessório Premium,Acessório,Rosa,M,4,240.9,0.0,963.6,Cartão de Débito,Online,571.0,15
766,2026-04-17,09:00,164,Blusa Premium,Blusa,Preta,G,2,175.34,17.53,333.15,Cartão de Débito,Online,255.0,11
767,2026-04-09,09:00,157,Bermuda Básica,Bermuda,Azul,P,3,35.03,0.0,"105,09",Cartão de Crédito,Física,161.0,20
768,2026-09-02,11:15,157,Bermuda Básica,Bermuda,Azul,P,3,35.03,0.0,105.09,Cartão de Crédito,Física,87.0,20
769,2026-06-04,16:45,129,Acessório X,Acessório,Branca,M,1,84.81,4.24,80.57,Cartão de Débito,Física,461.0,15
770,2026-06-12,20:15,89,Acessório Premium,Acessório,Vermelha,GG,2,62.97,0.0,125.94,Cartão de Crédito,Online,489.0,17
771,2026-07-12,16:15,135,Bermuda Básica,Bermuda,Cinza,M,1,74.1,11.11,62.99,PIX,Física,311.0,5
772,2026-03-02,21:00,145,Bermuda Casual,Bermuda,Azul,GG,4,159.63,31.93,606.59,PIX,Física,9423.0,23
773,04/05/2026,18:15,142,Vestido Esporte,Vestido,Branca,GG,1,142.68,7.13,135.55,Cartão de Crédito,Online,412.0,20
774,2026-04-03,13:15,141,Bermuda Slim,Bermuda,Vermelha,GG,3,162.9,0.0,488.7,Cartão de Débito,Online,37.0,13
775,2026-03-06,19:30,172,Camiseta Premium,Camiseta,Rosa,G,1,289.13,0.0,289.13,Cartão de Débito,Online,171.0,20
776,2026-09-10, 09:30 ,58,Blusa X,Blusa,Branca,P,2,215.52,0.0,431.04,Dinheiro,Online,66.0,24
777,2026-09-09,20:15,82,Bermuda Social,Bermuda,Azul,M,2,325.21,65.04,"R$ 585,38",PIX,Física,504.0,11
778,08/09/2026,12:30,12,Blusa X,Blusa,Rosa,P,4,258.15,51.63,980.97,Cartão de Crédito,Física,57.0,17
779,2026-05-28,16:30,74,Bermuda Esporte,Bermuda,Branca,M,3,290.34,0.0,871.02,PIX,Online,429.0,19
780,2026-08-05,13:45,123,Camiseta Básica,Camiseta,Preta,P,2,195.44,58.63,332.25,Cartão de Crédito,Física,144.0,11
781,2026-08-24,10:15,117,Vestido Premium,Vestido,Cinza,M,3,81.36,0.0,244.08,Cartão de Débito,Física,3.0,13
782,2026-07-20,13:00,83,Bermuda Básica,Bermuda,Cinza,M,3,344.51,0.0,1033.53,Dinheiro,Física,320.0,7
783,2026-05-19,18:30,99,Camiseta Slim,Camiseta,Rosa,G,3,178.5,0.0,535.5,Cartão de Crédito,Online,379.0,5
784,2026-04-30,16:15,7,Acessório X,Acessório,Vermelha,GG,3,160.81,0.0,482.43,Dinheiro,Online,560.0,21
785,2026-03-10,21:00,99,Camiseta Slim,Camiseta,Rosa,G,3,178.5,0.0,535.5,Cartão de Crédito,Física,116.0,8
786,2026-06-05,13:15,127,Bermuda X,Bermuda,Azul,M,2,269.31,0.0,"R$ 538,62",Cartão de Débito,Física,338.0,4
787,2026-05-10,17:00,95,Bermuda X,Bermuda,Cinza,G,3,275.07,0.0,825.21,Cartão de Crédito,Online,92.0,15
788,2026-06-24,11:45,16571,Calça Social,Calça,Preta,GG,4,181.44,108.86,616.9,Crediário,Online,326.0,21
789,2026-04-14,16:15,113,Jaqueta Premium,Jaqueta,Rosa,M,1,196.9,0.0,196.9,Cartão de Débito,Física,481.0,18
790,2026-03-04,13:45,53,Jaqueta Casual,Jaqueta,Branca,P,3,203.54,91.59,519.03,Cartão de Débito,Física,531.0,14
791,2026-06-12,12:45,75,Bermuda Premium,Bermuda,Cinza,G,4,129.65,25.93,492.67,PIX,Física,399.0,14
792,2026-09-24,16:15,131,Jaqueta X,Jaqueta,Azul,P,1,192.39,0.0,"R$ 192,39",Cartão de Crédito,Online,309.0,22
793,2026-07-12,12:00,94,Blusa X,Blusa,Azul,GG,4,310.47,186.28,1055.6,Cartão de Crédito,Online,441.0,2
794,2026-06-30,14:45,129,Acessório X,Acessório,Branca,M,4,84.81,33.92,305.32,Cartão de Débito,Online,338.0,18
795,2026-06-07,10:00,160,Vestido Básica,Vestido,Branca,G,1,38.68,0.0,38.68,Cartão de Débito,Física,528.0,14
796,2026-07-26,09:30,26,Jaqueta Esporte,Jaqueta,Verde,P,3,204.58,0.0,613.74,Cartão de Débito,Física,356.0,18
797,2026-09-09,11:15,29,Blusa Básica,Blusa,Azul,P,3,287.6,43.14,819.66,PIX,Online,505.0,18
798,2026-06-23,16:45,145,Bermuda Casual,Bermuda,Azul,GG,2,159.63,0.0,319.26,Pix,Física,287.0,23
799,2026-09-06,20:00,171,Blusa Casual,Blusa,Verde,M,4,139.15,0.0,556.6,PIX,Física,466.0,19
800,2026-04-26,20:30,41,Vestido X,Vestido,Verde,M,2,38.61,0.0,77.22,Cartão de Crédito,Física,591.0,17
801,2026-06-14,12:30,18,Acessório Básica,Acessório,Azul,M,4,242.78,48.56,922.56,Cartão de Crédito,Física,230.0,5
802,2026-03-22, 15:15,48,Camiseta Básica,Camiseta,Cinza,GG,3,63.03,28.36,160.73,PIX,Física,100.0,13
803,2026-07-17,10:15,41,Vestido X,Vestido,Verde,M,3,38.61,11.58,104.25,Cartão de Débito,Física,509.0,17
804,2026-05-12,10:00,131,Jaqueta X,Jaqueta,Azul,P,4,192.39,0.0,769.56,PIX,Online,262.0,4
805,2026-08-29,13:30,29,Blusa Básica,Blusa,Azul,P,1,287.6,43.14,244.46,PIX,Online,154.0,2
806,2026-07-24,18:15,50,Blusa Básica,Blusa,Azul,G,2,124.43,37.33,211.53,Dinheiro,Física,318.0,16
807,2026-06-25,11:15,113,Jaqueta Premium,Jaqueta,Rosa,M,1,196.9,0.0,196.9,Cartão de Crédito,Física,22.0,7
808,2026-04-07,10:00,70,Vestido Slim,Vestido,Verde,G,1,304.38,0.0,304.38,Cartão de Débito,Física,172.0,11
809,2026-04-15,17:15,80,Camiseta Básica,Camiseta,Cinza,M,4,179.41,0.0,717.64,PIX,Online,454.0,16
810,2026-07-22,19:15,163,Blusa Esporte,Blusa,Rosa,GG,4,291.86,0.0,1167.44,Crediário,Física,77.0,8
811,2026-09-30,20:30,35,Blusa Premium,Blusa,Preta,P,4,314.35,188.61,1068.79,Cartão de Crédito,Online,477.0,23
812,2026-04-09,09:00,63,Bermuda Social,Bermuda,Azul,M,2,250.51,75.15,425.87,PIX,Física,283.0,6
813,2026-04-29,17:00,120,Camiseta Básica,Camiseta,Rosa,G,1,304.19,45.63,258.56,Cartão de Crédito,Física,89.0,20
814,2026-04-12,21:45,140,Jaqueta Básica,Jaqueta,Cinza,P,1,275.21,41.28,233.93,Cartão de Débito,Online,,1
815,2026-06-28,15:15,111,Blusa Esporte,Blusa,Verde,M,4,279.57,0.0,1118.28,Cartão de Crédito,Física,135.0,23
816,2026-07-31,19:45,142,Vestido Esporte,Vestido,Branca,GG,3,142.68,0.0,428.04,PIX,Física,426.0,15
817,2026-06-16,12:30,103,Acessório Esporte,Acessório,Verde,M,3,142.1,21.32,404.98,DINHEIRO,Online,312.0,15
818,2026-07-27,13:00,169,Camiseta Premium,Camiseta,Branca,GG,3,137.47,0.0,412.41,Cartão de Crédito,Física,379.0,2
819,2026-04-25,18:30,86,Blusa Social,Blusa,Azul,P,2,56.25,0.0,112.5,Cartão de Débito,Online,91.0,16
820,2026-09-23,11:30,15,Bermuda Básica,Bermuda,Cinza,G,2,52.05,0.0,104.1,Crediário,Física,282.0,18
821,2026-07-19,14:45,81,Calça Básica,Calça,Rosa,G,4,188.91,75.56,680.08,Cartão de Crédito,Online,462.0,9
822,2026-05-28,15:30,76852,Jaqueta Slim,Jaqueta,Branca,G,3,219.14,98.61,558.81,PIX,Física,571.0,21
823,2026-05-15,12:30,168,Camiseta Slim,Camiseta,Preta,GG,2,50.13,0.0,100.26,Cartão de Débito,Online,358.0,4
824,2026-05-27,20:15,178,Blusa Slim,Blusa,Rosa,G,4,281.67,0.0,1126.68,Cartão de Crédito,Online,99.0,25
825,2026-06-26,14:15,164,Blusa Premium,Blusa,Preta,G,4,175.34,70.14,631.22,Cartão de Crédito,Online,381.0,6
826,2026-07-05,21:45,12,Blusa X,Blusa,Rosa,P,4,258.15,0.0,1032.6,Cartão de Crédito,Física,404.0,14
827,2026-09-07,10:00  ,86,Blusa Social,Blusa,Azul,P,1,56.25,8.44,47.81,Dinheiro,Física,173.0,23
828,2026-05-02,17:00,103,Acessório Esporte,Acessório,Verde,M,3,142.1,0.0,426.3,Dinheiro,Online,241.0,1
829,2026-07-05,12:00,35,Blusa Premium,Blusa,Preta,P,1,314.35,47.15,267.2,Cartão de Débito,Física,134.0,23
830,2026-08-09,15:45,36,Jaqueta X,Jaqueta,Rosa,GG,3,109.13,16.37,311.02,Cartão de Débito,Física,160.0,4
831,2026-07-29,09:15,117,Vestido Premium,Vestido,Cinza,M,3,81.36,0.0,244.08,Dinheiro,Física,434.0,14
832,2026-04-06,10:00,154,Bermuda Básica,Bermuda,Branca,P,3,240.69,0.0,722.07,Dinheiro,Física,569.0,24
833,2026-08-14,16:30,157,Bermuda Básica,Bermuda,Azul,P,1,35.03,0.0,"R$ 35,03",Dinheiro,Física,,5
834,2026-08-27,20:45,60,Blusa Premium,Blusa,Azul,GG,4,177.54,106.52,603.64,Cartão de Crédito,Física,393.0,15
835,2026-09-10,13:00,162,Acessório Esporte,Acessório,Preta,P,3,314.53,0.0,943.59,Dinheiro,Online,587.0,14
836,30-09-2026,16:00,170,Bermuda Premium,Bermuda,Vermelha,GG,2,234.75,0.0,469.5,PIX,Física,253.0,1
837,2026-08-24,13:30,129,Acessório X,Acessório,Branca,M,3,84.81,0.0,254.43,Dinheiro,Online,53.0,18
838,2026-08-13,10:45,56,Camiseta Social,Camiseta,Verde,M,1,252.29,12.61,239.68,Cartão de Débito,Física,233.0,14
839,2026-04-03,18:45,173,Camiseta Esporte,Camiseta,Preta,P,3,183.66,0.0,550.98,PIX,Física,503.0,6
840,2026-09-30,17:00,96,Camiseta Casual,Camiseta,Verde,P,2,307.93,0.0,615.86,PIX,Física,294.0,1
841,2026-03-21,15:15,170,Bermuda Premium,Bermuda,Vermelha,GG,4,234.75,46.95,892.05,PIX,Física,513.0,22
842,2026-06-13,14:45,73404,Jaqueta X,Jaqueta,Rosa,GG,3,109.13,0.0,327.39,Crediário,Física,148.0,2
843,2026-04-13,11:30,36,Jaqueta X,Jaqueta,Rosa,GG,2,109.13,10.91,207.35,Cartão de Débito,Online,276.0,11
844,2026-03-17,16:45,125,Vestido X,Vestido,Verde,M,4,114.2,45.68,411.12,Cartão de Crédito,Online,233.0,4
845,2026-05-17,20:30,34,Blusa Casual,Blusa,Preta,GG,3,206.43,61.93,557.36,PIX,Física,131.0,19
846,2026-07-06,10:00,174,Calça Slim,Calça,Cinza,M,3,34.1,0.0,102.3,Cartão de Débito,Física,149.0,7
847,2026-09-05,16:45,97,Jaqueta Premium,Jaqueta,Rosa,GG,1,161.24,16.12,145.12,Cartão de Crédito,Online,548.0,5
848,2026-04-02,12:00,94,Blusa X,Blusa,Azul,GG,1,310.47,31.05,279.42,Cartão de Débito,Online,72.0,5
849,2026-08-22,16:30,148,Vestido Slim,Vestido,Rosa,G,1,213.53,0.0,213.53,Dinheiro,Online,35.0,24
850,2026-09-15,19:45,174,Calça Slim,Calça,Cinza,M,2,34.1,3.41,64.79,Cartão de Crédito,Física,464.0,25
851,2026-07-13,09:30,177,Camiseta Slim,Camiseta,Vermelha,G,4,63.08,12.62,239.7,cartao credito,Online,425.0,8
852,2026-09-23,16:15,157,Bermuda Básica,Bermuda,Azul,P,4,35.03,7.01,133.11,Dinheiro,Online,569.0,24
853,2026-05-20,21:30,146,Calça Premium,Calça,Branca,GG,2,343.66,34.37,652.95,Dinheiro,Física,492.0,8
854,2026-08-21,11:30,57,Calça Casual,Calça,Verde,GG,2,86.79,8.68,164.9,Cartão de Crédito,Online,445.0,14
855,2026-04-30,20:30,107,Bermuda Slim,Bermuda,Rosa,M,4,304.94,0.0,1219.76,Crediário,Física,302.0,1
856,2026-09-10,20:45,90,Jaqueta Social,Jaqueta,Rosa,M,2,340.94,0.0,681.88,Cartão de Crédito,Física,544.0,18
857,2026-04-07,21:30,33,Camiseta Esporte,Camiseta,Verde,G,4,238.32,0.0,953.28,Cartão de Crédito,Online,,19
858,16/08/2026,14:00,168,Camiseta Slim,Camiseta,Preta,GG,4,50.13,0.0,200.52,Cartão de Crédito,Física,348.0,12
859,2026-07-29,15:00,152,Jaqueta Premium,Jaqueta,Verde,M,1,208.59,0.0,208.59,cartão de débito,Online,304.0,4
860,2026-08-22,20:45,28,Bermuda Premium,Bermuda,Vermelha,GG,4,57.16,22.86,205.78,Cartão de Débito,Online,354.0,8
861,2026-07-04,09:15,3,Vestido Esporte,Vestido,Azul,GG,2,51.13,15.34,86.92,PIX,Online,391.0,13
862,2026-08-22,15:30,59,Blusa Social,Blusa,Verde,M,1,202.64,10.13,192.51,Dinheiro,Física,505.0,11
863,13/07/26,13:45,165,Calça Casual,Calça,Rosa,G,3,158.71,47.61,428.52,Cartão de Crédito,Física,579.0,7
864,2026-05-09,17:45,8,Bermuda Básica,Bermuda,Rosa,P,3,301.95,135.88,769.97,Dinheiro,Física,307.0,3
865,2026-07-13,12:30,179,Calça Social,Calça,Cinza,P,1,214.89,0.0,214.89,Dinheiro,Física,374.0,13
866,2026-04-08,21:15,164,Blusa Premium,Blusa,Preta,G,4,175.34,35.07,666.29,Dinheiro,Online,597.0,1
867,2026-09-12,19:30,176,Vestido Esporte,Vestido,Vermelha,M,2,227.13,0.0,454.26,Cartão de Débito,Física,577.0,19
868,2026-05-19,12:00,145,Bermuda Casual,Bermuda,Azul,GG,2,159.63,47.89,271.37,Crediário,Física,330.0,6
869,2026-06-13,11:45,56,Camiseta Social,Camiseta,Verde,M,4,252.29,100.92,908.24,Cartão de Débito,Online,96.0,18
870,2026-07-23,11:15,56,Camiseta Social,Camiseta,Verde,M,1,252.29,37.84,214.45,Dinheiro,Física,234.0,1
871,2026-06-29,09:45,12,Blusa X,Blusa,Rosa,P,1,258.15,0.0,258.15,Cartão de Crédito,Online,311.0,15
872,2026-03-29,09:30,12,Blusa X,Blusa,Rosa,P,1,258.15,25.82,232.33,Cartão de Crédito,Física,597.0,18
873,2026-07-18,12:30,94,Blusa X,Blusa,Azul,GG,2,310.47,62.09,558.85,PIX,Física,384.0,5
874,23-04-2026,09:00,152,Jaqueta Premium,Jaqueta,Verde,M,3,208.59,0.0,625.77,Cartão de Crédito,Online,495.0,17
875,2026-05-23,13:00,50,Blusa Básica,Blusa,Azul,G,3,124.43,0.0,373.29,Cartão de Débito,Física,525.0,11
876,2026-09-30,17:30,76,Jaqueta X,Jaqueta,Cinza,P,1,291.87,0.0,291.87,Dinheiro,Online,282.0,9
877,2026-08-14,21:30,115,Vestido Básica,Vestido,Vermelha,GG,4,108.11,64.87,367.57,Cartão de Débito,Online,503.0,20
878,2026-07-12,20:15,111,Blusa Esporte,Blusa,Verde,M,2,279.57,55.91,503.23,Crediário,Física,386.0,7
879,2026-03-19,17:45,155,Blusa X,Blusa,Rosa,GG,4,229.95,0.0,919.8,Cartão de Crédito,Física,,8
880,2026-08-20,20:00,159,Calça Social,Calça,Verde,G,1,166.81,8.34,158.47,Cartão de Débito,Online,204.0,10
881,2026-06-17,11:15,31,Vestido Social,Vestido,Azul,GG,3,28.24,4.24,80.48,Dinheiro,Online,176.0,15
882,2026-03-04,14:45,2,Calça Casual,Calça,Verde,M,3,308.53,92.56,833.03,PIX,Online,566.0,1
883,2026-07-31,21:00,175,Jaqueta Slim,Jaqueta,Branca,P,1,111.44,0.0,111.44,Cartão de Débito,Física,91331.0,12
884,2026-07-25,13:00,7,Acessório X,Acessório,Vermelha,GG,1,160.81,24.12,136.69,Dinheiro,Online,470.0,14
885,2026-09-04,15:00,51,Blusa Premium,Blusa,Branca,P,4,122.21,24.44,464.4,Dinheiro,Física,490.0,14
886,2026-06-10,13:00,109,Camiseta Esporte,Camiseta,Branca,GG,2,227.45,45.49,409.41,Cartão de Crédito,Física,445.0,4
887,2026-09-02,10:30,76,Jaqueta X,Jaqueta,Cinza,P,1,291.87,0.0,291.87,Pix,Física,267.0,4
888,2026-03-30, 18:45,98,Acessório Básica,Acessório,Branca,G,4,254.79,0.0,1019.16,Cartão de Débito,Física,431.0,6
889,2026-06-01, 13:45,69,Camiseta Básica,Camiseta,Branca,M,4,71.3,0.0,285.2,Cartão de Crédito,Física,184.0,24
890,2026-04-17,20:00,96,Camiseta Casual,Camiseta,Verde,P,2,307.93,92.38,523.48,Cartão de Crédito,Online,556.0,16
891,2026-08-05,09:45,104,Acessório Premium,Acessório,Rosa,M,4,240.9,0.0,963.6,PIX,Online,201.0,14
892,2026-08-04,15:15,33,Camiseta Esporte,Camiseta,Verde,G,2,238.32,71.5,"R$ 405,14",Cartão de Débito,Física,591.0,8
893,2026-03-10,13:15,36,Jaqueta X,Jaqueta,Rosa,GG,2,109.13,0.0,218.26,Dinheiro,Física,234.0,6
894,2026-05-25,14:15,88,Bermuda X,Bermuda,Rosa,G,4,55.13,0.0,220.52,Cartão de Débito,Física,107.0,22
895,2026-03-04,18:30,27,Camiseta Casual,Camiseta,Vermelha,P,2,287.37,0.0,574.74,Cartão de Crédito,Física,123.0,3
896,2026-08-29,10:30,107,Bermuda Slim,Bermuda,Rosa,M,2,304.94,60.99,548.89,PIX,Online,54.0,12
897,2026-03-11,15:15,8,Bermuda Básica,Bermuda,Rosa,P,3,301.95,0.0,905.85,PIX,Online,295.0,1
898,2026-08-20,17:00  ,97,Jaqueta Premium,Jaqueta,Rosa,GG,1,161.24,0.0,161.24,PIX,Física,541.0,1
899,2026-06-03,19:15,121,Acessório Básica,Acessório,Vermelha,GG,4,127.53,25.51,484.61,Crediário,Online,354.0,5
900,2026-07-11,16:45,51,Blusa Premium,Blusa,Branca,P,3,122.21,18.33,348.3,Cartão De Crédito,Online,357.0,25
901,2026-08-14,09:45,127,Bermuda X,Bermuda,Azul,M,3,269.31,0.0,807.93,PIX,Física,273.0,7
902,2026-07-16,09:00,26,Jaqueta Esporte,Jaqueta,Verde,P,2,204.58,40.92,368.24,Cartão de Crédito,Online,353.0,7
903,2026-09-03,21:30,129,Acessório X,Acessório,Branca,M,1,84.81,0.0,84.81,Cartão de Débito,Física,592.0,3
904,2026-04-16, 15:15,84,Blusa X,Blusa,Branca,M,4,91.15,18.23,346.37,PIX,Online,474.0,21
905,2026-07-11,19:00,147,Calça Premium,Calça,Preta,P,2,176.07,0.0,352.14,Cartão de Crédito,Online,86.0,14
906,2026-08-29,12:45,114,Camiseta Social,Camiseta,Verde,GG,3,330.12,99.04,891.32,PIX,Online,495.0,3
907,2026-07-11,13:30,134,Bermuda Básica,Bermuda,Rosa,GG,2,59.5,5.95,113.05,Cartão de Débito,Física,311.0,4
908,2026-07-16,15:30,62,Jaqueta Social,Jaqueta,Rosa,M,2,66.35,0.0,132.7,Dinheiro,Online,482.0,8
909,2026-06-09,17:45,16,Bermuda Esporte,Bermuda,Branca,M,2,242.53,0.0,485.06,Crediário,Física,178.0,12
910,04/08/2026,13:30,36,Jaqueta X,Jaqueta,Rosa,GG,1,109.13,0.0,109.13,Cartão de Crédito,Física,486.0,6
911,2026-05-23,12:45,87,Camiseta Casual,Camiseta,Cinza,P,4,273.14,109.26,983.3,PIX,Física,567.0,18
912,2026-06-30,21:30,143,Bermuda Casual,Bermuda,Rosa,G,4,113.47,68.08,385.8,Cartão de Débito,Online,86.0,6
913,2026-05-01,11:30,90,Jaqueta Social,Jaqueta,Rosa,M,3,340.94,0.0,"1.022,82",PIX,Física,121.0,23
914,2026-07-01,20:30,112,Bermuda Premium,Bermuda,Rosa,GG,2,93.18,18.64,167.72,Cartão de Crédito,Física,,23
915,2026-03-11,09:45,132,Acessório Esporte,Acessório,Rosa,P,3,45.67,6.85,130.16,Cartão de Débito,Online,448.0,17
916,2026-08-14,21:30,54,Bermuda Social,Bermuda,Cinza,G,2,115.21,34.56,195.86,Cartão de Débito,Física,519.0,25
917,2026-08-09,19:15,107,Bermuda Slim,Bermuda,Rosa,M,1,304.94,30.49,274.45,Cartão de Débito,Online,597.0,25
918,2026-09-19,21:15,79,Vestido Slim,Vestido,Verde,GG,4,29.96,0.0,119.84,PIX,Física,113.0,14
919,2026-04-17,18:15,43,Bermuda Premium,Bermuda,Preta,GG,4,144.6,718.923864545645,520.56,Dinheiro,Online,207.0,25
920,2026-04-09,18:45,141,Bermuda Slim,Bermuda,Vermelha,GG,3,162.9,73.31,415.39,Dinheiro,Online,543.0,5
921,2026-09-14,10:45,24,Blusa Esporte,Blusa,Preta,M,1,315.76,47.36,268.4,Cartão De Crédito,Física,415.0,5
922,2026-09-07,10:00,146,Calça Premium,Calça,Branca,GG,2,343.66,0.0,687.32,Cartão de Crédito,Física,102.0,4
923,2026-04-05,12:30  ,54,Bermuda Social,Bermuda,Cinza,G,2,115.21,23.04,207.38,Dinheiro,Online,236.0,20
924,2026-09-14,17:15,142,Vestido Esporte,Vestido,Branca,GG,2,142.68,42.8,242.56,pix,Física,334.0,6
925,2026-07-17,12:30,149,Vestido Básica,Vestido,Cinza,GG,2,67.2,0.0,134.4,PIX,Física,112.0,11
926,2026-08-25,13:15,9,Acessório X,Acessório,Preta,M,1,51.84,7.78,44.06,PIX,Online,208.0,18
927,2026-09-25,16:00,43,Bermuda Premium,Bermuda,Preta,GG,3,144.6,0.0,433.8,Cartão de Débito,Física,459.0,9
928,2026-08-21,16:15,86,Blusa Social,Blusa,Azul,P,1,56.25,5.62,50.63,PIX,Física,389.0,25
929,2026-07-01,16:30,83,Bermuda Básica,Bermuda,Cinza,M,4,344.51,0.0,1378.04,Cartão de Débito,Online,5.0,24
930,2026-05-02,16:00,86,Blusa Social,Blusa,Azul,P,1,56.25,0.0,56.25,Cartão de Crédito,Online,104.0,21
931,2026-05-20,19:00,143,Bermuda Casual,Bermuda,Rosa,G,3,113.47,34.04,306.37,PIX,Física,404.0,5
932,2026-04-08,15:30,26,Jaqueta Esporte,Jaqueta,Verde,P,3,204.58,61.37,552.37,Cartão de Débito,Física,201.0,5
933,2026-07-12,11:00,52,Vestido Básica,Vestido,Vermelha,G,3,334.95,50.24,954.61,Cartão de Débito,Online,125.0,9
934,2026-08-09,21:15,16,Bermuda Esporte,Bermuda,Branca,M,3,242.53,72.76,654.83,Cartão de Crédito,Física,216.0,18
935,2026-04-19,15:30,113,Jaqueta Premium,Jaqueta,Rosa,M,4,196.9,0.0,787.6,Cartão de Débito,Online,377.0,6
936,2026-07-13,19:15,55,Vestido Premium,Vestido,Branca,M,1,126.12,0.0,126.12,Cartão de Crédito,Online,111.0,4
937,2026-08-09,20:30,68078,Acessório Esporte,Acessório,Verde,M,4,142.1,0.0,568.4,cartão de débito,Física,149.0,16
938,2026-08-06,18:30,155,Blusa X,Blusa,Rosa,GG,3,229.95,103.48,586.37,Cartão de Crédito,Física,136.0,9
939,2026-05-25,19:30,25,Calça Básica,Calça,Rosa,GG,2,346.73,104.02,589.44,Cartão de Débito,Física,50.0,10
940,2026-08-27,19:15,10,Camiseta Social,Camiseta,Azul,G,1,281.48,28.15,253.33,Cartão de Débito,Online,365.0,22
941,2026-03-26,18:00,157,Bermuda Básica,Bermuda,Azul,P,1,35.03,0.0,35.03,Cartão de Débito,Online,,2
942,2026-08-11,17:00,171,Blusa Casual,Blusa,Verde,M,1,139.15,20.87,118.28,Cartão de Débito,Online,570.0,8
943,2026-08-21,14:00,18,Acessório Básica,Acessório,Azul,M,2,242.78,72.83,412.73,Cartão de Débito,Online,398.0,19
944,2026-09-08,19:45,124,Camiseta Social,Camiseta,Branca,M,2,31.01,3.1,58.92,Cartão de Crédito,Online,101.0,23
945,2026-06-19,21:00,167,Jaqueta Slim,Jaqueta,Branca,G,4,219.14,0.0,876.56,Cartão de Débito,Física,572.0,3
946,2026-05-24,18:45,45,Jaqueta Social,Jaqueta,Preta,P,3,105.9,0.0,317.7,PIX,Física,104.0,2
947,2026-08-23,17:00,66,Vestido Básica,Vestido,Preta,GG,4,195.93,0.0,783.72,Cartão de Débito,Física,282.0,9
948,2026-04-18,09:15,49,Calça Esporte,Calça,Preta,P,2,264.21,0.0,528.42,Cartão de Débito,Física,240.0,14
949,2026-09-19,17:30,71,Acessório Premium,Acessório,Rosa,GG,2,227.52,68.26,386.78,PIX,Online,425.0,14
950,2026-07-22,12:15,162,Acessório Esporte,Acessório,Preta,P,1,314.53,0.0,314.53,PIX,Física,10.0,1
951,2026-06-21,16:45,113,Jaqueta Premium,Jaqueta,Rosa,M,1,196.9,29.54,167.36,Cartão de Débito,Online,406.0,13
952,2026-06-19,14:45,63,Bermuda Social,Bermuda,Azul,M,2,250.51,75.15,425.87,Cartão de Débito,Online,,5
953,2026-07-21,21:15,54,Bermuda Social,Bermuda,Cinza,G,2,115.21,11.52,218.9,Cartão de Débito,Online,260.0,24
954,2026-08-10,12:15,92,Vestido Básica,Vestido,Cinza,G,3,146.37,21.96,417.15,PIX,Física,431.0,16
955,2026-05-17,13:30,78,Acessório Básica,Acessório,Cinza,GG,4,138.63,83.18,471.34,Cartão de Débito,Física,47.0,4
956,2026-04-07,17:15,117,Vestido Premium,Vestido,Cinza,M,4,81.36,48.82,276.62,Crediário,Física,117.0,22
957,2026-05-19,18:15,134,Bermuda Básica,Bermuda,Rosa,GG,4,59.5,0.0,238.0,Dinheiro,Online,567.0,1
958,2026-08-27,14:15,5,Jaqueta Básica,Jaqueta,Preta,GG,3,235.61,0.0,706.83,Dinheiro,Online,402.0,15
959,2026-09-12,20:45,27,Camiseta Casual,Camiseta,Vermelha,P,2,287.37,28.74,546.0,Dinheiro,Física,529.0,19
960,2026-07-04,19:00,21,Bermuda Social,Bermuda,Branca,GG,4,301.4,60.28,1145.32,PIX,Online,61.0,5
961,2026-07-07,19:15,84,Blusa X,Blusa,Branca,M,3,91.15,0.0,273.45,Cartão de Crédito,Física,168.0,13
962,2026-07-29,18:30,48,Camiseta Básica,Camiseta,Cinza,GG,4,63.03,0.0,252.12,Dinheiro,Física,64.0,3
963,2026-07-05,12:00,113,Jaqueta Premium,Jaqueta,Rosa,M,2,196.9,39.38,354.42,Cartão de Crédito,Online,4.0,11
964,2026-08-17,11:30,65,Jaqueta Casual,Jaqueta,Branca,G,2,232.93,23.29,442.57,Dinheiro,Física,417.0,24
965,2026-08-30,19:15,144,Blusa X,Blusa,Verde,G,3,297.99,0.0,893.97,Cartão de Crédito,Online,408.0,10
966,2026-03-15,21:30,99,Camiseta Slim,Camiseta,Rosa,G,3,178.5,26.78,508.72,cartão de crédito,Física,200.0,12
967,2026-05-05,20:00,77,Blusa Básica,Blusa,Preta,M,1,29.9,0.0,29.9,Cartão de Crédito,Física,115.0,9
968,2026-04-04,20:00,123,Camiseta Básica,Camiseta,Preta,P,4,195.44,78.18,703.58,Cartão de Crédito,Online,529.0,22
969,2026-06-20,19:00,112,Bermuda Premium,Bermuda,Rosa,GG,2,93.18,18.64,167.72,Dinheiro,Física,131.0,5
970,2026-07-17,18:15,124,Camiseta Social,Camiseta,Branca,M,4,31.01,12.4,111.64,Crediário,Online,355.0,13
971,2026-05-22,16:15,85,Calça X,Calça,Cinza,G,0,287.08,28.71,545.45,DINHEIRO,Física,519.0,21
972,2026-07-14,15:45,163,Blusa Esporte,Blusa,Rosa,GG,3,291.86,87.56,788.02,Cartão de Crédito,Física,503.0,12
973,2026-09-14,09:00,130,Bermuda Slim,Bermuda,Verde,G,1,139.82,0.0,139.82,Crediário,Online,88.0,15
974,2026-09-28,19:00,162,Acessório Esporte,Acessório,Preta,P,4,314.53,0.0,1258.12,Cartão de Débito,Física,332.0,25
975,2026-09-14,19:30,152,Jaqueta Premium,Jaqueta,Verde,M,4,208.59,0.0,834.36,Cartão de Débito,Online,148.0,14
976,2026-05-13,21:00,123,Camiseta Básica,Camiseta,Preta,P,2,195.44,39.09,351.79,Cartão de Crédito,Física,279.0,22
977,2026-05-27,17:30,142,Vestido Esporte,Vestido,Branca,GG,1,142.68,7.13,135.55,Cartão de Débito,Física,451.0,10
978,2026-05-26,14:15,86,Blusa Social,Blusa,Azul,P,1,56.25,0.0,56.25,PIX,Online,248.0,1
979,2026-04-13,21:00,113,Jaqueta Premium,Jaqueta,Rosa,M,1,196.9,9.85,187.05,Cartão de Crédito,Online,,7
980,2026-06-28,12:15,28,Bermuda Premium,Bermuda,Vermelha,GG,4,57.16,0.0,228.64,Crediário,Online,189.0,17
981,2026-08-31,11:45,70,Vestido Slim,Vestido,Verde,G,4,304.38,0.0,1217.52,PIX,Online,236.0,8
982,2026-05-28,17:15,82,Bermuda Social,Bermuda,Azul,M,1,325.21,0.0,325.21,Cartão de Débito,Online,413.0,4
983,2026-05-13,20:45,134,Bermuda Básica,Bermuda,Rosa,GG,3,59.5,8.93,169.57,Dinheiro,Online,,14
984,2026-06-27,16:45,124,Camiseta Social,Camiseta,Branca,M,1,31.01,0.0,31.01,Cartão de Crédito,Online,388.0,25
985,2026-09-06,20:45,43,Bermuda Premium,Bermuda,Preta,GG,2,144.6,0.0,"R$ 289,20",Cartão de Crédito,Online,551.0,3
986,2026-04-12,11:30,176,Vestido Esporte,Vestido,Vermelha,M,3,227.13,68.14,613.25,Cartão de Débito,Física,595.0,17
987,2026-04-02,21:15,136,Bermuda Slim,Bermuda,Verde,P,3,232.34,104.55,592.47,Cartão de Crédito,Física,430.0,19
988,2026-05-15,20:30,18,Acessório Básica,Acessório,Azul,M,3,242.78,0.0,"R$ 728,34",Dinheiro,Online,380.0,12
989,2026-09-30,10:15,18,Acessório Básica,Acessório,Azul,M,2,242.78,0.0,485.56,Cartão de Crédito,Física,182.0,16
990,2026-03-26,17:45,169,Camiseta Premium,Camiseta,Branca,GG,4,137.47,0.0,549.88,PIX,Online,543.0,7
991,2026-08-02,17:00,35,Blusa Premium,Blusa,Preta,P,2,314.35,31.44,597.26,Cartão de Crédito,Online,486.0,7
992,2026-07-27,16:45,173,Camiseta Esporte,Camiseta,Preta,P,4,183.66,0.0,734.64,Cartão de Crédito,Física,35.0,23
993,2026-07-29,18:45,114,Camiseta Social,Camiseta,Verde,GG,4,330.12,66.02,"1.254,46",Dinheiro,Online,24.0,25
994,2026-05-25,19:45,151,Vestido Social,Vestido,Cinza,P,1,305.13,45.77,259.36,Crediário,Física,219.0,5
995,2026-07-17,09:15,147,Calça Premium,Calça,Preta,P,2,176.07,35.21,"316,93",Cartão de Débito,Online,89.0,4
996,2026-04-26,17:45,103,Acessório Esporte,Acessório,Verde,M,4,142.1,28.42,539.98,Dinheiro,Física,,15
997,2026-08-08,19:30,87,Camiseta Casual,Camiseta,Cinza,P,4,273.14,0.0,1092.56,Cartão de Débito,Online,577.0,12
998,2026-06-09,12:00,177,Camiseta Slim,Camiseta,Vermelha,G,1,63.08,0.0,63.08,Cartão de Crédito,Física,169.0,11
999,2026-05-03,11:00,21,Bermuda Social,Bermuda,Branca,GG,1,301.4,15.07,286.33,Cartão de Débito,Física,483.0,24
1000,2026-08-10,10:30,157,Bermuda Básica,Bermuda,Azul,P,2,35.03,3.5,66.56,PIX,Física,89.0,18
1001,2026-03-19,09:00,21,Bermuda Social,Bermuda,Branca,GG,1,301.4,0.0,301.4,Cartão de Débito,Física,147.0,4
1002,2026-08-24,19:15,90,Jaqueta Social,Jaqueta,Rosa,M,2,340.94,0.0,681.88,PIX,Online,75.0,24
1003,22-03-2026,09:15,135,Bermuda Básica,Bermuda,Cinza,M,2,74.1,0.0,148.2,PIX,Online,49.0,8
1004,2026-09-05,20:45,94,Blusa X,Blusa,Azul,GG,1,310.47,31.05,279.42,PIX,Física,,23
1005,2026-09-28,17:30,111,Blusa Esporte,Blusa,Verde,M,2,279.57,27.96,531.18,Cartão de Débito,Online,513.0,16
1006,2026-04-28,11:45,159,Calça Social,Calça,Verde,G,1,166.81,0.0,166.81,PIX,Online,508.0,2
1007,2026-05-03,09:15,124,Camiseta Social,Camiseta,Branca,M,4,31.01,0.0,124.04,Cartão de Crédito,Física,,10
1008,2026-09-03,16:15,22,Bermuda Social,Bermuda,Vermelha,GG,2,213.75,42.75,384.75,Cartão de Crédito,Física,556.0,2
1009,2026-08-07,16:15,25,Calça Básica,Calça,Rosa,GG,1,346.73,0.0,346.73,Cartão de Crédito,Física,509.0,7
1010,2026-06-07,20:45,159,Calça Social,Calça,Verde,G,3,166.81,25.02,475.41,PIX,Física,,13
1011,2026-05-20,20:15,83,Bermuda Básica,Bermuda,Cinza,M,1,344.51,0.0,344.51,Cartão de Débito,Física,439.0,12
1012,2026-05-08,19:00,30,Vestido Esporte,Vestido,Vermelha,G,2,244.92,0.0,489.84,Crediário,Online,368.0,6
1013,2026-06-24,21:45,35,Blusa Premium,Blusa,Preta,P,4,314.35,0.0,1257.4,PIX,Física,,12
1014,2026-07-08,18:30,70,Vestido Slim,Vestido,Verde,G,3,304.38,0.0,913.14,PIX,Física,55.0,2
1015,2026-05-24,18:45,82,Bermuda Social,Bermuda,Azul,M,3,325.21,48.78,926.85,Crediário,Online,50.0,23
1016,2026-08-10,19:15,152,Jaqueta Premium,Jaqueta,Verde,M,4,208.59,0.0,834.36,Cartão de Crédito,Física,435.0,17
1017,2026-08-30,20:30,153,Bermuda Social,Bermuda,Cinza,G,1,75.2,0.0,75.2,Crediário,Online,470.0,22
1018,2026-06-23,10:00,123,Camiseta Básica,Camiseta,Preta,P,2,195.44,19.54,"371,34",Cartão de Crédito,Online,383.0,18
1019,2026-04-24,12:00,1,Blusa Premium,Blusa,Cinza,G,2,318.6,63.72,573.48,Dinheiro,Física,126.0,24
1020,2026-05-05,15:15,4,Acessório Básica,Acessório,Vermelha,G,3,81.82,0.0,245.46,Cartão de Débito,Física,114.0,19
1021,2026-06-02,11:00,36,Jaqueta X,Jaqueta,Rosa,GG,1,109.13,16.37,92.76,Cartão de Débito,Online,106.0,12
1022,2026-03-27,10:00,56,Camiseta Social,Camiseta,Verde,M,1,252.29,0.0,252.29,Cartão de Débito,Online,534.0,6
1023,2026-03-10,19:15,20,Blusa Básica,Blusa,Branca,M,3,212.5,0.0,637.5,PIX,Online,463.0,21
1024,2026-09-21,13:45,109,Camiseta Esporte,Camiseta,Branca,GG,2,227.45,45.49,409.41,Dinheiro,Online,581.0,22
1025,2026-09-15,17:30,31,Vestido Social,Vestido,Azul,GG,1,28.24,0.0,28.24,PIX,Online,489.0,18
1026,2026-09-14,21:30,150,Camiseta Casual,Camiseta,Cinza,GG,3,216.84,0.0,650.52,PIX,Online,381.0,23
1027,2026-05-21,10:00,98,Acessório Básica,Acessório,Branca,G,3,254.79,0.0,"R$ 764,37",Cartão de Débito,Física,475.0,18
1028,2026-06-07,18:30,69,Camiseta Básica,Camiseta,Branca,M,2,71.3,7.13,135.47,Cartão de Crédito,Física,249.0,15
1029,2026-07-04,09:45,174,Calça Slim,Calça,Cinza,M,4,34.1,13.64,122.76,Cartão de Débito,Online,322.0,24
1030,2026-07-23,20:30,52,Vestido Básica,Vestido,Vermelha,G,1,334.95,33.49,301.46,PIX,Física,282.0,10
1031,2026-03-01,18:15,149,Vestido Básica,Vestido,Cinza,GG,1,67.2,6.72,60.48,Cartão de Crédito,Física,58.0,11
1032,2026-09-20,18:30,136,Bermuda Slim,Bermuda,Verde,P,1,232.34,23.23,209.11,CARTÃO DE DÉBITO,Online,377.0,6
1033,2026-08-10,20:00,150,Camiseta Casual,Camiseta,Cinza,GG,3,216.84,0.0,650.52,Cartão de Crédito,Física,566.0,18
1034,2026-09-14,19:45,163,Blusa Esporte,Blusa,Rosa,GG,4,291.86,0.0,1167.44,Cartão de Crédito,Online,128.0,6
1035,2026-03-04,20:30,170,Bermuda Premium,Bermuda,Vermelha,GG,3,234.75,0.0,704.25,Dinheiro,Física,546.0,12
1036,2026-08-08,11:45,82,Bermuda Social,Bermuda,Azul,M,4,325.21,0.0,1300.84,Cartão de Crédito,Online,114.0,14
1037,2026-08-18,21:30,99,Camiseta Slim,Camiseta,Rosa,G,4,178.5,35.7,678.3,Dinheiro,Física,35.0,24
1038,2026-06-21,13:45,118,Bermuda Premium,Bermuda,Verde,G,2,289.27,86.78,491.76,PIX,Online,171.0,15
1039,2026-05-30,18:45,164,Blusa Premium,Blusa,Preta,G,1,175.34,8.77,166.57,PIX,Física,563.0,16
1040,2026-06-21,10:15,169,Camiseta Premium,Camiseta,Branca,GG,2,137.47,0.0,274.94,Cartão de Débito,Física,150.0,6
1041,2026-09-24,14:45,81,Calça Básica,Calça,Rosa,G,2,188.91,56.67,321.15,Cartão de Crédito,Online,230.0,4
1042,2026-08-08,18:45,85,Calça X,Calça,Cinza,G,1,287.08,14.35,272.73,PIX,Online,299.0,4
1043,2026-09-09,14:15,118,Bermuda Premium,Bermuda,Verde,G,1,289.27,0.0,289.27,PIX,Online,259.0,21
1044,2026-05-26,15:00,173,Camiseta Esporte,Camiseta,Preta,P,1,183.66,18.37,165.29,Cartão de Crédito,Física,319.0,8
1045,21/04/2026,12:00,153,Bermuda Social,Bermuda,Cinza,G,3,75.2,0.0,225.6,Crediário,Física,219.0,16
1046,2026-03-04,21:15,20,Blusa Básica,Blusa,Branca,M,3,212.5,63.75,"R$ 573,75",PIX,Online,206.0,4
1047,2026-06-04,16:30,169,Camiseta Premium,Camiseta,Branca,GG,4,137.47,0.0,549.88,Cartão de Crédito,Física,588.0,13
1048,2026-07-13,15:45,151,Vestido Social,Vestido,Cinza,P,4,305.13,61.03,1159.49,Cartão de Débito,Física,398.0,12
1049,2026-05-23,18:15,114,Camiseta Social,Camiseta,Verde,GG,2,330.12,0.0,660.24,Cartão de Crédito,Física,160.0,4
1050,2026-04-29,09:00,147,Calça Premium,Calça,Preta,P,4,176.07,35.21,669.07,Cartão de Crédito,Física,,11
1051,2026-09-28,11:45,176,Vestido Esporte,Vestido,Vermelha,M,2,227.13,0.0,454.26,Cartão de Débito,Física,328.0,17
1052,2026-09-24,13:00,65,Jaqueta Casual,Jaqueta,Branca,G,1,232.93,23.29,209.64,Cartão De Débito,Online,110.0,14
1053,2026-08-01, 17:15,27,Camiseta Casual,Camiseta,Vermelha,P,1,287.37,28.74,258.63,Cartão de Débito,Online,427.0,2
1054,2026-04-26,17:30,87,Camiseta Casual,Camiseta,Cinza,P,3,273.14,0.0,819.42,Cartão de Crédito,Física,283.0,11
1055,30-06-2026,12:15,36,Jaqueta X,Jaqueta,Rosa,GG,1,109.13,0.0,109.13,Cartão de Crédito,Física,480.0,10
1056,2026-03-04,12:30,68,Acessório Casual,Acessório,Branca,P,4,212.83,0.0,851.32,Cartão de Débito,Online,158.0,24
1057,2026-04-20,17:15,11,Calça Básica,Calça,Verde,G,2,112.35,33.7,191.0,Crediário,Física,54.0,3
1058,2026-04-02,09:00,127,Bermuda X,Bermuda,Azul,M,2,269.31,0.0,538.62,Cartão de Crédito,Online,,20
1059,2026-09-05,09:45,83,Bermuda Básica,Bermuda,Cinza,M,2,344.51,0.0,689.02,Cartão de Débito,Online,277.0,19
1060,2026-03-20,15:00,113,Jaqueta Premium,Jaqueta,Rosa,M,4,196.9,0.0,787.6,PIX,Online,565.0,16
1061,2026-08-08,18:45,73,Calça X,Calça,Azul,M,4,313.28,0.0,1253.12,Cartão de Débito,Física,189.0,14
1062,2026-05-30,10:30,44,Acessório Esporte,Acessório,Preta,M,3,211.07,31.66,601.55,Crediário,Online,235.0,6
1063,2026-04-04,11:45,118,Bermuda Premium,Bermuda,Verde,G,4,289.27,173.56,983.52,Dinheiro,Física,594.0,6
1064,2026-03-29,20:00,164,Blusa Premium,Blusa,Preta,G,1,175.34,0.0,175.34,Cartão de Débito,Online,54.0,1
1065,2026-06-14,09:00,118,Bermuda Premium,Bermuda,Verde,G,2,289.27,0.0,578.54,Cartão de Débito,Física,519.0,3
1066,2026-09-23,11:45,42,Calça Casual,Calça,Verde,G,2,245.94,73.78,418.1,Dinheiro,Física,191.0,7
1067,2026-07-12,15:15,56,Camiseta Social,Camiseta,Verde,M,3,252.29,0.0,756.87,Cartão de Débito,Física,104.0,14
1068,2026-07-15,15:15,161,Camiseta X,Camiseta,Branca,GG,3,168.83,25.32,481.17,Dinheiro,Online,140.0,18
1069,2026-03-20,09:45,27,Camiseta Casual,Camiseta,Vermelha,P,1,287.37,14.37,273.0,Cartão de Débito,Física,210.0,6
1070,2026-08-14,18:45,132,Acessório Esporte,Acessório,Rosa,P,1,45.67,0.0,45.67,Cartão de Débito,Online,258.0,13
1071,2026-07-23,20:00,88,Bermuda X,Bermuda,Rosa,G,2,55.13,11.03,99.23,Cartão de Débito,Online,,9
1072,2026-03-21,18:15,19,Calça Casual,Calça,Rosa,P,1,165.92,0.0,165.92,Cartão de Débito,Online,370.0,22
1073,20-06-2026,12:15,25,Calça Básica,Calça,Rosa,GG,3,346.73,52.01,988.18,Cartão de Crédito,Física,482.0,5
1074,2026-06-11,15:00,156,Calça Esporte,Calça,Cinza,P,3,179.11,0.0,537.33,Cartão de Débito,Online,571.0,22
1075,2026-08-08,19:45,104,Acessório Premium,Acessório,Rosa,M,1,240.9,36.14,204.76,PIX,Online,457.0,10
1076,2026-08-26,14:30,7,Acessório X,Acessório,Vermelha,GG,4,160.81,0.0,643.24,Cartão de Crédito,Online,382.0,19
1077,2026-03-23,17:45,176,Vestido Esporte,Vestido,Vermelha,M,2,227.13,45.43,408.83,Cartão de Crédito,Online,218.0,25
1078,2026-05-19,19:45,39,Blusa X,Blusa,Vermelha,P,2,80.38,24.11,136.65,PIX,Online,256.0,13
1079,2026-07-10,15:00,14,Bermuda Esporte,Bermuda,Verde,GG,1,113.16,0.0,113.16,Dinheiro,Física,287.0,5
1080,2026-04-04,20:00,85,Calça X,Calça,Cinza,G,3,287.08,43.06,818.18,Dinheiro,Online,56.0,8
1081,2026-07-17,15:45,57,Calça Casual,Calça,Verde,GG,3,86.79,0.0,260.37,PIX,Física,547.0,12
1082,2026-05-10,18:45,125,Vestido X,Vestido,Verde,M,1,114.2,17.13,97.07,Cartão de Débito,Física,190.0,4
1083,2026-04-07,16:00,23,Calça Social,Calça,Preta,GG,1,181.44,18.14,163.3,Cartão de Crédito,Física,122.0,24
1084,2026-05-29,19:15  ,173,Camiseta Esporte,Camiseta,Preta,P,1,183.66,27.55,156.11,Crediário,Física,281.0,14
1085,2026-08-06,21:15,143,Bermuda Casual,Bermuda,Rosa,G,4,113.47,22.69,431.19,Dinheiro,Física,20.0,14
1086,2026-07-19,16:30,11,Calça Básica,Calça,Verde,G,4,112.35,67.41,381.99,Cartão de Crédito,Física,7.0,16
1087,2026-06-24,21:00,133,Jaqueta Social,Jaqueta,Branca,P,4,168.42,0.0,673.68,Cartão de Crédito,Online,262.0,23
1088,2026-04-23,13:15,100,Calça Social,Calça,Preta,M,1,133.29,19.99,113.3,Cartão de Débito,Online,200.0,2
1089,2026-09-13,16:45,99,Camiseta Slim,Camiseta,Rosa,G,4,178.5,0.0,"R$ 714,00",Cartão de Crédito,Física,502.0,16
1090,2026-05-03,17:00,69,Camiseta Básica,Camiseta,Branca,M,2,71.3,14.26,128.34,Cartão de Débito,Física,311.0,20
1091,2026-05-06,19:30,12787,Bermuda Social,Bermuda,Cinza,G,4,115.21,46.08,414.76,Cartão de Crédito,Física,258.0,21
1092,2026-08-22,12:45,145,Bermuda Casual,Bermuda,Azul,GG,4,159.63,0.0,638.52,Dinheiro,Online,363.0,5
1093,2026-05-19,18:00,123,Camiseta Básica,Camiseta,Preta,P,2,195.44,0.0,390.88,PIX,Física,125.0,11
1094,2026-03-06,17:00,50,Blusa Básica,Blusa,Azul,G,1,124.43,0.0,124.43,Cartão de Débito,Física,126.0,3
1095,2026-06-08,17:30,105,Calça Premium,Calça,Vermelha,GG,4,53.58,0.0,214.32,Cartão de Crédito,Física,415.0,21
1096,2026-06-22, 16:30,21,Bermuda Social,Bermuda,Branca,GG,2,301.4,30.14,572.66,Cartão de Crédito,Online,433.0,25
1097,2026-08-07,18:45,119,Calça Esporte,Calça,Branca,P,2,331.07,0.0,662.14,Dinheiro,Física,321.0,21
1098,2026-05-12,12:00,84,Blusa X,Blusa,Branca,M,2,91.15,18.23,164.07,Cartão de Crédito,Online,351.0,7
1099,2026-06-05,13:45,114,Camiseta Social,Camiseta,Verde,GG,2,330.12,66.02,594.22,Cartão de Crédito,Física,517.0,7
1100,2026-09-19,17:45,131,Jaqueta X,Jaqueta,Azul,P,4,192.39,76.96,692.6,Cartão de Débito,Física,149.0,14
1101,2026-04-08,11:00,118,Bermuda Premium,Bermuda,Verde,G,2,289.27,86.78,491.76,Cartão de Crédito,Online,63.0,20
1102,2026-09-19,14:15,70,Vestido Slim,Vestido,Verde,G,4,304.38,121.75,1095.77,Cartão de Débito,Física,497.0,12
1103,2026-03-04,11:45,93,Calça Slim,Calça,Azul,G,4,328.53,0.0,1314.12,Dinheiro,Física,233.0,12
1104,18-03-2026,14:30,40,Jaqueta Premium,Jaqueta,Branca,G,1,59.14,0.0,59.14,Crediário,Física,219.0,16
1105,2026-05-02,20:45,12,Blusa X,Blusa,Rosa,P,2,258.15,0.0,516.3,Cartão de Crédito,Física,,23
1106,2026-09-27,19:15,7,Acessório X,Acessório,Vermelha,GG,3,160.81,72.36,410.07,PIX,Física,145.0,8
1107,2026-09-06,19:15,122,Calça Social,Calça,Azul,M,3,77.6,11.64,221.16,Dinheiro,Física,439.0,21
1108,2026-06-15, 20:30,35,Blusa Premium,Blusa,Preta,P,3,314.35,0.0,943.05,Cartão de Crédito,Física,506.0,16
1109,2026-05-16,12:30,167,Jaqueta Slim,Jaqueta,Branca,G,2,219.14,0.0,438.28,Cartão de Débito,Online,64974.0,11
1110,2026-04-01,09:15,124,Camiseta Social,Camiseta,Branca,M,3,31.01,109.21411404692948,79.08,PIX,Online,308.0,8
1111,2026-04-13,21:30,37841,Acessório Básica,Acessório,Vermelha,GG,1,127.53,12.75,114.78,Cartão de Débito,Online,422.0,9
1112,2026-03-16,15:00,156,Calça Esporte,Calça,Cinza,P,4,179.11,0.0,716.44,Crediário,Física,,21
1113,2026-09-25,17:00,84,Blusa X,Blusa,Branca,M,4,91.15,18.23,346.37,Cartão de Crédito,Online,510.0,6
1114,2026-03-15,12:15,18,Acessório Básica,Acessório,Azul,M,3,242.78,0.0,728.34,Cartão de Crédito,Física,119.0,11
1115,2026-08-20,16:15,100,Calça Social,Calça,Preta,M,4,133.29,0.0,533.16,Crediário,Online,217.0,11
1116,2026-03-09,19:00,16,Bermuda Esporte,Bermuda,Branca,M,2,242.53,0.0,485.06,Dinheiro,Física,168.0,10
1117,2026-08-28,15:15,43,Bermuda Premium,Bermuda,Preta,GG,2,144.6,0.0,289.2,Dinheiro,Online,141.0,12
1118,2026-04-20,16:00,120,Camiseta Básica,Camiseta,Rosa,G,4,304.19,0.0,1216.76,Cartão de Débito,Física,85.0,17
1119,2026-06-16,19:30,123,Camiseta Básica,Camiseta,Preta,P,2,195.44,0.0,390.88,Cartão de Débito,Online,332.0,15
1120,2026-03-10,13:15,37,Acessório Premium,Acessório,Rosa,G,1,281.93,0.0,"R$ 281,93",Cartão de Débito,Online,35.0,4
1121,2026-04-27,10:45,165,Calça Casual,Calça,Rosa,G,4,158.71,63.48,571.36,PIX,Online,554.0,18
1122,2026-04-27,13:30,53,Jaqueta Casual,Jaqueta,Branca,P,4,203.54,122.12,692.04,Cartão de Débito,Física,383.0,9
1123,2026-09-23,10:45,91,Acessório Casual,Acessório,Rosa,M,1,274.86,41.23,233.63,Cartão de Crédito,Online,319.0,21
1124,2026-03-10,15:15,6,Acessório Casual,Acessório,Rosa,GG,2,309.17,0.0,618.34,Crediário,Online,351.0,8
1125,2026-03-07,14:15,159,Calça Social,Calça,Verde,G,4,166.81,100.09,567.15,Cartão de Débito,Online,28.0,3
1126,2026-06-22,18:15,122,Calça Social,Calça,Azul,M,1,77.6,7.76,69.84,PIX,Física,557.0,17
1127,2026-05-26,18:30,66,Vestido Básica,Vestido,Preta,GG,1,195.93,19.59,176.34,PIX,Online,10.0,7
1128,2026-05-17,10:30,8,Bermuda Básica,Bermuda,Rosa,P,2,301.95,0.0,603.9,Dinheiro,Online,273.0,9
1129,2026-04-16,19:30,9,Acessório X,Acessório,Preta,M,1,51.84,0.0,51.84,Cartão de Crédito,Online,320.0,17
1130,2026-04-25,20:00,121,Acessório Básica,Acessório,Vermelha,GG,3,127.53,38.26,344.33,Cartão de Débito,Online,71.0,8
1131,2026-05-04,12:15,143,Bermuda Casual,Bermuda,Rosa,G,3,113.47,0.0,340.41,Crediário,Online,283.0,8
1132,2026-07-02,13:15,12,Blusa X,Blusa,Rosa,P,2,258.15,25.82,490.48,PIX,Online,,13
1133,2026-09-21,11:00,59,Blusa Social,Blusa,Verde,M,4,202.64,40.53,770.03,Dinheiro,Física,377.0,14
1134,2026-08-31,12:00,105,Calça Premium,Calça,Vermelha,GG,3,53.58,8.04,152.7,PIX,Física,459.0,24
1135,2026-08-17,13:30,139,Jaqueta X,Jaqueta,Preta,M,3,172.53,51.76,465.83,Cartão de Crédito,Online,205.0,15
1136,2026-05-09,14:30,139,Jaqueta X,Jaqueta,Preta,M,4,172.53,0.0,690.12,PIX,Online,553.0,9
1137,2026-09-16,10:30,38,Acessório Esporte,Acessório,Rosa,P,3,113.5,34.05,306.45,CARTÃO DE CRÉDITO,Física,479.0,11
1138,2026-07-14,16:45,124,Camiseta Social,Camiseta,Branca,M,2,31.01,0.0,62.02,Cartão de Débito,Online,3.0,8
1139,2026-07-20,11:15,76,Jaqueta X,Jaqueta,Cinza,P,2,291.87,0.0,583.74,PIX,Online,191.0,21
1140,2026-07-27,11:15,165,Calça Casual,Calça,Rosa,G,2,158.71,0.0,317.42,Crediário,Online,435.0,5
1141,2026-04-09,21:15,169,Camiseta Premium,Camiseta,Branca,GG,2,137.47,0.0,274.94,Cartão de Crédito,Física,344.0,7
1142,2026-06-19,11:00,18,Acessório Básica,Acessório,Azul,M,2,242.78,0.0,485.56,Crediário,Online,81.0,23
1143,2026-04-08,17:45,106,Blusa Premium,Blusa,Azul,P,2,204.85,40.97,368.73,Dinheiro,Física,,13
1144,2026-06-15,17:15,20,Blusa Básica,Blusa,Branca,M,2,212.5,0.0,425.0,PIX,Online,374.0,21
1145,2026-03-08,11:45,10,Camiseta Social,Camiseta,Azul,G,4,281.48,0.0,1125.92,Crediário,Online,497.0,17
1146,2026-05-10,13:15,126,Calça Casual,Calça,Vermelha,G,3,275.71,0.0,827.13,PIX,Online,338.0,23
1147,2026-06-05,14:45,143,Bermuda Casual,Bermuda,Rosa,G,3,113.47,51.06,289.35,Dinheiro,Física,109.0,14
1148,2026-07-13,09:15,60,Blusa Premium,Blusa,Azul,GG,4,177.54,0.0,710.16,Cartão de Débito,Física,289.0,18
1149,2026-05-15,19:45,39,Blusa X,Blusa,Vermelha,P,3,80.38,0.0,241.14,Crediário,Física,519.0,13
1150,2026-08-30,12:30,103,Acessório Esporte,Acessório,Verde,M,3,142.1,0.0,426.3,Cartão de Débito,Online,418.0,24
1151,2026-08-19,17:45,120,Camiseta Básica,Camiseta,Rosa,G,1,304.19,45.63,258.56,Cartão de Crédito,Física,135.0,17
1152,2026-03-29,19:00,17,Acessório Slim,Acessório,Azul,M,3,102.24,30.67,276.05,Crediário,Física,,19
1153,2026-03-12,13:30,119,Calça Esporte,Calça,Branca,P,4,331.07,198.64,1125.64,Cartão de Crédito,Online,,14
1154,2026-09-08,13:00,53,Jaqueta Casual,Jaqueta,Branca,P,1,203.54,20.35,"R$ 183,19",Dinheiro,Online,54.0,13
1155,2026-04-05,18:45,77,Blusa Básica,Blusa,Preta,M,4,29.9,17.94,101.66,Cartão de Crédito,Física,85.0,19
1156,2026-03-05,15:30,163,Blusa Esporte,Blusa,Rosa,GG,3,291.86,43.78,831.8,Cartão de Crédito,Online,164.0,14
1157,2026-07-18,14:30,153,Bermuda Social,Bermuda,Cinza,G,3,75.2,11.28,214.32,PIX,Online,114.0,1
1158,2026-08-20,13:30,116,Blusa Premium,Blusa,Branca,G,2,68.25,13.65,122.85,Cartão de Débito,Online,,20
1159,2026-05-25,17:45,142,Vestido Esporte,Vestido,Branca,GG,3,142.68,42.8,385.24,Crediário,Online,197.0,11
1160,2026-07-09,19:30,97,Jaqueta Premium,Jaqueta,Rosa,GG,4,161.24,0.0,644.96,PIX,Física,297.0,2
1161,2026-05-28,10:30,93,Calça Slim,Calça,Azul,G,3,328.53,98.56,887.03,Cartão de Crédito,Física,537.0,6
1162,2026-03-02,12:45,7,Acessório X,Acessório,Vermelha,GG,1,160.81,16.08,144.73,PIX,Física,84.0,16
1163,2026-07-25,10:00,13,Blusa Básica,Blusa,Verde,G,4,276.45,55.29,1050.51,Dinheiro,Física,261.0,14
1164,2026-04-12,15:00,69,Camiseta Básica,Camiseta,Branca,M,2,71.3,0.0,142.6,Cartão de Crédito,Física,1.0,7
1165,2026-07-27,17:45,21,Bermuda Social,Bermuda,Branca,GG,4,301.4,0.0,1205.6,PIX,Física,210.0,21
1166,2026-07-15,18:30,106,Blusa Premium,Blusa,Azul,P,3,204.85,0.0,614.55,Cartão de Crédito,Física,237.0,8
1167,2026-04-16,16:15,22,Bermuda Social,Bermuda,Vermelha,GG,2,213.75,64.12,363.38,Crediário,Física,61.0,19
1168,2026-08-09, 14:00,115,Vestido Básica,Vestido,Vermelha,GG,4,108.11,0.0,432.44,PIX,Online,232.0,16
1169,13-07-2026,15:00,143,Bermuda Casual,Bermuda,Rosa,G,1,113.47,0.0,113.47,PIX,Física,569.0,22
1170,2026-04-28,09:00,107,Bermuda Slim,Bermuda,Rosa,M,2,304.94,0.0,609.88,Dinheiro,Online,312.0,22
1171,2026-07-27,17:45,130,Bermuda Slim,Bermuda,Verde,G,4,139.82,83.89,475.39,Dinheiro,Física,525.0,5
1172,2026-07-13,11:00,178,Blusa Slim,Blusa,Rosa,G,3,281.67,126.75,718.26,Cartão de Débito,Física,345.0,7
1173,2026-06-04,19:45,72,Camiseta Casual,Camiseta,Rosa,P,2,280.68,0.0,561.36,Dinheiro,Física,396.0,10
1174,2026-05-19,21:00,173,Camiseta Esporte,Camiseta,Preta,P,3,183.66,55.1,495.88,Crediário,Online,322.0,3
1175,2026-04-21,11:45,38,Acessório Esporte,Acessório,Rosa,P,2,113.5,0.0,227.0,Cartão de Crédito,Online,263.0,13
1176,2026-06-16,13:15,75,Bermuda Premium,Bermuda,Cinza,G,1,129.65,0.0,129.65,Cartão de Crédito,Física,346.0,14
1177,2026-06-27,20:15,159,Calça Social,Calça,Verde,G,2,166.81,33.36,300.26,PIX,Física,126.0,6
1178,2026-06-29,14:45,107,Bermuda Slim,Bermuda,Rosa,M,2,304.94,0.0,609.88,PIX,Online,273.0,20
1179,2026-08-09,11:00,111,Blusa Esporte,Blusa,Verde,M,2,279.57,27.96,531.18,Crediário,Online,311.0,15
1180,2026-06-04,12:45,13,Blusa Básica,Blusa,Verde,G,1,276.45,0.0,276.45,PIX,Física,441.0,25
1181,2026-05-24,18:15  ,17,Acessório Slim,Acessório,Azul,M,1,102.24,5.11,97.13,Cartão de Débito,Online,,13
1182,2026-06-11,15:00,21,Bermuda Social,Bermuda,Branca,GG,1,301.4,0.0,301.4,Cartão de Débito,Online,547.0,5
1183,2026-04-07,17:00,45,Jaqueta Social,Jaqueta,Preta,P,1,105.9,5.3,100.6,Cartão de Crédito,Online,68.0,20
1184,2026-03-14,21:30,138,Jaqueta Social,Jaqueta,Branca,P,1,257.25,0.0,257.25,PIX,Online,318.0,24
1185,2026-08-13,14:45,113,Jaqueta Premium,Jaqueta,Rosa,M,2,196.9,59.07,334.73,PIX,Online,147.0,19
1186,2026-07-17,13:15,155,Blusa X,Blusa,Rosa,GG,2,229.95,45.99,413.91,Cartão de Débito,Online,139.0,22
1187,2026-03-29,14:00,137,Jaqueta Básica,Jaqueta,Cinza,GG,4,124.46,0.0,497.84,PIX,Física,44.0,15
1188,2026-05-21,09:00,2,Calça Casual,Calça,Verde,M,4,308.53,0.0,"1.234,12",Cartão de Crédito,Física,384.0,22
1189,2026-04-07,14:30,26,Jaqueta Esporte,Jaqueta,Verde,P,1,204.58,0.0,204.58,Cartão de Crédito,Online,375.0,14
1190,2026-08-20,15:45,27,Camiseta Casual,Camiseta,Vermelha,P,3,287.37,129.32,732.79,PIX,Online,111.0,11
1191,2026-05-18,21:30,1,Blusa Premium,Blusa,Cinza,G,3,318.6,47.79,908.01,Cartão de Crédito,Física,509.0,17
1192,2026-08-29,20:00,164,Blusa Premium,Blusa,Preta,G,0,175.34,17.53,157.81,Cartão de Crédito,Online,425.0,2
1193,2026-08-05,17:30,90,Jaqueta Social,Jaqueta,Rosa,M,3,340.94,0.0,1022.82,Cartão de Débito,Online,277.0,4
1194,2026-05-21,14:45,97,Jaqueta Premium,Jaqueta,Rosa,GG,4,161.24,0.0,644.96,PIX,Física,75.0,6
1195,30/03/26,11:00,18,Acessório Básica,Acessório,Azul,M,2,242.78,48.56,437.0,Crediário,Física,81.0,7
1196,07/09/26,21:30,46,Bermuda Social,Bermuda,Azul,P,4,46.54,18.62,167.54,Cartão de Crédito,Física,,22
1197,2026-08-24,12:15,152,Jaqueta Premium,Jaqueta,Verde,M,3,208.59,93.87,531.9,Cartão de Crédito,Física,64.0,14
1198,2026-07-01,14:30,7,Acessório X,Acessório,Vermelha,GG,4,160.81,0.0,643.24,Dinheiro,Online,198.0,3
1199,2026-08-19,12:30,104,Acessório Premium,Acessório,Rosa,M,4,240.9,1330.7880664595505,963.6,Cartão de Crédito,Online,,9
1200,2026-04-26,21:15,36,Jaqueta X,Jaqueta,Rosa,GG,4,109.13,43.65,392.87,Crediário,Física,183.0,20
1201,2026-03-15,19:45,176,Vestido Esporte,Vestido,Vermelha,M,4,227.13,0.0,908.52,Cartão de Débito,Online,489.0,10
1202,2026-09-14,13:45,16,Bermuda Esporte,Bermuda,Branca,M,3,242.53,36.38,691.21,Cartão de Crédito,Física,359.0,16
1203,2026-07-16,16:15,47,Blusa Esporte,Blusa,Vermelha,M,4,85.46,0.0,341.84,PIX,Física,412.0,23
1204,2026-04-16,10:15,24,Blusa Esporte,Blusa,Preta,M,2,315.76,0.0,631.52,Cartão de Crédito,Online,167.0,18
1205,2026-07-30,19:15,171,Blusa Casual,Blusa,Verde,M,4,139.15,0.0,556.6,Cartão de Débito,Online,583.0,20
1206,2026-03-12,18:15,134,Bermuda Básica,Bermuda,Rosa,GG,4,59.5,0.0,238.0,Cartão de Débito,Física,,12
1207,2026-03-09,18:00,25,Calça Básica,Calça,Rosa,GG,4,346.73,0.0,"1.386,92",Cartão de Crédito,Física,548.0,19
1208,2026-07-07,14:15,89,Acessório Premium,Acessório,Vermelha,GG,2,62.97,6.3,119.64,Dinheiro,Online,598.0,24
1209,2026-06-26,09:00,35,Blusa Premium,Blusa,Preta,P,2,314.35,0.0,628.7,Crediário,Física,280.0,14
1210,2026-04-23,10:30,143,Bermuda Casual,Bermuda,Rosa,G,4,113.47,45.39,"408,49",Cartão de Crédito,Física,558.0,21
1211,2026-03-21,19:45,164,Blusa Premium,Blusa,Preta,G,2,175.34,52.6,298.08,Crediário,Online,15.0,8
1212,2026-07-06,15:15,90,Jaqueta Social,Jaqueta,Rosa,M,2,340.94,102.28,579.6,Crediário,Física,415.0,16
1213,2026-09-15,20:45,86,Blusa Social,Blusa,Azul,P,1,56.25,8.44,47.81,Cartão de Crédito,Online,,12
1214,2026-08-19,21:30,170,Bermuda Premium,Bermuda,Vermelha,GG,1,234.75,35.21,199.54,Cartão de Débito,Online,90.0,19
1215,2026-07-12,19:15,96,Camiseta Casual,Camiseta,Verde,P,2,307.93,61.59,554.27,Cartão de Débito,Online,169.0,19
1216,2026-09-11,21:00,155,Blusa X,Blusa,Rosa,GG,1,229.95,34.49,195.46,PIX,Online,489.0,5
1217,05/04/2026,21:00,120,Camiseta Básica,Camiseta,Rosa,G,2,304.19,30.42,577.96,PIX,Online,59.0,1
1218,2026-08-23,17:30,178,Blusa Slim,Blusa,Rosa,G,4,281.67,0.0,1126.68,Crediário,Online,509.0,16
1219,2026-06-28,11:45,65,Jaqueta Casual,Jaqueta,Branca,G,4,232.93,0.0,931.72,Cartão de Crédito,Online,118.0,24
1220,2026-03-14,13:45,109,Camiseta Esporte,Camiseta,Branca,GG,2,227.45,0.0,454.9,Cartão de Débito,Online,440.0,20
1221,2026-08-09,12:00,39,Blusa X,Blusa,Vermelha,P,1,80.38,0.0,80.38,PIX,Online,249.0,5
1222,2026-04-22,10:45,104,Acessório Premium,Acessório,Rosa,M,1,240.9,0.0,240.9,Cartão de Débito,Online,305.0,17
1223,2026-06-15,20:30,2,Calça Casual,Calça,Verde,M,2,308.53,0.0,617.06,Dinheiro,Física,397.0,22
1224,2026-08-14,18:45,160,Vestido Básica,Vestido,Branca,G,0,38.68,0.0,116.04,PIX,Física,49.0,7
1225,2026-03-22,19:00,12,Blusa X,Blusa,Rosa,P,1,258.15,12.91,245.24,Cartão de Crédito,Física,340.0,17
1226,2026-07-30,18:00,28312,Acessório Premium,Acessório,Rosa,M,3,240.9,36.14,686.56,Cartão de Crédito,Online,353.0,1
1227,2026-08-09,15:00,95,Bermuda X,Bermuda,Cinza,G,3,275.07,0.0,825.21,Dinheiro,Online,175.0,5
1228,2026-05-02,19:30,170,Bermuda Premium,Bermuda,Vermelha,GG,1,234.75,0.0,234.75,Crediário,Online,510.0,3
1229,2026-06-16,18:15,138,Jaqueta Social,Jaqueta,Branca,P,3,257.25,0.0,771.75,PIX,Física,385.0,12
1230,2026-05-28,17:15,172,Camiseta Premium,Camiseta,Rosa,G,1,289.13,0.0,289.13,Cartão de Crédito,Online,218.0,24
1231,2026-06-23,14:45,150,Camiseta Casual,Camiseta,Cinza,GG,2,216.84,0.0,433.68,Cartão de Crédito,Online,383.0,15
1232,2026-03-01,18:30,15,Bermuda Básica,Bermuda,Cinza,G,4,52.05,0.0,208.2,Cartão de Débito,Física,396.0,18
1233,2026-03-20,12:00,97,Jaqueta Premium,Jaqueta,Rosa,GG,2,161.24,0.0,"322,48",Dinheiro,Online,52.0,25
1234,2026-06-14,09:30,47,Blusa Esporte,Blusa,Vermelha,M,1,85.46,8.55,76.91,Cartão de Débito,Física,533.0,21
1235,2026-03-06,11:45,143,Bermuda Casual,Bermuda,Rosa,G,4,113.47,0.0,453.88,Cartão de Débito,Online,408.0,25
1236,2026-09-14,19:45,53,Jaqueta Casual,Jaqueta,Branca,P,1,203.54,0.0,203.54,PIX,Física,146.0,23
1237,2026-09-20,20:30,137,Jaqueta Básica,Jaqueta,Cinza,GG,1,124.46,6.22,118.24,Cartão de Débito,Online,,9
1238,2026-03-10,15:45,110,Bermuda Slim,Bermuda,Vermelha,G,2,158.66,31.73,285.59,Crediário,Online,338.0,16
1239,31-05-2026,11:00,92,Vestido Básica,Vestido,Cinza,G,3,146.37,0.0,439.11,Cartão de Crédito,Online,278.0,3
1240,2026-05-03, 19:00,26,Jaqueta Esporte,Jaqueta,Verde,P,1,204.58,0.0,204.58,Cartão de Crédito,Online,,18
1241,2026-03-09,12:15,29,Blusa Básica,Blusa,Azul,P,4,287.6,115.04,1035.36,Cartão de Débito,Online,103.0,10
1242,2026-03-05,21:15,157,Bermuda Básica,Bermuda,Azul,P,1,35.03,5.25,29.78,Crediário,Online,573.0,12
1243,2026-03-07,09:00,94,Blusa X,Blusa,Azul,GG,3,310.47,46.57,884.84,Cartão de Débito,Online,406.0,9
1244,2026-07-27,15:30,85,Calça X,Calça,Cinza,G,1,287.08,0.0,287.08,CARTÃO DE CRÉDITO,Física,290.0,22
1245,2026-09-03,21:45,63,Bermuda Social,Bermuda,Azul,M,3,250.51,112.73,638.8,Crediário,Física,133.0,13
1246,2026-03-01,16:30,29,Blusa Básica,Blusa,Azul,P,3,287.6,129.42,733.38,Pix,Online,591.0,18
1247,2026-03-09,18:30,56,Camiseta Social,Camiseta,Verde,M,2,252.29,50.46,454.12,Cartão de Débito,Online,446.0,9
1248,2026-04-02,20:00,85,Calça X,Calça,Cinza,G,4,287.08,114.83,1033.49,PIX,Online,108.0,3
1249,24-05-2026,11:30,2,Calça Casual,Calça,Verde,M,2,308.53,0.0,617.06,PIX,Online,263.0,1
1250,2026-05-30,18:15,106,Blusa Premium,Blusa,Azul,P,2,204.85,61.46,348.24,Cartão de Crédito,Física,523.0,6
1251,2026-04-18,18:45,112,Bermuda Premium,Bermuda,Rosa,GG,3,93.18,27.95,251.59,PIX,Online,25.0,7
1252,2026-07-26,12:15,136,Bermuda Slim,Bermuda,Verde,P,2,232.34,46.47,418.21,Cartão de Crédito,Online,340.0,3
1253,2026-03-17,19:15,106,Blusa Premium,Blusa,Azul,P,4,204.85,122.91,"R$ 696,49",Cartão de Crédito,Online,378.0,25
1254,2026-05-27,15:45,175,Jaqueta Slim,Jaqueta,Branca,P,2,111.44,11.14,211.74,Cartão de Débito,Online,181.0,24
1255,2026-09-02,10:45,46,Bermuda Social,Bermuda,Azul,P,1,46.54,4.65,41.89,Dinheiro,Física,124.0,17
1256,2026-04-24,16:00,152,Jaqueta Premium,Jaqueta,Verde,M,4,208.59,125.15,709.21,Cartão de Crédito,Online,173.0,19
1257,2026-04-15,12:00,50,Blusa Básica,Blusa,Azul,G,4,124.43,0.0,497.72,Cartão de Débito,Online,261.0,23
1258,2026-05-20,12:00,6,Acessório Casual,Acessório,Rosa,GG,4,309.17,123.67,1113.01,PIX,Online,442.0,1
1259,2026-06-15,15:30,133,Jaqueta Social,Jaqueta,Branca,P,2,168.42,0.0,336.84,Cartão de Crédito,Física,399.0,15
1260,2026-05-19,11:00,101,Jaqueta Casual,Jaqueta,Verde,M,2,263.03,0.0,526.06,CARTÃO DE CRÉDITO,Online,496.0,6
1261,2026-09-19,17:45,77,Blusa Básica,Blusa,Preta,M,2,29.9,0.0,59.8,Crediário,Online,386.0,19
1262,2026-09-12,15:45,176,Vestido Esporte,Vestido,Vermelha,M,1,227.13,11.36,215.77,Cartão de Débito,Física,413.0,17
1263,2026-04-03,14:15,154,Bermuda Básica,Bermuda,Branca,P,2,240.69,0.0,481.38,Cartão de Crédito,Online,331.0,19
1264,2026-04-28,19:30,135,Bermuda Básica,Bermuda,Cinza,M,1,74.1,11.11,62.99,Cartão de Débito,Online,71.0,23
1265,2026-09-25,11:15,59,Blusa Social,Blusa,Verde,M,3,202.64,0.0,607.92,Cartão de Crédito,Online,,15
1266,2026-03-15,21:00,6,Acessório Casual,Acessório,Rosa,GG,2,309.17,61.83,556.51,Cartão de Débito,Física,25.0,9
1267,2026-07-11,16:00,28,Bermuda Premium,Bermuda,Vermelha,GG,3,57.16,8.57,162.91,Cartão de Débito,Física,226.0,6
1268,2026-09-26,14:15,49,Calça Esporte,Calça,Preta,P,2,264.21,0.0,528.42,Crediário,Física,96.0,12
1269,2026-05-19,09:30,106,Blusa Premium,Blusa,Azul,P,4,204.85,122.91,696.49,Cartão de Débito,Física,214.0,23
1270,2026-05-23,11:30,10,Camiseta Social,Camiseta,Azul,G,1,281.48,42.22,239.26,Crediário,Online,539.0,19
1271,2026-08-17,13:15,124,Camiseta Social,Camiseta,Branca,M,3,31.01,0.0,93.03,PIX,Física,309.0,17
1272,2026-04-24,15:15,110,Bermuda Slim,Bermuda,Vermelha,G,3,158.66,23.8,452.18,Cartão de Crédito,Física,467.0,25
1273,2026-03-26,10:30,11,Calça Básica,Calça,Verde,G,2,112.35,11.24,213.46,PIX,Online,348.0,20
1274,2026-08-17,16:45,37,Acessório Premium,Acessório,Rosa,G,4,281.93,0.0,1127.72,CREDIÁRIO,Online,32.0,25
1275,2026-06-22,14:30,152,Jaqueta Premium,Jaqueta,Verde,M,4,208.59,41.72,792.64,Cartão de Débito,Online,572.0,3
1276,2026-06-18,09:45,136,Bermuda Slim,Bermuda,Verde,P,3,232.34,0.0,697.02,Cartão de Débito,Física,337.0,6
1277,2026-09-22,17:15,21,Bermuda Social,Bermuda,Branca,GG,4,301.4,0.0,1205.6,PIX,Online,348.0,18
1278,2026-08-12, 16:30 ,68,Acessório Casual,Acessório,Branca,P,2,212.83,63.85,361.81,Cartão de Débito,Online,420.0,23
1279,2026-05-30,10:45,100,Calça Social,Calça,Preta,M,3,133.29,0.0,399.87,Cartão de Débito,Física,342.0,6
1280,2026-06-18,19:00,46,Bermuda Social,Bermuda,Azul,P,2,46.54,0.0,93.08,PIX,Online,504.0,3
1281,2026-04-30,10:30,136,Bermuda Slim,Bermuda,Verde,P,1,232.34,0.0,232.34,cartao credito,Física,63.0,19
1282,2026-06-28,14:30,60,Blusa Premium,Blusa,Azul,GG,3,177.54,0.0,532.62,Crediário,Online,489.0,2
1283,2026-03-18,13:15,62,Jaqueta Social,Jaqueta,Rosa,M,2,66.35,174.09624705053022,126.06,Crediário,Online,280.0,17
1284,2026-05-22,19:30,74,Bermuda Esporte,Bermuda,Branca,M,2,290.34,0.0,580.68,Cartão de Crédito,Online,232.0,20
1285,2026-06-19,21:00,152,Jaqueta Premium,Jaqueta,Verde,M,1,208.59,0.0,208.59,PIX,Online,311.0,25
1286,2026-07-18,18:00,32,Acessório Social,Acessório,Azul,G,2,324.96,0.0,649.92,PIX,Online,428.0,1
1287,2026-06-16,18:15,102,Vestido Premium,Vestido,Vermelha,GG,4,250.72,0.0,1002.88,Cartão de Crédito,Física,365.0,24
1288,2026-08-25,12:00,149,Vestido Básica,Vestido,Cinza,GG,4,67.2,40.32,228.48,Cartão de Crédito,Online,366.0,9
1289,2026-08-25,19:30,179,Calça Social,Calça,Cinza,P,1,214.89,21.49,193.4,Cartão de Crédito,Física,521.0,1
1290,2026-05-08,14:30,16,Bermuda Esporte,Bermuda,Branca,M,1,242.53,0.0,242.53,PIX,Física,190.0,16
1291,2026-07-14,09:15,39,Blusa X,Blusa,Vermelha,P,1,80.38,8.04,72.34,PIX,Física,394.0,21
1292,2026-06-22,17:30,101,Jaqueta Casual,Jaqueta,Verde,M,1,263.03,39.45,223.58,Dinheiro,Online,219.0,12
1293,2026-06-06,11:15,7,Acessório X,Acessório,Vermelha,GG,2,160.81,0.0,321.62,Cartão de Crédito,Física,420.0,18
1294,2026-07-09,15:00,14,Bermuda Esporte,Bermuda,Verde,GG,1,113.16,0.0,113.16,Cartão de Débito,Física,97.0,18
1295,2026-07-09,09:30,70,Vestido Slim,Vestido,Verde,G,4,304.38,121.75,1095.77,Cartão de Crédito,Física,215.0,17
1296,2026-09-04,21:45,129,Acessório X,Acessório,Branca,M,2,84.81,25.44,144.18,PIX,Física,86.0,18
1297,2026-09-11,21:45,116,Blusa Premium,Blusa,Branca,G,3,68.25,0.0,204.75,Crediário,Online,163.0,9
1298,2026-09-18,20:00,160,Vestido Básica,Vestido,Branca,G,2,38.68,0.0,77.36,Cartão de Crédito,Online,379.0,9
1299,2026-09-02,09:45,34,Blusa Casual,Blusa,Preta,GG,1,206.43,10.32,196.11,Cartão de Crédito,Online,416.0,15
1300,2026-07-11,09:00,54,Bermuda Social,Bermuda,Cinza,G,1,115.21,11.52,103.69,Cartão de Crédito,Física,221.0,19
1301,2026-05-04,11:45,153,Bermuda Social,Bermuda,Cinza,G,2,75.2,22.56,127.84,Crediário,Física,385.0,19
1302,2026-05-04,10:45,114,Camiseta Social,Camiseta,Verde,GG,2,330.12,0.0,660.24,Dinheiro,Online,327.0,24
1303,2026-03-23,15:00,3,Vestido Esporte,Vestido,Azul,GG,1,51.13,0.0,51.13,Cartão de Crédito,Online,44.0,10
1304,12-08-2026,09:30,42,Calça Casual,Calça,Verde,G,4,245.94,0.0,983.76,Cartão de Crédito,Física,433.0,7
1305,2026-08-15,18:00,83796,Bermuda Slim,Bermuda,Vermelha,G,1,158.66,7.93,150.73,Cartão de Crédito,Física,73.0,5
1306,2026-06-12,16:30,172,Camiseta Premium,Camiseta,Rosa,G,4,289.13,115.65,1040.87,Cartão de Débito,Online,400.0,10
1307,2026-07-18,10:00,129,Acessório X,Acessório,Branca,M,4,84.81,0.0,339.24,Dinheiro,Online,78199.0,7
1308,2026-08-02,14:15,178,Blusa Slim,Blusa,Rosa,G,1,281.67,0.0,281.67,Cartão de Débito,Física,,8
1309,2026-06-27,21:45,173,Camiseta Esporte,Camiseta,Preta,P,1,183.66,27.55,156.11,PIX,Física,370.0,7
1310,2026-08-07,12:15,107,Bermuda Slim,Bermuda,Rosa,M,1,304.94,0.0,304.94,Cartão de Débito,Física,77.0,14
1311,2026-08-03,12:00,112,Bermuda Premium,Bermuda,Rosa,GG,3,93.18,0.0,279.54,PIX,Online,518.0,22
1312,2026-08-28,15:00,34,Blusa Casual,Blusa,Preta,GG,1,206.43,10.32,196.11,PIX,Física,165.0,3
1313,2026-09-14,12:00,162,Acessório Esporte,Acessório,Preta,P,1,314.53,0.0,314.53,Cartão de Crédito,Online,436.0,10
1314,2026-09-05,18:15,94,Blusa X,Blusa,Azul,GG,1,310.47,31.05,279.42,Cartão de Crédito,Física,17.0,13
1315,2026-06-14,17:00,159,Calça Social,Calça,Verde,G,3,166.81,0.0,500.43,Cartão de Débito,Física,315.0,14
1316,2026-09-14, 15:15,151,Vestido Social,Vestido,Cinza,P,4,305.13,0.0,1220.52,Cartão de Débito,Física,167.0,8
1317,2026-06-07,10:15,11,Calça Básica,Calça,Verde,G,4,112.35,0.0,449.4,Cartão de Débito,Online,56.0,22
1318,2026-06-23,19:30,166,Blusa Casual,Blusa,Cinza,P,4,25.41,10.16,91.48,Cartão de Débito,Online,300.0,21
1319,26/03/26,14:30,1,Blusa Premium,Blusa,Cinza,G,2,318.6,0.0,637.2,Cartão de Débito,Física,516.0,17
1320,29/07/2026,15:15,133,Jaqueta Social,Jaqueta,Branca,P,2,168.42,33.68,303.16,Cartão de Crédito,Online,140.0,6
1321,2026-08-03,14:45,130,Bermuda Slim,Bermuda,Verde,G,2,139.82,13.98,265.66,Dinheiro,Online,506.0,10
1322,2026-05-06,10:15,20,Blusa Básica,Blusa,Branca,M,3,212.5,63.75,573.75,Cartão de Débito,Física,120.0,4
1323,2026-06-13,17:30,97,Jaqueta Premium,Jaqueta,Rosa,GG,1,161.24,8.06,153.18,Cartão de Débito,Física,58400.0,4
1324,2026-06-20,17:30,145,Bermuda Casual,Bermuda,Azul,GG,4,159.63,881.833536940382,638.52,Crediário,Online,153.0,7
1325,2026-09-01,10:30,31,Vestido Social,Vestido,Azul,GG,4,28.24,5.65,107.31,Cartão de Crédito,Online,411.0,2
1326,2026-05-30,20:15,109,Camiseta Esporte,Camiseta,Branca,GG,3,227.45,102.35,580.0,PIX,Online,61.0,14
1327,2026-09-13,14:00,80,Camiseta Básica,Camiseta,Cinza,M,1,179.41,17.94,161.47,PIX,Física,265.0,7
1328,11-04-2026,10:30,131,Jaqueta X,Jaqueta,Azul,P,2,192.39,38.48,346.3,Cartão de Crédito,Online,192.0,20
1329,2026-08-26,09:30,139,Jaqueta X,Jaqueta,Preta,M,1,172.53,0.0,172.53,Dinheiro,Física,137.0,8
1330,2026-09-16,13:15,30,Vestido Esporte,Vestido,Vermelha,G,4,244.92,0.0,979.68,PIX,Online,287.0,24
1331,2026-04-15,11:45,53,Jaqueta Casual,Jaqueta,Branca,P,2,203.54,0.0,407.08,Dinheiro,Física,595.0,22
1332,2026-03-09,14:45,79,Vestido Slim,Vestido,Verde,GG,3,29.96,4.49,85.39,Cartão de Débito,Online,522.0,23
1333,2026-09-06,15:45,136,Bermuda Slim,Bermuda,Verde,P,1,232.34,34.85,197.49,Cartão de Débito,Física,278.0,4
1334,2026-05-13,17:15,46,Bermuda Social,Bermuda,Azul,P,4,46.54,0.0,186.16,PIX,Física,483.0,24
1335,2026-03-14,16:45,178,Blusa Slim,Blusa,Rosa,G,2,281.67,0.0,563.34,PIX,Online,464.0,2
1336,2026-06-11,17:00,27,Camiseta Casual,Camiseta,Vermelha,P,4,287.37,57.47,1092.01,Cartão de Débito,Física,159.0,21
1337,2026-05-23,14:15,19,Calça Casual,Calça,Rosa,P,3,165.92,0.0,497.76,Dinheiro,Física,435.0,13
1338,2026-03-05,17:45,80,Camiseta Básica,Camiseta,Cinza,M,3,179.41,743.3271699984681,538.23,Crediário,Online,176.0,18
1339,2026-04-28,20:30,157,Bermuda Básica,Bermuda,Azul,P,1,35.03,5.25,29.78,PIX,Online,101.0,24
1340,2026-07-27,10:45,58,Blusa X,Blusa,Branca,P,3,215.52,96.98,549.58,Cartão de Débito,Física,291.0,2
1341,2026-03-09,19:00,167,Jaqueta Slim,Jaqueta,Branca,G,1,219.14,0.0,219.14,PIX,Física,286.0,12
1342,2026-06-14,15:30,155,Blusa X,Blusa,Rosa,GG,1,229.95,11.5,218.45,Dinheiro,Física,197.0,4
1343,12-07-2026,19:45,77,Blusa Básica,Blusa,Preta,M,1,29.9,2.99,26.91,PIX,Física,,10
1344,2026-06-05,20:00,72,Camiseta Casual,Camiseta,Rosa,P,3,280.68,84.2,757.84,Cartão de Débito,Física,328.0,25
1345,2026-05-01,16:15,92,Vestido Básica,Vestido,Cinza,G,2,146.37,29.27,263.47,Dinheiro,Online,16.0,16
1346,2026-07-18,09:15,37,Acessório Premium,Acessório,Rosa,G,4,281.93,56.39,1071.33,Cartão De Débito,Física,163.0,1
1347,2026-05-10,17:15,6,Acessório Casual,Acessório,Rosa,GG,4,309.17,0.0,"R$ 1.236,68",Dinheiro,Física,171.0,23
1348,2026-06-11,12:30,148,Vestido Slim,Vestido,Rosa,G,1,213.53,0.0,213.53,Cartão de Crédito,Online,204.0,15
1349,2026-09-11,15:30,115,Vestido Básica,Vestido,Vermelha,GG,2,108.11,32.43,183.79,Cartão de Débito,Física,457.0,22
1350,2026-03-04,13:15,10,Camiseta Social,Camiseta,Azul,G,4,281.48,112.59,1013.33,PIX,Online,307.0,23
1351,2026-09-18,17:30,117,Vestido Premium,Vestido,Cinza,M,4,81.36,0.0,325.44,Cartão de Crédito,Física,429.0,1
1352,2026-08-29,18:15,11,Calça Básica,Calça,Verde,G,4,112.35,67.41,381.99,Cartão de Crédito,Online,499.0,18
1353,2026-06-27,17:00,149,Vestido Básica,Vestido,Cinza,GG,1,67.2,10.08,57.12,Dinheiro,Online,466.0,18
1354,2026-07-18,10:15,171,Blusa Casual,Blusa,Verde,M,4,139.15,0.0,556.6,Crediário,Online,6.0,10
1355,2026-07-04,12:45,50,Blusa Básica,Blusa,Azul,G,2,124.43,0.0,248.86,PIX,Física,37.0,13
1356,2026-08-25,16:00,137,Jaqueta Básica,Jaqueta,Cinza,GG,1,124.46,6.22,118.24,Cartão de Crédito,Física,,9
1357,2026-07-31,21:15,4,Acessório Básica,Acessório,Vermelha,G,4,81.82,49.09,278.19,PIX,Online,532.0,19
1358,2026-07-20,14:30,25,Calça Básica,Calça,Rosa,GG,2,346.73,104.02,589.44,Crediário,Online,446.0,16
1359,2026-03-26,10:30,72,Camiseta Casual,Camiseta,Rosa,P,2,280.68,84.2,477.16,Cartão de Débito,Online,202.0,14
1360,2026-04-14,18:15,96,Camiseta Casual,Camiseta,Verde,P,4,307.93,0.0,1231.72,cartão de crédito,Online,585.0,24
1361,2026-07-16,13:15,16,Bermuda Esporte,Bermuda,Branca,M,4,242.53,145.52,824.6,Cartão de Débito,Online,360.0,19
1362,2026-06-18,18:15,158,Jaqueta Premium,Jaqueta,Rosa,GG,2,91.13,9.11,173.15,Cartão de Crédito,Online,501.0,16
1363,2026-09-30,15:30,47,Blusa Esporte,Blusa,Vermelha,M,3,85.46,25.64,230.74,Cartão de Débito,Online,501.0,23
1364,2026-08-09,16:45,98,Acessório Básica,Acessório,Branca,G,2,254.79,25.48,484.1,Dinheiro,Online,290.0,21
1365,2026-05-14,16:45,6,Acessório Casual,Acessório,Rosa,GG,3,309.17,0.0,927.51,Crediário,Física,172.0,12
1366,2026-08-01,17:00,153,Bermuda Social,Bermuda,Cinza,G,1,75.2,11.28,63.92,Cartão de Débito,Online,248.0,5
1367,2026-06-27,15:00,7,Acessório X,Acessório,Vermelha,GG,3,160.81,48.24,434.19,Cartão de Crédito,Online,94.0,19
1368,2026-06-30, 17:00,12,Blusa X,Blusa,Rosa,P,3,258.15,116.17,658.28,Dinheiro,Online,327.0,9
1369,2026-03-01,21:30  ,42,Calça Casual,Calça,Verde,G,1,245.94,36.89,209.05,Cartão de Crédito,Online,582.0,12
1370,2026-06-29,19:00,128,Acessório X,Acessório,Verde,G,1,38.26,0.0,38.26,Cartão de Débito,Online,339.0,5
1371,2026-09-27,13:45,11,Calça Básica,Calça,Verde,G,2,112.35,0.0,224.7,Cartão de Crédito,Online,442.0,17
1372,2026-06-16,14:45,54,Bermuda Social,Bermuda,Cinza,G,1,115.21,17.28,97.93,Cartão de Crédito,Física,256.0,25
1373,2026-04-08,19:00,65,Jaqueta Casual,Jaqueta,Branca,G,2,232.93,46.59,419.27,Cartão de Crédito,Online,483.0,2
1374,2026-09-02,13:45,132,Acessório Esporte,Acessório,Rosa,P,4,45.67,18.27,164.41,PIX,Online,32.0,11
1375,2026-06-04,12:15,143,Bermuda Casual,Bermuda,Rosa,G,3,113.47,34.04,306.37,Cartão de Crédito,Online,456.0,19
1376,2026-04-15,17:15,30,Vestido Esporte,Vestido,Vermelha,G,3,244.92,110.21,624.55,PIX,Física,446.0,7
1377,2026-06-24,20:45,77,Blusa Básica,Blusa,Preta,M,1,29.9,0.0,"R$ 29,90",Cartão de Crédito,Online,285.0,7
1378,2026-03-13,10:15  ,164,Blusa Premium,Blusa,Preta,G,1,175.34,26.3,149.04,PIX,Online,353.0,24
1379,2026-04-18,12:15,100,Calça Social,Calça,Preta,M,1,133.29,0.0,133.29,Cartão de Débito,Online,119.0,9
1380,2026-03-01,09:30,131,Jaqueta X,Jaqueta,Azul,P,4,192.39,115.43,654.13,Cartão de Débito,Online,219.0,10
1381,2026-06-12,12:30,155,Blusa X,Blusa,Rosa,GG,1,229.95,0.0,229.95,Cartão de Débito,Online,88.0,8
1382,2026-07-26,17:00,86,Blusa Social,Blusa,Azul,P,2,56.25,5.62,"106,88",DINHEIRO,Online,273.0,7
1383,2026-07-02,11:00,127,Bermuda X,Bermuda,Azul,M,3,269.31,0.0,807.93,Dinheiro,Física,462.0,16
1384,2026-08-11,17:00,94,Blusa X,Blusa,Azul,GG,3,310.47,139.71,791.7,Crediário,Física,,10
1385,2026-04-07,14:30,162,Acessório Esporte,Acessório,Preta,P,2,314.53,0.0,629.06,Cartão de Crédito,Física,302.0,3
1386,2026-03-08,11:45,162,Acessório Esporte,Acessório,Preta,P,1,314.53,15.73,298.8,cartao credito,Física,374.0,25
1387,2026-07-20,12:30,136,Bermuda Slim,Bermuda,Verde,P,2,232.34,46.47,418.21,Dinheiro,Online,,10
1388,2026-05-04, 14:30 ,86,Blusa Social,Blusa,Azul,P,1,56.25,8.44,"R$ 47,81",Dinheiro,Física,203.0,4
1389,2026-06-27,11:30,124,Camiseta Social,Camiseta,Branca,M,4,31.01,12.4,"111,64",Cartão de Crédito,Física,459.0,17
1390,2026-07-17,18:15,149,Vestido Básica,Vestido,Cinza,GG,1,67.2,3.36,63.84,Crediário,Online,,10
1391,24-05-2026,11:30,45,Jaqueta Social,Jaqueta,Preta,P,4,105.9,0.0,423.6,PIX,Online,,15
1392,2026-04-08,18:15,122,Calça Social,Calça,Azul,M,3,77.6,0.0,232.8,Crediário,Online,320.0,10
1393,2026-05-29,21:30,111,Blusa Esporte,Blusa,Verde,M,2,279.57,55.91,503.23,Cartão de Crédito,Física,333.0,3
1394,2026-04-11,17:00,135,Bermuda Básica,Bermuda,Cinza,M,1,74.1,11.11,62.99,PIX,Física,589.0,15
1395,2026-05-17,12:45,78068,Camiseta Esporte,Camiseta,Preta,P,4,183.66,0.0,734.64,PIX,Online,473.0,21
1396,2026-09-06,10:30,12,Blusa X,Blusa,Rosa,P,4,258.15,154.89,877.71,Crediário,Física,46.0,17
1397,2026-06-22,21:30,30,Vestido Esporte,Vestido,Vermelha,G,3,244.92,110.21,624.55,Cartão de Crédito,Física,290.0,13
1398,2026-08-17,10:00,93,Calça Slim,Calça,Azul,G,2,328.53,0.0,657.06,Crediário,Online,61.0,3
1399,2026-07-26, 20:30,36,Jaqueta X,Jaqueta,Rosa,GG,4,109.13,65.48,371.04,Cartão de Débito,Online,350.0,5
1400,2026-03-22,14:30,98,Acessório Básica,Acessório,Branca,G,1,254.79,12.74,242.05,Dinheiro,Física,540.0,9
1401,2026-03-05,17:00,20,Blusa Básica,Blusa,Branca,M,1,212.5,0.0,212.5,Crediário,Física,95.0,15
1402,2026-08-15,11:00,46,Bermuda Social,Bermuda,Azul,P,2,46.54,9.31,83.77,Crediário,Online,,16
1403,2026-06-14,19:30,4,Acessório Básica,Acessório,Vermelha,G,4,81.82,0.0,327.28,PIX,Física,185.0,17
1404,2026-06-27,10:30,71,Acessório Premium,Acessório,Rosa,GG,3,227.52,34.13,"R$ 648,43",Cartão de Crédito,Física,560.0,8
1405,2026-08-01,17:30,10,Camiseta Social,Camiseta,Azul,G,4,281.48,0.0,1125.92,Cartão de Débito,Online,166.0,12
1406,2026-07-21,09:15,158,Jaqueta Premium,Jaqueta,Rosa,GG,3,91.13,0.0,273.39,PIX,Online,297.0,4
1407,2026-06-12,21:00,6,Acessório Casual,Acessório,Rosa,GG,1,309.17,15.46,293.71,Cartão de Débito,Física,359.0,20
1408,2026-07-26,12:15,112,Bermuda Premium,Bermuda,Rosa,GG,1,93.18,4.66,88.52,Cartão de Crédito,Online,261.0,22
1409,2026-07-29,13:45,172,Camiseta Premium,Camiseta,Rosa,G,3,289.13,0.0,867.39,Cartão de Crédito,Online,56.0,22
1410,2026-04-10,21:45,16,Bermuda Esporte,Bermuda,Branca,M,3,242.53,0.0,727.59,Crediário,Física,546.0,21
1411,2026-07-09,10:00,120,Camiseta Básica,Camiseta,Rosa,G,4,304.19,182.51,1034.25,Crediário,Física,311.0,5
1412,2026-09-18,15:45,118,Bermuda Premium,Bermuda,Verde,G,2,289.27,0.0,578.54,Crediário,Física,217.0,9
1413,2026-05-13,13:45,1,Blusa Premium,Blusa,Cinza,G,3,318.6,0.0,955.8,PIX,Online,,4
1414,2026-08-12,19:45,102,Vestido Premium,Vestido,Vermelha,GG,2,250.72,0.0,501.44,Cartão de Crédito,Física,441.0,10
1415,20-08-2026,12:30,168,Camiseta Slim,Camiseta,Preta,GG,4,50.13,20.05,180.47,PIX,Online,556.0,13
1416,2026-06-20,09:00,141,Bermuda Slim,Bermuda,Vermelha,GG,4,162.9,65.16,586.44,Cartão de Crédito,Online,35.0,11
1417,2026-09-24,18:00,134,Bermuda Básica,Bermuda,Rosa,GG,3,59.5,17.85,160.65,Cartão de Débito,Física,366.0,16
1418,2026-09-10,13:00,34,Blusa Casual,Blusa,Preta,GG,4,206.43,123.86,701.86,Cartão de Débito,Online,539.0,25
1419,2026-04-04,15:45,72,Camiseta Casual,Camiseta,Rosa,P,1,280.68,0.0,280.68,Dinheiro,Online,417.0,23
1420,2026-03-30,16:15,145,Bermuda Casual,Bermuda,Azul,GG,3,159.63,71.83,407.06,CARTÃO DE CRÉDITO,Online,,2
1421,2026-08-03,14:15,166,Blusa Casual,Blusa,Cinza,P,2,25.41,5.08,45.74,Dinheiro,Online,82.0,12
1422,2026-09-12,15:15,158,Jaqueta Premium,Jaqueta,Rosa,GG,4,91.13,36.45,328.07,Crediário,Online,401.0,9
1423,2026-05-14,17:45,93,Calça Slim,Calça,Azul,G,1,328.53,0.0,328.53,Cartão de Débito,Online,433.0,12
1424,2026-06-27,15:00,87,Camiseta Casual,Camiseta,Cinza,P,2,273.14,0.0,546.28,Dinheiro,Física,393.0,6
1425,2026-04-02,20:00,2,Calça Casual,Calça,Verde,M,4,308.53,0.0,"R$ 1.234,12",Cartão de Crédito,Online,515.0,20
1426,2026-07-05,10:45,94,Blusa X,Blusa,Azul,GG,3,310.47,139.71,791.7,Cartão de Débito,Online,325.0,20
1427,2026-05-30,13:15,133,Jaqueta Social,Jaqueta,Branca,P,3,168.42,75.79,429.47,Crediário,Física,479.0,4
1428,2026-04-15,15:15,67,Vestido Premium,Vestido,Preta,G,3,60.66,9.1,172.88,Crediário,Física,443.0,8
1429,2026-03-09,10:00,98,Acessório Básica,Acessório,Branca,G,3,254.79,0.0,764.37,Cartão de Crédito,Física,119.0,10
1430,2026-04-12,12:15,33,Camiseta Esporte,Camiseta,Verde,G,4,238.32,95.33,857.95,Cartão de Débito,Online,159.0,19
1431,2026-08-19,18:30,153,Bermuda Social,Bermuda,Cinza,G,1,75.2,7.52,67.68,Crediário,Física,277.0,6
1432,2026-03-12,09:15,153,Bermuda Social,Bermuda,Cinza,G,4,75.2,0.0,300.8,Dinheiro,Física,288.0,4
1433,2026-05-20,17:45,82,Bermuda Social,Bermuda,Azul,M,1,325.21,48.78,276.43,PIX,Online,88.0,18
1434,2026-04-12,19:45,94,Blusa X,Blusa,Azul,GG,3,310.47,139.71,791.7,PIX,Online,197.0,3
1435,2026-05-31, 12:30 ,71,Acessório Premium,Acessório,Rosa,GG,1,227.52,0.0,227.52,PIX,Online,31.0,22
1436,2026-04-08,09:45,20,Blusa Básica,Blusa,Branca,M,3,212.5,31.88,605.62,Cartão de Débito,Online,479.0,13
1437,2026-08-22,16:30,139,Jaqueta X,Jaqueta,Preta,M,4,172.53,0.0,690.12,Cartão de Crédito,Online,535.0,9
1438,2026-03-09,17:00,156,Calça Esporte,Calça,Cinza,P,2,179.11,445.2532924725602,322.4,PIX,Online,435.0,1
1439,2026-06-02,15:00,23,Calça Social,Calça,Preta,GG,1,181.44,0.0,181.44,Crediário,Física,,11
1440,2026-04-14,21:00,100,Calça Social,Calça,Preta,M,3,133.29,59.98,339.89,PIX,Física,361.0,3
1441,2026-06-08,19:45,104,Acessório Premium,Acessório,Rosa,M,1,240.9,24.09,216.81,Dinheiro,Online,33.0,20
1442,2026-07-22,20:15,54,Bermuda Social,Bermuda,Cinza,G,1,115.21,0.0,115.21,Cartão de Crédito,Online,379.0,25
1443,2026-03-24,16:00,165,Calça Casual,Calça,Rosa,G,4,158.71,95.23,"R$ 539,61",Dinheiro,Física,452.0,12
1444,2026-04-20,20:15,15,Bermuda Básica,Bermuda,Cinza,G,4,52.05,20.82,187.38,Cartão de Crédito,Online,,3
1445,2026-04-22,11:00  ,46,Bermuda Social,Bermuda,Azul,P,4,46.54,244.24021331815223,176.85,PIX,Online,38.0,18
1446,2026-03-01,11:30,69,Camiseta Básica,Camiseta,Branca,M,3,71.3,10.7,203.2,Cartão de Crédito,Física,73.0,16
1447,2026-05-16,21:15,64,Blusa Slim,Blusa,Cinza,G,1,307.95,0.0,307.95,Dinheiro,Física,447.0,4
1448,2026-07-11,14:30,122,Calça Social,Calça,Azul,M,1,77.6,0.0,77.6,Cartão de Crédito,Física,173.0,10
1449,2026-09-21,11:15,150,Camiseta Casual,Camiseta,Cinza,GG,3,216.84,0.0,650.52,Dinheiro,Física,279.0,16
1450,2026-05-27,21:15,19,Calça Casual,Calça,Rosa,P,4,165.92,66.37,597.31,Cartão de Débito,Online,590.0,19
1451,2026-08-06,18:30,2,Calça Casual,Calça,Verde,M,1,308.53,46.28,262.25,Cartão de Crédito,Online,111.0,8
1452,2026-07-23,13:15,83,Bermuda Básica,Bermuda,Cinza,M,1,344.51,34.45,310.06,Cartão de Crédito,Online,,8
1453,2026-09-03,16:00,84,Blusa X,Blusa,Branca,M,2,91.15,0.0,182.3,Crediário,Online,394.0,23
1454,2026-07-23,21:00,81,Calça Básica,Calça,Rosa,G,2,188.91,18.89,358.93,Cartão de Débito,Física,11.0,8
1455,2026-06-07,19:00,63,Bermuda Social,Bermuda,Azul,M,4,250.51,50.1,951.94,Cartão de Débito,Online,66.0,14
1456,2026-09-23,09:15,99,Camiseta Slim,Camiseta,Rosa,G,3,178.5,26.78,508.72,Cartão de Crédito,Física,64.0,12
1457,2026-04-23,15:15,138,Jaqueta Social,Jaqueta,Branca,P,2,257.25,25.72,488.78,PIX,Física,196.0,2
1458,2026-03-27,16:00,32,Acessório Social,Acessório,Azul,G,1,324.96,16.25,308.71,Cartão de Crédito,Online,59.0,1
1459,2026-05-06,09:15,38,Acessório Esporte,Acessório,Rosa,P,2,113.5,34.05,192.95,Dinheiro,Física,436.0,23
1460,2026-06-12,19:00,163,Blusa Esporte,Blusa,Rosa,GG,1,291.86,14.59,277.27,Cartão de Crédito,Física,330.0,25
1461,2026-08-04,20:30,138,Jaqueta Social,Jaqueta,Branca,P,1,257.25,38.59,218.66,Cartão de Crédito,Física,495.0,4
1462,2026-06-25,11:45,102,Vestido Premium,Vestido,Vermelha,GG,4,250.72,50.14,952.74,Cartão de Débito,Física,191.0,21
1463,2026-03-23,11:45,25,Calça Básica,Calça,Rosa,GG,4,346.73,0.0,1386.92,Cartão de Débito,Física,188.0,13
1464,2026-08-14,11:00,138,Jaqueta Social,Jaqueta,Branca,P,2,257.25,0.0,514.5,Dinheiro,Online,590.0,25
1465,2026-05-15,21:30,113,Jaqueta Premium,Jaqueta,Rosa,M,2,196.9,19.69,374.11,Crediário,Física,473.0,19
1466,2026-05-15,20:00,133,Jaqueta Social,Jaqueta,Branca,P,3,168.42,50.53,454.73,Crediário,Online,,3
1467,2026-09-12,14:45,71,Acessório Premium,Acessório,Rosa,GG,3,227.52,0.0,682.56,PIX,Física,238.0,11
1468,2026-05-30,18:45,75,Bermuda Premium,Bermuda,Cinza,G,1,129.65,0.0,129.65,Cartão de Crédito,Online,,8
1469,16-07-2026,20:45,162,Acessório Esporte,Acessório,Preta,P,3,314.53,94.36,849.23,Cartão de Crédito,Física,186.0,6
1470,2026-09-22,10:45,133,Jaqueta Social,Jaqueta,Branca,P,2,168.42,50.53,"286,31",PIX,Online,576.0,25
1471,2026-03-06,19:45,22,Bermuda Social,Bermuda,Vermelha,GG,2,213.75,0.0,427.5,Dinheiro,Física,412.0,5
1472,2026-03-22,09:30,96,Camiseta Casual,Camiseta,Verde,P,1,307.93,0.0,307.93,Crediário,Física,564.0,17
1473,2026-06-14,16:15,29,Blusa Básica,Blusa,Azul,P,2,287.6,0.0,575.2,Dinheiro,Online,3.0,14
1474,2026-06-22,10:15,42,Calça Casual,Calça,Verde,G,3,245.94,110.67,627.15,Cartão de Crédito,Física,502.0,7
1475,2026-03-28, 15:15,99,Camiseta Slim,Camiseta,Rosa,G,1,178.5,0.0,178.5,Cartão de Débito,Física,278.0,17
1476,2026-07-09,21:00,85,Calça X,Calça,Cinza,G,1,287.08,14.35,272.73,Cartão de Crédito,Online,225.0,22
1477,2026-06-11,20:30,120,Camiseta Básica,Camiseta,Rosa,G,3,304.19,45.63,866.94,Dinheiro,Online,399.0,5
1478,2026-06-15,21:00,88838,Jaqueta Social,Jaqueta,Rosa,M,2,340.94,102.28,579.6,Dinheiro,Física,428.0,19
1479,2026-04-25,20:00,63,Bermuda Social,Bermuda,Azul,M,4,250.51,0.0,1002.04,Cartão de Crédito,Física,348.0,21
1480,2026-08-08,16:15,122,Calça Social,Calça,Azul,M,3,77.6,34.92,197.88,Cartão de Crédito,Online,126.0,18
1481,2026-08-14,17:00,13,Blusa Básica,Blusa,Verde,G,3,276.45,0.0,829.35,cartão de débito,Online,468.0,3
1482,2026-08-18,21:00,69,Camiseta Básica,Camiseta,Branca,M,4,71.3,42.78,242.42,Cartão de Débito,Física,471.0,14
1483,2026-05-20,20:45,166,Blusa Casual,Blusa,Cinza,P,1,25.41,0.0,25.41,Cartão de Débito,Física,593.0,2
1484,2026-07-23,09:00,138,Jaqueta Social,Jaqueta,Branca,P,1,257.25,0.0,257.25,Cartão de Débito,Física,121.0,20
1485,2026-05-22,10:45,49,Calça Esporte,Calça,Preta,P,3,264.21,79.26,"R$ 713,37",Dinheiro,Online,503.0,15
1486,2026-04-09,14:15,117,Vestido Premium,Vestido,Cinza,M,3,81.36,0.0,244.08,Cartão de Débito,Online,24.0,4
1487,2026-06-18, 16:15,105,Calça Premium,Calça,Vermelha,GG,3,53.58,0.0,160.74,Cartão de Crédito,Física,405.0,19
1488,2026-03-02,21:45,102,Vestido Premium,Vestido,Vermelha,GG,4,250.72,0.0,1002.88,Dinheiro,Física,146.0,11
1489,2026-06-20,12:30,180,Acessório X,Acessório,Verde,GG,2,108.79,10.88,206.7,PIX,Física,43.0,8
1490,2026-05-31,19:30,73,Calça X,Calça,Azul,M,1,313.28,46.99,266.29,Cartão de Crédito,Física,88.0,2
1491,2026-04-11,14:15,72,Camiseta Casual,Camiseta,Rosa,P,2,280.68,28.07,"R$ 533,29",Cartão de Débito,Física,123.0,2
1492,2026-09-20,14:30,101,Jaqueta Casual,Jaqueta,Verde,M,3,263.03,39.45,749.64,PIX,Física,100.0,1
1493,2026-04-18,17:00,5,Jaqueta Básica,Jaqueta,Preta,GG,3,235.61,0.0,706.83,Cartão de Crédito,Física,528.0,11
1494,2026-08-19,14:30,95,Bermuda X,Bermuda,Cinza,G,2,275.07,27.51,522.63,Dinheiro,Física,290.0,9
1495,2026-06-06,19:30,17,Acessório Slim,Acessório,Azul,M,1,102.24,0.0,102.24,PIX,Online,184.0,19
1496,2026-08-25,11:30,152,Jaqueta Premium,Jaqueta,Verde,M,2,208.59,0.0,417.18,Cartão de Débito,Física,131.0,11
1497,2026-06-08,21:30,106,Blusa Premium,Blusa,Azul,P,2,204.85,20.48,389.22,PIX,Física,15.0,19
1498,2026-05-16,20:15,84,Blusa X,Blusa,Branca,M,4,91.15,18.23,346.37,Crediário,Física,472.0,21
1499,2026-09-30,20:00,77,Blusa Básica,Blusa,Preta,M,3,29.9,0.0,89.7,Dinheiro,Física,206.0,19
1500,2026-07-14,14:15,32,Acessório Social,Acessório,Azul,G,2,324.96,32.5,617.42,Cartão de Crédito,Online,159.0,6
1501,2026-04-17,16:45,166,Blusa Casual,Blusa,Cinza,P,2,25.41,63.16962034024475,45.74,Cartão de Débito,Física,184.0,17
1502,2026-06-12,16:00,154,Bermuda Básica,Bermuda,Branca,P,2,240.69,0.0,481.38,Cartão de Débito,Física,443.0,25
1503,2026-07-07,18:30,137,Jaqueta Básica,Jaqueta,Cinza,GG,3,124.46,0.0,373.38,Cartão de Crédito,Física,301.0,3
1504,2026-04-25,20:15,134,Bermuda Básica,Bermuda,Rosa,GG,3,59.5,17.85,160.65,Dinheiro,Física,69.0,24
1505,2026-06-06,15:00,127,Bermuda X,Bermuda,Azul,M,3,269.31,121.19,686.74,Cartão De Débito,Física,520.0,14
1506,2026-03-01,12:00,5,Jaqueta Básica,Jaqueta,Preta,GG,4,235.61,0.0,942.44,Cartão de Débito,Física,309.0,25
1507,2026-08-27,09:30,96,Camiseta Casual,Camiseta,Verde,P,2,307.93,30.79,585.07,Cartão De Crédito,Física,502.0,14
1508,2026-09-11,13:30,21,Bermuda Social,Bermuda,Branca,GG,3,301.4,0.0,904.2,PIX,Online,234.0,21
1509,2026-03-11,13:45,118,Bermuda Premium,Bermuda,Verde,G,3,289.27,0.0,867.81,Cartão de Débito,Física,455.0,15
1510,2026-07-10,14:15,159,Calça Social,Calça,Verde,G,2,166.81,16.68,316.94,PIX,Física,168.0,4
1511,2026-08-14,13:00,104,Acessório Premium,Acessório,Rosa,M,4,240.9,48.18,915.42,Cartão de Débito,Online,16.0,2
1512,2026-04-02,13:30,5,Jaqueta Básica,Jaqueta,Preta,GG,3,235.61,70.68,636.15,Cartão De Débito,Física,271.0,4
1513,2026-03-27,09:30,75,Bermuda Premium,Bermuda,Cinza,G,4,129.65,0.0,518.6,Cartão de Crédito,Online,244.0,11
1514,2026-07-21,18:00,111,Blusa Esporte,Blusa,Verde,M,1,279.57,0.0,"279,57",PIX,Física,486.0,1
1515,2026-04-29,20:00,133,Jaqueta Social,Jaqueta,Branca,P,2,168.42,33.68,303.16,Cartão de Crédito,Online,111.0,11
1516,2026-07-21,14:30,76,Jaqueta X,Jaqueta,Cinza,P,1,291.87,29.19,262.68,Cartão de Crédito,Física,405.0,19
1517,2026-06-22,21:45,60,Blusa Premium,Blusa,Azul,GG,3,177.54,79.89,452.73,Cartão de Débito,Online,,9
1518,2026-08-28,21:00,170,Bermuda Premium,Bermuda,Vermelha,GG,4,234.75,140.85,798.15,Dinheiro,Física,220.0,16
1519,2026-09-19,16:00,84,Blusa X,Blusa,Branca,M,4,91.15,0.0,364.6,Cartão de Crédito,Online,222.0,5
1520,2026-07-03,15:45,116,Blusa Premium,Blusa,Branca,G,4,68.25,0.0,273.0,PIX,Física,358.0,12
1521,2026-05-17, 09:30,171,Blusa Casual,Blusa,Verde,M,3,139.15,0.0,417.45,Cartão de Débito,Física,345.0,10
1522,2026-05-03,09:15,123,Camiseta Básica,Camiseta,Preta,P,4,195.44,0.0,781.76,Crediário,Online,58.0,9
1523,2026-05-18,11:30,41,Vestido X,Vestido,Verde,M,3,38.61,0.0,115.83,Dinheiro,Online,272.0,25
1524,2026-03-08,11:45,108,Jaqueta X,Jaqueta,Azul,G,1,84.3,8.43,75.87,Cartão de Débito,Online,234.0,21
1525,2026-03-03,10:45,142,Vestido Esporte,Vestido,Branca,GG,1,142.68,21.4,121.28,Dinheiro,Física,568.0,5
1526,2026-03-27,13:30,168,Camiseta Slim,Camiseta,Preta,GG,2,50.13,117.69381384774064,85.22,Cartão de Débito,Física,,8
1527,2026-09-01,12:00,93,Calça Slim,Calça,Azul,G,2,328.53,0.0,657.06,PIX,Online,42.0,11
1528,2026-06-06,20:30,62,Jaqueta Social,Jaqueta,Rosa,M,1,66.35,6.64,59.71,Cartão de Crédito,Online,319.0,4
1529,2026-04-20,20:00,32,Acessório Social,Acessório,Azul,G,4,324.96,64.99,1234.85,Crediário,Física,151.0,11
1530,2026-06-05,16:15,118,Bermuda Premium,Bermuda,Verde,G,4,289.27,173.56,"983,52",Crediário,Física,340.0,9
1531,2026-05-17,15:00,87,Camiseta Casual,Camiseta,Cinza,P,3,273.14,0.0,819.42,Cartão de Crédito,Física,,20
1532,2026-03-19,16:30,180,Acessório X,Acessório,Verde,GG,4,108.79,65.27,369.89,CREDIÁRIO,Física,338.0,14
1533,2026-04-02,12:45,98,Acessório Básica,Acessório,Branca,G,1,254.79,0.0,254.79,Cartão de Débito,Física,542.0,8
1534,2026-05-13,11:30,144,Blusa X,Blusa,Verde,G,2,297.99,59.6,"536,38",Cartão de Crédito,Física,432.0,13
1535,2026-08-09,14:00,162,Acessório Esporte,Acessório,Preta,P,4,314.53,62.91,1195.21,Pix,Física,501.0,22
1536,2026-07-10,18:15,125,Vestido X,Vestido,Verde,M,3,114.2,0.0,342.6,Cartão de Crédito,Online,430.0,25
1537,2026-09-13,20:15,124,Camiseta Social,Camiseta,Branca,M,4,31.01,0.0,124.04,PIX,Online,228.0,19
1538,2026-03-04,21:45,22,Bermuda Social,Bermuda,Vermelha,GG,2,213.75,0.0,427.5,Cartão de Crédito,Física,,20
1539,2026-04-05,12:30,98409,Camiseta Básica,Camiseta,Branca,M,3,71.3,0.0,213.9,Cartão de Crédito,Física,366.0,14
1540,2026-05-26,13:30,150,Camiseta Casual,Camiseta,Cinza,GG,2,216.84,0.0,433.68,Cartão de Crédito,Física,431.0,2
1541,2026-07-26,17:00,91,Acessório Casual,Acessório,Rosa,M,2,274.86,0.0,549.72,Cartão de Crédito,Física,491.0,4
1542,2026-03-17,18:00,131,Jaqueta X,Jaqueta,Azul,P,3,192.39,28.86,548.31,Cartão de Débito,Online,267.0,20
1543,2026-03-09,17:45,66,Vestido Básica,Vestido,Preta,GG,1,195.93,29.39,166.54,Cartão de Crédito,Física,326.0,4
1544,2026-03-13,20:45,162,Acessório Esporte,Acessório,Preta,P,1,314.53,0.0,314.53,PIX,Online,439.0,22
1545,2026-05-05,15:00,75,Bermuda Premium,Bermuda,Cinza,G,1,129.65,19.45,110.2,Cartão de Débito,Online,460.0,11
1546,15-09-2026,10:00,16,Bermuda Esporte,Bermuda,Branca,M,4,242.53,48.51,921.61,Cartão de Crédito,Física,475.0,24
1547,2026-09-12,18:45,109,Camiseta Esporte,Camiseta,Branca,GG,3,227.45,102.35,580.0,Cartão de Débito,Física,390.0,13
1548,2026-08-03,21:30,71,Acessório Premium,Acessório,Rosa,GG,1,227.52,34.13,193.39,PIX,Online,587.0,4
1549,2026-03-04,14:30,44,Acessório Esporte,Acessório,Preta,M,4,211.07,84.43,759.85,Cartão de Débito,Física,214.0,15
1550,03/06/2026,12:15,14,Bermuda Esporte,Bermuda,Verde,GG,3,113.16,0.0,339.48,PIX,Física,325.0,9
1551,2026-06-02,18:30,113,Jaqueta Premium,Jaqueta,Rosa,M,4,196.9,0.0,787.6,Cartão de Débito,Online,435.0,20
1552,2026-04-17,12:30,38,Acessório Esporte,Acessório,Rosa,P,4,113.5,0.0,454.0,Crediário,Online,63.0,15
1553,2026-03-09,09:30,36,Jaqueta X,Jaqueta,Rosa,GG,3,109.13,32.74,294.65,PIX,Física,40.0,10
1554,2026-03-22,09:45,50,Blusa Básica,Blusa,Azul,G,2,124.43,0.0,248.86,Cartão de Débito,Online,137.0,13
1555,2026-06-01,10:00,45,Jaqueta Social,Jaqueta,Preta,P,3,105.9,0.0,317.7,Cartão de Crédito,Física,356.0,14
1556,2026-03-17,16:30,94287,Calça Básica,Calça,Verde,G,1,112.35,11.24,101.11,Crediário,Física,246.0,21
1557,2026-03-16,13:30,109,Camiseta Esporte,Camiseta,Branca,GG,4,227.45,0.0,909.8,PIX,Online,158.0,3
1558,18-04-2026,12:15,162,Acessório Esporte,Acessório,Preta,P,1,314.53,15.73,298.8,Crediário,Física,64.0,17
1559,2026-08-26,10:45,53,Jaqueta Casual,Jaqueta,Branca,P,3,203.54,30.53,580.09,Crediário,Física,468.0,13
1560,2026-08-08,15:45,115,Vestido Básica,Vestido,Vermelha,GG,3,108.11,0.0,324.33,PIX,Online,546.0,7
1561,2026-04-29,18:00,8,Bermuda Básica,Bermuda,Rosa,P,2,301.95,90.58,513.32,Cartão de Crédito,Física,596.0,12
1562,2026-07-12,16:00,97,Jaqueta Premium,Jaqueta,Rosa,GG,1,161.24,8.06,153.18,cartão de crédito,Física,278.0,25
1563,2026-03-17,12:30,22,Bermuda Social,Bermuda,Vermelha,GG,1,213.75,0.0,213.75,Cartão de Crédito,Física,147.0,20
1564,2026-04-03,19:45,178,Blusa Slim,Blusa,Rosa,G,2,281.67,84.5,478.84,Cartão de Crédito,Física,46150.0,15
1565,2026-07-18,16:15,98,Acessório Básica,Acessório,Branca,G,3,254.79,38.22,726.15,PIX,Física,600.0,23
1566,2026-06-26,16:00  ,92,Vestido Básica,Vestido,Cinza,G,1,146.37,21.96,124.41,Cartão de Débito,Física,,4
1567,2026-03-26,14:00,155,Blusa X,Blusa,Rosa,GG,3,229.95,0.0,689.85,PIX,Online,204.0,5
1568,2026-05-01,12:45,88,Bermuda X,Bermuda,Rosa,G,4,55.13,0.0,220.52,Cartão de Débito,Online,587.0,17
1569,2026-08-23,15:00,42,Calça Casual,Calça,Verde,G,4,245.94,98.38,"885,38",Cartão de Crédito,Física,5.0,6
1570,2026-03-28,10:15,120,Camiseta Básica,Camiseta,Rosa,G,4,304.19,182.51,1034.25,Dinheiro,Física,343.0,1
1571,2026-05-27,17:15,2,Calça Casual,Calça,Verde,M,4,308.53,185.12,1049.0,PIX,Online,,1
1572,2026-05-05,15:00,69,Camiseta Básica,Camiseta,Branca,M,1,71.3,3.56,67.74,Cartão de Débito,Física,101.0,5
1573,2026-06-14,18:15,30,Vestido Esporte,Vestido,Vermelha,G,4,244.92,146.95,832.73,Cartão de Crédito,Online,132.0,15
1574,2026-05-05,20:45,99,Camiseta Slim,Camiseta,Rosa,G,4,178.5,107.1,606.9,Cartão de Crédito,Física,113.0,16
1575,2026-04-28,17:15,133,Jaqueta Social,Jaqueta,Branca,P,4,168.42,33.68,640.0,Cartão de Crédito,Física,207.0,24
1576,2026-03-02,17:45,28,Bermuda Premium,Bermuda,Vermelha,GG,1,57.16,5.72,51.44,Crediário,Física,137.0,11
1577,2026-06-04,20:15,27,Camiseta Casual,Camiseta,Vermelha,P,4,287.37,114.95,1034.53,Cartão de Crédito,Online,71.0,1
1578,2026-03-13,16:45,175,Jaqueta Slim,Jaqueta,Branca,P,2,111.44,22.29,200.59,Cartão de Débito,Física,360.0,24
1579,2026-08-27,21:15,63,Bermuda Social,Bermuda,Azul,M,1,250.51,0.0,250.51,Cartão de Débito,Física,458.0,1
1580,2026-05-25,11:15,74,Bermuda Esporte,Bermuda,Branca,M,4,290.34,58.07,1103.29,Crediário,Online,443.0,19
1581,2026-05-01,10:00,115,Vestido Básica,Vestido,Vermelha,GG,2,108.11,21.62,194.6,Cartão de Débito,Física,,3
1582,2026-03-11,17:15,126,Calça Casual,Calça,Vermelha,G,2,275.71,82.71,468.71,Cartão de Crédito,Física,548.0,18
1583,2026-07-10,13:15,36,Jaqueta X,Jaqueta,Rosa,GG,1,109.13,0.0,109.13,Pix,Física,519.0,13
1584,2026-04-25,18:15,115,Vestido Básica,Vestido,Vermelha,GG,0,108.11,21.62,194.6,Cartão de Débito,Física,72.0,21
1585,18/06/26,19:00,162,Acessório Esporte,Acessório,Preta,P,3,314.53,0.0,943.59,Cartão de Crédito,Física,385.0,7
1586,2026-05-29,13:15,104,Acessório Premium,Acessório,Rosa,M,1,240.9,0.0,"R$ 240,90",Cartão de Débito,Online,,4
1587,2026-07-06,09:45,5,Jaqueta Básica,Jaqueta,Preta,GG,3,235.61,0.0,706.83,Cartão de Débito,Física,38559.0,11
1588,2026-09-22,19:30,24,Blusa Esporte,Blusa,Preta,M,2,315.76,0.0,631.52,PIX,Física,390.0,12
1589,2026-04-08,15:30,160,Vestido Básica,Vestido,Branca,G,4,38.68,15.47,139.25,Cartão de Débito,Online,188.0,15
1590,2026-05-14,11:30,5,Jaqueta Básica,Jaqueta,Preta,GG,4,235.61,0.0,942.44,Cartão De Crédito,Online,102.0,8
1591,2026-03-27,16:30,70,Vestido Slim,Vestido,Verde,G,1,304.38,15.22,289.16,Cartão de Crédito,Online,597.0,21
1592,2026-05-31,21:15,161,Camiseta X,Camiseta,Branca,GG,4,168.83,0.0,"675,32",Cartão De Crédito,Online,67.0,9
1593,2026-04-28,18:30,140,Jaqueta Básica,Jaqueta,Cinza,P,1,275.21,0.0,275.21,Cartão de Crédito,Online,499.0,23
1594,2026-04-20,19:30,33,Camiseta Esporte,Camiseta,Verde,G,2,238.32,0.0,"R$ 476,64",Cartão de Débito,Física,390.0,5
1595,2026-08-07,10:30,169,Camiseta Premium,Camiseta,Branca,GG,4,137.47,27.49,522.39,Cartão de Crédito,Física,148.0,11
1596,2026-05-22,11:30,118,Bermuda Premium,Bermuda,Verde,G,2,289.27,86.78,491.76,Cartão de Débito,Online,330.0,9
1597,2026-07-09, 13:45 ,89,Acessório Premium,Acessório,Vermelha,GG,4,62.97,12.59,239.29,Cartão De Débito,Física,,19
1598,2026-03-08,19:45,29,Blusa Básica,Blusa,Azul,P,1,287.6,43.14,244.46,Cartão de Débito,Online,88.0,23
1599,2026-09-01,20:30,12,Blusa X,Blusa,Rosa,P,1,258.15,0.0,258.15,PIX,Online,494.0,9
1600,2026-08-02,10:00,33,Camiseta Esporte,Camiseta,Verde,G,3,238.32,35.75,679.21,Cartão de Crédito,Online,555.0,15
1601,2026-05-12,18:15,110,Bermuda Slim,Bermuda,Vermelha,G,3,158.66,71.4,404.58,Cartão de Débito,Física,386.0,10
1602,2026-08-28,17:15,135,Bermuda Básica,Bermuda,Cinza,M,2,74.1,22.23,125.97,Cartão de Crédito,Física,316.0,21
1603,2026-09-11,18:00,93,Calça Slim,Calça,Azul,G,4,328.53,197.12,1117.0,Cartão de Débito,Online,44.0,18
1604,2026-09-25,11:15,105,Calça Premium,Calça,Vermelha,GG,2,53.58,10.72,96.44,Dinheiro,Física,525.0,3
1605,2026-06-07,19:45,152,Jaqueta Premium,Jaqueta,Verde,M,1,208.59,10.43,198.16,Cartão de Débito,Física,60.0,12
1606,2026-07-04,15:00,23,Calça Social,Calça,Preta,GG,4,181.44,108.86,616.9,Cartão de Crédito,Física,470.0,4
1607,2026-05-28,10:30,141,Bermuda Slim,Bermuda,Vermelha,GG,1,162.9,16.29,"146,61",Crediário,Online,555.0,21
1608,2026-07-13,18:30,108,Jaqueta X,Jaqueta,Azul,G,2,84.3,0.0,168.6,Dinheiro,Física,339.0,6
1609,2026-04-28,10:45,179,Calça Social,Calça,Cinza,P,3,214.89,0.0,644.67,Dinheiro,Física,68.0,23
1610,2026-04-06,10:45,67,Vestido Premium,Vestido,Preta,G,4,60.66,0.0,242.64,Cartão de Débito,Física,145.0,25
1611,2026-06-26,12:30,3,Vestido Esporte,Vestido,Azul,GG,2,51.13,5.11,97.15,Cartão de Crédito,Online,376.0,9
1612,2026-06-23,09:15,42,Calça Casual,Calça,Verde,G,3,245.94,110.67,627.15,Cartão de Débito,Física,108.0,25
1613,2026-05-16,16:30,118,Bermuda Premium,Bermuda,Verde,G,1,289.27,0.0,289.27,Cartão de Débito,Online,,1
1614,2026-08-18,21:30,52,Vestido Básica,Vestido,Vermelha,G,2,334.95,0.0,669.9,Cartão de Crédito,Física,137.0,12
1615,2026-03-16,10:45,61,Blusa Social,Blusa,Preta,P,4,336.13,0.0,1344.52,CREDIÁRIO,Online,26.0,1
1616,2026-09-30,17:45,180,Acessório X,Acessório,Verde,GG,3,108.79,0.0,326.37,Cartão de Crédito,Física,426.0,10
1617,2026-04-20,18:00,22,Bermuda Social,Bermuda,Vermelha,GG,2,213.75,0.0,427.5,cartão de débito,Online,572.0,20
1618,2026-05-24,13:30,81,Calça Básica,Calça,Rosa,G,-1,188.91,0.0,566.73,Cartão de Crédito,Física,442.0,15
1619,2026-07-06, 15:15,135,Bermuda Básica,Bermuda,Cinza,M,4,74.1,44.46,251.94,PIX,Online,342.0,17
1620,2026-06-24, 10:00,4,Acessório Básica,Acessório,Vermelha,G,2,81.82,8.18,155.46,Cartão de Débito,Física,583.0,14
1621,2026-07-20,20:00,101,Jaqueta Casual,Jaqueta,Verde,M,2,263.03,78.91,447.15,Crediário,Online,183.0,7
1622,2026-07-05,11:15,27,Camiseta Casual,Camiseta,Vermelha,P,2,287.37,28.74,546.0,Dinheiro,Online,468.0,13
1623,2026-09-27,16:45,101,Jaqueta Casual,Jaqueta,Verde,M,4,263.03,0.0,1052.12,PIX,Física,51.0,12
1624,2026-08-23,15:30,136,Bermuda Slim,Bermuda,Verde,P,1,232.34,0.0,232.34,Cartão de Débito,Física,483.0,23
1625,2026-03-30,20:00,169,Camiseta Premium,Camiseta,Branca,GG,1,137.47,20.62,116.85,Crediário,Online,415.0,7
1626,2026-07-10,09:30,4,Acessório Básica,Acessório,Vermelha,G,4,81.82,0.0,327.28,Cartão de Crédito,Online,500.0,15
1627,2026-05-23,20:45,135,Bermuda Básica,Bermuda,Cinza,M,4,74.1,44.46,251.94,Dinheiro,Física,283.0,12
1628,2026-03-19,19:00,176,Vestido Esporte,Vestido,Vermelha,M,2,227.13,68.14,386.12,Cartão de Débito,Online,186.0,7
1629,2026-04-29,14:45,48,Camiseta Básica,Camiseta,Cinza,GG,4,63.03,25.21,226.91,Cartão de Débito,Online,369.0,16
1630,2026-04-09,16:30,172,Camiseta Premium,Camiseta,Rosa,G,4,289.13,0.0,1156.52,Crediário,Online,595.0,23
1631,2026-03-25,15:15,176,Vestido Esporte,Vestido,Vermelha,M,2,227.13,45.43,"R$ 408,83",Cartão de Débito,Online,21.0,8
1632,12/03/26,18:00,127,Bermuda X,Bermuda,Azul,M,3,269.31,121.19,686.74,PIX,Online,22.0,23
1633,2026-07-02,17:30,126,Calça Casual,Calça,Vermelha,G,4,275.71,55.14,1047.7,pix,Online,,23
1634,2026-04-30,15:00,112,Bermuda Premium,Bermuda,Rosa,GG,3,93.18,41.93,237.61,Crediário,Física,280.0,8
1635,2026-07-14,17:15,18,Acessório Básica,Acessório,Azul,M,3,242.78,0.0,728.34,Cartão de Crédito,Online,464.0,1
1636,2026-04-13,09:45,92,Vestido Básica,Vestido,Cinza,G,2,146.37,29.27,263.47,Cartão de Débito,Física,575.0,7
1637,2026-03-01,15:45,90,Jaqueta Social,Jaqueta,Rosa,M,2,340.94,102.28,579.6,Cartão de Débito,Online,18.0,10
1638,2026-06-15,18:30,128,Acessório X,Acessório,Verde,G,1,38.26,0.0,38.26,Cartão de Crédito,Física,,4
1639,02-03-2026,20:15,124,Camiseta Social,Camiseta,Branca,M,3,31.01,4.65,88.38,Crediário,Online,344.0,5
1640,21/06/26,21:45,34,Blusa Casual,Blusa,Preta,GG,4,206.43,82.57,743.15,PIX,Física,67.0,15
1641,2026-07-10,19:15,137,Jaqueta Básica,Jaqueta,Cinza,GG,1,124.46,12.45,112.01,Dinheiro,Online,118.0,18
1642,2026-08-03,10:30,169,Camiseta Premium,Camiseta,Branca,GG,4,137.47,0.0,549.88,Cartão de Crédito,Online,313.0,6
1643,2026-05-05,19:00,148,Vestido Slim,Vestido,Rosa,G,4,213.53,128.12,726.0,CARTÃO DE DÉBITO,Online,67.0,11
1644,2026-09-03,17:45,120,Camiseta Básica,Camiseta,Rosa,G,3,304.19,45.63,866.94,Cartão de Crédito,Online,209.0,12
1645,2026-09-25,13:30,137,Jaqueta Básica,Jaqueta,Cinza,GG,2,124.46,12.45,236.47,Cartão de Débito,Física,149.0,10
1646,2026-06-06,21:30,139,Jaqueta X,Jaqueta,Preta,M,3,172.53,0.0,517.59,Cartão de Crédito,Física,288.0,19
1647,2026-06-04,19:45,25,Calça Básica,Calça,Rosa,GG,1,346.73,17.34,329.39,Cartão de Crédito,Online,557.0,8
1648,2026-05-09,13:30,50,Blusa Básica,Blusa,Azul,G,4,124.43,0.0,497.72,PIX,Física,349.0,6
1649,2026-08-13,13:30,74,Bermuda Esporte,Bermuda,Branca,M,1,290.34,14.52,275.82,PIX,Online,102.0,24
1650,27-04-2026,09:15,168,Camiseta Slim,Camiseta,Preta,GG,2,50.13,0.0,100.26,Cartão de Débito,Online,306.0,8
1651,2026-06-24,13:15,88,Bermuda X,Bermuda,Rosa,G,3,55.13,0.0,"R$ 165,39",Cartão de Débito,Online,528.0,6
1652,2026-08-28,11:15,42,Calça Casual,Calça,Verde,G,-1,245.94,0.0,983.76,Crediário,Física,531.0,23
1653,2026-03-19,17:15,151,Vestido Social,Vestido,Cinza,P,3,305.13,137.31,778.08,Cartão de Débito,Física,376.0,4
1654,2026-04-08,20:45,173,Camiseta Esporte,Camiseta,Preta,P,2,183.66,0.0,367.32,Crediário,Física,445.0,1
1655,2026-05-16,17:00,30,Vestido Esporte,Vestido,Vermelha,G,3,244.92,0.0,734.76,Cartão de Débito,Física,200.0,3
1656,2026-08-24,17:30,93,Calça Slim,Calça,Azul,G,4,328.53,131.41,"R$ 1.182,71",Cartão de Débito,Física,304.0,20
1657,2026-08-21,10:15,55,Vestido Premium,Vestido,Branca,M,2,126.12,0.0,"R$ 252,24",PIX,Online,17.0,14
1658,2026-05-06,09:00  ,106,Blusa Premium,Blusa,Azul,P,4,204.85,81.94,737.46,PIX,Física,,5
1659,2026-03-03, 11:45,104,Acessório Premium,Acessório,Rosa,M,1,240.9,0.0,240.9,Cartão de Débito,Física,304.0,11
1660,2026-07-10,10:00,172,Camiseta Premium,Camiseta,Rosa,G,2,289.13,28.91,549.35,PIX,Física,446.0,22
1661,2026-09-20,17:15,28,Bermuda Premium,Bermuda,Vermelha,GG,3,57.16,25.72,145.76,Cartão de Débito,Física,101.0,2
1662,2026-07-29,21:15,27,Camiseta Casual,Camiseta,Vermelha,P,4,287.37,57.47,1092.01,Crediário,Física,287.0,15
1663,2026-03-19,13:30,72,Camiseta Casual,Camiseta,Rosa,P,3,280.68,0.0,842.04,Cartão de Débito,Online,237.0,17
1664,2026-03-16,12:45,92,Vestido Básica,Vestido,Cinza,G,2,146.37,0.0,292.74,Dinheiro,Online,495.0,3
1665,2026-07-12,19:00,161,Camiseta X,Camiseta,Branca,GG,4,168.83,67.53,607.79,Cartão de Crédito,Física,485.0,3
1666,2026-05-06,13:45,53269,Bermuda Premium,Bermuda,Preta,GG,3,144.6,43.38,390.42,Cartão de Débito,Física,157.0,1
1667,2026-04-01,15:45,127,Bermuda X,Bermuda,Azul,M,4,269.31,0.0,"R$ 1.077,24",Cartão de Débito,Física,409.0,2
1668,2026-05-21,10:30,75,Bermuda Premium,Bermuda,Cinza,G,1,129.65,0.0,129.65,Cartão de Débito,Online,508.0,5
1669,2026-08-28,18:30,94,Blusa X,Blusa,Azul,GG,2,310.47,0.0,620.94,Cartão de Débito,Física,,16
1670,2026-09-06,16:15,99,Camiseta Slim,Camiseta,Rosa,G,1,178.5,0.0,178.5,Dinheiro,Online,291.0,20
1671,2026-03-26,17:45,54,Bermuda Social,Bermuda,Cinza,G,1,115.21,11.52,103.69,Cartão de Débito,Online,196.0,16
1672,2026-09-30, 20:00,87,Camiseta Casual,Camiseta,Cinza,P,3,273.14,122.91,"696,51",Dinheiro,Física,166.0,2
1673,2026-06-15,12:15,140,Jaqueta Básica,Jaqueta,Cinza,P,2,275.21,27.52,522.9,Cartão de Débito,Física,405.0,24
1674,2026-04-25,11:15,166,Blusa Casual,Blusa,Cinza,P,1,25.41,1.27,24.14,PIX,Física,432.0,7
1675,2026-05-25,18:00,19,Calça Casual,Calça,Rosa,P,1,165.92,0.0,165.92,PIX,Online,574.0,16
1676,2026-04-13,19:45,175,Jaqueta Slim,Jaqueta,Branca,P,1,111.44,16.72,94.72,Cartão de Débito,Física,341.0,23
1677,2026-09-27,18:30,114,Camiseta Social,Camiseta,Verde,GG,4,330.12,132.05,1188.43,PIX,Online,343.0,19
1678,2026-09-12,18:00,151,Vestido Social,Vestido,Cinza,P,4,305.13,183.08,1037.44,PIX,Física,546.0,20
1679,2026-09-14,11:00,142,Vestido Esporte,Vestido,Branca,GG,2,142.68,14.27,271.09,Cartão de Débito,Online,85.0,18
1680,2026-05-04,10:45,62,Jaqueta Social,Jaqueta,Rosa,M,3,66.35,9.95,"189,10",Dinheiro,Online,73.0,23
1681,2026-05-25,11:45,172,Camiseta Premium,Camiseta,Rosa,G,3,289.13,0.0,867.39,Dinheiro,Online,413.0,7
1682,2026-03-12,20:30,73,Calça X,Calça,Azul,M,2,313.28,93.98,532.58,PIX,Online,164.0,10
1683,05/08/26,19:30,128,Acessório X,Acessório,Verde,G,3,38.26,0.0,114.78,Cartão de Crédito,Física,561.0,22
1684,2026-05-26,12:30,36,Jaqueta X,Jaqueta,Rosa,GG,3,109.13,32.74,294.65,Cartão de Débito,Física,528.0,4
1685,2026-09-08, 09:15 ,24,Blusa Esporte,Blusa,Preta,M,3,315.76,142.09,805.19,PIX,Online,201.0,19
1686,2026-04-23,13:45,38,Acessório Esporte,Acessório,Rosa,P,4,113.5,0.0,454.0,Cartão de Crédito,Online,75.0,18
1687,2026-06-26,13:45,14,Bermuda Esporte,Bermuda,Verde,GG,2,113.16,0.0,226.32,Crediário,Física,556.0,7
1688,2026-04-05,10:00,53,Jaqueta Casual,Jaqueta,Branca,P,4,203.54,40.71,773.45,Dinheiro,Física,305.0,10
1689,19/03/2026,10:15,109,Camiseta Esporte,Camiseta,Branca,GG,1,227.45,22.74,204.71,Cartão de Crédito,Online,,24
1690,2026-09-26,16:30,171,Blusa Casual,Blusa,Verde,M,2,139.15,41.74,236.56,PIX,Online,21.0,23
1691,2026-04-22,09:15,17,Acessório Slim,Acessório,Azul,M,4,102.24,40.9,368.06,CARTÃO DE DÉBITO,Online,551.0,4
1692,27/05/2026,15:30,11,Calça Básica,Calça,Verde,G,3,112.35,0.0,337.05,PIX,Física,596.0,11
1693,2026-08-30,13:45,38,Acessório Esporte,Acessório,Rosa,P,3,113.5,51.08,289.42,Crediário,Online,545.0,25
1694,2026-06-27,21:45,165,Calça Casual,Calça,Rosa,G,4,158.71,0.0,634.84,PIX,Online,44.0,21
1695,2026-09-21,15:45,168,Camiseta Slim,Camiseta,Preta,GG,2,50.13,15.04,85.22,Cartão de Débito,Online,237.0,2
1696,2026-06-24,13:30,140,Jaqueta Básica,Jaqueta,Cinza,P,2,275.21,82.56,467.86,Crediário,Física,259.0,15
1697,01-03-2026,21:15,98,Acessório Básica,Acessório,Branca,G,4,254.79,0.0,1019.16,PIX,Física,496.0,3
1698,2026-06-29,10:30,100,Calça Social,Calça,Preta,M,3,133.29,59.98,339.89,PIX,Online,,22
1699,2026-04-19,12:00,58,Blusa X,Blusa,Branca,P,1,215.52,10.78,204.74,PIX,Física,505.0,22
1700,2026-03-02,13:45,99,Camiseta Slim,Camiseta,Rosa,G,1,178.5,0.0,178.5,Cartão de Crédito,Online,597.0,8
1701,2026-06-30,21:15,154,Bermuda Básica,Bermuda,Branca,P,3,240.69,0.0,722.07,PIX,Online,550.0,4
1702,2026-05-05,18:00,128,Acessório X,Acessório,Verde,G,3,38.26,17.22,97.56,Cartão de Débito,Online,274.0,6
1703,2026-08-03,20:45,41,Vestido X,Vestido,Verde,M,1,38.61,5.79,"32,82",Cartão de Débito,Online,489.0,12
1704,2026-07-06,14:15,60,Blusa Premium,Blusa,Azul,GG,2,177.54,0.0,355.08,Crediário,Física,528.0,19
1705,2026-08-20,21:00,180,Acessório X,Acessório,Verde,GG,2,108.79,10.88,206.7,Cartão de Débito,Física,49.0,7
1706,2026-04-18,20:45,38,Acessório Esporte,Acessório,Rosa,P,3,113.5,17.03,323.47,Cartão de Débito,Física,101.0,17
1707,2026-06-18,14:15,152,Jaqueta Premium,Jaqueta,Verde,M,3,208.59,0.0,625.77,Cartão de Débito,Física,18.0,23
1708,2026-03-08,13:45,20,Blusa Básica,Blusa,Branca,M,4,212.5,42.5,807.5,Cartão de Crédito,Online,549.0,9
1709,2026-05-22,15:45,52,Vestido Básica,Vestido,Vermelha,G,2,334.95,33.49,"R$ 636,41",Cartão de Crédito,Online,465.0,21
1710,2026-07-29,21:30,69,Camiseta Básica,Camiseta,Branca,M,3,71.3,0.0,213.9,Cartão de Débito,Física,205.0,21
1711,2026-08-03,19:15,11,Calça Básica,Calça,Verde,G,4,112.35,67.41,381.99,Crediário,Online,359.0,7
1712,2026-08-27,21:00,151,Vestido Social,Vestido,Cinza,P,1,305.13,0.0,305.13,Cartão de Débito,Online,591.0,10
1713,2026-05-10,17:00,130,Bermuda Slim,Bermuda,Verde,G,2,139.82,27.96,251.68,Cartão de Crédito,Online,571.0,25
1714,2026-05-11,10:45,26,Jaqueta Esporte,Jaqueta,Verde,P,3,204.58,92.06,521.68,Cartão de Débito,Física,334.0,15
1715,2026-06-13,17:45,144,Blusa X,Blusa,Verde,G,-1,297.99,0.0,893.97,Dinheiro,Física,555.0,17
1716,2026-09-04,12:30,55,Vestido Premium,Vestido,Branca,M,2,126.12,0.0,252.24,Dinheiro,Física,337.0,13
1717,2026-07-27,14:45  ,168,Camiseta Slim,Camiseta,Preta,GG,2,50.13,5.01,95.25,Cartão de Crédito,Física,149.0,19
1718,2026-03-31,18:15,66,Vestido Básica,Vestido,Preta,GG,4,195.93,39.19,744.53,Cartão de Crédito,Online,505.0,16
1719,2026-06-08,10:15,5,Jaqueta Básica,Jaqueta,Preta,GG,1,235.61,23.56,212.05,Crediário,Física,338.0,20
1720,2026-06-13,12:30,155,Blusa X,Blusa,Rosa,GG,3,229.95,0.0,689.85,Dinheiro,Online,69.0,15
1721,2026-06-18,09:30,62,Jaqueta Social,Jaqueta,Rosa,M,3,66.35,0.0,199.05,Cartão de Débito,Física,158.0,6
1722,2026-08-28,13:00,68140,Acessório Esporte,Acessório,Rosa,P,2,113.5,22.7,204.3,Dinheiro,Física,584.0,16
1723,2026-03-18,16:15,81,Calça Básica,Calça,Rosa,G,4,188.91,0.0,755.64,Cartão de Débito,Online,132.0,21
1724,2026-06-26,19:15,150,Camiseta Casual,Camiseta,Cinza,GG,1,216.84,0.0,216.84,PIX,Online,484.0,8
1725,2026-09-10,13:15,11,Calça Básica,Calça,Verde,G,1,112.35,0.0,112.35,PIX,Física,167.0,17
1726,2026-08-17,16:00,104,Acessório Premium,Acessório,Rosa,M,2,240.9,24.09,457.71,Cartão de Crédito,Física,336.0,3
1727,2026-07-29,14:00,121,Acessório Básica,Acessório,Vermelha,GG,2,127.53,0.0,255.06,Cartão de Débito,Física,,6
1728,2026-03-18,13:30,96,Camiseta Casual,Camiseta,Verde,P,3,307.93,0.0,923.79,Dinheiro,Online,503.0,6
1729,2026-05-28,12:15,149,Vestido Básica,Vestido,Cinza,GG,4,67.2,0.0,268.8,PIX,Física,302.0,5
1730,2026-05-17,16:15,88,Bermuda X,Bermuda,Rosa,G,2,55.13,0.0,110.26,Cartão de Crédito,Online,,13
1731,2026-04-08,11:00,164,Blusa Premium,Blusa,Preta,G,2,175.34,0.0,350.68,Cartão de Débito,Online,405.0,21
1732,2026-08-29,10:45,152,Jaqueta Premium,Jaqueta,Verde,M,1,208.59,0.0,208.59,Cartão de Débito,Física,579.0,20
1733,2026-06-25,17:30,7,Acessório X,Acessório,Vermelha,GG,1,160.81,8.04,152.77,Dinheiro,Online,108.0,17
1734,2026-03-20,14:00,29,Blusa Básica,Blusa,Azul,P,1,287.6,14.38,273.22,Cartão de Débito,Online,441.0,12
1735,2026-03-22,12:00,40,Jaqueta Premium,Jaqueta,Branca,G,4,59.14,0.0,236.56,PIX,Online,435.0,24
1736,2026-05-26,09:00,36,Jaqueta X,Jaqueta,Rosa,GG,1,109.13,0.0,109.13,Crediário,Física,42.0,14
1737,2026-07-08,15:30,10,Camiseta Social,Camiseta,Azul,G,1,281.48,0.0,281.48,Cartão de Débito,Física,296.0,2
1738,2026-03-09,19:00,52,Vestido Básica,Vestido,Vermelha,G,1,334.95,0.0,"R$ 334,95",Crediário,Física,331.0,11
1739,2026-09-02,18:45,77,Blusa Básica,Blusa,Preta,M,2,29.9,8.97,50.83,Cartão de Crédito,Online,242.0,2
1740,2026-06-03,19:30,17,Acessório Slim,Acessório,Azul,M,2,102.24,20.45,184.03,Cartão de Crédito,Online,377.0,12
1741,2026-03-01,20:45,148,Vestido Slim,Vestido,Rosa,G,3,213.53,96.09,"R$ 544,50",Cartão de Débito,Física,27.0,3
1742,2026-06-14,21:30,41,Vestido X,Vestido,Verde,M,4,38.61,7.72,146.72,Dinheiro,Física,494.0,14
1743,2026-07-09,21:00,133,Jaqueta Social,Jaqueta,Branca,P,1,168.42,25.26,143.16,Dinheiro,Física,224.0,5
1744,2026-07-24,15:45,80,Camiseta Básica,Camiseta,Cinza,M,2,179.41,0.0,358.82,Cartão de Débito,Online,353.0,13
1745,2026-07-15,10:15,74,Bermuda Esporte,Bermuda,Branca,M,1,290.34,29.03,261.31,Crediário,Física,381.0,19
1746,2026-04-06,14:15,87,Camiseta Casual,Camiseta,Cinza,P,2,273.14,54.63,491.65,PIX,Física,345.0,20
1747,2026-07-28,09:15,142,Vestido Esporte,Vestido,Branca,GG,2,142.68,0.0,285.36,cartão de débito,Física,,22
1748,2026-08-21,10:30,170,Bermuda Premium,Bermuda,Vermelha,GG,1,234.75,11.74,223.01,Crediário,Online,196.0,5
1749,2026-07-22,19:00,109,Camiseta Esporte,Camiseta,Branca,GG,1,227.45,0.0,227.45,Cartão de Crédito,Online,494.0,8
1750,2026-08-17,18:45,103,Acessório Esporte,Acessório,Verde,M,1,142.1,7.1,"135,00",PIX,Online,155.0,9
1751,18/09/2026,14:00,91,Acessório Casual,Acessório,Rosa,M,1,274.86,0.0,274.86,Cartão de Crédito,Física,177.0,10
1752,2026-05-01,17:15,44,Acessório Esporte,Acessório,Preta,M,1,211.07,10.55,200.52,Cartão de Crédito,Online,238.0,4
1753,2026-09-22,17:00,175,Jaqueta Slim,Jaqueta,Branca,P,4,111.44,0.0,445.76,Crediário,Física,14.0,14
1754,2026-05-05,21:45,69,Camiseta Básica,Camiseta,Branca,M,4,71.3,14.26,270.94,Cartão de Crédito,Online,323.0,17
1755,2026-03-15,15:45,164,Blusa Premium,Blusa,Preta,G,1,175.34,0.0,175.34,Cartão de Débito,Online,370.0,8
1756,2026-04-10,15:30,154,Bermuda Básica,Bermuda,Branca,P,3,240.69,0.0,722.07,PIX,Física,545.0,12
1757,2026-09-20,12:30,114,Camiseta Social,Camiseta,Verde,GG,3,330.12,0.0,990.36,PIX,Online,136.0,7
1758,2026-03-18,10:15,1,Blusa Premium,Blusa,Cinza,G,4,318.6,63.72,1210.68,PIX,Online,259.0,13
1759,2026-07-04,12:30,142,Vestido Esporte,Vestido,Branca,GG,4,142.68,85.61,485.11,Crediário,Online,488.0,2
1760,2026-06-30,15:30,87,Camiseta Casual,Camiseta,Cinza,P,2,273.14,0.0,546.28,Cartão de Débito,Física,530.0,9
1761,2026-09-15,20:30,51,Blusa Premium,Blusa,Branca,P,3,122.21,54.99,311.64,Crediário,Física,6.0,5
1762,2026-09-14,09:30,37,Acessório Premium,Acessório,Rosa,G,2,281.93,0.0,563.86,PIX,Online,486.0,15
1763,2026-07-20,14:15,157,Bermuda Básica,Bermuda,Azul,P,1,35.03,0.0,35.03,Dinheiro,Online,446.0,24
1764,2026-05-10,14:15,58,Blusa X,Blusa,Branca,P,1,215.52,0.0,215.52,Cartão de Débito,Online,138.0,9
1765,2026-03-13,21:45,86,Blusa Social,Blusa,Azul,P,1,56.25,5.62,50.63,PIX,Física,568.0,13
1766,2026-06-01,09:30,126,Calça Casual,Calça,Vermelha,G,1,275.71,0.0,275.71,PIX,Online,355.0,10
1767,2026-09-09,21:45,4,Acessório Básica,Acessório,Vermelha,G,4,81.82,0.0,327.28,Cartão de Crédito,Física,14747.0,4
1768,2026-05-15,11:15,176,Vestido Esporte,Vestido,Vermelha,M,4,227.13,0.0,908.52,Cartão de Crédito,Online,190.0,14
1769,2026-08-09,14:15,5,Jaqueta Básica,Jaqueta,Preta,GG,3,235.61,0.0,706.83,Dinheiro,Física,427.0,13
1770,2026-05-23,19:45,121,Acessório Básica,Acessório,Vermelha,GG,3,127.53,0.0,382.59,Crediário,Online,499.0,15
1771,2026-06-11,17:00,4,Acessório Básica,Acessório,Vermelha,G,1,81.82,12.27,69.55,Dinheiro,Física,172.0,1
1772,2026-05-24,15:45,178,Blusa Slim,Blusa,Rosa,G,2,281.67,56.33,507.01,Cartão de Crédito,Online,169.0,20
1773,2026-09-01,19:00,6,Acessório Casual,Acessório,Rosa,GG,3,309.17,0.0,927.51,Crediário,Online,471.0,6
1774,2026-06-13,12:15,17,Acessório Slim,Acessório,Azul,M,2,102.24,20.45,184.03,Crediário,Física,50.0,11
1775,2026-06-10,11:15,71,Acessório Premium,Acessório,Rosa,GG,1,227.52,22.75,204.77,Cartão de Débito,Física,394.0,16
1776,2026-09-05,15:00,160,Vestido Básica,Vestido,Branca,G,3,38.68,0.0,116.04,Cartão de Crédito,Online,471.0,23
1777,2026-07-13,17:15,172,Camiseta Premium,Camiseta,Rosa,G,2,289.13,0.0,578.26,Cartão de Débito,Física,360.0,18
1778,2026-09-28,09:30,171,Blusa Casual,Blusa,Verde,M,2,139.15,0.0,278.3,Cartão de Crédito,Online,226.0,3
1779,2026-05-09,20:15,146,Calça Premium,Calça,Branca,GG,1,343.66,0.0,343.66,PIX,Online,565.0,11
1780,13/03/2026,16:15,128,Acessório X,Acessório,Verde,G,1,38.26,5.74,32.52,Cartão de Débito,Física,213.0,20
1781,2026-05-30,16:00,37,Acessório Premium,Acessório,Rosa,G,3,281.93,0.0,845.79,Cartão de Crédito,Física,104.0,21
1782,2026-09-26,10:15,166,Blusa Casual,Blusa,Cinza,P,4,25.41,10.16,91.48,Cartão de Débito,Online,310.0,9
1783,2026-09-08,19:45,31,Vestido Social,Vestido,Azul,GG,4,28.24,11.3,101.66,Dinheiro,Online,484.0,13
1784,2026-03-07,09:15,117,Vestido Premium,Vestido,Cinza,M,4,81.36,0.0,325.44,Cartão de Débito,Online,16.0,15
1785,2026-06-07, 09:30,89,Acessório Premium,Acessório,Vermelha,GG,4,62.97,12.59,239.29,Cartão de Débito,Física,541.0,5
1786,2026-04-05,18:00,131,Jaqueta X,Jaqueta,Azul,P,4,192.39,0.0,769.56,Cartão de Crédito,Física,566.0,13
1787,2026-08-08,10:30,124,Camiseta Social,Camiseta,Branca,M,1,31.01,0.0,31.01,Cartão de Crédito,Online,399.0,4
1788,2026-07-12,19:00,98,Acessório Básica,Acessório,Branca,G,4,254.79,0.0,1019.16,Cartão de Débito,Online,414.0,11
1789,2026-07-13,12:30,141,Bermuda Slim,Bermuda,Vermelha,GG,4,162.9,65.16,586.44,Dinheiro,Física,575.0,6
1790,2026-07-29,12:45,39,Blusa X,Blusa,Vermelha,P,1,80.38,4.02,76.36,Crediário,Física,260.0,11
1791,2026-04-21,09:15,155,Blusa X,Blusa,Rosa,GG,3,229.95,0.0,689.85,Cartão de Crédito,Online,6550.0,18
1792,12/09/2026,11:45,165,Calça Casual,Calça,Rosa,G,3,158.71,23.81,452.32,Cartão de Crédito,Física,36954.0,18
1793,2026-05-17,09:15,59,Blusa Social,Blusa,Verde,M,3,202.64,30.4,577.52,Dinheiro,Física,593.0,19
1794,2026-08-23,11:15,118,Bermuda Premium,Bermuda,Verde,G,3,289.27,43.39,824.42,Cartão de Débito,Online,459.0,13
1795,2026-08-25,10:30,111,Blusa Esporte,Blusa,Verde,M,2,279.57,27.96,531.18,Cartão de Crédito,Online,,19
1796,2026-04-21,11:45,57,Calça Casual,Calça,Verde,GG,2,86.79,0.0,173.58,Cartão de Crédito,Online,308.0,15
1797,2026-09-21,17:15,87,Camiseta Casual,Camiseta,Cinza,P,1,273.14,27.31,245.83,PIX,Física,562.0,11
1798,22/07/2026,17:00,20,Blusa Básica,Blusa,Branca,M,1,212.5,0.0,212.5,Cartão de Crédito,Online,491.0,24
1799,2026-08-05,09:15,51,Blusa Premium,Blusa,Branca,P,2,122.21,12.22,232.2,Cartão de Crédito,Física,427.0,4
1800,2026-03-28,12:30,34,Blusa Casual,Blusa,Preta,GG,4,206.43,0.0,825.72,Dinheiro,Online,481.0,23
1801,2026-04-03,09:00,83,Bermuda Básica,Bermuda,Cinza,M,2,344.51,0.0,689.02,Crediário,Física,168.0,1
1802,2026-07-06,12:00,125,Vestido X,Vestido,Verde,M,4,114.2,68.52,388.28,Crediário,Física,423.0,22
1803,2026-06-01,12:30,47,Blusa Esporte,Blusa,Vermelha,M,1,85.46,4.27,81.19,PIX,Física,280.0,1
1804,2026-09-18,15:30,91,Acessório Casual,Acessório,Rosa,M,1,274.86,41.23,233.63,Cartão de Débito,Online,304.0,7
1805,2026-03-18,20:45,134,Bermuda Básica,Bermuda,Rosa,GG,1,59.5,0.0,59.5,Dinheiro,Física,303.0,18
1806,2026-04-29,19:15,33,Camiseta Esporte,Camiseta,Verde,G,3,238.32,0.0,714.96,PIX,Online,,15
1807,2026-06-14,11:30,64,Blusa Slim,Blusa,Cinza,G,1,307.95,0.0,307.95,PIX,Online,455.0,2
1808,2026-06-30,14:30,166,Blusa Casual,Blusa,Cinza,P,4,25.41,0.0,101.64,Cartão de Crédito,Física,139.0,9
1809,2026-09-04,12:15,83,Bermuda Básica,Bermuda,Cinza,M,4,344.51,206.71,1171.33,PIX,Online,383.0,6
1810,2026-05-01,19:45,73,Calça X,Calça,Azul,M,1,313.28,0.0,313.28,PIX,Física,155.0,21
1811,2026-07-11,15:30,7,Acessório X,Acessório,Vermelha,GG,4,160.81,0.0,643.24,CARTÃO DE DÉBITO,Física,59.0,11
1812,2026-07-14,20:00,25,Calça Básica,Calça,Rosa,GG,1,346.73,17.34,329.39,Crediário,Física,,2
1813,2026-09-05,15:45,97,Jaqueta Premium,Jaqueta,Rosa,GG,4,161.24,0.0,644.96,Cartão de Débito,Online,237.0,21
1814,2026-05-04,17:00,114,Camiseta Social,Camiseta,Verde,GG,2,330.12,0.0,660.24,Dinheiro,Online,503.0,8
1815,2026-04-01,10:00,161,Camiseta X,Camiseta,Branca,GG,4,168.83,0.0,675.32,Cartão de Crédito,Online,347.0,25
1816,2026-06-09,15:45,64,Blusa Slim,Blusa,Cinza,G,2,307.95,92.38,"R$ 523,52",Cartão de Crédito,Física,434.0,18
1817,2026-03-01,15:15,147,Calça Premium,Calça,Preta,P,1,176.07,26.41,149.66,Cartão de Crédito,Online,80.0,9
1818,2026-07-31,14:30,101,Jaqueta Casual,Jaqueta,Verde,M,3,263.03,118.36,670.73,Cartão de Débito,Online,,5
1819,2026-06-16,18:45,84,Blusa X,Blusa,Branca,M,4,91.15,54.69,309.91,Cartão de Débito,Online,537.0,9
1820,2026-05-06,15:30,89,Acessório Premium,Acessório,Vermelha,GG,2,62.97,0.0,125.94,Cartão de Débito,Online,424.0,13
1821,2026-09-18,14:30  ,139,Jaqueta X,Jaqueta,Preta,M,1,172.53,25.88,146.65,pix,Física,246.0,3
1822,2026-05-05,09:30,111,Blusa Esporte,Blusa,Verde,M,3,279.57,0.0,838.71,Cartão de Débito,Online,88.0,5
1823,2026-09-08,21:30,134,Bermuda Básica,Bermuda,Rosa,GG,1,59.5,5.95,53.55,Cartão de Débito,Física,428.0,24
1824,2026-03-21,15:45,77,Blusa Básica,Blusa,Preta,M,4,29.9,17.94,101.66,Cartão de Crédito,Online,247.0,10
1825,2026-06-30, 17:30,121,Acessório Básica,Acessório,Vermelha,GG,2,127.53,0.0,255.06,Cartão de Débito,Online,518.0,8
1826,2026-03-16,19:15,154,Bermuda Básica,Bermuda,Branca,P,3,240.69,36.1,685.97,Crediário,Online,471.0,17
1827,2026-07-01,21:30,112,Bermuda Premium,Bermuda,Rosa,GG,3,93.18,41.93,237.61,PIX,Online,260.0,10
1828,2026-03-12,09:15,30792,Jaqueta Esporte,Jaqueta,Verde,P,2,204.58,0.0,409.16,Cartão de Crédito,Online,353.0,7
1829,2026-07-03,19:30,65,Jaqueta Casual,Jaqueta,Branca,G,4,232.93,0.0,931.72,Cartão de Débito,Online,235.0,15
1830,2026-07-07,13:30,142,Vestido Esporte,Vestido,Branca,GG,3,142.68,0.0,428.04,Cartão de Débito,Online,461.0,25
1831,2026-05-15,20:15,120,Camiseta Básica,Camiseta,Rosa,G,-2,304.19,0.0,608.38,Cartão de Crédito,Online,473.0,25
1832,2026-08-31,16:30,3,Vestido Esporte,Vestido,Azul,GG,2,51.13,0.0,102.26,PIX,Física,558.0,23
1833,2026-07-17,12:15,111,Blusa Esporte,Blusa,Verde,M,4,279.57,0.0,1118.28,Cartão de Débito,Física,,9
1834,2026-06-20,09:45,96,Camiseta Casual,Camiseta,Verde,P,2,307.93,61.59,554.27,cartão de débito,Online,197.0,16
1835,2026-04-05,19:00,20,Blusa Básica,Blusa,Branca,M,3,212.5,0.0,637.5,Cartão de Crédito,Física,390.0,25
1836,2026-08-08,12:00,116,Blusa Premium,Blusa,Branca,G,3,68.25,0.0,204.75,Cartão de Débito,Online,599.0,14
1837,2026-06-16,14:45,88,Bermuda X,Bermuda,Rosa,G,4,55.13,11.03,209.49,PIX,Física,525.0,25
1838,2026-09-09,11:45,30,Vestido Esporte,Vestido,Vermelha,G,4,244.92,0.0,979.68,Cartão de Débito,Física,505.0,2
1839,2026-07-30,20:30,45,Jaqueta Social,Jaqueta,Preta,P,4,105.9,21.18,402.42,Cartão de Crédito,Online,,25
1840,2026-07-15,20:45,32,Acessório Social,Acessório,Azul,G,2,324.96,97.49,552.43,Cartão de Crédito,Física,175.0,21
1841,2026-05-01,14:30,135,Bermuda Básica,Bermuda,Cinza,M,2,74.1,0.0,148.2,Cartão de Crédito,Física,3.0,2
1842,2026-05-01,16:30,75,Bermuda Premium,Bermuda,Cinza,G,3,129.65,0.0,388.95,Dinheiro,Online,473.0,18
1843,2026-04-19,17:00,124,Camiseta Social,Camiseta,Branca,M,1,31.01,0.0,31.01,Crediário,Online,503.0,12
1844,2026-07-30,13:00,157,Bermuda Básica,Bermuda,Azul,P,1,35.03,0.0,35.03,Crediário,Física,413.0,21
1845,2026-08-17,16:15,175,Jaqueta Slim,Jaqueta,Branca,P,1,111.44,16.72,94.72,Cartão de Crédito,Física,387.0,9
1846,2026-06-06,10:15,171,Blusa Casual,Blusa,Verde,M,2,139.15,13.92,264.38,Dinheiro,Online,19.0,9
1847,2026-04-23,15:30,10,Camiseta Social,Camiseta,Azul,G,1,281.48,0.0,281.48,Cartão de Débito,Online,111.0,12
1848,2026-08-16,15:15,11,Calça Básica,Calça,Verde,G,3,112.35,50.56,286.49,Crediário,Online,483.0,11
1849,2026-09-19,11:15,35,Blusa Premium,Blusa,Preta,P,4,314.35,0.0,1257.4,Cartão de Débito,Online,461.0,16
1850,2026-09-06,15:15,2,Calça Casual,Calça,Verde,M,2,308.53,30.85,586.21,PIX,Física,141.0,23
1851,2026-08-20,15:45,114,Camiseta Social,Camiseta,Verde,GG,2,330.12,0.0,660.24,Crediário,Física,83.0,7
1852,2026-08-04,12:00,144,Blusa X,Blusa,Verde,G,2,297.99,89.4,506.58,PIX,Física,555.0,3
1853,2026-04-21,12:30,131,Jaqueta X,Jaqueta,Azul,P,4,192.39,0.0,769.56,Crediário,Online,214.0,22
1854,2026-04-01,13:30,96,Camiseta Casual,Camiseta,Verde,P,2,307.93,30.79,585.07,Cartão de Crédito,Física,505.0,7
1855,2026-09-21,13:30,56,Camiseta Social,Camiseta,Verde,M,4,252.29,0.0,1009.16,Crediário,Online,,8
1856,2026-05-16,19:45,150,Camiseta Casual,Camiseta,Cinza,GG,1,216.84,21.68,195.16,Cartão de Crédito,Online,532.0,20
1857,2026-05-03,20:45,57,Calça Casual,Calça,Verde,GG,2,86.79,0.0,173.58,Dinheiro,Online,280.0,5
1858,2026-03-29,20:45,110,Bermuda Slim,Bermuda,Vermelha,G,4,158.66,0.0,634.64,PIX,Online,481.0,1
1859,2026-06-18,19:15,32,Acessório Social,Acessório,Azul,G,3,324.96,97.49,877.39,Cartão de Crédito,Online,114.0,2
1860,2026-03-29,09:45,16,Bermuda Esporte,Bermuda,Branca,M,1,242.53,12.13,"230,40",Dinheiro,Online,307.0,1
1861,2026-08-31,17:30,78,Acessório Básica,Acessório,Cinza,GG,2,138.63,27.73,249.53,PIX,Física,,13
1862,2026-03-20,15:00,6,Acessório Casual,Acessório,Rosa,GG,3,309.17,0.0,927.51,Cartão de Débito,Online,90.0,25
1863,2026-03-07,13:30,32,Acessório Social,Acessório,Azul,G,3,324.96,0.0,974.88,Cartão de Crédito,Online,219.0,4
1864,2026-06-16,17:45,114,Camiseta Social,Camiseta,Verde,GG,3,330.12,99.04,891.32,PIX,Online,166.0,15
1865,2026-08-11,21:45,145,Bermuda Casual,Bermuda,Azul,GG,3,159.63,0.0,478.89,PIX,Física,544.0,7
1866,2026-04-10,12:45,114,Camiseta Social,Camiseta,Verde,GG,3,330.12,99.04,891.32,Cartão de Débito,Física,,22
1867,2026-09-24,11:00,106,Blusa Premium,Blusa,Azul,P,1,204.85,30.73,174.12,Cartão de Crédito,Física,600.0,7
1868,2026-08-05,13:00,129,Acessório X,Acessório,Branca,M,3,84.81,12.72,241.71,Crediário,Online,94.0,6
1869,2026-09-09,11:30,87,Camiseta Casual,Camiseta,Cinza,P,2,273.14,27.31,518.97,Cartão de Crédito,Online,130.0,18
1870,2026-03-25,19:15,120,Camiseta Básica,Camiseta,Rosa,G,1,304.19,0.0,304.19,Cartão de Débito,Física,434.0,5
1871,2026-07-08,21:30,165,Calça Casual,Calça,Rosa,G,4,158.71,0.0,634.84,Cartão de Crédito,Física,209.0,18
1872,2026-05-13,19:00,92,Vestido Básica,Vestido,Cinza,G,2,146.37,14.64,278.1,Cartão de Crédito,Online,131.0,24
1873,2026-06-25,16:00,52,Vestido Básica,Vestido,Vermelha,G,1,334.95,0.0,334.95,Dinheiro,Online,21.0,7
1874,2026-05-27,09:00,34,Blusa Casual,Blusa,Preta,GG,3,206.43,30.96,588.33,PIX,Online,591.0,14
1875,2026-09-23,19:00,111,Blusa Esporte,Blusa,Verde,M,2,279.57,55.91,"503,23",Crediário,Online,356.0,17
1876,15-03-2026,19:15,25,Calça Básica,Calça,Rosa,GG,2,346.73,0.0,693.46,PIX,Física,119.0,5
1877,2026-06-09,10:30,166,Blusa Casual,Blusa,Cinza,P,2,25.41,0.0,50.82,Cartão de Débito,Online,373.0,23
1878,2026-05-10,11:00,7,Acessório X,Acessório,Vermelha,GG,2,160.81,48.24,273.38,Cartão de Crédito,Online,88150.0,21
1879,2026-08-08,17:00,28,Bermuda Premium,Bermuda,Vermelha,GG,3,57.16,8.57,162.91,Cartão de Débito,Física,370.0,11
1880,2026-06-29,21:00,75,Bermuda Premium,Bermuda,Cinza,G,3,129.65,58.34,330.61,PIX,Online,329.0,11
1881,02/04/2026,09:00,1,Blusa Premium,Blusa,Cinza,G,2,318.6,0.0,637.2,Dinheiro,Física,13394.0,11
1882,2026-06-11,20:45,125,Vestido X,Vestido,Verde,M,4,114.2,45.68,411.12,Cartão de Crédito,Online,577.0,19
1883,2026-06-09,10:15,120,Camiseta Básica,Camiseta,Rosa,G,4,304.19,60.84,1155.92,Cartão de Débito,Física,367.0,2
1884,2026-06-28,09:45,8,Bermuda Básica,Bermuda,Rosa,P,4,301.95,60.39,1147.41,Cartão de Crédito,Online,595.0,23
1885,2026-04-08,21:15,110,Bermuda Slim,Bermuda,Vermelha,G,1,158.66,0.0,158.66,CARTÃO DE CRÉDITO,Física,383.0,17
1886,2026-09-30,15:45,107,Bermuda Slim,Bermuda,Rosa,M,2,304.94,30.49,579.39,Crediário,Online,493.0,16
1887,2026-07-07,21:30,80,Camiseta Básica,Camiseta,Cinza,M,4,179.41,107.65,609.99,PIX,Física,68.0,12
1888,2026-05-02,12:15,86,Blusa Social,Blusa,Azul,P,3,56.25,8.44,160.31,Cartão de Crédito,Online,486.0,11
1889,2026-06-04,10:15,79,Vestido Slim,Vestido,Verde,GG,3,29.96,4.49,85.39,Cartão de Crédito,Online,135.0,6
1890,2026-08-14,18:45,143,Bermuda Casual,Bermuda,Rosa,G,3,113.47,34.04,306.37,Dinheiro,Online,379.0,2
1891,2026-03-05,13:45,39,Blusa X,Blusa,Vermelha,P,1,80.38,0.0,80.38,Pix,Física,453.0,4
1892,2026-06-24,13:15,16,Bermuda Esporte,Bermuda,Branca,M,2,242.53,0.0,485.06,Cartão de Crédito,Física,368.0,8
1893,2026-04-04,14:00,84,Blusa X,Blusa,Branca,M,1,91.15,0.0,91.15,Cartão de Débito,Online,,10
1894,2026-03-11,21:45,105,Calça Premium,Calça,Vermelha,GG,4,53.58,0.0,214.32,PIX,Física,288.0,20
1895,2026-07-06,09:30,161,Camiseta X,Camiseta,Branca,GG,2,168.83,0.0,337.66,PIX,Online,57.0,1
1896,2026-03-03,09:45,14,Bermuda Esporte,Bermuda,Verde,GG,3,113.16,0.0,339.48,Cartão de Débito,Online,64.0,12
1897,2026-06-13,14:00,68,Acessório Casual,Acessório,Branca,P,1,212.83,0.0,212.83,Dinheiro,Online,292.0,7
1898,2026-06-04,11:45,1,Blusa Premium,Blusa,Cinza,G,1,318.6,0.0,318.6,PIX,Física,593.0,6
1899,2026-08-29, 15:30,5,Jaqueta Básica,Jaqueta,Preta,GG,3,235.61,0.0,706.83,PIX,Online,158.0,8
1900,2026-06-27,11:30,124,Camiseta Social,Camiseta,Branca,M,2,31.01,6.2,55.82,Crediário,Física,185.0,3
1901,2026-09-29,19:30,146,Calça Premium,Calça,Branca,GG,1,343.66,0.0,343.66,Cartão de Débito,Online,585.0,22
1902,2026-09-09,19:30,43,Bermuda Premium,Bermuda,Preta,GG,4,144.6,0.0,578.4,Cartão de Crédito,Online,91.0,24
1903,2026-09-13,13:15,114,Camiseta Social,Camiseta,Verde,GG,1,330.12,16.51,313.61,Cartão de Débito,Online,380.0,3
1904,2026-04-29,18:30,132,Acessório Esporte,Acessório,Rosa,P,4,45.67,9.13,173.55,PIX,Online,,17
1905,2026-09-04,11:30,125,Vestido X,Vestido,Verde,M,1,114.2,0.0,114.2,PIX,Online,375.0,11
1906,25/09/2026,14:15,179,Calça Social,Calça,Cinza,P,4,214.89,0.0,859.56,Crediário,Online,576.0,14
1907,2026-05-09,20:45,122,Calça Social,Calça,Azul,M,1,77.6,0.0,77.6,Cartão de Crédito,Física,281.0,2
1908,2026-08-03,11:15,153,Bermuda Social,Bermuda,Cinza,G,4,75.2,0.0,300.8,Cartão de Crédito,Física,419.0,15
1909,2026-05-17,10:30,20,Blusa Básica,Blusa,Branca,M,4,212.5,0.0,850.0,dinheiro,Online,7.0,22
1910,2026-09-06,18:00,160,Vestido Básica,Vestido,Branca,G,4,38.68,15.47,139.25,PIX,Física,176.0,20
1911,2026-04-02,19:00,88,Bermuda X,Bermuda,Rosa,G,3,55.13,0.0,165.39,Crediário,Física,,1
1912,2026-05-18,12:30,51,Blusa Premium,Blusa,Branca,P,4,122.21,73.33,415.51,Cartão de Débito,Online,174.0,13
1913,2026-06-03,10:45,43,Bermuda Premium,Bermuda,Preta,GG,2,144.6,43.38,245.82,PIX,Online,598.0,22
1914,2026-05-18,15:15,129,Acessório X,Acessório,Branca,M,4,84.81,0.0,339.24,Dinheiro,Física,285.0,6
1915,2026-06-02,13:30,96,Camiseta Casual,Camiseta,Verde,P,3,307.93,92.38,831.41,PIX,Física,166.0,13
1916,2026-03-07,16:30  ,29,Blusa Básica,Blusa,Azul,P,1,287.6,0.0,287.6,Cartão de Débito,Online,185.0,9
1917,2026-03-07,16:00,31,Vestido Social,Vestido,Azul,GG,1,28.24,0.0,28.24,PIX,Online,301.0,19
1918,2026-09-08,21:30,47,Blusa Esporte,Blusa,Vermelha,M,2,85.46,0.0,170.92,Cartão de Débito,Física,547.0,13
1919,2026-08-23,20:00,96,Camiseta Casual,Camiseta,Verde,P,3,307.93,92.38,831.41,Crediário,Física,240.0,20
1920,2026-05-15,18:15,17,Acessório Slim,Acessório,Azul,M,4,102.24,0.0,408.96,PIX,Online,131.0,22
1921,2026-04-24,13:15,97,Jaqueta Premium,Jaqueta,Rosa,GG,-1,161.24,24.19,137.05,Cartão de Crédito,Física,45.0,9
1922,2026-09-28,10:45,130,Bermuda Slim,Bermuda,Verde,G,3,139.82,0.0,419.46,PIX,Online,169.0,16
1923,2026-07-26,21:45,75,Bermuda Premium,Bermuda,Cinza,G,1,129.65,0.0,129.65,Cartão de Débito,Online,272.0,9
1924,2026-05-06,20:00,63,Bermuda Social,Bermuda,Azul,M,3,250.51,0.0,751.53,PIX,Física,66.0,21
1925,2026-05-23,13:30,122,Calça Social,Calça,Azul,M,3,77.6,0.0,232.8,PIX,Online,588.0,22
1926,2026-09-25,19:00,127,Bermuda X,Bermuda,Azul,M,1,269.31,0.0,269.31,Cartão de Crédito,Física,412.0,17
1927,2026-04-05,10:30,157,Bermuda Básica,Bermuda,Azul,P,1,35.03,5.25,29.78,Dinheiro,Online,487.0,8
1928,2026-09-27,12:45,51,Blusa Premium,Blusa,Branca,P,2,122.21,12.22,232.2,PIX,Online,452.0,11
1929,2026-05-05,16:45,4,Acessório Básica,Acessório,Vermelha,G,3,81.82,12.27,233.19,PIX,Online,390.0,23
1930,2026-07-05,15:15,18829,Acessório Esporte,Acessório,Rosa,P,4,45.67,0.0,182.68,Dinheiro,Online,478.0,8
1931,2026-08-19,16:45,22,Bermuda Social,Bermuda,Vermelha,GG,2,213.75,0.0,427.5,Crediário,Online,434.0,24
1932,2026-03-15,15:30,122,Calça Social,Calça,Azul,M,3,77.6,11.64,221.16,PIX,Física,337.0,12
1933,2026-09-26,14:30,82,Bermuda Social,Bermuda,Azul,M,2,325.21,65.04,585.38,Cartão de Débito,Online,,10
1934,2026-06-18,15:45,26,Jaqueta Esporte,Jaqueta,Verde,P,1,204.58,30.69,173.89,PIX,Online,544.0,4
1935,2026-06-07,17:15,152,Jaqueta Premium,Jaqueta,Verde,M,1,208.59,10.43,198.16,Cartão de Crédito,Online,546.0,5
1936,2026-08-07,14:15,100,Calça Social,Calça,Preta,M,4,133.29,79.97,453.19,Cartão de Crédito,Online,267.0,7
1937,2026-08-27,18:45,4,Acessório Básica,Acessório,Vermelha,G,4,81.82,0.0,327.28,Cartão de Débito,Física,230.0,4
1938,2026-04-21,19:15,103,Acessório Esporte,Acessório,Verde,M,3,142.1,42.63,383.67,Cartão de Crédito,Física,272.0,17
1939,2026-08-04,17:00,34,Blusa Casual,Blusa,Preta,GG,4,206.43,82.57,743.15,Dinheiro,Física,38.0,15
1940,2026-06-22,14:00,43,Bermuda Premium,Bermuda,Preta,GG,1,144.6,7.23,137.37,Cartão de Crédito,Física,523.0,20
1941,2026-04-11,16:00,174,Calça Slim,Calça,Cinza,M,3,34.1,0.0,102.3,Cartão de Débito,Física,536.0,2
1942,06/07/26,09:45,70,Vestido Slim,Vestido,Verde,G,2,304.38,60.88,547.88,Cartão de Débito,Online,564.0,7
1943,2026-08-26,14:15,76,Jaqueta X,Jaqueta,Cinza,P,4,291.87,0.0,1167.48,Dinheiro,Online,36.0,24
1944,2026-04-24,18:45,23,Calça Social,Calça,Preta,GG,2,181.44,0.0,362.88,Cartão de Débito,Física,463.0,24
1945,2026-07-08,14:30,2,Calça Casual,Calça,Verde,M,1,308.53,30.85,277.68,Cartão de Débito,Física,311.0,19
1946,2026-06-07,13:30,63,Bermuda Social,Bermuda,Azul,M,4,250.51,0.0,1002.04,Dinheiro,Física,464.0,4
1947,2026-04-25,16:45,85,Calça X,Calça,Cinza,G,1,287.08,14.35,"R$ 272,73",Cartão De Crédito,Online,207.0,13
1948,2026-09-01,20:15,38,Acessório Esporte,Acessório,Rosa,P,3,113.5,0.0,340.5,Cartão de Débito,Online,276.0,20
1949,2026-04-14,18:15,120,Camiseta Básica,Camiseta,Rosa,G,1,304.19,15.21,288.98,CARTÃO DE CRÉDITO,Física,557.0,10
1950,2026-09-05,10:00,58,Blusa X,Blusa,Branca,P,2,215.52,0.0,431.04,Cartão de Débito,Física,86.0,24
1951,20-06-2026,19:00,41,Vestido X,Vestido,Verde,M,1,38.61,1.93,36.68,PIX,Física,309.0,24
1952,2026-08-02,21:30,148,Vestido Slim,Vestido,Rosa,G,2,213.53,42.71,384.35,Cartão de Crédito,Online,298.0,20
1953,2026-06-10,09:45,144,Blusa X,Blusa,Verde,G,1,297.99,44.7,253.29,PIX,Física,188.0,16
1954,2026-05-21,21:00,149,Vestido Básica,Vestido,Cinza,GG,2,67.2,0.0,134.4,Cartão de Débito,Online,383.0,20
1955,2026-03-05,12:30,32,Acessório Social,Acessório,Azul,G,1,324.96,0.0,324.96,Crediário,Online,312.0,13
1956,2026-06-05,12:15,161,Camiseta X,Camiseta,Branca,GG,1,168.83,16.88,151.95,Dinheiro,Online,132.0,13
1957,2026-09-28,09:45,66,Vestido Básica,Vestido,Preta,GG,1,195.93,19.59,176.34,Cartão de Crédito,Online,508.0,2
1958,2026-03-16,10:45,46,Bermuda Social,Bermuda,Azul,P,2,46.54,9.31,83.77,PIX,Online,384.0,10
1959,2026-05-21,11:00,149,Vestido Básica,Vestido,Cinza,GG,4,67.2,26.88,241.92,PIX,Física,581.0,22
1960,2026-06-22,19:15,95,Bermuda X,Bermuda,Cinza,G,4,275.07,110.03,990.25,PIX,Online,,8
1961,2026-09-28,19:00,50,Blusa Básica,Blusa,Azul,G,2,124.43,0.0,248.86,Cartão de Débito,Online,81.0,1
1962,2026-08-23,16:30,14,Bermuda Esporte,Bermuda,Verde,GG,3,113.16,0.0,339.48,PIX,Física,486.0,8
1963,2026-05-03,16:15,35,Blusa Premium,Blusa,Preta,P,2,314.35,0.0,628.7,Cartão de Débito,Online,457.0,15
1964,2026-07-09,11:30,167,Jaqueta Slim,Jaqueta,Branca,G,3,219.14,0.0,657.42,Pix,Física,23.0,15
1965,2026-09-27,18:15,119,Calça Esporte,Calça,Branca,P,2,331.07,66.21,595.93,Cartão de Débito,Física,545.0,25
1966,2026-08-12,15:30,124,Camiseta Social,Camiseta,Branca,M,1,31.01,3.1,27.91,Cartão de Crédito,Física,500.0,5
1967,2026-08-06,13:45,136,Bermuda Slim,Bermuda,Verde,P,4,232.34,0.0,929.36,PIX,Online,547.0,1
1968,2026-08-04,12:30,9,Acessório X,Acessório,Preta,M,3,51.84,0.0,155.52,Dinheiro,Física,456.0,18
1969,2026-04-13,16:30  ,144,Blusa X,Blusa,Verde,G,1,297.99,14.9,283.09,Cartão de Débito,Online,271.0,4
1970,2026-03-05,19:15,10,Camiseta Social,Camiseta,Azul,G,1,281.48,0.0,281.48,Cartão de Crédito,Física,133.0,4
1971,2026-06-14,15:00,54,Bermuda Social,Bermuda,Cinza,G,3,115.21,17.28,328.35,pix,Online,354.0,3
1972,2026-04-15, 10:15 ,133,Jaqueta Social,Jaqueta,Branca,P,3,168.42,75.79,429.47,Cartão de Crédito,Física,136.0,6
1973,2026-05-05,12:30,19,Calça Casual,Calça,Rosa,P,1,165.92,0.0,165.92,Cartão de Crédito,Online,381.0,16
1974,2026-03-18,14:15,164,Blusa Premium,Blusa,Preta,G,3,175.34,26.3,499.72,Cartão De Crédito,Física,277.0,19
1975,2026-03-17,19:45,177,Camiseta Slim,Camiseta,Vermelha,G,1,63.08,9.46,53.62,Cartão de Débito,Física,599.0,12
1976,2026-09-06,13:15,44,Acessório Esporte,Acessório,Preta,M,2,211.07,0.0,422.14,PIX,Online,586.0,23
1977,2026-06-30,14:45,85,Calça X,Calça,Cinza,G,4,287.08,57.42,1090.9,Cartão de Débito,Online,476.0,12
1978,2026-03-09,17:30,13,Blusa Básica,Blusa,Verde,G,4,276.45,55.29,"R$ 1.050,51",Crediário,Física,245.0,10
1979,2026-04-27,13:45,83,Bermuda Básica,Bermuda,Cinza,M,3,344.51,51.68,981.85,Cartão de Débito,Física,267.0,2
1980,2026-04-12,14:45,153,Bermuda Social,Bermuda,Cinza,G,2,75.2,0.0,"R$ 150,40",Crediário,Física,371.0,25
1981,2026-07-10,12:15,24,Blusa Esporte,Blusa,Preta,M,1,315.76,47.36,268.4,Dinheiro,Física,264.0,24
1982,2026-09-29,12:30,146,Calça Premium,Calça,Branca,GG,3,343.66,103.1,927.88,PIX,Física,398.0,4
1983,2026-04-18,21:30,53,Jaqueta Casual,Jaqueta,Branca,P,3,203.54,91.59,519.03,PIX,Online,439.0,14
1984,2026-06-13,16:30,122,Calça Social,Calça,Azul,M,3,77.6,23.28,209.52,Dinheiro,Física,592.0,25
1985,2026-06-14,10:00,149,Vestido Básica,Vestido,Cinza,GG,2,67.2,0.0,134.4,Cartão de Crédito,Online,214.0,21
1986,2026-09-18,17:30,178,Blusa Slim,Blusa,Rosa,G,2,281.67,0.0,563.34,PIX,Online,553.0,19
1987,2026-09-04,18:30,118,Bermuda Premium,Bermuda,Verde,G,1,289.27,28.93,260.34,PIX,Online,557.0,12
1988,2026-05-24,10:00,102,Vestido Premium,Vestido,Vermelha,GG,4,250.72,50.14,952.74,Cartão de Crédito,Online,353.0,6
1989,2026-04-26,16:15,45,Jaqueta Social,Jaqueta,Preta,P,2,105.9,0.0,211.8,Cartão de Crédito,Online,553.0,3
1990,2026-09-15, 12:00,38,Acessório Esporte,Acessório,Rosa,P,1,113.5,17.02,96.48,Cartão de Débito,Online,137.0,10
1991,2026-05-01,09:30,136,Bermuda Slim,Bermuda,Verde,P,4,232.34,139.4,789.96,PIX,Física,7.0,15
1992,2026-08-31,09:00,95,Bermuda X,Bermuda,Cinza,G,3,275.07,82.52,742.69,Cartão de Débito,Online,445.0,23
1993,2026-08-06,13:45,13,Blusa Básica,Blusa,Verde,G,3,276.45,0.0,829.35,pix,Física,77.0,20
1994,04/07/2026,20:00,148,Vestido Slim,Vestido,Rosa,G,2,213.53,42.71,384.35,Dinheiro,Física,206.0,5
1995,2026-09-07,20:00,7,Acessório X,Acessório,Vermelha,GG,1,160.81,0.0,160.81,Cartão de Débito,Física,335.0,18
1996,2026-06-12,14:30,127,Bermuda X,Bermuda,Azul,M,1,269.31,0.0,269.31,PIX,Física,,14
1997,2026-05-19,17:45,58,Blusa X,Blusa,Branca,P,1,215.52,10.78,204.74,Cartão de Crédito,Física,474.0,17
1998,2026-09-10,14:45,180,Acessório X,Acessório,Verde,GG,4,108.79,0.0,435.16,Cartão de Débito,Física,235.0,13
1999,2026-05-31,21:15,95,Bermuda X,Bermuda,Cinza,G,1,275.07,0.0,275.07,Cartão de Débito,Online,120.0,16
2000,2026-05-14,13:45,82,Bermuda Social,Bermuda,Azul,M,1,325.21,381.76602865443493,276.43,Cartão de Débito,Online,396.0,5
2001,2026-05-26,20:15,169,Camiseta Premium,Camiseta,Branca,GG,1,137.47,0.0,137.47,Cartão de Crédito,Online,139.0,19
2002,2026-08-25,14:00,137,Jaqueta Básica,Jaqueta,Cinza,GG,1,124.46,18.67,105.79,Cartão de Débito,Online,26.0,5
2003,2026-09-09,12:00,81,Calça Básica,Calça,Rosa,G,2,188.91,37.78,340.04,Cartão de Débito,Física,129.0,16
2004,2026-09-11,21:00,93,Calça Slim,Calça,Azul,G,1,328.53,16.43,312.1,PIX,Física,461.0,4
2005,2026-03-19,09:45,71,Acessório Premium,Acessório,Rosa,GG,2,227.52,45.5,409.54,Crediário,Online,341.0,18
2006,2026-04-29,19:30,62,Jaqueta Social,Jaqueta,Rosa,M,4,66.35,0.0,265.4,PIX,Física,591.0,23
2007,2026-04-06,09:45,64,Blusa Slim,Blusa,Cinza,G,4,307.95,184.77,1047.03,PIX,Online,272.0,23
2008,2026-05-24,09:00,66,Vestido Básica,Vestido,Preta,GG,2,195.93,19.59,372.27,PIX,Online,274.0,7
2009,2026-08-24,21:30,41,Vestido X,Vestido,Verde,M,4,38.61,15.44,139.0,Cartão de Débito,Física,114.0,6
2010,2026-05-02, 11:15,124,Camiseta Social,Camiseta,Branca,M,3,31.01,13.95,79.08,Cartão de Crédito,Física,129.0,17
2011,2026-08-15,10:00  ,91,Acessório Casual,Acessório,Rosa,M,4,274.86,164.92,934.52,Cartão de Débito,Online,460.0,12
2012,2026-07-05,09:00,116,Blusa Premium,Blusa,Branca,G,3,68.25,0.0,204.75,PIX,Online,282.0,20
2013,2026-04-05,19:15,148,Vestido Slim,Vestido,Rosa,G,2,213.53,42.71,384.35,Cartão de Crédito,Física,99.0,2
2014,2026-07-06,19:45,161,Camiseta X,Camiseta,Branca,GG,4,168.83,0.0,"R$ 675,32",PIX,Física,327.0,24
2015,2026-06-13,15:15,167,Jaqueta Slim,Jaqueta,Branca,G,4,219.14,0.0,876.56,crediário,Física,,2
2016,2026-03-07,13:45,137,Jaqueta Básica,Jaqueta,Cinza,GG,1,124.46,6.22,118.24,Cartão de Crédito,Online,203.0,21
2017,2026-05-08,18:00,87,Camiseta Casual,Camiseta,Cinza,P,1,273.14,40.97,232.17,PIX,Física,266.0,19
2018,2026-05-07,11:45,29,Blusa Básica,Blusa,Azul,P,3,287.6,0.0,862.8,Cartão de Crédito,Física,58.0,2
2019,2026-05-31,21:15,18,Acessório Básica,Acessório,Azul,M,4,242.78,0.0,971.12,PIX,Física,98938.0,16
2020,2026-08-31,12:00,72,Camiseta Casual,Camiseta,Rosa,P,4,280.68,112.27,1010.45,Dinheiro,Física,91.0,13
2021,2026-08-27,09:00,59,Blusa Social,Blusa,Verde,M,3,202.64,30.4,"577,52",Cartão de Débito,Online,316.0,6
2022,2026-09-19,13:45,45,Jaqueta Social,Jaqueta,Preta,P,4,105.9,0.0,423.6,Dinheiro,Online,252.0,15
2023,2026-09-29,19:45,171,Blusa Casual,Blusa,Verde,M,2,139.15,27.83,"250,47",Cartão de Crédito,Online,422.0,14
2024,2026-08-23,19:00,140,Jaqueta Básica,Jaqueta,Cinza,P,3,275.21,0.0,825.63,Cartão de Débito,Online,593.0,2
2025,2026-09-23,14:30,118,Bermuda Premium,Bermuda,Verde,G,4,289.27,115.71,1041.37,Crediário,Online,559.0,17
2026,2026-07-22,16:30,40,Jaqueta Premium,Jaqueta,Branca,G,1,59.14,0.0,59.14,Cartão de Débito,Física,551.0,19
2027,2026-09-24,21:15,145,Bermuda Casual,Bermuda,Azul,GG,3,159.63,0.0,"R$ 478,89",Cartão de Crédito,Online,295.0,13
2028,2026-07-18,21:15,178,Blusa Slim,Blusa,Rosa,G,4,281.67,169.0,"957,68",Cartão de Crédito,Online,29.0,17
2029,2026-06-06,14:15,107,Bermuda Slim,Bermuda,Rosa,M,1,304.94,0.0,304.94,PIX,Online,55.0,7
2030,2026-03-20,13:00,176,Vestido Esporte,Vestido,Vermelha,M,2,227.13,0.0,454.26,Cartão de Crédito,Física,592.0,16
2031,2026-08-14,18:00,44,Acessório Esporte,Acessório,Preta,M,3,211.07,94.98,538.23,Cartão de Débito,Online,286.0,14
2032,2026-03-20,09:45,84,Blusa X,Blusa,Branca,M,1,91.15,13.67,77.48,Dinheiro,Online,375.0,18
2033,2026-03-20, 13:15 ,164,Blusa Premium,Blusa,Preta,G,3,175.34,26.3,499.72,PIX,Online,543.0,6
2034,2026-07-10,19:00,158,Jaqueta Premium,Jaqueta,Rosa,GG,1,91.13,0.0,91.13,Cartão de Crédito,Física,149.0,13
2035,2026-09-16,18:30,65,Jaqueta Casual,Jaqueta,Branca,G,1,232.93,0.0,232.93,PIX,Online,72.0,5
2036,2026-03-27,18:15,22,Bermuda Social,Bermuda,Vermelha,GG,2,213.75,0.0,427.5,Cartão de Débito,Física,480.0,20
2037,2026-04-28,11:30,163,Blusa Esporte,Blusa,Rosa,GG,3,291.86,0.0,875.58,PIX,Online,468.0,13
2038,2026-03-22,11:30,110,Bermuda Slim,Bermuda,Vermelha,G,4,158.66,0.0,634.64,Cartão de Débito,Física,143.0,8
2039,2026-03-07,09:45,128,Acessório X,Acessório,Verde,G,3,38.26,0.0,114.78,Crediário,Física,522.0,22
2040,2026-07-21,19:45,56,Camiseta Social,Camiseta,Verde,M,1,252.29,37.84,214.45,Cartão de Crédito,Online,366.0,8
2041,2026-04-21,18:45,59,Blusa Social,Blusa,Verde,M,3,202.64,0.0,607.92,Cartão de Crédito,Online,30.0,10
2042,2026-08-29,21:30,152,Jaqueta Premium,Jaqueta,Verde,M,2,208.59,20.86,396.32,PIX,Online,518.0,4
2043,2026-09-10,19:00  ,55,Vestido Premium,Vestido,Branca,M,3,126.12,0.0,"R$ 378,36",PIX,Física,566.0,17
2044,2026-08-24,14:30,171,Blusa Casual,Blusa,Verde,M,1,139.15,0.0,139.15,Cartão de Crédito,Online,94.0,8
2045,2026-03-07,18:45,138,Jaqueta Social,Jaqueta,Branca,P,1,257.25,25.72,231.53,Cartão de Crédito,Física,154.0,15
2046,2026-08-13,19:00,4,Acessório Básica,Acessório,Vermelha,G,3,81.82,36.82,"R$ 208,64",Cartão de Débito,Online,489.0,1
2047,2026-09-07,14:30,94,Blusa X,Blusa,Azul,GG,3,310.47,139.71,791.7,Crediário,Online,180.0,13
2048,2026-09-07,18:45,156,Calça Esporte,Calça,Cinza,P,1,179.11,26.87,152.24,Crediário,Online,537.0,1
2049,2026-05-05,10:00,97,Jaqueta Premium,Jaqueta,Rosa,GG,1,161.24,0.0,161.24,Cartão de Crédito,Física,223.0,15
2050,2026-05-26,14:45,137,Jaqueta Básica,Jaqueta,Cinza,GG,3,124.46,56.01,317.37,Cartão de Débito,Online,408.0,2
2051,2026-04-20,16:45,163,Blusa Esporte,Blusa,Rosa,GG,1,291.86,43.78,248.08,Cartão de Crédito,Física,43.0,2
2052,2026-06-21,10:00,85,Calça X,Calça,Cinza,G,4,287.08,57.42,1090.9,Crediário,Física,6.0,6
2053,2026-08-09,12:30,44,Acessório Esporte,Acessório,Preta,M,4,211.07,126.64,717.64,PIX,Online,536.0,13
2054,2026-04-07,21:00,150,Camiseta Casual,Camiseta,Cinza,GG,4,216.84,43.37,823.99,Cartão de Débito,Física,498.0,13
2055,2026-09-04,21:45,96,Camiseta Casual,Camiseta,Verde,P,4,307.93,184.76,1046.96,Cartão de Crédito,Online,59.0,19
2056,2026-08-09, 18:45 ,26,Jaqueta Esporte,Jaqueta,Verde,P,1,204.58,20.46,184.12,Cartão de Crédito,Física,534.0,25
2057,2026-04-24,20:15,145,Bermuda Casual,Bermuda,Azul,GG,1,159.63,23.94,135.69,Cartão de Crédito,Física,566.0,17
2058,2026-07-04,14:30,7,Acessório X,Acessório,Vermelha,GG,4,160.81,64.32,578.92,Cartão de Crédito,Online,505.0,22
2059,2026-05-26,13:00,36,Jaqueta X,Jaqueta,Rosa,GG,1,109.13,5.46,103.67,PIX,Online,113.0,21
2060,2026-05-15,09:15,156,Calça Esporte,Calça,Cinza,P,2,179.11,17.91,340.31,Dinheiro,Online,549.0,2
2061,2026-06-28,15:15,73,Calça X,Calça,Azul,M,4,313.28,0.0,1253.12,Cartão de Débito,Online,287.0,17
2062,2026-06-21, 10:15 ,83,Bermuda Básica,Bermuda,Cinza,M,4,344.51,0.0,1378.04,Cartão de Crédito,Online,11.0,14
2063,2026-06-06,09:00,158,Jaqueta Premium,Jaqueta,Rosa,GG,1,91.13,0.0,91.13,Cartão de Crédito,Online,110.0,14
2064,14/07/26,12:30,71,Acessório Premium,Acessório,Rosa,GG,4,227.52,0.0,910.08,Cartão de Débito,Online,351.0,2
2065,2026-07-19,15:15,168,Camiseta Slim,Camiseta,Preta,GG,2,50.13,15.04,85.22,Cartão de Débito,Física,,24
2066,2026-09-23,15:15,156,Calça Esporte,Calça,Cinza,P,4,179.11,71.64,644.8,PIX,Física,313.0,4
2067,2026-07-01,20:45,91,Acessório Casual,Acessório,Rosa,M,3,274.86,0.0,824.58,CREDIÁRIO,Online,44.0,1
2068,2026-06-07, 17:00 ,70,Vestido Slim,Vestido,Verde,G,3,304.38,136.97,776.17,Cartão de Débito,Online,480.0,16
2069,2026-05-13,13:15,47,Blusa Esporte,Blusa,Vermelha,M,4,85.46,17.09,324.75,Cartão de Débito,Física,587.0,8
2070,2026-03-07,13:45,51,Blusa Premium,Blusa,Branca,P,3,122.21,36.66,329.97,Cartão de Crédito,Física,123.0,16
2071,2026-06-11,16:30,62,Jaqueta Social,Jaqueta,Rosa,M,4,66.35,0.0,"R$ 265,40",Cartão de Crédito,Online,578.0,8
2072,2026-04-08,19:45,82,Bermuda Social,Bermuda,Azul,M,4,325.21,0.0,1300.84,Cartão De Crédito,Física,370.0,20
2073,2026-04-22,13:45,125,Vestido X,Vestido,Verde,M,4,114.2,45.68,411.12,Cartão de Débito,Física,403.0,13
2074,2026-04-20,17:45,69,Camiseta Básica,Camiseta,Branca,M,2,71.3,14.26,128.34,Cartão de Crédito,Online,551.0,22
2075,2026-05-05,13:45,130,Bermuda Slim,Bermuda,Verde,G,4,139.82,55.93,503.35,Cartão de Crédito,Física,,18
2076,2026-05-30,18:15,1,Blusa Premium,Blusa,Cinza,G,2,318.6,0.0,637.2,Cartão de Débito,Física,323.0,10
2077,29/07/2026,09:30,99,Camiseta Slim,Camiseta,Rosa,G,1,178.5,0.0,178.5,Cartão de Crédito,Online,149.0,18
2078,2026-05-14,13:00,56,Camiseta Social,Camiseta,Verde,M,1,252.29,12.61,239.68,Cartão de Crédito,Online,378.0,5
2079,2026-04-14,17:15,30,Vestido Esporte,Vestido,Vermelha,G,3,244.92,0.0,734.76,Cartão de Crédito,Online,356.0,11
2080,2026-03-13,14:45,41,Vestido X,Vestido,Verde,M,4,38.61,23.17,131.27,Dinheiro,Online,26.0,13
2081,2026-04-04,11:30,55,Vestido Premium,Vestido,Branca,M,1,126.12,0.0,126.12,PIX,Física,359.0,10
2082,2026-03-18,09:45,36,Jaqueta X,Jaqueta,Rosa,GG,2,109.13,0.0,218.26,Cartão de Crédito,Física,253.0,25
2083,2026-05-03,10:15,116,Blusa Premium,Blusa,Branca,G,2,68.25,0.0,136.5,PIX,Física,258.0,15
2084,2026-07-11,18:15,20,Blusa Básica,Blusa,Branca,M,4,212.5,42.5,807.5,PIX,Física,51659.0,6
2085,2026-03-25,16:00,104,Acessório Premium,Acessório,Rosa,M,1,240.9,36.14,204.76,Cartão de Débito,Online,135.0,8
2086,2026-07-29,20:30,110,Bermuda Slim,Bermuda,Vermelha,G,3,158.66,0.0,475.98,Cartão de Crédito,Online,,23
2087,2026-07-28,18:00,72,Camiseta Casual,Camiseta,Rosa,P,3,280.68,42.1,799.94,Cartão de Débito,Física,50.0,17
2088,2026-09-12,10:30,151,Vestido Social,Vestido,Cinza,P,2,305.13,0.0,610.26,Cartão de Crédito,Online,339.0,22
2089,2026-03-01,18:15,140,Jaqueta Básica,Jaqueta,Cinza,P,4,275.21,165.13,935.71,Cartão de Débito,Online,332.0,25
2090,2026-09-29,15:45,21,Bermuda Social,Bermuda,Branca,GG,3,301.4,135.63,768.57,PIX,Física,,11
2091,2026-04-20,15:00,90,Jaqueta Social,Jaqueta,Rosa,M,3,340.94,153.42,869.4,Cartão de Débito,Online,547.0,24
2092,2026-06-29,14:00,128,Acessório X,Acessório,Verde,G,4,38.26,7.65,145.39,Cartão de Débito,Física,518.0,20
2093,2026-03-17,12:15,156,Calça Esporte,Calça,Cinza,P,4,179.11,0.0,"R$ 716,44",Dinheiro,Física,313.0,19
2094,13-08-2026,18:00,79,Vestido Slim,Vestido,Verde,GG,1,29.96,0.0,29.96,Cartão de Crédito,Física,215.0,17
2095,2026-05-30,09:45,108,Jaqueta X,Jaqueta,Azul,G,3,84.3,0.0,252.9,PIX,Online,127.0,22
2096,09/09/2026,19:00,36,Jaqueta X,Jaqueta,Rosa,GG,3,109.13,0.0,327.39,Cartão de Crédito,Online,179.0,21
2097,2026-08-29,21:30,16,Bermuda Esporte,Bermuda,Branca,M,4,242.53,0.0,"970,12",Cartão de Débito,Online,,16
2098,2026-03-01,09:45,138,Jaqueta Social,Jaqueta,Branca,P,3,257.25,38.59,733.16,Cartão de Crédito,Física,39874.0,15
2099,2026-03-19,12:00,73,Calça X,Calça,Azul,M,4,313.28,0.0,1253.12,Dinheiro,Física,32.0,6
2100,2026-04-03,11:15,31,Vestido Social,Vestido,Azul,GG,2,28.24,2.82,53.66,Cartão de Débito,Online,476.0,22
2101,05/07/26,16:00,79,Vestido Slim,Vestido,Verde,GG,1,29.96,0.0,29.96,Cartão de Crédito,Online,278.0,25
2102,2026-05-02,19:15,89,Acessório Premium,Acessório,Vermelha,GG,3,62.97,9.45,179.46,Cartão de Débito,Online,160.0,17
2103,2026-04-12,11:30,111,Blusa Esporte,Blusa,Verde,M,3,279.57,0.0,838.71,Cartão de Crédito,Online,49061.0,23
2104,2026-09-02,12:00,159,Calça Social,Calça,Verde,G,4,166.81,0.0,667.24,PIX,Online,37.0,16
2105,2026-08-08,14:45,53,Jaqueta Casual,Jaqueta,Branca,P,4,203.54,0.0,814.16,Crediário,Online,329.0,23
2106,2026-05-06,11:30,155,Blusa X,Blusa,Rosa,GG,3,229.95,0.0,689.85,Crediário,Online,344.0,1
2107,2026-03-06,12:00,178,Blusa Slim,Blusa,Rosa,G,4,281.67,56.33,1070.35,Cartão de Débito,Online,466.0,9
2108,2026-03-17,14:15,22,Bermuda Social,Bermuda,Vermelha,GG,2,213.75,21.38,406.12,PIX,Física,98.0,6
2109,2026-05-02,18:45,54,Bermuda Social,Bermuda,Cinza,G,2,115.21,23.04,207.38,Dinheiro,Online,,15
2110,2026-09-29,11:30,121,Acessório Básica,Acessório,Vermelha,GG,3,127.53,19.13,363.46,Dinheiro,Física,417.0,24
2111,2026-04-20,13:30,163,Blusa Esporte,Blusa,Rosa,GG,3,291.86,87.56,788.02,PIX,Física,280.0,12
2112,2026-05-28,21:15,43,Bermuda Premium,Bermuda,Preta,GG,4,144.6,0.0,578.4,Pix,Online,47.0,13
2113,2026-08-22,17:45,40,Jaqueta Premium,Jaqueta,Branca,G,4,59.14,0.0,236.56,Cartão de Débito,Física,366.0,2
2114,2026-08-03,13:30,83,Bermuda Básica,Bermuda,Cinza,M,3,344.51,0.0,1033.53,Cartão de Crédito,Online,408.0,21
2115,2026-08-04,19:00,77,Blusa Básica,Blusa,Preta,M,1,29.9,0.0,29.9,Cartão de Débito,Online,288.0,15
2116,2026-05-13,15:45,133,Jaqueta Social,Jaqueta,Branca,P,2,168.42,16.84,320.0,PIX,Online,505.0,23
2117,2026-05-10,14:15,166,Blusa Casual,Blusa,Cinza,P,4,25.41,0.0,101.64,Dinheiro,Online,11.0,21
2118,2026-05-16, 12:00,61,Blusa Social,Blusa,Preta,P,2,336.13,100.84,571.42,Cartão de Débito,Física,100.0,20
2119,2026-03-23,14:15,32,Acessório Social,Acessório,Azul,G,1,324.96,0.0,324.96,Crediário,Física,239.0,24
2120,2026-03-18,09:45,137,Jaqueta Básica,Jaqueta,Cinza,GG,1,124.46,0.0,124.46,PIX,Física,482.0,24
2121,2026-05-27,10:15,80,Camiseta Básica,Camiseta,Cinza,M,4,179.41,0.0,717.64,PIX,Física,497.0,11
2122,2026-09-25,15:30,122,Calça Social,Calça,Azul,M,4,77.6,15.52,294.88,Cartão de Débito,Online,188.0,8
2123,13-03-2026,11:45,156,Calça Esporte,Calça,Cinza,P,1,179.11,0.0,179.11,Cartão de Débito,Física,409.0,22
2124,2026-09-23,16:00,144,Blusa X,Blusa,Verde,G,1,297.99,14.9,283.09,Dinheiro,Online,419.0,23
2125,2026-07-14,20:45,22,Bermuda Social,Bermuda,Vermelha,GG,1,213.75,0.0,213.75,Cartão de Débito,Física,401.0,12
2126,2026-07-19,10:45,178,Blusa Slim,Blusa,Rosa,G,1,281.67,28.17,253.5,PIX,Online,575.0,5
2127,2026-06-10,13:30,49,Calça Esporte,Calça,Preta,P,2,264.21,0.0,528.42,PIX,Online,368.0,8
2128,2026-09-02,19:15,141,Bermuda Slim,Bermuda,Vermelha,GG,4,162.9,32.58,619.02,Cartão de Débito,Física,3.0,5
2129,2026-03-02,16:15,176,Vestido Esporte,Vestido,Vermelha,M,2,227.13,68.14,386.12,Cartão de Débito,Física,,24
2130,2026-07-20,14:30,72,Camiseta Casual,Camiseta,Rosa,P,3,280.68,0.0,842.04,Cartão de Débito,Física,35.0,11
2131,2026-05-24,13:30,175,Jaqueta Slim,Jaqueta,Branca,P,3,111.44,0.0,334.32,Cartão de Débito,Online,586.0,6
2132,2026-07-03,12:15,51,Blusa Premium,Blusa,Branca,P,3,122.21,0.0,366.63,Crediário,Física,208.0,22
2133,2026-09-18,16:30,104,Acessório Premium,Acessório,Rosa,M,2,240.9,72.27,409.53,Cartão de Crédito,Física,182.0,4
2134,2026-07-16,20:45,105,Calça Premium,Calça,Vermelha,GG,3,53.58,0.0,160.74,Cartão de Crédito,Online,535.0,6
2135,2026-05-21,14:00,164,Blusa Premium,Blusa,Preta,G,2,175.34,0.0,350.68,Cartão de Débito,Física,445.0,22
2136,2026-06-13, 14:00,162,Acessório Esporte,Acessório,Preta,P,3,314.53,0.0,943.59,PIX,Física,134.0,18
2137,2026-08-04,12:15,110,Bermuda Slim,Bermuda,Vermelha,G,1,158.66,0.0,158.66,Crediário,Física,,15
2138,2026-03-08,18:15,110,Bermuda Slim,Bermuda,Vermelha,G,2,158.66,0.0,317.32,Cartão de Débito,Física,210.0,4
2139,2026-07-29,21:45,77,Blusa Básica,Blusa,Preta,M,1,29.9,2.99,26.91,Cartão de Débito,Online,232.0,4
2140,2026-03-18,19:30,113,Jaqueta Premium,Jaqueta,Rosa,M,4,196.9,0.0,787.6,Cartão de Débito,Online,569.0,11
2141,2026-07-06,20:15,100,Calça Social,Calça,Preta,M,1,133.29,19.99,113.3,PIX,Online,549.0,7
2142,25/03/26,20:00,13,Blusa Básica,Blusa,Verde,G,4,276.45,0.0,1105.8,Dinheiro,Física,546.0,21
2143,2026-04-15,19:45,73,Calça X,Calça,Azul,M,3,313.28,0.0,939.84,Cartão de Débito,Online,535.0,18
2144,2026-09-03,12:00  ,89,Acessório Premium,Acessório,Vermelha,GG,4,62.97,12.59,239.29,Cartão de Débito,Online,581.0,23
2145,2026-03-02,19:30,158,Jaqueta Premium,Jaqueta,Rosa,GG,4,91.13,18.23,346.29,Dinheiro,Física,534.0,11
2146,2026-08-24,13:30,111,Blusa Esporte,Blusa,Verde,M,3,279.57,0.0,838.71,PIX,Online,596.0,5
2147,2026-07-01,16:15,109,Camiseta Esporte,Camiseta,Branca,GG,4,227.45,136.47,"773,33",Cartão de Débito,Física,581.0,11
2148,2026-03-10,15:45,119,Calça Esporte,Calça,Branca,P,4,331.07,0.0,1324.28,Cartão de Crédito,Física,390.0,23
2149,2026-07-25,13:15,133,Jaqueta Social,Jaqueta,Branca,P,3,168.42,0.0,505.26,Dinheiro,Online,111.0,23
2150,2026-03-19,09:30,20,Blusa Básica,Blusa,Branca,M,4,212.5,85.0,765.0,Cartão de Crédito,Online,302.0,5
2151,2026-09-26,21:45,123,Camiseta Básica,Camiseta,Preta,P,1,195.44,0.0,195.44,Cartão de Crédito,Online,333.0,6
2152,2026-07-23,20:30,105,Calça Premium,Calça,Vermelha,GG,2,53.58,0.0,107.16,Cartão de Crédito,Online,348.0,19
2153,2026-07-19,17:00,118,Bermuda Premium,Bermuda,Verde,G,2,289.27,86.78,491.76,Cartão de Débito,Online,154.0,21
2154,2026-08-01,21:15,72,Camiseta Casual,Camiseta,Rosa,P,3,280.68,0.0,842.04,Dinheiro,Física,4.0,19
2155,2026-03-26,09:45,73,Calça X,Calça,Azul,M,1,313.28,0.0,313.28,Crediário,Online,45635.0,3
2156,2026-08-19,12:00,87,Camiseta Casual,Camiseta,Cinza,P,2,273.14,27.31,518.97,Dinheiro,Online,170.0,24
2157,2026-05-23,11:15,40,Jaqueta Premium,Jaqueta,Branca,G,1,59.14,8.87,50.27,Cartão de Crédito,Online,245.0,14
2158,2026-07-03,18:45,139,Jaqueta X,Jaqueta,Preta,M,3,172.53,0.0,517.59,Cartão de Crédito,Física,170.0,7
2159,2026-07-22,11:15,61,Blusa Social,Blusa,Preta,P,2,336.13,67.23,605.03,Cartão de Débito,Online,50.0,5
2160,2026-08-06,19:00,94,Blusa X,Blusa,Azul,GG,3,310.47,0.0,931.41,Crediário,Online,271.0,12
2161,2026-03-11,21:30,175,Jaqueta Slim,Jaqueta,Branca,P,3,111.44,16.72,317.6,Cartão de Crédito,Física,252.0,13
2162,2026-09-29,18:15,98,Acessório Básica,Acessório,Branca,G,2,254.79,0.0,509.58,Cartão de Crédito,Física,86019.0,17
2163,2026-07-20, 11:15,172,Camiseta Premium,Camiseta,Rosa,G,1,289.13,0.0,289.13,Cartão de Débito,Online,221.0,18
2164,2026-08-25,15:30,153,Bermuda Social,Bermuda,Cinza,G,3,75.2,0.0,225.6,Cartão de Crédito,Online,433.0,18
2165,2026-03-02,17:00,127,Bermuda X,Bermuda,Azul,M,2,269.31,0.0,"R$ 538,62",Cartão de Débito,Online,361.0,13
2166,2026-07-13,14:15,148,Vestido Slim,Vestido,Rosa,G,1,213.53,32.03,181.5,Crediário,Física,456.0,19
2167,2026-06-11,19:15,106,Blusa Premium,Blusa,Azul,P,2,204.85,40.97,368.73,Dinheiro,Física,,25
2168,2026-07-22,21:30,153,Bermuda Social,Bermuda,Cinza,G,4,75.2,45.12,255.68,Cartão de Crédito,Física,115.0,10
2169,29-07-2026,12:00,152,Jaqueta Premium,Jaqueta,Verde,M,1,208.59,0.0,208.59,PIX,Física,437.0,19
2170,2026-03-07,16:30,65,Jaqueta Casual,Jaqueta,Branca,G,3,232.93,0.0,"698,79",PIX,Online,313.0,16
2171,2026-05-27,09:30,108,Jaqueta X,Jaqueta,Azul,G,2,84.3,16.86,151.74,Cartão de Crédito,Física,,25
2172,2026-03-19,18:15,22,Bermuda Social,Bermuda,Vermelha,GG,3,213.75,96.19,545.06,Dinheiro,Física,29.0,15
2173,2026-04-06,20:30,102,Vestido Premium,Vestido,Vermelha,GG,4,250.72,0.0,1002.88,Cartão de Crédito,Física,432.0,18
2174,2026-08-23,09:00,108,Jaqueta X,Jaqueta,Azul,G,1,84.3,0.0,"84,30",cartão de crédito,Física,274.0,23
2175,21-09-2026,20:00,47,Blusa Esporte,Blusa,Vermelha,M,3,85.46,0.0,256.38,Cartão de Crédito,Online,257.0,9
2176,2026-05-02,16:45,38,Acessório Esporte,Acessório,Rosa,P,4,113.5,0.0,454.0,Cartão de Débito,Física,478.0,18
2177,2026-07-20,17:30,49,Calça Esporte,Calça,Preta,P,3,264.21,0.0,792.63,PIX,Online,428.0,3
2178,2026-04-14,19:45,153,Bermuda Social,Bermuda,Cinza,G,4,75.2,0.0,300.8,Pix,Online,214.0,7
2179,2026-07-06,11:45,118,Bermuda Premium,Bermuda,Verde,G,3,289.27,130.17,737.64,Cartão de Crédito,Física,165.0,4
2180,2026-04-20,18:15,171,Blusa Casual,Blusa,Verde,M,3,139.15,0.0,417.45,PIX,Online,,21
2181,2026-05-08,15:15,129,Acessório X,Acessório,Branca,M,1,84.81,0.0,84.81,Cartão de Débito,Física,122.0,5
2182,2026-07-25,11:00,45,Jaqueta Social,Jaqueta,Preta,P,4,105.9,0.0,423.6,Cartão de Débito,Online,7.0,20
2183,2026-06-30,10:15,100,Calça Social,Calça,Preta,M,2,133.29,39.99,226.59,Dinheiro,Física,375.0,1
2184,2026-08-13,16:30,12,Blusa X,Blusa,Rosa,P,1,258.15,12.91,245.24,Cartão de Débito,Física,65.0,9
2185,2026-08-11,17:15,135,Bermuda Básica,Bermuda,Cinza,M,2,74.1,22.23,125.97,Crediário,Física,510.0,15
2186,05/06/2026,14:00,7,Acessório X,Acessório,Vermelha,GG,1,160.81,0.0,160.81,PIX,Online,,22
2187,2026-09-28,20:15,132,Acessório Esporte,Acessório,Rosa,P,4,45.67,27.4,"R$ 155,28",Cartão de Débito,Física,96.0,6
2188,2026-03-15,14:15,46,Bermuda Social,Bermuda,Azul,P,2,46.54,0.0,93.08,Cartão de Crédito,Física,242.0,9
2189,2026-03-02,17:15,180,Acessório X,Acessório,Verde,GG,1,108.79,16.32,92.47,PIX,Online,95.0,15
2190,2026-05-27,19:15,84,Blusa X,Blusa,Branca,M,2,91.15,0.0,182.3,Cartão de Débito,Online,94.0,20
2191,2026-07-23,14:15,97,Jaqueta Premium,Jaqueta,Rosa,GG,1,161.24,0.0,161.24,Cartão de Débito,Física,119.0,6
2192,2026-07-18,16:45,171,Blusa Casual,Blusa,Verde,M,2,139.15,13.92,264.38,Cartão de Débito,Online,471.0,2
2193,2026-09-27,09:00,92,Vestido Básica,Vestido,Cinza,G,1,146.37,21.96,124.41,Dinheiro,Física,472.0,9
2194,2026-05-23,14:00,102,Vestido Premium,Vestido,Vermelha,GG,4,250.72,150.43,852.45,Cartão de Débito,Online,264.0,2
2195,2026-04-21,17:15,116,Blusa Premium,Blusa,Branca,G,4,68.25,0.0,273.0,Crediário,Online,126.0,7
2196,2026-09-24,20:00,135,Bermuda Básica,Bermuda,Cinza,M,2,74.1,0.0,148.2,PIX,Física,129.0,21
2197,2026-08-05,19:00,126,Calça Casual,Calça,Vermelha,G,2,275.71,82.71,468.71,Crediário,Física,70.0,22
2198,2026-03-19,15:00,14,Bermuda Esporte,Bermuda,Verde,GG,2,113.16,22.63,203.69,Cartão de Crédito,Online,215.0,23
2199,2026-03-10,10:00,35,Blusa Premium,Blusa,Preta,P,3,314.35,0.0,943.05,Cartão de Crédito,Física,91.0,4
2200,2026-07-04,16:45,162,Acessório Esporte,Acessório,Preta,P,4,314.53,0.0,1258.12,Cartão de Crédito,Online,192.0,1
2201,2026-06-23,19:45,86,Blusa Social,Blusa,Azul,P,1,56.25,8.44,47.81,Cartão de Crédito,Física,,20
2202,2026-03-21,16:30,150,Camiseta Casual,Camiseta,Cinza,GG,1,216.84,0.0,216.84,Crediário,Física,451.0,14
2203,2026-05-17,17:45,179,Calça Social,Calça,Cinza,P,2,214.89,21.49,408.29,Cartão de Crédito,Física,154.0,15
2204,2026-09-08,21:45,96,Camiseta Casual,Camiseta,Verde,P,1,307.93,46.19,261.74,Dinheiro,Física,129.0,14
2205,2026-09-28,11:45,4,Acessório Básica,Acessório,Vermelha,G,1,81.82,0.0,81.82,Cartão de Crédito,Física,91.0,5
2206,2026-03-12,16:30,60,Blusa Premium,Blusa,Azul,GG,4,177.54,35.51,674.65,Crediário,Online,286.0,21
2207,2026-09-09,19:30  ,114,Camiseta Social,Camiseta,Verde,GG,3,330.12,0.0,990.36,Crediário,Online,249.0,10
2208,2026-04-28,20:30,118,Bermuda Premium,Bermuda,Verde,G,1,289.27,0.0,289.27,Cartão de Débito,Online,530.0,17
2209,2026-06-18,13:30,32,Acessório Social,Acessório,Azul,G,4,324.96,0.0,1299.84,Cartão de Crédito,Física,479.0,18
2210,02/08/2026,21:45,138,Jaqueta Social,Jaqueta,Branca,P,2,257.25,0.0,514.5,PIX,Física,558.0,4
2211,2026-03-26,13:30,180,Acessório X,Acessório,Verde,GG,3,108.79,0.0,326.37,CARTÃO DE DÉBITO,Online,148.0,2
2212,2026-08-20,12:45,76,Jaqueta X,Jaqueta,Cinza,P,4,291.87,0.0,1167.48,Dinheiro,Física,169.0,12
2213,2026-07-01,17:00,135,Bermuda Básica,Bermuda,Cinza,M,4,74.1,29.64,266.76,Cartão de Débito,Online,399.0,13
2214,2026-03-04,20:30  ,69,Camiseta Básica,Camiseta,Branca,M,3,71.3,0.0,213.9,Cartão de Crédito,Online,447.0,17
2215,2026-06-11,21:45,44,Acessório Esporte,Acessório,Preta,M,2,211.07,0.0,422.14,Cartão de Crédito,Online,599.0,22
2216,2026-04-01,10:45,87,Camiseta Casual,Camiseta,Cinza,P,3,273.14,122.91,696.51,Cartão de Débito,Física,278.0,20
2217,2026-06-04,10:15,76844,Calça Casual,Calça,Verde,GG,4,86.79,17.36,329.8,Cartão de Crédito,Online,78.0,7
2218,2026-03-17,14:00,110,Bermuda Slim,Bermuda,Vermelha,G,2,158.66,0.0,317.32,Cartão de Débito,Online,32.0,17
2219,2026-05-13,13:30,62,Jaqueta Social,Jaqueta,Rosa,M,2,66.35,6.64,126.06,PIX,Online,307.0,4
2220,2026-07-23,18:45,67,Vestido Premium,Vestido,Preta,G,1,60.66,0.0,60.66,PIX,Física,518.0,10
2221,2026-08-26,18:15,145,Bermuda Casual,Bermuda,Azul,GG,4,159.63,95.78,542.74,Cartão de Débito,Física,467.0,11
2222,2026-03-09,15:00,12,Blusa X,Blusa,Rosa,P,4,258.15,154.89,877.71,Cartão de Débito,Física,128.0,23
2223,11/03/26,12:45,19,Calça Casual,Calça,Rosa,P,4,165.92,33.18,630.5,cartao credito,Online,394.0,1
2224,2026-05-16,12:15,7,Acessório X,Acessório,Vermelha,GG,1,160.81,8.04,152.77,Dinheiro,Física,404.0,15
2225,2026-09-29,19:30,112,Bermuda Premium,Bermuda,Rosa,GG,4,93.18,18.64,354.08,Cartão de Débito,Física,588.0,3
2226,2026-08-25,18:45,21,Bermuda Social,Bermuda,Branca,GG,1,301.4,0.0,301.4,Cartão de Débito,Física,461.0,6
2227,2026-08-17,15:45,76,Jaqueta X,Jaqueta,Cinza,P,1,291.87,0.0,291.87,Cartão de Débito,Online,282.0,13
2228,2026-04-14,14:45,120,Camiseta Básica,Camiseta,Rosa,G,3,304.19,0.0,912.57,PIX,Online,471.0,5
2229,2026-08-03,09:30,19,Calça Casual,Calça,Rosa,P,3,165.92,0.0,497.76,Cartão de Débito,Física,453.0,16
2230,2026-09-30,18:00,12,Blusa X,Blusa,Rosa,P,-2,258.15,0.0,516.3,Cartão de Débito,Online,128.0,6
2231,2026-05-26,18:15,136,Bermuda Slim,Bermuda,Verde,P,2,232.34,0.0,464.68,Cartão de Crédito,Online,422.0,15
2232,2026-03-27,10:00,7,Acessório X,Acessório,Vermelha,GG,3,160.81,0.0,482.43,Cartão de Débito,Física,29.0,21
2233,2026-05-06,18:30,124,Camiseta Social,Camiseta,Branca,M,1,31.01,4.65,26.36,Cartão de Débito,Física,68.0,23
2234,2026-06-30, 19:00,27,Camiseta Casual,Camiseta,Vermelha,P,1,287.37,0.0,287.37,Cartão de Crédito,Física,404.0,21
2235,2026-03-13,12:30,42,Calça Casual,Calça,Verde,G,2,245.94,0.0,491.88,Cartão de Crédito,Online,243.0,7
2236,2026-09-14,21:15,27,Camiseta Casual,Camiseta,Vermelha,P,1,287.37,14.37,273.0,PIX,Online,406.0,8
2237,2026-05-20,20:15,111,Blusa Esporte,Blusa,Verde,M,1,279.57,13.98,"R$ 265,59",PIX,Física,563.0,2
2238,2026-03-22,19:15,161,Camiseta X,Camiseta,Branca,GG,3,168.83,75.97,430.52,PIX,Online,120.0,18
2239,2026-05-01,20:15,129,Acessório X,Acessório,Branca,M,1,84.81,0.0,84.81,PIX,Física,108.0,4
2240,2026-04-15,15:00,92,Vestido Básica,Vestido,Cinza,G,3,146.37,65.87,373.24,pix,Física,4.0,11
2241,18/03/2026,19:00,156,Calça Esporte,Calça,Cinza,P,2,179.11,53.73,304.49,Cartão de Crédito,Física,539.0,18
2242,26-03-2026,21:00,67,Vestido Premium,Vestido,Preta,G,2,60.66,12.13,109.19,Dinheiro,Online,477.0,4
2243,2026-07-01,17:15,2,Calça Casual,Calça,Verde,M,2,308.53,0.0,617.06,Dinheiro,Física,,6
2244,2026-06-14,11:30,9,Acessório X,Acessório,Preta,M,1,51.84,0.0,51.84,PIX,Online,130.0,21
2245,2026-08-11,09:45,44,Acessório Esporte,Acessório,Preta,M,2,211.07,21.11,401.03,Cartão de Débito,Física,97.0,3
2246,2026-09-03,15:45,120,Camiseta Básica,Camiseta,Rosa,G,3,304.19,45.63,866.94,Dinheiro,Física,146.0,24
2247,2026-05-18,17:15,109,Camiseta Esporte,Camiseta,Branca,GG,3,227.45,0.0,682.35,cartão de crédito,Online,280.0,16
2248,2026-03-04,16:30,50,Blusa Básica,Blusa,Azul,G,1,124.43,0.0,124.43,Dinheiro,Física,19.0,23
2249,2026-03-22,11:15,114,Camiseta Social,Camiseta,Verde,GG,4,330.12,66.02,1254.46,Cartão de Débito,Online,585.0,25
2250,2026-05-13,12:30,98,Acessório Básica,Acessório,Branca,G,3,254.79,0.0,764.37,PIX,Online,45.0,2
2251,2026-07-19,21:45,158,Jaqueta Premium,Jaqueta,Rosa,GG,2,91.13,0.0,182.26,PIX,Física,369.0,10
2252,2026-04-14,19:15,100,Calça Social,Calça,Preta,M,2,133.29,0.0,266.58,Crediário,Online,144.0,5
2253,2026-07-17,10:30,127,Bermuda X,Bermuda,Azul,M,-2,269.31,80.79,727.14,Dinheiro,Física,456.0,13
2254,2026-08-08,10:15,25752,Blusa Esporte,Blusa,Verde,M,1,279.57,0.0,279.57,Cartão de Crédito,Online,513.0,19
2255,2026-03-15,16:15,7,Acessório X,Acessório,Vermelha,GG,4,160.81,0.0,643.24,Cartão de Crédito,Online,128.0,20
2256,2026-09-17,10:30,129,Acessório X,Acessório,Branca,M,3,84.81,0.0,254.43,Cartão de Crédito,Física,316.0,8
2257,2026-04-04,14:30,73,Calça X,Calça,Azul,M,3,313.28,93.98,845.86,Cartão de Crédito,Física,14.0,3
2258,2026-08-22,09:30,81,Calça Básica,Calça,Rosa,G,2,188.91,0.0,377.82,Cartão de Débito,Online,488.0,3
2259,2026-07-23,17:30,9,Acessório X,Acessório,Preta,M,1,51.84,0.0,51.84,PIX,Física,230.0,6
2260,2026-05-20, 18:30,42,Calça Casual,Calça,Verde,G,4,245.94,0.0,"983,76",Cartão de Débito,Física,457.0,9
2261,2026-06-08,13:15,40,Jaqueta Premium,Jaqueta,Branca,G,4,59.14,0.0,236.56,Crediário,Online,525.0,11
2262,2026-03-11,15:45,73,Calça X,Calça,Azul,M,1,313.28,46.99,266.29,PIX,Física,204.0,9
2263,2026-09-08,13:00,124,Camiseta Social,Camiseta,Branca,M,3,31.01,0.0,93.03,Cartão de Débito,Online,127.0,23
2264,2026-03-26,11:45,126,Calça Casual,Calça,Vermelha,G,2,275.71,0.0,551.42,Cartão de Débito,Online,136.0,5
2265,2026-08-07,16:15,62,Jaqueta Social,Jaqueta,Rosa,M,1,66.35,0.0,66.35,Cartão de Débito,Online,418.0,24
2266,2026-08-04,20:15,52,Vestido Básica,Vestido,Vermelha,G,3,334.95,50.24,954.61,Cartão de Crédito,Física,355.0,18
2267,26/05/26,19:15,159,Calça Social,Calça,Verde,G,1,166.81,16.68,150.13,Cartão de Crédito,Física,443.0,19
2268,2026-07-23,10:30,96,Camiseta Casual,Camiseta,Verde,P,2,307.93,0.0,615.86,PIX,Online,242.0,10
2269,2026-05-21,21:30,8,Bermuda Básica,Bermuda,Rosa,P,1,301.95,0.0,301.95,PIX,Online,227.0,23
2270,2026-07-02,18:00,118,Bermuda Premium,Bermuda,Verde,G,4,289.27,0.0,1157.08,PIX,Online,478.0,20
2271,2026-07-13,15:30,61,Blusa Social,Blusa,Preta,P,1,336.13,0.0,336.13,Dinheiro,Online,338.0,12
2272,2026-09-13,17:00,132,Acessório Esporte,Acessório,Rosa,P,4,45.67,0.0,182.68,Cartão de Crédito,Física,352.0,19
2273,2026-05-21,18:45,8,Bermuda Básica,Bermuda,Rosa,P,2,301.95,30.2,573.7,Cartão de Crédito,Física,297.0,17
2274,2026-07-07,21:45,33,Camiseta Esporte,Camiseta,Verde,G,1,238.32,0.0,238.32,Crediário,Online,175.0,4
2275,2026-06-10,18:45,42,Calça Casual,Calça,Verde,G,3,245.94,110.67,627.15,Cartão de Débito,Online,119.0,7
2276,2026-03-16,20:00,135,Bermuda Básica,Bermuda,Cinza,M,1,74.1,0.0,74.1,Crediário,Online,278.0,18
2277,15/04/26,09:30,144,Blusa X,Blusa,Verde,G,1,297.99,44.7,253.29,Cartão de Crédito,Física,584.0,22
2278,2026-04-08,21:00,63,Bermuda Social,Bermuda,Azul,M,4,250.51,0.0,1002.04,Crediário,Online,198.0,4
2279,2026-04-08,15:45,156,Calça Esporte,Calça,Cinza,P,1,179.11,0.0,179.11,Cartão de Débito,Online,236.0,11
2280,2026-07-16,21:30,139,Jaqueta X,Jaqueta,Preta,M,4,172.53,69.01,621.11,Cartão de Débito,Online,46.0,17
2281,2026-05-30,21:30,23,Calça Social,Calça,Preta,GG,1,181.44,0.0,181.44,Dinheiro,Física,3418.0,11
2282,2026-05-26,10:30,167,Jaqueta Slim,Jaqueta,Branca,G,1,219.14,0.0,219.14,PIX,Física,380.0,25
2283,2026-05-06,09:45,13,Blusa Básica,Blusa,Verde,G,4,276.45,0.0,1105.8,Cartão de Débito,Online,70.0,2
2284,2026-06-03,16:30,124,Camiseta Social,Camiseta,Branca,M,4,31.01,12.4,111.64,Cartão de Crédito,Online,399.0,6
2285,2026-04-20,14:30,64,Blusa Slim,Blusa,Cinza,G,3,307.95,0.0,923.85,PIX,Online,426.0,13
2286,2026-08-24,11:30,20,Blusa Básica,Blusa,Branca,M,4,212.5,0.0,850.0,Dinheiro,Física,477.0,21
2287,2026-06-17,21:15,87,Camiseta Casual,Camiseta,Cinza,P,4,273.14,0.0,1092.56,Crediário,Física,355.0,2
2288,2026-07-26,18:45,144,Blusa X,Blusa,Verde,G,4,297.99,178.79,1013.17,PIX,Online,422.0,6
2289,2026-07-27,13:00,114,Camiseta Social,Camiseta,Verde,GG,4,330.12,0.0,1320.48,PIX,Online,211.0,25
2290,2026-08-13,20:15,62,Jaqueta Social,Jaqueta,Rosa,M,3,66.35,9.95,189.1,Cartão de Crédito,Online,247.0,15
2291,2026-04-01,20:30,79,Vestido Slim,Vestido,Verde,GG,3,29.96,0.0,89.88,cartão de crédito,Online,58.0,3
2292,2026-08-21,19:15,7,Acessório X,Acessório,Vermelha,GG,3,160.81,72.36,410.07,PIX,Online,350.0,13
2293,2026-05-13,12:00  ,118,Bermuda Premium,Bermuda,Verde,G,3,289.27,43.39,824.42,PIX,Física,7.0,4
2294,2026-09-13, 17:45,31,Vestido Social,Vestido,Azul,GG,1,28.24,0.0,28.24,Cartão de Débito,Física,86.0,25
2295,2026-07-15,13:45,57,Calça Casual,Calça,Verde,GG,1,86.79,0.0,86.79,PIX,Online,,11
2296,2026-06-24,20:45,19,Calça Casual,Calça,Rosa,P,2,165.92,0.0,331.84,PIX,Online,503.0,2
2297,2026-05-14,12:15,24,Blusa Esporte,Blusa,Preta,M,1,315.76,31.58,284.18,Cartão de Crédito,Online,279.0,13
2298,2026-05-22,09:00,131,Jaqueta X,Jaqueta,Azul,P,3,192.39,57.72,519.45,PIX,Online,13.0,8
2299,2026-07-10,14:30,142,Vestido Esporte,Vestido,Branca,GG,1,142.68,21.4,121.28,PIX,Online,587.0,5
2300,2026-09-18,19:30,15,Bermuda Básica,Bermuda,Cinza,G,2,52.05,5.2,98.9,Pix,Física,286.0,22
2301,2026-08-22,10:30,61,Blusa Social,Blusa,Preta,P,2,336.13,0.0,672.26,PIX,Física,522.0,18
2302,2026-08-01,10:45,116,Blusa Premium,Blusa,Branca,G,1,68.25,6.82,61.43,PIX,Online,532.0,9
2303,2026-09-19,16:00,126,Calça Casual,Calça,Vermelha,G,3,275.71,0.0,827.13,Cartão de Débito,Online,370.0,3
2304,2026-09-01,10:15,14,Bermuda Esporte,Bermuda,Verde,GG,4,113.16,67.9,384.74,Cartão de Crédito,Online,575.0,9
2305,2026-05-18,20:15,37,Acessório Premium,Acessório,Rosa,G,1,281.93,14.1,267.83,pix,Física,77.0,15
2306,2026-07-17,19:15,113,Jaqueta Premium,Jaqueta,Rosa,M,3,196.9,0.0,590.7,Cartão de Crédito,Física,496.0,14
2307,2026-07-24,11:30,42,Calça Casual,Calça,Verde,G,4,245.94,147.56,"836,20",Cartão de Débito,Física,179.0,21
2308,2026-08-01,10:30,100,Calça Social,Calça,Preta,M,2,133.29,0.0,266.58,Cartão de Débito,Física,160.0,18
2309,2026-05-06,21:00,60,Blusa Premium,Blusa,Azul,GG,4,177.54,0.0,710.16,Cartão de Débito,Física,352.0,8
2310,2026-08-22,18:15,162,Acessório Esporte,Acessório,Preta,P,2,314.53,62.91,566.15,PIX,Física,203.0,8
2311,2026-07-03,13:30,70,Vestido Slim,Vestido,Verde,G,4,304.38,182.63,"R$ 1.034,89",Cartão de Débito,Física,295.0,12
2312,2026-03-28, 13:00,149,Vestido Básica,Vestido,Cinza,GG,3,67.2,20.16,181.44,Cartão de Crédito,Online,309.0,4
2313,2026-07-28, 19:45,136,Bermuda Slim,Bermuda,Verde,P,2,232.34,46.47,418.21,Dinheiro,Física,,12
2314,2026-07-28,17:30,120,Camiseta Básica,Camiseta,Rosa,G,2,304.19,60.84,547.54,Cartão de Débito,Online,285.0,24
2315,2026-03-26,16:30,65777,Vestido Básica,Vestido,Vermelha,G,4,334.95,0.0,1339.8,CARTÃO DE CRÉDITO,Online,212.0,3
2316,2026-06-30,14:15,15,Bermuda Básica,Bermuda,Cinza,G,1,52.05,5.2,46.85,Dinheiro,Online,,16
2317,2026-03-20,15:30,124,Camiseta Social,Camiseta,Branca,M,3,31.01,0.0,93.03,PIX,Online,216.0,20
2318,2026-08-22,15:45,90,Jaqueta Social,Jaqueta,Rosa,M,2,340.94,102.28,579.6,Dinheiro,Online,268.0,1
2319,2026-05-27,10:30,151,Vestido Social,Vestido,Cinza,P,3,305.13,91.54,823.85,Cartão de Débito,Física,364.0,21
2320,2026-08-28,16:45,155,Blusa X,Blusa,Rosa,GG,4,229.95,0.0,919.8,Dinheiro,Online,229.0,14
2321,2026-04-20,21:45,94,Blusa X,Blusa,Azul,GG,3,310.47,0.0,931.41,Dinheiro,Física,173.0,17
2322,2026-04-05,14:15,79,Vestido Slim,Vestido,Verde,GG,1,29.96,0.0,"29,96",Crediário,Online,233.0,19
2323,2026-07-17,21:00,68,Acessório Casual,Acessório,Branca,P,3,212.83,0.0,638.49,Cartão de Débito,Física,344.0,1
2324,2026-03-14,18:30,12,Blusa X,Blusa,Rosa,P,1,258.15,38.72,219.43,Dinheiro,Física,480.0,20
2325,2026-06-26,19:30,124,Camiseta Social,Camiseta,Branca,M,4,31.01,18.61,105.43,Cartão de Crédito,Online,375.0,11
2326,2026-09-15,13:45,8,Bermuda Básica,Bermuda,Rosa,P,2,301.95,0.0,603.9,PIX,Online,94.0,9
2327,2026-04-17,18:00,64,Blusa Slim,Blusa,Cinza,G,1,307.95,15.4,292.55,Cartão de Débito,Física,13.0,17
2328,2026-06-09,10:15,36,Jaqueta X,Jaqueta,Rosa,GG,4,109.13,0.0,436.52,Cartão de Crédito,Física,337.0,3
2329,01/09/2026,17:30,68,Acessório Casual,Acessório,Branca,P,4,212.83,0.0,851.32,cartao credito,Online,434.0,24
2330,2026-06-19,20:30,40,Jaqueta Premium,Jaqueta,Branca,G,2,59.14,17.74,100.54,Cartão de Crédito,Online,581.0,3
2331,31-05-2026,17:30,130,Bermuda Slim,Bermuda,Verde,G,3,139.82,0.0,419.46,Crediário,Física,244.0,3
2332,2026-06-16,12:15,42,Calça Casual,Calça,Verde,G,3,245.94,0.0,737.82,Cartão de Crédito,Online,196.0,20
2333,2026-04-18,20:15,85,Calça X,Calça,Cinza,G,2,287.08,0.0,574.16,Dinheiro,Online,568.0,25
2334,2026-08-23,20:15,178,Blusa Slim,Blusa,Rosa,G,4,281.67,169.0,957.68,Cartão de Débito,Online,438.0,8
2335,2026-07-30,09:00,72,Camiseta Casual,Camiseta,Rosa,P,2,280.68,0.0,561.36,Cartão de Débito,Online,245.0,20
2336,2026-05-21,16:15,86,Blusa Social,Blusa,Azul,P,2,56.25,16.88,95.62,PIX,Online,135.0,5
2337,2026-05-28,16:30,69,Camiseta Básica,Camiseta,Branca,M,4,71.3,0.0,285.2,Cartão de Crédito,Física,225.0,20
2338,2026-09-01,11:00,2,Calça Casual,Calça,Verde,M,4,308.53,0.0,1234.12,PIX,Física,,20
2339,2026-08-07,13:30,135,Bermuda Básica,Bermuda,Cinza,M,3,74.1,0.0,222.3,Crediário,Online,483.0,3
2340,2026-06-28,13:30,8,Bermuda Básica,Bermuda,Rosa,P,2,301.95,30.2,573.7,Cartão de Débito,Física,244.0,18
2341,2026-09-20,19:30,107,Bermuda Slim,Bermuda,Rosa,M,4,304.94,60.99,1158.77,CARTÃO DE CRÉDITO,Online,462.0,15
2342,2026-05-27,19:30,82,Bermuda Social,Bermuda,Azul,M,2,325.21,0.0,650.42,Cartão de Débito,Online,318.0,7
2343,2026-06-25,19:30,112,Bermuda Premium,Bermuda,Rosa,GG,1,93.18,9.32,83.86,Cartão de Crédito,Física,573.0,13
2344,10/09/2026,17:00,46,Bermuda Social,Bermuda,Azul,P,2,46.54,0.0,93.08,Dinheiro,Online,101.0,8
2345,2026-03-31,18:15,33,Camiseta Esporte,Camiseta,Verde,G,2,238.32,0.0,476.64,Dinheiro,Online,441.0,22
2346,2026-09-29,17:15,164,Blusa Premium,Blusa,Preta,G,2,175.34,35.07,315.61,Cartão de Débito,Online,255.0,18
2347,2026-03-09,20:45,78,Acessório Básica,Acessório,Cinza,GG,1,138.63,0.0,138.63,Cartão de Crédito,Online,27.0,13
2348,2026-04-25,20:00,28,Bermuda Premium,Bermuda,Vermelha,GG,1,57.16,0.0,57.16,Cartão de Crédito,Física,393.0,7
2349,2026-09-03,15:00,179,Calça Social,Calça,Cinza,P,4,214.89,0.0,859.56,Cartão de Débito,Física,409.0,13
2350,2026-04-01,10:00,4,Acessório Básica,Acessório,Vermelha,G,1,81.82,0.0,81.82,Crediário,Online,246.0,3
2351,2026-09-25,12:45,97,Jaqueta Premium,Jaqueta,Rosa,GG,1,161.24,0.0,161.24,Cartão de Débito,Online,372.0,24
2352,2026-04-15,17:00,76,Jaqueta X,Jaqueta,Cinza,P,2,291.87,58.37,525.37,PIX,Online,105.0,25
2353,2026-04-03,20:15,157,Bermuda Básica,Bermuda,Azul,P,1,35.03,1.75,33.28,PIX,Física,25.0,3
2354,2026-07-20,16:30,105,Calça Premium,Calça,Vermelha,GG,4,53.58,21.43,192.89,Cartão de Crédito,Online,181.0,4
2355,2026-04-19,13:00,154,Bermuda Básica,Bermuda,Branca,P,4,240.69,0.0,962.76,PIX,Física,141.0,20
2356,2026-08-13,17:15,125,Vestido X,Vestido,Verde,M,4,114.2,22.84,433.96,PIX,Online,462.0,19
2357,2026-06-22,18:00,37,Acessório Premium,Acessório,Rosa,G,3,281.93,126.87,718.92,Cartão de Débito,Física,148.0,7
2358,2026-08-17,12:30,175,Jaqueta Slim,Jaqueta,Branca,P,2,111.44,0.0,222.88,Cartão de Crédito,Física,288.0,2
2359,2026-07-28,12:00,64,Blusa Slim,Blusa,Cinza,G,3,307.95,0.0,923.85,Cartão de Crédito,Física,591.0,23
2360,2026-03-03,09:00,24,Blusa Esporte,Blusa,Preta,M,2,315.76,0.0,631.52,Cartão de Crédito,Física,392.0,7
2361,2026-08-29,16:45,92,Vestido Básica,Vestido,Cinza,G,2,146.37,43.91,248.83,PIX,Física,310.0,23
2362,2026-05-23,17:30,121,Acessório Básica,Acessório,Vermelha,GG,1,127.53,0.0,127.53,Dinheiro,Online,570.0,20
2363,2026-03-09,11:15,136,Bermuda Slim,Bermuda,Verde,P,1,232.34,11.62,220.72,Cartão de Débito,Online,592.0,2
2364,2026-04-18,19:45,174,Calça Slim,Calça,Cinza,M,2,34.1,10.23,57.97,pix,Física,164.0,1
2365,2026-04-26,20:15,16,Bermuda Esporte,Bermuda,Branca,M,3,242.53,0.0,727.59,Crediário,Online,562.0,7
2366,2026-06-03,14:30,54,Bermuda Social,Bermuda,Cinza,G,2,115.21,0.0,230.42,Cartão de Crédito,Online,186.0,10
2367,2026-09-11,13:00,126,Calça Casual,Calça,Vermelha,G,3,275.71,0.0,827.13,Cartão de Crédito,Online,60.0,3
2368,2026-05-07,19:15,60,Blusa Premium,Blusa,Azul,GG,3,177.54,0.0,532.62,dinheiro,Online,508.0,17
2369,2026-07-20,21:45,149,Vestido Básica,Vestido,Cinza,GG,1,67.2,0.0,67.2,Cartão de Crédito,Física,546.0,20
2370,2026-06-02,14:15,128,Acessório X,Acessório,Verde,G,4,38.26,0.0,153.04,PIX,Física,119.0,6
2371,2026-09-13,14:15,126,Calça Casual,Calça,Vermelha,G,4,275.71,55.14,1047.7,Cartão de Débito,Física,,20
2372,2026-08-31,18:45,6,Acessório Casual,Acessório,Rosa,GG,2,309.17,92.75,525.59,Crediário,Física,74.0,15
2373,2026-06-02,17:00,120,Camiseta Básica,Camiseta,Rosa,G,2,304.19,0.0,608.38,Cartão de Crédito,Física,528.0,17
2374,2026-04-11,09:30,173,Camiseta Esporte,Camiseta,Preta,P,1,183.66,9.18,174.48,Cartão de Crédito,Física,8.0,22
2375,2026-03-16,21:30,160,Vestido Básica,Vestido,Branca,G,1,38.68,0.0,38.68,Cartão de Crédito,Online,122.0,15
2376,2026-07-23,18:00,171,Blusa Casual,Blusa,Verde,M,2,139.15,13.92,264.38,Cartão de Débito,Online,391.0,13
2377,2026-03-21,09:45,77,Blusa Básica,Blusa,Preta,M,1,29.9,0.0,29.9,Cartão de Débito,Online,275.0,25
2378,2026-03-05,18:45,126,Calça Casual,Calça,Vermelha,G,2,275.71,55.14,496.28,Crediário,Física,410.0,21
2379,2026-06-26,14:00,118,Bermuda Premium,Bermuda,Verde,G,4,289.27,115.71,1041.37,Cartão de Crédito,Física,424.0,18
2380,2026-06-29,16:30,4,Acessório Básica,Acessório,Vermelha,G,1,81.82,0.0,81.82,cartão de débito,Física,311.0,25
2381,2026-06-22,14:15,144,Blusa X,Blusa,Verde,G,2,297.99,89.4,506.58,PIX,Física,372.0,23
2382,2026-04-21,17:00,19,Calça Casual,Calça,Rosa,P,4,165.92,0.0,663.68,Dinheiro,Online,275.0,16
2383,2026-07-15, 17:00,123,Camiseta Básica,Camiseta,Preta,P,1,195.44,19.54,175.9,cartao credito,Física,102.0,25
2384,2026-05-23,09:00,76,Jaqueta X,Jaqueta,Cinza,P,2,291.87,0.0,583.74,Crediário,Física,169.0,5
2385,2026-08-02,19:30,34,Blusa Casual,Blusa,Preta,GG,2,206.43,41.29,371.57,Dinheiro,Física,67.0,1
2386,2026-03-11,15:00,89,Acessório Premium,Acessório,Vermelha,GG,1,62.97,3.15,59.82,Dinheiro,Online,122.0,17
2387,2026-07-17,13:45,125,Vestido X,Vestido,Verde,M,2,114.2,34.26,194.14,PIX,Física,511.0,1
2388,2026-03-15,13:15,64,Blusa Slim,Blusa,Cinza,G,1,307.95,30.8,277.15,Cartão de Débito,Física,494.0,22
2389,2026-08-03,11:30,19,Calça Casual,Calça,Rosa,P,4,165.92,66.37,597.31,PIX,Física,402.0,14
2390,2026-03-12,09:15,65,Jaqueta Casual,Jaqueta,Branca,G,1,232.93,34.94,197.99,Dinheiro,Física,45.0,10
2391,2026-07-13,17:00,126,Calça Casual,Calça,Vermelha,G,2,275.71,0.0,551.42,PIX,Online,368.0,3
2392,2026-04-20,17:30,131,Jaqueta X,Jaqueta,Azul,P,2,192.39,38.48,346.3,Cartão de Crédito,Física,213.0,18
2393,2026-08-14,20:15,101,Jaqueta Casual,Jaqueta,Verde,M,2,263.03,0.0,526.06,Cartão de Débito,Online,481.0,17
2394,2026-07-06,20:00,144,Blusa X,Blusa,Verde,G,3,297.99,134.1,759.87,PIX,Física,526.0,25
2395,2026-07-18,18:45,54,Bermuda Social,Bermuda,Cinza,G,3,115.21,51.84,293.79,Cartão de Crédito,Física,347.0,9
2396,2026-09-11,18:45,94,Blusa X,Blusa,Azul,GG,3,310.47,139.71,791.7,Cartão de Débito,Online,472.0,19
2397,2026-04-25,13:15,88,Bermuda X,Bermuda,Rosa,G,4,55.13,0.0,220.52,Crediário,Física,397.0,16
2398,2026-07-23,20:45,24,Blusa Esporte,Blusa,Preta,M,2,315.76,0.0,631.52,Cartão de Débito,Online,190.0,19
2399,2026-08-30,18:15,123,Camiseta Básica,Camiseta,Preta,P,3,195.44,87.95,498.37,PIX,Online,82.0,1
2400,2026-08-09,18:15,93,Calça Slim,Calça,Azul,G,2,328.53,0.0,657.06,Cartão de Débito,Física,490.0,1
2401,2026-08-07,10:45,168,Camiseta Slim,Camiseta,Preta,GG,3,50.13,22.56,127.83,Dinheiro,Online,415.0,7
2402,2026-05-04,12:45,57,Calça Casual,Calça,Verde,GG,2,86.79,8.68,164.9,Cartão de Débito,Física,383.0,10
2403,2026-07-02,20:45,68,Acessório Casual,Acessório,Branca,P,1,212.83,10.64,202.19,Crediário,Online,278.0,15
2404,2026-07-30,11:45,81,Calça Básica,Calça,Rosa,G,1,188.91,0.0,188.91,Cartão de Crédito,Online,61.0,3
2405,2026-09-26,15:45,118,Bermuda Premium,Bermuda,Verde,G,4,289.27,115.71,1041.37,Cartão de Débito,Física,239.0,1
2406,2026-09-23,10:00,84,Blusa X,Blusa,Branca,M,1,91.15,0.0,91.15,Cartão de Crédito,Online,547.0,24
2407,2026-03-13,11:00,127,Bermuda X,Bermuda,Azul,M,3,269.31,40.4,767.53,Cartão de Crédito,Online,199.0,11
2408,2026-08-21,14:15,177,Camiseta Slim,Camiseta,Vermelha,G,1,63.08,0.0,63.08,Cartão de Débito,Online,502.0,6
2409,2026-07-07,14:30,10628,Vestido Básica,Vestido,Vermelha,GG,1,108.11,0.0,108.11,Crediário,Física,180.0,3
2410,2026-09-18,12:00,159,Calça Social,Calça,Verde,G,4,166.81,0.0,667.24,Cartão de Débito,Física,83.0,14
2411,2026-03-23,21:30,174,Calça Slim,Calça,Cinza,M,1,34.1,0.0,34.1,Crediário,Online,178.0,4
2412,2026-07-13,17:15,109,Camiseta Esporte,Camiseta,Branca,GG,4,227.45,90.98,818.82,PIX,Online,98.0,3
2413,2026-09-26,21:00,128,Acessório X,Acessório,Verde,G,1,38.26,3.83,34.43,Crediário,Online,337.0,17
2414,2026-09-02,10:15,120,Camiseta Básica,Camiseta,Rosa,G,2,304.19,30.42,577.96,PIX,Online,261.0,20
2415,2026-03-28,13:15,56,Camiseta Social,Camiseta,Verde,M,3,252.29,37.84,719.03,PIX,Online,388.0,18
2416,2026-03-30,13:15,53770,Jaqueta Casual,Jaqueta,Branca,P,3,203.54,61.06,"549,56",PIX,Física,174.0,4
2417,2026-09-04,19:15,50,Blusa Básica,Blusa,Azul,G,3,124.43,0.0,373.29,PIX,Física,256.0,8
2418,2026-06-24,21:15,17,Acessório Slim,Acessório,Azul,M,2,102.24,0.0,204.48,Crediário,Online,243.0,1
2419,2026-06-16,19:30,166,Blusa Casual,Blusa,Cinza,P,4,25.41,0.0,101.64,CARTÃO DE CRÉDITO,Física,73.0,22
2420,2026-04-19,09:00,32,Acessório Social,Acessório,Azul,G,4,324.96,0.0,1299.84,Cartão de Débito,Física,,13
2421,2026-09-12,12:15,2,Calça Casual,Calça,Verde,M,3,308.53,138.84,786.75,Cartão De Crédito,Online,29332.0,24
2422,2026-06-27,13:15,136,Bermuda Slim,Bermuda,Verde,P,2,232.34,23.23,441.45,PIX,Física,,16
2423,2026-06-06,21:15,93,Calça Slim,Calça,Azul,G,3,328.53,98.56,887.03,Cartão de Débito,Online,17.0,15
2424,2026-07-10,17:15,77,Blusa Básica,Blusa,Preta,M,3,29.9,0.0,89.7,Cartão de Crédito,Online,589.0,12
2425,2026-04-28,12:30,66,Vestido Básica,Vestido,Preta,GG,1,195.93,0.0,195.93,PIX,Física,190.0,21
2426,2026-05-25,18:15,76,Jaqueta X,Jaqueta,Cinza,P,3,291.87,0.0,875.61,Cartão de Débito,Online,311.0,15
2427,2026-04-03,13:45,176,Vestido Esporte,Vestido,Vermelha,M,3,227.13,0.0,681.39,Cartão de Débito,Física,187.0,14
2428,2026-07-11,11:15,178,Blusa Slim,Blusa,Rosa,G,2,281.67,0.0,563.34,Cartão de Débito,Online,378.0,11
2429,2026-05-18,13:30,22,Bermuda Social,Bermuda,Vermelha,GG,3,213.75,96.19,545.06,Dinheiro,Online,405.0,13
2430,2026-03-07,16:30,175,Jaqueta Slim,Jaqueta,Branca,P,3,111.44,0.0,334.32,Cartão de Crédito,Online,376.0,13
2431,2026-08-25,21:00,125,Vestido X,Vestido,Verde,M,1,114.2,11.42,102.78,PIX,Física,118.0,14
2432,2026-04-29,14:30,39,Blusa X,Blusa,Vermelha,P,1,80.38,12.06,68.32,PIX,Online,487.0,21
2433,2026-05-16,13:30  ,98,Acessório Básica,Acessório,Branca,G,2,254.79,76.44,433.14,PIX,Física,331.0,13
2434,2026-09-08,11:45,2,Calça Casual,Calça,Verde,M,1,308.53,0.0,308.53,Cartão de Débito,Online,210.0,20
2435,2026-05-20,10:00,52,Vestido Básica,Vestido,Vermelha,G,1,334.95,0.0,334.95,Cartão de Crédito,Física,282.0,23
2436,2026-06-25,19:45,155,Blusa X,Blusa,Rosa,GG,4,229.95,0.0,919.8,Cartão de Débito,Física,3.0,17
2437,2026-04-09,14:30,1,Blusa Premium,Blusa,Cinza,G,1,318.6,0.0,318.6,Cartão de Crédito,Física,319.0,23
2438,2026-08-15,13:15,125,Vestido X,Vestido,Verde,M,2,114.2,11.42,216.98,Cartão de Débito,Online,510.0,19
2439,2026-04-08,17:15,104,Acessório Premium,Acessório,Rosa,M,2,240.9,72.27,409.53,PIX,Física,5964.0,21
2440,2026-09-27,12:00,165,Calça Casual,Calça,Rosa,G,1,158.71,0.0,158.71,Cartão de Débito,Física,474.0,3
2441,2026-09-30,18:15,3,Vestido Esporte,Vestido,Azul,GG,1,51.13,0.0,51.13,Cartão de Crédito,Online,432.0,4
2442,2026-07-05,14:45,159,Calça Social,Calça,Verde,G,4,166.81,0.0,667.24,Cartão de Débito,Online,251.0,5
2443,2026-08-14,21:00,145,Bermuda Casual,Bermuda,Azul,GG,1,159.63,15.96,143.67,cartao credito,Física,306.0,1
2444,2026-07-07,09:15,122,Calça Social,Calça,Azul,M,1,77.6,0.0,77.6,cartao credito,Online,,11
2445,2026-06-05,19:30,37,Acessório Premium,Acessório,Rosa,G,4,281.93,169.16,958.56,Cartão de Crédito,Física,270.0,15
2446,2026-07-03,18:45,107,Bermuda Slim,Bermuda,Rosa,M,4,304.94,121.98,1097.78,Crediário,Física,263.0,22
2447,2026-07-07,13:45,75,Bermuda Premium,Bermuda,Cinza,G,1,129.65,0.0,129.65,PIX,Online,520.0,21
2448,2026-05-01, 19:00 ,148,Vestido Slim,Vestido,Rosa,G,-1,213.53,0.0,640.59,Cartão de Crédito,Online,213.0,21
2449,2026-09-28,09:30,67,Vestido Premium,Vestido,Preta,G,1,60.66,0.0,60.66,Cartão de Débito,Física,251.0,21
2450,2026-07-31,17:30,158,Jaqueta Premium,Jaqueta,Rosa,GG,1,91.13,0.0,91.13,Cartão de Débito,Online,166.0,16
2451,2026-07-20,17:45,3,Vestido Esporte,Vestido,Azul,GG,2,51.13,0.0,"R$ 102,26",PIX,Online,534.0,2
2452,2026-04-06,19:45,90,Jaqueta Social,Jaqueta,Rosa,M,3,340.94,0.0,1022.82,Cartão de Débito,Física,33.0,21
2453,2026-09-15,18:30,2,Calça Casual,Calça,Verde,M,3,308.53,92.56,833.03,PIX,Online,160.0,7
2454,2026-07-01,11:30,31,Vestido Social,Vestido,Azul,GG,3,28.24,4.24,80.48,Cartão de Débito,Física,531.0,22
2455,2026-06-30,16:30,97,Jaqueta Premium,Jaqueta,Rosa,GG,1,161.24,0.0,161.24,CARTÃO DE CRÉDITO,Física,442.0,18
2456,2026-06-24,21:00,33,Camiseta Esporte,Camiseta,Verde,G,2,238.32,71.5,405.14,Cartão de Crédito,Online,261.0,24
2457,2026-08-16,19:45,57,Calça Casual,Calça,Verde,GG,3,86.79,26.04,234.33,PIX,Online,319.0,17
2458,2026-03-29,11:30,119,Calça Esporte,Calça,Branca,P,4,331.07,0.0,1324.28,Cartão de Crédito,Física,38.0,10
2459,17-06-2026,10:00,26,Jaqueta Esporte,Jaqueta,Verde,P,4,204.58,0.0,818.32,PIX,Física,192.0,16
2460,2026-05-06,09:15,58,Blusa X,Blusa,Branca,P,2,215.52,21.55,409.49,PIX,Física,447.0,3
2461,2026-06-05,20:00,116,Blusa Premium,Blusa,Branca,G,3,68.25,20.48,184.27,Crediário,Online,172.0,19
2462,2026-07-14,09:45,78,Acessório Básica,Acessório,Cinza,GG,1,138.63,0.0,138.63,Cartão de Crédito,Física,15.0,18
2463,2026-08-21,14:00,104,Acessório Premium,Acessório,Rosa,M,3,240.9,36.14,686.56,Dinheiro,Online,101.0,7
2464,2026-04-08,18:45,119,Calça Esporte,Calça,Branca,P,4,331.07,0.0,1324.28,Cartão de Crédito,Online,365.0,16
2465,2026-09-15,12:15,5,Jaqueta Básica,Jaqueta,Preta,GG,2,235.61,0.0,471.22,Crediário,Física,381.0,6
2466,2026-08-17,13:45,36,Jaqueta X,Jaqueta,Rosa,GG,4,109.13,0.0,436.52,Cartão de Débito,Física,546.0,25
2467,2026-06-05,18:15,34,Blusa Casual,Blusa,Preta,GG,2,206.43,20.64,392.22,Crediário,Online,521.0,11
2468,2026-09-02,21:00,51,Blusa Premium,Blusa,Branca,P,4,122.21,73.33,415.51,cartão de débito,Física,89411.0,14
2469,2026-07-12,11:15,86,Blusa Social,Blusa,Azul,P,2,56.25,0.0,112.5,Cartão de Débito,Online,486.0,22
2470,2026-05-25,11:30,169,Camiseta Premium,Camiseta,Branca,GG,4,137.47,54.99,494.89,Crediário,Física,381.0,24
2471,2026-09-02,09:45,171,Blusa Casual,Blusa,Verde,M,3,139.15,0.0,417.45,Cartão de Débito,Física,514.0,20
2472,2026-07-19,14:30,45,Jaqueta Social,Jaqueta,Preta,P,1,105.9,10.59,95.31,Cartão De Débito,Online,365.0,16
2473,2026-06-08,14:00,119,Calça Esporte,Calça,Branca,P,3,331.07,0.0,993.21,Cartão de Débito,Física,121.0,2
2474,2026-04-11,19:00,36,Jaqueta X,Jaqueta,Rosa,GG,4,109.13,65.48,371.04,Dinheiro,Online,255.0,24
2475,2026-05-18,13:15,78,Acessório Básica,Acessório,Cinza,GG,1,138.63,0.0,138.63,pix,Física,200.0,24
2476,2026-05-17,16:00,49,Calça Esporte,Calça,Preta,P,1,264.21,26.42,237.79,Dinheiro,Online,132.0,16
2477,2026-05-01,15:00,123,Camiseta Básica,Camiseta,Preta,P,1,195.44,0.0,195.44,PIX,Online,399.0,25
2478,2026-06-30,17:30,56,Camiseta Social,Camiseta,Verde,M,4,252.29,0.0,1009.16,Dinheiro,Física,348.0,20
2479,2026-08-28,11:30,171,Blusa Casual,Blusa,Verde,M,4,139.15,55.66,500.94,Cartão de Débito,Online,517.0,20
2480,2026-03-17,14:15,11,Calça Básica,Calça,Verde,G,4,112.35,0.0,449.4,Cartão de Crédito,Online,23.0,6
2481,2026-09-27,10:45,3,Vestido Esporte,Vestido,Azul,GG,2,51.13,0.0,102.26,Cartão de Crédito,Física,307.0,16
2482,2026-09-29,13:45,175,Jaqueta Slim,Jaqueta,Branca,P,1,111.44,11.14,100.3,pix,Online,29.0,20
2483,2026-05-17,18:00,90,Jaqueta Social,Jaqueta,Rosa,M,3,340.94,153.42,869.4,Cartão de Débito,Física,,22
2484,2026-03-30,17:15,167,Jaqueta Slim,Jaqueta,Branca,G,1,219.14,0.0,219.14,Dinheiro,Online,87.0,1
2485,2026-07-08,11:00,130,Bermuda Slim,Bermuda,Verde,G,4,139.82,27.96,531.32,Cartão de Débito,Online,416.0,18
2486,2026-09-09,09:30,58,Blusa X,Blusa,Branca,P,4,215.52,43.1,818.98,Dinheiro,Online,165.0,24
2487,2026-07-05,21:30,27,Camiseta Casual,Camiseta,Vermelha,P,3,287.37,0.0,862.11,Cartão de Débito,Online,600.0,14
2488,2026-04-11,17:15,70,Vestido Slim,Vestido,Verde,G,2,304.38,798.6938092516472,578.32,Cartão de Débito,Física,367.0,16
2489,2026-08-20,16:30,29,Blusa Básica,Blusa,Azul,P,3,287.6,129.42,733.38,Dinheiro,Online,433.0,19
2490,2026-04-15,12:15,114,Camiseta Social,Camiseta,Verde,GG,2,330.12,0.0,660.24,pix,Online,,5
2491,2026-06-07,20:45,80,Camiseta Básica,Camiseta,Cinza,M,3,179.41,80.73,457.5,Crediário,Online,135.0,9
2492,2026-07-25,19:30,142,Vestido Esporte,Vestido,Branca,GG,1,142.68,0.0,142.68,Cartão de Crédito,Física,203.0,24
2493,2026-04-03,17:45,94,Blusa X,Blusa,Azul,GG,2,310.47,31.05,589.89,PIX,Online,,5
2494,2026-06-30,20:30,131,Jaqueta X,Jaqueta,Azul,P,4,192.39,38.48,731.08,Cartão de Débito,Online,6.0,9
2495,2026-05-26,11:00,75,Bermuda Premium,Bermuda,Cinza,G,4,129.65,77.79,440.81,PIX,Física,299.0,16
2496,2026-05-15,12:00,27,Camiseta Casual,Camiseta,Vermelha,P,2,287.37,86.21,488.53,PIX,Online,314.0,19
2497,2026-03-23,15:30,53,Jaqueta Casual,Jaqueta,Branca,P,2,203.54,0.0,407.08,Cartão de Débito,Física,129.0,25
2498,2026-05-30,21:15,147,Calça Premium,Calça,Preta,P,1,176.07,17.61,158.46,Cartão de Débito,Física,,3
2499,2026-08-10,21:15,14,Bermuda Esporte,Bermuda,Verde,GG,1,113.16,0.0,113.16,PIX,Física,333.0,13
2500,2026-06-20,12:15,135,Bermuda Básica,Bermuda,Cinza,M,4,74.1,0.0,296.4,Dinheiro,Física,512.0,8
2501,2026-03-13,16:15,95,Bermuda X,Bermuda,Cinza,G,3,275.07,41.26,783.95,Dinheiro,Online,420.0,8
2502,2026-03-23,14:30,38,Acessório Esporte,Acessório,Rosa,P,1,113.5,0.0,113.5,Cartão de Débito,Online,161.0,16
2503,2026-09-11,09:15,16,Bermuda Esporte,Bermuda,Branca,M,4,242.53,0.0,970.12,Cartão de Crédito,Física,77.0,19
2504,2026-06-08,16:45,42,Calça Casual,Calça,Verde,G,1,245.94,0.0,245.94,PIX,Física,286.0,8
2505,2026-04-04,17:00,80,Camiseta Básica,Camiseta,Cinza,M,3,179.41,53.82,484.41,Cartão de Crédito,Física,119.0,1
2506,2026-09-26,14:30,84,Blusa X,Blusa,Branca,M,3,91.15,41.02,232.43,Cartão de Crédito,Física,81.0,4
2507,2026-04-26,17:30,158,Jaqueta Premium,Jaqueta,Rosa,GG,4,91.13,0.0,364.52,Cartão de Crédito,Online,87.0,24
2508,2026-05-15,12:45,42,Calça Casual,Calça,Verde,G,4,245.94,0.0,983.76,Cartão de Débito,Física,12.0,8
2509,2026-08-23,13:30,165,Calça Casual,Calça,Rosa,G,2,158.71,31.74,285.68,Cartão de Débito,Online,134.0,21
2510,2026-09-24,21:30,63,Bermuda Social,Bermuda,Azul,M,3,250.51,37.58,713.95,Cartão de Crédito,Física,173.0,4
2511,2026-03-04,19:00,49,Calça Esporte,Calça,Preta,P,3,264.21,0.0,792.63,Cartão de Crédito,Física,36.0,3
2512,2026-03-31,09:45,106,Blusa Premium,Blusa,Azul,P,2,204.85,40.97,368.73,Crediário,Online,106.0,10
2513,2026-09-15,19:15,109,Camiseta Esporte,Camiseta,Branca,GG,1,227.45,22.74,204.71,PIX,Online,13.0,15
2514,2026-03-07,13:00,88,Bermuda X,Bermuda,Rosa,G,2,55.13,5.51,104.75,Crediário,Online,247.0,11
2515,2026-08-03,09:45,84,Blusa X,Blusa,Branca,M,3,91.15,41.02,232.43,PIX,Física,49.0,18
2516,2026-08-20,11:45,119,Calça Esporte,Calça,Branca,P,4,331.07,198.64,1125.64,Dinheiro,Física,87.0,2
2517,2026-07-18,13:45,94,Blusa X,Blusa,Azul,GG,2,310.47,31.05,589.89,Crediário,Online,267.0,3
2518,2026-06-14,14:00,125,Vestido X,Vestido,Verde,M,4,114.2,0.0,456.8,PIX,Física,348.0,12
2519,2026-05-06,19:15,88,Bermuda X,Bermuda,Rosa,G,1,55.13,5.51,49.62,Cartão de Débito,Física,117.0,5
2520,2026-08-27,14:30,48,Camiseta Básica,Camiseta,Cinza,GG,2,63.03,0.0,126.06,Cartão de Crédito,Online,91.0,14
2521,2026-06-17,14:00,125,Vestido X,Vestido,Verde,M,4,114.2,0.0,456.8,Crediário,Física,254.0,24
2522,2026-05-21,19:15,134,Bermuda Básica,Bermuda,Rosa,GG,4,59.5,23.8,214.2,Cartão de Débito,Física,131.0,20
2523,2026-07-09,18:00,49,Calça Esporte,Calça,Preta,P,1,264.21,39.63,224.58,PIX,Online,242.0,9
2524,2026-06-26,11:30,141,Bermuda Slim,Bermuda,Vermelha,GG,2,162.9,32.58,293.22,Cartão de Débito,Física,319.0,20
2525,2026-08-28,16:30,105,Calça Premium,Calça,Vermelha,GG,1,53.58,0.0,53.58,Cartão de Crédito,Online,103.0,11
2526,2026-08-03,10:30,48,Camiseta Básica,Camiseta,Cinza,GG,1,63.03,3.15,59.88,PIX,Online,403.0,12
2527,2026-04-02,17:45,93,Calça Slim,Calça,Azul,G,3,328.53,147.84,837.75,PIX,Online,306.0,1
2528,2026-05-27,11:45,151,Vestido Social,Vestido,Cinza,P,-1,305.13,0.0,1220.52,Cartão de Débito,Física,293.0,17
2529,2026-06-01,15:30,29,Blusa Básica,Blusa,Azul,P,4,287.6,0.0,1150.4,Cartão de Crédito,Online,127.0,21
2530,2026-06-18,12:30,69,Camiseta Básica,Camiseta,Branca,M,4,71.3,42.78,242.42,Dinheiro,Física,499.0,5
2531,2026-08-07,20:30,39,Blusa X,Blusa,Vermelha,P,2,80.38,16.08,144.68,Cartão de Crédito,Física,367.0,12
2532,2026-07-19,19:45,35,Blusa Premium,Blusa,Preta,P,3,314.35,0.0,943.05,Cartão de Débito,Online,247.0,5
2533,2026-04-19,19:30,155,Blusa X,Blusa,Rosa,GG,3,229.95,34.49,655.36,Cartão de Crédito,Física,20.0,21
2534,2026-05-03,16:00,154,Bermuda Básica,Bermuda,Branca,P,2,240.69,48.14,433.24,Cartão de Crédito,Online,319.0,21
2535,2026-08-03,16:00,74,Bermuda Esporte,Bermuda,Branca,M,3,290.34,43.55,827.47,PIX,Física,339.0,14
2536,2026-03-02,15:15,43,Bermuda Premium,Bermuda,Preta,GG,4,144.6,0.0,578.4,Cartão de Débito,Física,262.0,16
2537,2026-03-13,19:15,17,Acessório Slim,Acessório,Azul,M,1,102.24,15.34,86.9,PIX,Física,329.0,17
2538,2026-03-27,12:30,13,Blusa Básica,Blusa,Verde,G,3,276.45,0.0,829.35,PIX,Online,107.0,5
2539,2026-07-04,17:45,14,Bermuda Esporte,Bermuda,Verde,GG,1,113.16,0.0,113.16,Cartão de Débito,Física,474.0,12
2540,17/08/26,21:15,75,Bermuda Premium,Bermuda,Cinza,G,3,129.65,38.9,350.05,Cartão de Crédito,Online,307.0,11
2541,2026-04-05,19:30,64,Blusa Slim,Blusa,Cinza,G,1,307.95,30.8,"277,15",Cartão de Crédito,Online,367.0,7
2542,2026-04-21,18:45,43,Bermuda Premium,Bermuda,Preta,GG,1,144.6,0.0,144.6,PIX,Física,473.0,11
2543,2026-05-02,09:30,94,Blusa X,Blusa,Azul,GG,1,310.47,0.0,310.47,Cartão de Crédito,Física,485.0,6
2544,2026-08-05,12:45,103,Acessório Esporte,Acessório,Verde,M,1,142.1,0.0,"142,10",Dinheiro,Física,304.0,23
2545,2026-04-18,11:30,1,Blusa Premium,Blusa,Cinza,G,4,318.6,63.72,1210.68,Dinheiro,Física,565.0,1
2546,2026-06-02,13:30,53,Jaqueta Casual,Jaqueta,Branca,P,1,203.54,0.0,203.54,Cartão de Crédito,Online,574.0,24
2547,2026-05-14,18:30,47,Blusa Esporte,Blusa,Vermelha,M,4,85.46,17.09,324.75,Cartão de Crédito,Online,120.0,3
2548,2026-04-06,10:45,38,Acessório Esporte,Acessório,Rosa,P,3,113.5,51.08,289.42,Cartão de Crédito,Física,284.0,5
2549,2026-06-04,19:15,147,Calça Premium,Calça,Preta,P,4,176.07,0.0,704.28,Cartão de Débito,Online,113.0,17
2550,2026-07-01,15:30,59,Blusa Social,Blusa,Verde,M,4,202.64,40.53,770.03,Cartão de Crédito,Online,,4
2551,2026-08-29,18:15,47,Blusa Esporte,Blusa,Vermelha,M,3,85.46,0.0,256.38,Cartão de Crédito,Física,590.0,10
2552,2026-05-08,15:45,74,Bermuda Esporte,Bermuda,Branca,M,4,290.34,116.14,1045.22,Cartão de Débito,Física,96.0,13
2553,2026-09-09,10:00,39,Blusa X,Blusa,Vermelha,P,1,80.38,8.04,72.34,PIX,Física,302.0,5
2554,2026-05-28,09:00,109,Camiseta Esporte,Camiseta,Branca,GG,1,227.45,0.0,227.45,PIX,Física,227.0,18
2555,2026-06-15,20:15,30,Vestido Esporte,Vestido,Vermelha,G,4,244.92,146.95,832.73,Cartão de Débito,Física,477.0,8
2556,2026-06-01,12:30,10,Camiseta Social,Camiseta,Azul,G,3,281.48,0.0,844.44,Dinheiro,Física,226.0,25
2557,2026-05-15,16:00,143,Bermuda Casual,Bermuda,Rosa,G,1,113.47,5.67,107.8,Crediário,Física,,25
2558,2026-05-13,10:45,94,Blusa X,Blusa,Azul,GG,4,310.47,0.0,1241.88,Cartão de Crédito,Física,533.0,18
2559,2026-08-26,11:45,52,Vestido Básica,Vestido,Vermelha,G,4,334.95,200.97,"1.138,83",Cartão de Crédito,Física,418.0,19
2560,2026-03-31,11:00,51,Blusa Premium,Blusa,Branca,P,2,122.21,12.22,232.2,Cartão de Débito,Física,420.0,6
2561,2026-04-14,09:45,151,Vestido Social,Vestido,Cinza,P,4,305.13,61.03,1159.49,PIX,Física,38.0,2
2562,2026-04-26,12:45,49,Calça Esporte,Calça,Preta,P,1,264.21,0.0,"R$ 264,21",Cartão de Crédito,Online,5.0,15
2563,2026-07-02,12:45,161,Camiseta X,Camiseta,Branca,GG,1,168.83,0.0,168.83,PIX,Física,,21
2564,2026-07-20,15:45,95,Bermuda X,Bermuda,Cinza,G,4,275.07,0.0,1100.28,Dinheiro,Física,57.0,2
2565,2026-06-11, 15:00 ,63,Bermuda Social,Bermuda,Azul,M,2,250.51,0.0,501.02,Cartão de Débito,Online,338.0,4
2566,2026-05-20,16:00,86,Blusa Social,Blusa,Azul,P,1,56.25,0.0,56.25,Cartão de Débito,Online,343.0,1
2567,2026-07-15,18:15,12,Blusa X,Blusa,Rosa,P,2,258.15,51.63,464.67,Cartão de Débito,Física,,21
2568,2026-06-26,09:15,149,Vestido Básica,Vestido,Cinza,GG,4,67.2,26.88,241.92,Dinheiro,Online,572.0,10
2569,2026-04-13,19:15,170,Bermuda Premium,Bermuda,Vermelha,GG,4,234.75,93.9,845.1,Cartão de Débito,Física,578.0,17
2570,2026-03-09,15:00,157,Bermuda Básica,Bermuda,Azul,P,4,35.03,7.01,133.11,Cartão de Débito,Física,315.0,11
2571,2026-07-27,17:30,122,Calça Social,Calça,Azul,M,2,77.6,15.52,139.68,cartão de débito,Física,395.0,11
2572,2026-03-11,19:45,74,Bermuda Esporte,Bermuda,Branca,M,3,290.34,0.0,871.02,Cartão de Crédito,Online,527.0,12
2573,2026-08-06,09:15,112,Bermuda Premium,Bermuda,Rosa,GG,-1,93.18,13.98,79.2,Cartão de Crédito,Online,357.0,16
2574,2026-09-03,09:30,173,Camiseta Esporte,Camiseta,Preta,P,-1,183.66,0.0,734.64,Cartão de Débito,Online,539.0,6
2575,2026-05-26,09:30,67,Vestido Premium,Vestido,Preta,G,1,60.66,9.1,51.56,Cartão de Débito,Online,345.0,13
2576,2026-09-07,18:15,133,Jaqueta Social,Jaqueta,Branca,P,1,168.42,16.84,151.58,Cartão de Débito,Online,78.0,7
2577,2026-07-27,13:30,53,Jaqueta Casual,Jaqueta,Branca,P,3,203.54,91.59,519.03,Cartão de Débito,Online,524.0,4
2578,2026-08-06,14:45,18795,Vestido X,Vestido,Verde,M,3,114.2,0.0,342.6,Cartão de Débito,Física,310.0,22
2579,2026-05-01,20:00,149,Vestido Básica,Vestido,Cinza,GG,2,67.2,20.16,114.24,Dinheiro,Física,66.0,7
2580,2026-07-10,10:15,133,Jaqueta Social,Jaqueta,Branca,P,1,168.42,0.0,168.42,Cartão de Crédito,Online,554.0,15
2581,25/07/26,09:30,96,Camiseta Casual,Camiseta,Verde,P,3,307.93,138.57,785.22,pix,Física,417.0,4
2582,2026-05-18,21:45,129,Acessório X,Acessório,Branca,M,1,84.81,0.0,84.81,Cartão de Crédito,Física,257.0,4
2583,2026-08-02,18:15,38,Acessório Esporte,Acessório,Rosa,P,1,113.5,11.35,102.15,Cartão de Débito,Física,366.0,6
2584,2026-04-12,11:15,178,Blusa Slim,Blusa,Rosa,G,3,281.67,84.5,760.51,Cartão de Débito,Online,527.0,9
2585,2026-04-03,14:30,10,Camiseta Social,Camiseta,Azul,G,1,281.48,0.0,281.48,Cartão de Crédito,Física,27.0,6
2586,2026-05-15,17:30,139,Jaqueta X,Jaqueta,Preta,M,1,172.53,17.25,155.28,Cartão de Débito,Física,343.0,14
2587,2026-07-11,10:15,76,Jaqueta X,Jaqueta,Cinza,P,1,291.87,0.0,291.87,Cartão de Crédito,Física,496.0,22
2588,2026-08-03,17:45,43,Bermuda Premium,Bermuda,Preta,GG,2,144.6,43.38,245.82,Crediário,Online,166.0,2
2589,2026-07-07,19:00,175,Jaqueta Slim,Jaqueta,Branca,P,1,111.44,5.57,105.87,Cartão de Débito,Física,22.0,16
2590,2026-05-12,15:00,108,Jaqueta X,Jaqueta,Azul,G,4,84.3,0.0,337.2,PIX,Online,573.0,9
2591,2026-03-24,14:45,154,Bermuda Básica,Bermuda,Branca,P,3,240.69,108.31,613.76,PIX,Online,390.0,2
2592,2026-05-03,21:30,76,Jaqueta X,Jaqueta,Cinza,P,1,291.87,0.0,291.87,Dinheiro,Física,385.0,23
2593,2026-09-18,17:15,44,Acessório Esporte,Acessório,Preta,M,4,211.07,84.43,759.85,Cartão de Débito,Online,106.0,25
2594,2026-07-19,15:15,83,Bermuda Básica,Bermuda,Cinza,M,1,344.51,17.23,327.28,PIX,Física,521.0,4
2595,2026-04-05,12:45,3,Vestido Esporte,Vestido,Azul,GG,4,51.13,30.68,173.84,Cartão de Débito,Online,109.0,20
2596,2026-09-22,11:15,21,Bermuda Social,Bermuda,Branca,GG,2,301.4,60.28,542.52,Crediário,Online,66.0,5
2597,2026-09-12,20:15,94,Blusa X,Blusa,Azul,GG,3,310.47,93.14,838.27,Cartão de Débito,Online,541.0,22
2598,2026-08-05,20:00,174,Calça Slim,Calça,Cinza,M,2,34.1,3.41,64.79,PIX,Física,71.0,13
2599,2026-07-05,16:15,86,Blusa Social,Blusa,Azul,P,2,56.25,0.0,112.5,PIX,Física,289.0,15
2600,2026-08-29,13:30,97,Jaqueta Premium,Jaqueta,Rosa,GG,1,161.24,0.0,161.24,Cartão de Crédito,Online,44.0,21
2601,20/03/26,20:00,116,Blusa Premium,Blusa,Branca,G,4,68.25,27.3,245.7,Cartão de Débito,Online,61.0,5
2602,2026-08-29,14:45,155,Blusa X,Blusa,Rosa,GG,3,229.95,34.49,655.36,PIX,Física,463.0,8
2603,2026-05-31,11:15,16,Bermuda Esporte,Bermuda,Branca,M,1,242.53,0.0,242.53,Cartão de Crédito,Física,340.0,13
2604,2026-06-11,15:45,81,Calça Básica,Calça,Rosa,G,2,188.91,56.67,321.15,Dinheiro,Física,534.0,3
2605,2026-08-26,21:15,140,Jaqueta Básica,Jaqueta,Cinza,P,2,275.21,0.0,550.42,PIX,Online,165.0,9
2606,2026-07-17,10:30,13,Blusa Básica,Blusa,Verde,G,4,276.45,0.0,1105.8,PIX,Física,220.0,18
2607,2026-06-17,10:30,119,Calça Esporte,Calça,Branca,P,3,331.07,0.0,993.21,Cartão de Crédito,Online,78.0,20
2608,2026-05-17,10:15,59,Blusa Social,Blusa,Verde,M,1,202.64,0.0,202.64,PIX,Online,590.0,6
2609,2026-06-02,16:30,52,Vestido Básica,Vestido,Vermelha,G,2,334.95,0.0,669.9,PIX,Física,402.0,13
2610,2026-07-27,19:00,81,Calça Básica,Calça,Rosa,G,3,188.91,85.01,481.72,PIX,Física,331.0,11
2611,2026-08-13,10:45,146,Calça Premium,Calça,Branca,GG,4,343.66,137.46,1237.18,Dinheiro,Online,394.0,10
2612,2026-03-12,16:45,23,Calça Social,Calça,Preta,GG,2,181.44,0.0,362.88,Cartão de Débito,Online,266.0,21
2613,2026-09-17,15:00,46,Bermuda Social,Bermuda,Azul,P,3,46.54,20.94,118.68,Cartão de Débito,Física,165.0,5
2614,2026-07-22,19:45,21,Bermuda Social,Bermuda,Branca,GG,4,301.4,0.0,1205.6,Cartão de Crédito,Física,495.0,7
2615,2026-09-20,13:30,118,Bermuda Premium,Bermuda,Verde,G,2,289.27,86.78,491.76,Cartão de Crédito,Online,160.0,7
2616,2026-06-25,18:15,89,Acessório Premium,Acessório,Vermelha,GG,3,62.97,9.45,179.46,PIX,Física,58.0,1
2617,2026-09-07,15:00,111,Blusa Esporte,Blusa,Verde,M,2,279.57,0.0,559.14,Crediário,Online,582.0,16
2618,2026-05-07,11:45,93,Calça Slim,Calça,Azul,G,2,328.53,32.85,624.21,PIX,Física,414.0,3
2619,2026-03-28,15:15,54,Bermuda Social,Bermuda,Cinza,G,1,115.21,5.76,109.45,Cartão de Débito,Online,439.0,9
2620,2026-04-24,10:45,33,Camiseta Esporte,Camiseta,Verde,G,4,238.32,95.33,857.95,Dinheiro,Física,182.0,13
2621,2026-07-08,11:15,84,Blusa X,Blusa,Branca,M,3,91.15,13.67,259.78,Dinheiro,Online,69.0,22
2622,2026-04-23,10:45,134,Bermuda Básica,Bermuda,Rosa,GG,2,59.5,5.95,113.05,Cartão de Crédito,Física,589.0,9
2623,2026-08-16,14:45,142,Vestido Esporte,Vestido,Branca,GG,1,142.68,14.27,128.41,Cartão de Crédito,Física,464.0,19
2624,2026-06-29,16:15,36,Jaqueta X,Jaqueta,Rosa,GG,4,109.13,0.0,436.52,Cartão de Débito,Física,460.0,22
2625,2026-07-25,15:30,96,Camiseta Casual,Camiseta,Verde,P,3,307.93,46.19,877.6,Cartão de Crédito,Física,345.0,8
2626,2026-06-23,10:30,43,Bermuda Premium,Bermuda,Preta,GG,4,144.6,0.0,578.4,Cartão de Crédito,Online,527.0,14
2627,2026-05-28,14:30,120,Camiseta Básica,Camiseta,Rosa,G,1,304.19,0.0,304.19,Cartão de Débito,Física,181.0,12
2628,2026-07-16, 19:45,65,Jaqueta Casual,Jaqueta,Branca,G,2,232.93,23.29,442.57,Cartão de Débito,Online,216.0,20
2629,2026-09-29,12:45,3,Vestido Esporte,Vestido,Azul,GG,0,51.13,30.68,173.84,Cartão de Débito,Online,233.0,16
2630,2026-08-06,21:15,14,Bermuda Esporte,Bermuda,Verde,GG,2,113.16,11.32,215.0,Crediário,Física,199.0,15
2631,2026-03-08,09:15,158,Jaqueta Premium,Jaqueta,Rosa,GG,4,91.13,0.0,364.52,Cartão de Crédito,Online,383.0,11
2632,2026-08-26,10:15,170,Bermuda Premium,Bermuda,Vermelha,GG,2,234.75,23.48,446.02,Cartão de Débito,Online,268.0,7
2633,2026-07-07,19:15,39,Blusa X,Blusa,Vermelha,P,2,80.38,0.0,160.76,PIX,Física,345.0,17
2634,2026-07-04,13:00,70,Vestido Slim,Vestido,Verde,G,2,304.38,0.0,608.76,Cartão de Crédito,Online,282.0,9
2635,2026-06-15,14:30,57,Calça Casual,Calça,Verde,GG,1,86.79,0.0,86.79,Cartão de Débito,Física,11.0,6
2636,2026-06-22,14:45,104,Acessório Premium,Acessório,Rosa,M,2,240.9,24.09,457.71,Cartão de Débito,Física,511.0,20
2637,2026-07-05,09:00,173,Camiseta Esporte,Camiseta,Preta,P,4,183.66,0.0,734.64,Dinheiro,Online,232.0,25
2638,2026-04-07,18:30,141,Bermuda Slim,Bermuda,Vermelha,GG,2,162.9,0.0,325.8,PIX,Online,418.0,24
2639,2026-05-13,13:45,28,Bermuda Premium,Bermuda,Vermelha,GG,2,57.16,11.43,102.89,Dinheiro,Física,527.0,21
2640,2026-03-10,09:30,12,Blusa X,Blusa,Rosa,P,1,258.15,0.0,258.15,Cartão de Débito,Online,134.0,13
2641,2026-08-28,15:15,130,Bermuda Slim,Bermuda,Verde,G,3,139.82,62.92,356.54,Cartão de Débito,Online,518.0,3
2642,2026-04-29,11:00,70,Vestido Slim,Vestido,Verde,G,2,304.38,91.31,517.45,Dinheiro,Física,,12
2643,2026-03-29,11:15,28,Bermuda Premium,Bermuda,Vermelha,GG,4,57.16,34.3,194.34,Crediário,Online,294.0,6
2644,2026-03-19,15:15,174,Calça Slim,Calça,Cinza,M,1,34.1,5.12,28.98,PIX,Online,335.0,15
2645,2026-08-15,20:45,7,Acessório X,Acessório,Vermelha,GG,2,160.81,0.0,321.62,Cartão de Débito,Física,513.0,9
2646,2026-03-27,10:15,93,Calça Slim,Calça,Azul,G,4,328.53,0.0,1314.12,Crediário,Online,97.0,2
2647,2026-03-07,17:00,54,Bermuda Social,Bermuda,Cinza,G,1,115.21,0.0,115.21,Dinheiro,Física,223.0,20
2648,2026-04-17,13:15,178,Blusa Slim,Blusa,Rosa,G,3,281.67,84.5,760.51,cartao credito,Física,273.0,17
2649,2026-09-08,20:00,14,Bermuda Esporte,Bermuda,Verde,GG,4,113.16,22.63,430.01,Cartão de Crédito,Online,,15
2650,2026-06-16,15:30,169,Camiseta Premium,Camiseta,Branca,GG,4,137.47,54.99,494.89,Cartão de Crédito,Online,195.0,16
2651,2026-05-13,19:00,141,Bermuda Slim,Bermuda,Vermelha,GG,1,162.9,16.29,146.61,PIX,Online,600.0,23
2652,2026-03-22, 19:30 ,156,Calça Esporte,Calça,Cinza,P,3,179.11,53.73,483.6,Cartão de Débito,Online,520.0,16
2653,2026-08-03,10:30,65,Jaqueta Casual,Jaqueta,Branca,G,4,232.93,46.59,885.13,Dinheiro,Física,450.0,21
2654,2026-03-30,10:30,52,Vestido Básica,Vestido,Vermelha,G,2,334.95,33.49,636.41,Dinheiro,Online,303.0,7
2655,2026-03-07,13:45,18,Acessório Básica,Acessório,Azul,M,4,242.78,48.56,922.56,Cartão de Crédito,Física,531.0,3
2656,2026-08-18,14:15,167,Jaqueta Slim,Jaqueta,Branca,G,2,219.14,43.83,394.45,Crediário,Online,80.0,14
2657,2026-07-23,10:30,49,Calça Esporte,Calça,Preta,P,2,264.21,0.0,528.42,Crediário,Física,406.0,24
2658,2026-05-05,13:45,35,Blusa Premium,Blusa,Preta,P,1,314.35,0.0,314.35,PIX,Online,248.0,19
2659,2026-09-09,11:30,15,Bermuda Básica,Bermuda,Cinza,G,1,52.05,0.0,52.05,Cartão de Débito,Online,,14
2660,2026-08-03,11:45,153,Bermuda Social,Bermuda,Cinza,G,1,75.2,0.0,75.2,Cartão de Débito,Online,158.0,12
2661,2026-03-27,11:30,102,Vestido Premium,Vestido,Vermelha,GG,3,250.72,0.0,752.16,Cartão de Crédito,Física,207.0,20
2662,2026-08-07,14:00,90828,Vestido X,Vestido,Verde,M,4,38.61,0.0,154.44,Cartão de Crédito,Online,497.0,4
2663,2026-08-27,10:45,163,Blusa Esporte,Blusa,Rosa,GG,3,291.86,131.34,744.24,Cartão de Crédito,Física,15.0,9
2664,2026-04-12,09:00,28,Bermuda Premium,Bermuda,Vermelha,GG,4,57.16,11.43,217.21,Dinheiro,Física,506.0,6
2665,2026-03-11, 15:45 ,47,Blusa Esporte,Blusa,Vermelha,M,1,85.46,0.0,85.46,Cartão de Débito,Online,461.0,5
2666,2026-08-22,10:15,126,Calça Casual,Calça,Vermelha,G,1,275.71,13.79,261.92,Cartão de Débito,Online,347.0,15
2667,2026-03-09,16:00,86,Blusa Social,Blusa,Azul,P,1,56.25,0.0,56.25,PIX,Online,524.0,7
2668,13/03/26,12:30,58,Blusa X,Blusa,Branca,P,4,215.52,43.1,818.98,Dinheiro,Física,293.0,5
2669,2026-03-14,17:45,28,Bermuda Premium,Bermuda,Vermelha,GG,1,57.16,0.0,57.16,Cartão de Débito,Online,418.0,13
2670,2026-03-02,12:15,100,Calça Social,Calça,Preta,M,4,133.29,79.97,453.19,Cartão de Crédito,Online,476.0,17
2671,2026-04-29,16:15,176,Vestido Esporte,Vestido,Vermelha,M,2,227.13,0.0,454.26,Cartão de Débito,Física,459.0,15
2672,2026-04-07,18:30,43,Bermuda Premium,Bermuda,Preta,GG,2,144.6,28.92,260.28,Dinheiro,Física,298.0,14
2673,2026-09-20,13:15,66,Vestido Básica,Vestido,Preta,GG,4,195.93,117.56,666.16,PIX,Online,254.0,19
2674,2026-05-26,18:15,100,Calça Social,Calça,Preta,M,-2,133.29,6.66,126.63,Cartão de Débito,Física,301.0,24
2675,2026-07-07,10:45,82,Bermuda Social,Bermuda,Azul,M,3,325.21,0.0,975.63,PIX,Física,381.0,23
2676,2026-03-11,10:15,143,Bermuda Casual,Bermuda,Rosa,G,2,113.47,0.0,226.94,Cartão de Débito,Física,560.0,16
2677,29/09/26,13:15  ,43,Bermuda Premium,Bermuda,Preta,GG,4,144.6,0.0,578.4,Dinheiro,Física,51.0,11
2678,2026-04-10,18:00,118,Bermuda Premium,Bermuda,Verde,G,2,289.27,0.0,578.54,Cartão de Crédito,Online,44.0,6
2679,2026-03-26,16:00,136,Bermuda Slim,Bermuda,Verde,P,4,232.34,46.47,882.89,Cartão De Débito,Online,535.0,7
2680,2026-03-03,20:15,67,Vestido Premium,Vestido,Preta,G,1,60.66,3.03,57.63,Cartão de Crédito,Online,145.0,19
2681,2026-04-18,15:30,33,Camiseta Esporte,Camiseta,Verde,G,4,238.32,0.0,953.28,Dinheiro,Online,437.0,8
2682,2026-08-15,14:00,90,Jaqueta Social,Jaqueta,Rosa,M,3,340.94,51.14,971.68,Cartão de Crédito,Física,388.0,25
2683,2026-09-10,18:00,130,Bermuda Slim,Bermuda,Verde,G,1,139.82,164.13881454827475,118.85,PIX,Física,76.0,6
2684,2026-05-19,15:45,143,Bermuda Casual,Bermuda,Rosa,G,1,113.47,5.67,107.8,Cartão de Crédito,Online,233.0,10
2685,2026-07-28,17:00,27,Camiseta Casual,Camiseta,Vermelha,P,4,287.37,0.0,1149.48,Cartão de Crédito,Online,47.0,7
2686,2026-04-18,15:45,140,Jaqueta Básica,Jaqueta,Cinza,P,2,275.21,27.52,522.9,Dinheiro,Física,583.0,6
2687,2026-04-12,14:45,165,Calça Casual,Calça,Rosa,G,3,158.71,23.81,452.32,Dinheiro,Online,157.0,24
2688,2026-03-06,15:00,144,Blusa X,Blusa,Verde,G,2,297.99,29.8,566.18,Cartão de Débito,Física,122.0,15
2689,2026-07-26,19:15,73,Calça X,Calça,Azul,M,2,313.28,62.66,563.9,Cartão de Crédito,Física,97.0,23
2690,2026-06-08,20:00,49,Calça Esporte,Calça,Preta,P,3,264.21,79.26,713.37,Crediário,Física,321.0,21
2691,2026-09-03,17:00,86,Blusa Social,Blusa,Azul,P,1,56.25,0.0,56.25,Cartão de Crédito,Física,539.0,14
2692,2026-05-17,18:15,118,Bermuda Premium,Bermuda,Verde,G,4,289.27,173.56,983.52,Cartão de Débito,Física,375.0,24
2693,2026-08-24,21:00,93,Calça Slim,Calça,Azul,G,3,328.53,147.84,837.75,PIX,Física,,14
2694,2026-07-14,12:00,69,Camiseta Básica,Camiseta,Branca,M,1,71.3,3.56,"R$ 67,74",Cartão de Crédito,Física,85.0,11
2695,2026-03-07,09:45,29,Blusa Básica,Blusa,Azul,P,2,287.6,0.0,575.2,Cartão de Débito,Física,319.0,14
2696,2026-05-16,09:15,118,Bermuda Premium,Bermuda,Verde,G,2,289.27,0.0,578.54,Dinheiro,Física,294.0,23
2697,2026-07-21,20:15,154,Bermuda Básica,Bermuda,Branca,P,2,240.69,72.21,409.17,Cartão de Débito,Física,329.0,21
2698,2026-04-11,21:45,45,Jaqueta Social,Jaqueta,Preta,P,4,105.9,526.5147804660014,381.24,Crediário,Online,,25
2699,2026-03-30,11:00,108,Jaqueta X,Jaqueta,Azul,G,4,84.3,0.0,337.2,Cartão de Débito,Física,77.0,7
2700,2026-04-29,11:15,113,Jaqueta Premium,Jaqueta,Rosa,M,4,196.9,0.0,787.6,Cartão de Débito,Online,385.0,11
2701,2026-07-25, 18:30,109,Camiseta Esporte,Camiseta,Branca,GG,2,227.45,0.0,454.9,Cartão de Débito,Online,117.0,17
2702,2026-08-17,18:00,178,Blusa Slim,Blusa,Rosa,G,-2,281.67,0.0,281.67,Cartão de Débito,Online,335.0,12
2703,2026-03-28,19:45,19,Calça Casual,Calça,Rosa,P,3,165.92,24.89,"R$ 472,87",Dinheiro,Online,189.0,13
2704,2026-07-24,10:45,143,Bermuda Casual,Bermuda,Rosa,G,1,113.47,11.35,102.12,Cartão de Crédito,Online,301.0,20
2705,2026-09-01,15:00,19,Calça Casual,Calça,Rosa,P,1,165.92,8.3,157.62,Dinheiro,Física,251.0,24
2706,2026-04-26,11:15,50,Blusa Básica,Blusa,Azul,G,4,124.43,0.0,497.72,Cartão de Débito,Online,399.0,3
2707,2026-06-09,21:15,100,Calça Social,Calça,Preta,M,2,133.29,26.66,239.92,Cartão de Crédito,Física,118.0,16
2708,2026-05-19,16:15,65,Jaqueta Casual,Jaqueta,Branca,G,3,232.93,0.0,698.79,Cartão de Crédito,Online,142.0,2
2709,2026-08-02,11:30,176,Vestido Esporte,Vestido,Vermelha,M,2,227.13,68.14,386.12,Crediário,Física,310.0,3
2710,2026-05-06,17:00,105,Calça Premium,Calça,Vermelha,GG,2,53.58,0.0,107.16,Dinheiro,Física,553.0,21
2711,2026-05-08,18:30,70149,Camiseta Casual,Camiseta,Cinza,GG,3,216.84,0.0,650.52,PIX,Online,460.0,22
2712,2026-05-18,13:15,4,Acessório Básica,Acessório,Vermelha,G,4,81.82,32.73,294.55,PIX,Física,584.0,21
2713,2026-08-11,21:45,9,Acessório X,Acessório,Preta,M,3,51.84,7.78,147.74,Cartão de Crédito,Online,121.0,6
2714,2026-06-23,15:00,38,Acessório Esporte,Acessório,Rosa,P,2,113.5,34.05,192.95,Cartão de Débito,Online,84.0,3
2715,2026-08-31,13:45,4,Acessório Básica,Acessório,Vermelha,G,2,81.82,0.0,163.64,Cartão de Débito,Física,529.0,2
2716,2026-08-09,13:45,164,Blusa Premium,Blusa,Preta,G,3,175.34,726.4644444988094,526.02,Dinheiro,Online,67778.0,17
2717,2026-04-26,11:30,39,Blusa X,Blusa,Vermelha,P,4,80.38,0.0,321.52,Cartão de Débito,Online,451.0,19
2718,2026-07-16,11:15,87,Camiseta Casual,Camiseta,Cinza,P,3,273.14,0.0,819.42,Cartão de Débito,Online,9.0,22
2719,2026-09-01,11:15,110,Bermuda Slim,Bermuda,Vermelha,G,2,158.66,0.0,317.32,Dinheiro,Online,287.0,11
2720,2026-06-13,16:00,39,Blusa X,Blusa,Vermelha,P,2,80.38,16.08,144.68,Cartão de Crédito,Física,301.0,12
2721,16/09/26,16:45,6,Acessório Casual,Acessório,Rosa,GG,2,309.17,92.75,525.59,Dinheiro,Física,212.0,15
2722,2026-08-26,14:00  ,176,Vestido Esporte,Vestido,Vermelha,M,1,227.13,11.36,215.77,PIX,Online,60.0,19
2723,2026-05-07,10:15,49,Calça Esporte,Calça,Preta,P,1,264.21,0.0,"R$ 264,21",Dinheiro,Física,,4
2724,2026-04-13,20:45,175,Jaqueta Slim,Jaqueta,Branca,P,3,111.44,0.0,334.32,Cartão de Crédito,Física,480.0,15
2725,2026-09-12,14:45,48,Camiseta Básica,Camiseta,Cinza,GG,4,63.03,12.61,239.51,Cartão de Débito,Física,94157.0,5
2726,2026-06-11,11:30,16,Bermuda Esporte,Bermuda,Branca,M,1,242.53,0.0,242.53,Cartão de Débito,Online,571.0,21
2727,2026-04-05,21:00,172,Camiseta Premium,Camiseta,Rosa,G,3,289.13,0.0,867.39,Cartão de Crédito,Online,11.0,2
2728,2026-07-20,21:00,79,Vestido Slim,Vestido,Verde,GG,1,29.96,1.5,28.46,Dinheiro,Online,327.0,17
2729,2026-06-03,18:30,67,Vestido Premium,Vestido,Preta,G,1,60.66,0.0,60.66,Crediário,Online,56.0,1
2730,2026-06-14,10:15,152,Jaqueta Premium,Jaqueta,Verde,M,3,208.59,31.29,594.48,PIX,Online,367.0,13
2731,2026-05-19,21:30,50,Blusa Básica,Blusa,Azul,G,1,124.43,12.44,111.99,Cartão de Débito,Física,216.0,17
2732,2026-06-30,18:30,165,Calça Casual,Calça,Rosa,G,4,158.71,31.74,603.1,Cartão de Débito,Online,382.0,14
2733,2026-07-23,13:30,37,Acessório Premium,Acessório,Rosa,G,1,281.93,0.0,281.93,Cartão de Débito,Física,51.0,17
2734,2026-06-06,19:00,131,Jaqueta X,Jaqueta,Azul,P,2,192.39,38.48,346.3,Dinheiro,Online,530.0,23
2735,2026-06-20,13:00,101,Jaqueta Casual,Jaqueta,Verde,M,1,263.03,39.45,223.58,PIX,Online,551.0,16
2736,2026-09-25, 15:30,97,Jaqueta Premium,Jaqueta,Rosa,GG,4,161.24,96.74,548.22,Cartão de Crédito,Online,397.0,17
2737,2026-05-01,18:00,105,Calça Premium,Calça,Vermelha,GG,3,53.58,24.11,136.63,Cartão de Crédito,Online,133.0,15
2738,2026-06-27,10:45,7,Acessório X,Acessório,Vermelha,GG,2,160.81,32.16,289.46,Cartão de Débito,Online,512.0,19
2739,2026-09-22,15:00,60,Blusa Premium,Blusa,Azul,GG,2,177.54,53.26,301.82,Cartão de Débito,Online,,3
2740,2026-03-08,17:30,155,Blusa X,Blusa,Rosa,GG,2,229.95,0.0,459.9,Cartão de Débito,Física,343.0,6
2741,2026-05-16,14:45,15,Bermuda Básica,Bermuda,Cinza,G,3,52.05,0.0,156.15,Cartão de Crédito,Física,53.0,9
2742,2026-05-15,11:30,71,Acessório Premium,Acessório,Rosa,GG,4,227.52,0.0,910.08,Cartão de Crédito,Online,363.0,5
2743,2026-09-26,12:30,13,Blusa Básica,Blusa,Verde,G,3,276.45,0.0,829.35,Cartão de Débito,Online,353.0,13
2744,2026-05-27,19:30,20,Blusa Básica,Blusa,Branca,M,4,212.5,127.5,722.5,PIX,Online,373.0,9
2745,2026-04-07,18:30,166,Blusa Casual,Blusa,Cinza,P,2,25.41,0.0,50.82,Cartão de Crédito,Física,215.0,13
2746,2026-04-04,16:30,138,Jaqueta Social,Jaqueta,Branca,P,1,257.25,38.59,218.66,Dinheiro,Física,87.0,20
2747,2026-08-22,21:15,148,Vestido Slim,Vestido,Rosa,G,4,213.53,42.71,811.41,PIX,Online,473.0,21
2748,2026-05-19,14:45,123,Camiseta Básica,Camiseta,Preta,P,3,195.44,0.0,586.32,Dinheiro,Física,497.0,18
2749,2026-05-01,12:00,102,Vestido Premium,Vestido,Vermelha,GG,2,250.72,0.0,501.44,Cartão de Débito,Online,211.0,23
2750,27/03/2026,10:30,61,Blusa Social,Blusa,Preta,P,3,336.13,0.0,1008.39,PIX,Online,316.0,9
2751,2026-04-16,15:30,81,Calça Básica,Calça,Rosa,G,3,188.91,0.0,566.73,Cartão de Débito,Física,222.0,17
2752,2026-07-30, 17:00,73,Calça X,Calça,Azul,M,-2,313.28,0.0,"939,84",PIX,Online,378.0,4
2753,2026-05-11,13:00,42,Calça Casual,Calça,Verde,G,2,245.94,73.78,418.1,Crediário,Física,511.0,23
2754,2026-03-31,16:00,18,Acessório Básica,Acessório,Azul,M,2,242.78,0.0,485.56,Cartão de Crédito,Física,59188.0,17
2755,2026-04-01,21:30,50,Blusa Básica,Blusa,Azul,G,-2,124.43,0.0,373.29,cartão de crédito,Física,176.0,7
2756,2026-03-26,19:15,32,Acessório Social,Acessório,Azul,G,2,324.96,0.0,649.92,Cartão de Crédito,Física,,25
2757,2026-03-12, 18:30,90,Jaqueta Social,Jaqueta,Rosa,M,4,340.94,0.0,1363.76,Crediário,Online,66.0,4
2758,2026-07-21,09:00,121,Acessório Básica,Acessório,Vermelha,GG,4,127.53,25.51,484.61,Cartão de Débito,Online,124.0,22
2759,2026-04-25,17:45,159,Calça Social,Calça,Verde,G,3,166.81,0.0,500.43,PIX,Física,442.0,23
2760,2026-04-21,16:00,173,Camiseta Esporte,Camiseta,Preta,P,1,183.66,0.0,183.66,PIX,Online,564.0,13
2761,2026-08-07,14:30,113,Jaqueta Premium,Jaqueta,Rosa,M,4,196.9,39.38,748.22,Cartão de Crédito,Física,99.0,4
2762,2026-03-30,18:30,18,Acessório Básica,Acessório,Azul,M,4,242.78,0.0,971.12,Cartão de Crédito,Online,112.0,3
2763,2026-05-02,11:45,2,Calça Casual,Calça,Verde,M,2,308.53,92.56,524.5,Cartão de Crédito,Online,100.0,2
2764,2026-04-20,09:15,168,Camiseta Slim,Camiseta,Preta,GG,4,50.13,0.0,200.52,Cartão de Débito,Física,212.0,19
2765,2026-05-29,18:15,107,Bermuda Slim,Bermuda,Rosa,M,1,304.94,0.0,304.94,Cartão de Crédito,Física,100.0,11
2766,2026-09-22,17:15,15,Bermuda Básica,Bermuda,Cinza,G,2,52.05,10.41,93.69,Cartão de Débito,Online,362.0,23
2767,2026-05-30,19:15,35,Blusa Premium,Blusa,Preta,P,4,314.35,188.61,1068.79,Cartão de Débito,Online,378.0,9
2768,2026-05-02,14:30,115,Vestido Básica,Vestido,Vermelha,GG,1,108.11,10.81,97.3,Cartão de Crédito,Online,85.0,9
2769,2026-08-29,17:45,68,Acessório Casual,Acessório,Branca,P,2,212.83,0.0,425.66,cartão de débito,Online,,10
2770,2026-09-14,20:00,84,Blusa X,Blusa,Branca,M,2,91.15,27.35,154.95,Dinheiro,Física,41.0,15
2771,2026-05-09,12:00,93,Calça Slim,Calça,Azul,G,4,328.53,197.12,1117.0,Cartão de Débito,Online,167.0,18
2772,2026-08-10,14:30,103,Acessório Esporte,Acessório,Verde,M,1,142.1,7.1,135.0,Dinheiro,Física,569.0,10
2773,2026-06-29, 19:00 ,13,Blusa Básica,Blusa,Verde,G,2,276.45,82.93,469.97,Cartão de Crédito,Física,569.0,25
2774,2026-03-17,20:00  ,134,Bermuda Básica,Bermuda,Rosa,GG,1,59.5,2.98,56.52,Cartão de Débito,Física,174.0,22
2775,2026-08-15,12:30,172,Camiseta Premium,Camiseta,Rosa,G,1,289.13,14.46,274.67,Crediário,Online,389.0,5
2776,2026-06-13,11:00,8,Bermuda Básica,Bermuda,Rosa,P,2,301.95,60.39,543.51,Cartão de Débito,Online,487.0,24
2777,2026-06-19,11:45,19,Calça Casual,Calça,Rosa,P,1,165.92,8.3,157.62,Dinheiro,Online,591.0,11
2778,2026-08-01,19:15,48,Camiseta Básica,Camiseta,Cinza,GG,3,63.03,0.0,189.09,Cartão de Crédito,Online,562.0,4
2779,2026-05-09,12:00,98,Acessório Básica,Acessório,Branca,G,1,254.79,0.0,254.79,Crediário,Online,103.0,6
2780,2026-03-09,20:15,23,Calça Social,Calça,Preta,GG,3,181.44,81.65,462.67,Dinheiro,Online,314.0,25
2781,2026-06-10,15:00,169,Camiseta Premium,Camiseta,Branca,GG,1,137.47,0.0,137.47,PIX,Online,103.0,1
2782,2026-06-27,16:15,172,Camiseta Premium,Camiseta,Rosa,G,1,289.13,14.46,274.67,PIX,Física,311.0,10
2783,2026-08-04,15:30,132,Acessório Esporte,Acessório,Rosa,P,2,45.67,4.57,86.77,PIX,Física,223.0,18
2784,2026-04-30,13:15,174,Calça Slim,Calça,Cinza,M,3,34.1,0.0,102.3,Cartão de Crédito,Física,244.0,23
2785,2026-08-01,16:15,94,Blusa X,Blusa,Azul,GG,3,310.47,0.0,931.41,PIX,Física,136.0,21
2786,2026-08-09,16:15,153,Bermuda Social,Bermuda,Cinza,G,3,75.2,11.28,214.32,Cartão de Crédito,Online,88.0,24
2787,2026-03-05,19:45,44107,Bermuda Slim,Bermuda,Verde,P,4,232.34,0.0,929.36,Cartão de Crédito,Online,443.0,7
2788,2026-04-21,13:00,50,Blusa Básica,Blusa,Azul,G,2,124.43,37.33,211.53,Cartão de Débito,Física,233.0,21
2789,28/04/2026,21:00,72,Camiseta Casual,Camiseta,Rosa,P,3,280.68,0.0,842.04,Cartão de Débito,Física,475.0,15
2790,2026-04-10,14:45,159,Calça Social,Calça,Verde,G,2,166.81,16.68,316.94,PIX,Online,79.0,1
2791,2026-09-05,12:30,29,Blusa Básica,Blusa,Azul,P,2,287.6,0.0,575.2,PIX,Física,420.0,7
2792,2026-09-01,10:45,31,Vestido Social,Vestido,Azul,GG,1,28.24,4.24,24.0,Cartão de Débito,Física,236.0,10
2793,2026-05-12,18:45,157,Bermuda Básica,Bermuda,Azul,P,4,35.03,14.01,126.11,Dinheiro,Física,117.0,11
2794,2026-07-01,09:45,175,Jaqueta Slim,Jaqueta,Branca,P,2,111.44,0.0,222.88,Cartão de Débito,Física,290.0,25
2795,2026-05-18,14:15,137,Jaqueta Básica,Jaqueta,Cinza,GG,1,124.46,12.45,112.01,Cartão de Crédito,Online,369.0,5
2796,2026-06-06,13:30,7,Acessório X,Acessório,Vermelha,GG,3,160.81,0.0,482.43,Cartão de Débito,Física,140.0,2
2797,2026-06-05,20:45,55,Vestido Premium,Vestido,Branca,M,2,126.12,0.0,252.24,PIX,Física,591.0,18
2798,2026-03-15,10:15,68,Acessório Casual,Acessório,Branca,P,1,212.83,31.92,180.91,Cartão De Crédito,Física,381.0,3
2799,2026-03-16,19:00,70,Vestido Slim,Vestido,Verde,G,2,304.38,91.31,517.45,Cartão de Crédito,Online,321.0,22
2800,2026-03-28,19:30,149,Vestido Básica,Vestido,Cinza,GG,3,67.2,0.0,201.6,Cartão de Crédito,Online,51.0,20
2801,2026-05-19,18:30,61,Blusa Social,Blusa,Preta,P,1,336.13,0.0,336.13,Cartão de Crédito,Online,49.0,10
2802,2026-05-07,14:30,80,Camiseta Básica,Camiseta,Cinza,M,2,179.41,17.94,340.88,Cartão de Crédito,Online,329.0,4
2803,2026-07-20,17:15,154,Bermuda Básica,Bermuda,Branca,P,1,240.69,36.1,204.59,Cartão de Crédito,Online,20.0,2
2804,2026-09-12,10:45,80,Camiseta Básica,Camiseta,Cinza,M,1,179.41,8.97,170.44,Cartão de Débito,Física,576.0,6
2805,2026-07-29,19:30,167,Jaqueta Slim,Jaqueta,Branca,G,3,219.14,32.87,624.55,Dinheiro,Física,392.0,3
2806,2026-04-14,15:45,2,Calça Casual,Calça,Verde,M,3,308.53,46.28,879.31,Crediário,Física,386.0,1
2807,2026-07-04,14:00,32,Acessório Social,Acessório,Azul,G,1,324.96,0.0,324.96,Cartão de Crédito,Física,174.0,8
2808,2026-07-04,20:45,171,Blusa Casual,Blusa,Verde,M,3,139.15,41.74,375.71,Cartão de Crédito,Física,1.0,19
2809,2026-08-09,13:30,142,Vestido Esporte,Vestido,Branca,GG,2,142.68,14.27,271.09,PIX,Online,40.0,22
2810,2026-09-06,13:45,41,Vestido X,Vestido,Verde,M,3,38.61,5.79,110.04,Cartão de Crédito,Física,493.0,3
2811,2026-08-05,16:15,19,Calça Casual,Calça,Rosa,P,4,165.92,0.0,663.68,Cartão de Débito,Online,135.0,24
2812,2026-07-08,11:30,167,Jaqueta Slim,Jaqueta,Branca,G,2,219.14,43.83,394.45,PIX,Online,443.0,15
2813,2026-03-17,17:45,93,Calça Slim,Calça,Azul,G,1,328.53,0.0,328.53,Crediário,Online,539.0,19
2814,2026-07-04,12:15,68,Acessório Casual,Acessório,Branca,P,4,212.83,0.0,851.32,PIX,Online,261.0,2
2815,2026-03-15, 21:45,133,Jaqueta Social,Jaqueta,Branca,P,1,168.42,8.42,160.0,Crediário,Online,93.0,11
2816,2026-06-23,20:00,90,Jaqueta Social,Jaqueta,Rosa,M,3,340.94,0.0,1022.82,Dinheiro,Física,459.0,20
2817,2026-04-22,19:30,16,Bermuda Esporte,Bermuda,Branca,M,2,242.53,0.0,485.06,Crediário,Física,457.0,24
2818,2026-05-31,12:15,8,Bermuda Básica,Bermuda,Rosa,P,3,301.95,0.0,905.85,Cartão de Crédito,Física,58.0,8
2819,2026-06-19,15:30,14,Bermuda Esporte,Bermuda,Verde,GG,1,113.16,11.32,101.84,Cartão de Débito,Online,185.0,11
2820,2026-07-31,16:45,163,Blusa Esporte,Blusa,Rosa,GG,-2,291.86,87.56,788.02,PIX,Online,202.0,23
2821,2026-06-30,18:30,64,Blusa Slim,Blusa,Cinza,G,3,307.95,0.0,923.85,Dinheiro,Online,49.0,8
2822,2026-06-11,16:45,87,Camiseta Casual,Camiseta,Cinza,P,1,273.14,27.31,245.83,Crediário,Online,251.0,7
2823,2026-04-23,20:45,76,Jaqueta X,Jaqueta,Cinza,P,1,291.87,14.59,277.28,Cartão de Débito,Online,112.0,17
2824,2026-03-16,20:15,30,Vestido Esporte,Vestido,Vermelha,G,1,244.92,36.74,208.18,Cartão de Débito,Online,164.0,24
2825,20-04-2026,16:45,134,Bermuda Básica,Bermuda,Rosa,GG,2,59.5,0.0,119.0,Dinheiro,Online,318.0,24
2826,2026-05-16,18:15,119,Calça Esporte,Calça,Branca,P,2,331.07,66.21,595.93,Cartão de Crédito,Online,310.0,1
2827,2026-04-05,11:30,12,Blusa X,Blusa,Rosa,P,3,258.15,38.72,735.73,PIX,Online,378.0,7
2828,2026-05-01,16:45,52,Vestido Básica,Vestido,Vermelha,G,2,334.95,0.0,669.9,Cartão de Débito,Online,26.0,20
2829,2026-03-03,21:00,37,Acessório Premium,Acessório,Rosa,G,1,281.93,0.0,281.93,Dinheiro,Física,121.0,1
2830,2026-08-14,18:00,162,Acessório Esporte,Acessório,Preta,P,3,314.53,0.0,943.59,Cartão de Débito,Online,576.0,23
2831,2026-05-28,14:45,69470,Bermuda X,Bermuda,Rosa,G,1,55.13,0.0,55.13,Crediário,Online,134.0,21
2832,01/03/26,09:00,154,Bermuda Básica,Bermuda,Branca,P,1,240.69,36.1,204.59,Cartão de Crédito,Online,551.0,10
2833,2026-08-10,19:30,95,Bermuda X,Bermuda,Cinza,G,2,275.07,0.0,550.14,Crediário,Física,456.0,23
2834,2026-04-07,16:30,57,Calça Casual,Calça,Verde,GG,2,86.79,0.0,173.58,Cartão de Crédito,Física,426.0,5
2835,2026-09-10,18:15,3,Vestido Esporte,Vestido,Azul,GG,4,51.13,0.0,204.52,Cartão de Débito,Física,268.0,8
2836,2026-05-22,20:45,180,Acessório X,Acessório,Verde,GG,2,108.79,0.0,"217,58",Cartão de Crédito,Online,324.0,22
2837,2026-04-28,13:15,70,Vestido Slim,Vestido,Verde,G,4,304.38,0.0,1217.52,Cartão de Crédito,Física,233.0,19
2838,2026-08-03,17:15,144,Blusa X,Blusa,Verde,G,3,297.99,0.0,893.97,Cartão de Débito,Física,493.0,9
2839,2026-03-03,18:15,93,Calça Slim,Calça,Azul,G,4,328.53,0.0,1314.12,Cartão de Crédito,Física,42.0,2
2840,2026-09-23,19:15,100,Calça Social,Calça,Preta,M,3,133.29,0.0,399.87,Cartão de Débito,Física,395.0,7
2841,2026-04-04,10:00,129,Acessório X,Acessório,Branca,M,2,84.81,0.0,169.62,Cartão de Débito,Física,539.0,3
2842,2026-03-01,21:30,95,Bermuda X,Bermuda,Cinza,G,4,275.07,110.03,990.25,Cartão de Débito,Online,84012.0,4
2843,2026-07-08,21:45,21,Bermuda Social,Bermuda,Branca,GG,1,301.4,15.07,286.33,Cartão de Crédito,Online,153.0,2
2844,2026-04-23,14:30,169,Camiseta Premium,Camiseta,Branca,GG,2,137.47,27.49,247.45,Cartão de Débito,Física,354.0,6
2845,2026-08-29,12:00,172,Camiseta Premium,Camiseta,Rosa,G,1,289.13,0.0,289.13,Dinheiro,Online,408.0,22
2846,2026-04-25,13:00,108,Jaqueta X,Jaqueta,Azul,G,4,84.3,0.0,337.2,Cartão de Débito,Física,389.0,12
2847,2026-07-30,17:30,23,Calça Social,Calça,Preta,GG,2,181.44,0.0,"362,88",Cartão de Crédito,Online,495.0,2
2848,2026-06-20,20:45,81,Calça Básica,Calça,Rosa,G,1,188.91,0.0,188.91,Cartão de Crédito,Física,358.0,9
2849,2026-09-12,11:15,178,Blusa Slim,Blusa,Rosa,G,1,281.67,28.17,253.5,Dinheiro,Online,295.0,16
2850,2026-05-08,10:15,100,Calça Social,Calça,Preta,M,4,133.29,26.66,506.5,Cartão de Crédito,Física,91.0,2
2851,2026-07-23,19:15,156,Calça Esporte,Calça,Cinza,P,2,179.11,0.0,358.22,Cartão De Débito,Física,67.0,21
2852,2026-04-26,10:30,22,Bermuda Social,Bermuda,Vermelha,GG,4,213.75,0.0,855.0,PIX,Física,582.0,9
2853,2026-07-02,20:45,21,Bermuda Social,Bermuda,Branca,GG,2,301.4,0.0,602.8,Crediário,Online,570.0,17
2854,2026-04-09,12:00,101,Jaqueta Casual,Jaqueta,Verde,M,2,263.03,0.0,526.06,Cartão de Crédito,Online,348.0,18
2855,2026-05-29,21:00,126,Calça Casual,Calça,Vermelha,G,4,275.71,110.28,992.56,Dinheiro,Física,15.0,11
2856,2026-09-03,16:30,179,Calça Social,Calça,Cinza,P,3,214.89,0.0,644.67,PIX,Online,482.0,6
2857,2026-09-18,20:45,144,Blusa X,Blusa,Verde,G,2,297.99,89.4,506.58,Cartão de Débito,Online,266.0,23
2858,2026-03-01,17:15,30,Vestido Esporte,Vestido,Vermelha,G,2,244.92,0.0,489.84,Cartão de Crédito,Online,471.0,13
2859,2026-06-17,16:15,147,Calça Premium,Calça,Preta,P,2,176.07,0.0,"352,14",Dinheiro,Online,469.0,7
2860,2026-07-10,17:30,18,Acessório Básica,Acessório,Azul,M,3,242.78,109.25,619.09,Dinheiro,Online,271.0,17
2861,2026-04-14,15:00,122,Calça Social,Calça,Azul,M,4,77.6,0.0,310.4,Cartão de Crédito,Online,152.0,25
2862,2026-05-28,10:30,175,Jaqueta Slim,Jaqueta,Branca,P,4,111.44,0.0,445.76,Cartão de Crédito,Online,82.0,25
2863,2026-08-02,16:00,26,Jaqueta Esporte,Jaqueta,Verde,P,2,204.58,40.92,368.24,Cartão de Crédito,Física,568.0,13
2864,2026-06-12,16:45,145,Bermuda Casual,Bermuda,Azul,GG,2,159.63,15.96,303.3,PIX,Online,63.0,22
2865,2026-03-28,14:15,91,Acessório Casual,Acessório,Rosa,M,4,274.86,0.0,1099.44,Cartão de Débito,Online,528.0,16
2866,2026-08-08,16:00,144,Blusa X,Blusa,Verde,G,4,297.99,178.79,1013.17,PIX,Online,491.0,4
2867,2026-08-19,13:15,70,Vestido Slim,Vestido,Verde,G,1,304.38,15.22,289.16,Cartão de Crédito,Online,349.0,18
2868,2026-08-07,14:15,104,Acessório Premium,Acessório,Rosa,M,2,240.9,72.27,409.53,PIX,Online,237.0,13
2869,2026-04-03,21:30,148,Vestido Slim,Vestido,Rosa,G,2,213.53,0.0,427.06,PIX,Online,192.0,16
2870,2026-06-25,13:15,108,Jaqueta X,Jaqueta,Azul,G,-2,84.3,0.0,337.2,Cartão de Débito,Online,189.0,3
2871,2026-08-15,15:15,37,Acessório Premium,Acessório,Rosa,G,3,281.93,42.29,"R$ 803,50",Crediário,Online,211.0,15
2872,2026-09-13,20:15,24,Blusa Esporte,Blusa,Preta,M,4,315.76,0.0,1263.04,Dinheiro,Online,5.0,10
2873,2026-05-14,15:15,147,Calça Premium,Calça,Preta,P,3,176.07,0.0,528.21,Cartão de Crédito,Online,83.0,11
2874,2026-08-10,19:00,2,Calça Casual,Calça,Verde,M,4,308.53,0.0,1234.12,PIX,Online,10.0,3
2875,2026-05-31,15:00,140,Jaqueta Básica,Jaqueta,Cinza,P,4,275.21,55.04,1045.8,Dinheiro,Física,564.0,25
2876,2026-04-07, 20:15,42,Calça Casual,Calça,Verde,G,1,245.94,0.0,245.94,Cartão de Débito,Online,410.0,1
2877,2026-09-14,12:45,9,Acessório X,Acessório,Preta,M,3,51.84,15.55,139.97,Cartão de Débito,Online,576.0,4
2878,2026-04-21,11:30,39,Blusa X,Blusa,Vermelha,P,1,80.38,0.0,"80,38",Cartão de Crédito,Online,134.0,10
2879,2026-07-10,17:45,63,Bermuda Social,Bermuda,Azul,M,1,250.51,37.58,212.93,dinheiro,Online,91.0,7
2880,2026-08-05,14:45,129,Acessório X,Acessório,Branca,M,2,84.81,25.44,144.18,Crediário,Online,194.0,19
2881,2026-08-11,09:15,135,Bermuda Básica,Bermuda,Cinza,M,3,74.1,33.34,188.96,PIX,Física,238.0,13
2882,2026-06-18,12:30,85,Calça X,Calça,Cinza,G,4,287.08,57.42,1090.9,PIX,Online,,13
2883,2026-07-12,11:45,162,Acessório Esporte,Acessório,Preta,P,3,314.53,0.0,943.59,Cartão de Crédito,Física,551.0,12
2884,2026-03-14,09:45,176,Vestido Esporte,Vestido,Vermelha,M,4,227.13,0.0,908.52,Dinheiro,Online,89.0,7
2885,2026-08-11,13:00,106,Blusa Premium,Blusa,Azul,P,4,204.85,81.94,737.46,PIX,Física,365.0,19
2886,2026-06-09,09:45,165,Calça Casual,Calça,Rosa,G,3,158.71,71.42,404.71,Cartão de Débito,Física,351.0,11
2887,2026-08-16,09:45,93,Calça Slim,Calça,Azul,G,4,328.53,65.71,1248.41,PIX,Física,217.0,14
2888,2026-06-10,13:15,153,Bermuda Social,Bermuda,Cinza,G,3,75.2,0.0,225.6,PIX,Física,508.0,20
2889,2026-05-22,14:15,148,Vestido Slim,Vestido,Rosa,G,4,213.53,0.0,854.12,Crediário,Online,501.0,24
2890,2026-08-12,11:45,68582,Acessório X,Acessório,Verde,G,3,38.26,5.74,109.04,Cartão de Crédito,Física,496.0,21
2891,2026-06-15,15:15,89,Acessório Premium,Acessório,Vermelha,GG,2,62.97,18.89,107.05,Cartão de Crédito,Online,279.0,23
2892,2026-05-30,12:15,14888,Camiseta Slim,Camiseta,Vermelha,G,3,63.08,28.39,160.85,crediário,Online,277.0,23
2893,2026-09-16,13:30,123,Camiseta Básica,Camiseta,Preta,P,3,195.44,0.0,586.32,Cartão de Crédito,Online,372.0,24
2894,2026-05-31,20:15,57,Calça Casual,Calça,Verde,GG,3,86.79,13.02,247.35,Cartão de Crédito,Física,88.0,23
2895,2026-08-06,13:15,111,Blusa Esporte,Blusa,Verde,M,4,279.57,167.74,950.54,Cartão de Débito,Física,52.0,20
2896,2026-06-18,20:45,76,Jaqueta X,Jaqueta,Cinza,P,3,291.87,131.34,"R$ 744,27",Dinheiro,Física,100.0,5
2897,2026-05-20,18:45,63,Bermuda Social,Bermuda,Azul,M,4,250.51,0.0,1002.04,Dinheiro,Online,291.0,14
2898,2026-04-22,11:15,133,Jaqueta Social,Jaqueta,Branca,P,2,168.42,0.0,336.84,Cartão de Crédito,Online,12.0,24
2899,2026-09-04,17:30,51,Blusa Premium,Blusa,Branca,P,4,122.21,0.0,488.84,Cartão de Crédito,Online,426.0,20
2900,2026-04-03,10:30,104,Acessório Premium,Acessório,Rosa,M,3,240.9,0.0,722.7,Cartão de Crédito,Física,192.0,15
2901,2026-06-02,21:15,132,Acessório Esporte,Acessório,Rosa,P,3,45.67,0.0,137.01,Crediário,Online,398.0,7
2902,2026-03-19,09:45,46,Bermuda Social,Bermuda,Azul,P,1,46.54,2.33,44.21,PIX,Online,389.0,1
2903,2026-09-21,16:00,104,Acessório Premium,Acessório,Rosa,M,2,240.9,598.8546299067976,433.62,Cartão de Débito,Online,460.0,9
2904,2026-08-10,15:45,2,Calça Casual,Calça,Verde,M,4,308.53,61.71,1172.41,PIX,Física,153.0,21
2905,2026-07-20,21:15,99,Camiseta Slim,Camiseta,Rosa,G,3,178.5,0.0,535.5,Cartão de Crédito,Online,111.0,15
2906,2026-03-25,14:30,47,Blusa Esporte,Blusa,Vermelha,M,4,85.46,34.18,307.66,Dinheiro,Física,351.0,7
2907,2026-06-02,14:00,172,Camiseta Premium,Camiseta,Rosa,G,3,289.13,0.0,867.39,Cartão de Débito,Online,328.0,20
2908,2026-07-31,19:30,59,Blusa Social,Blusa,Verde,M,3,202.64,0.0,607.92,Cartão de Crédito,Física,,19
2909,2026-09-20,14:15,38,Acessório Esporte,Acessório,Rosa,P,4,113.5,0.0,454.0,Cartão de Crédito,Online,74.0,15
2910,2026-08-29,10:45,76,Jaqueta X,Jaqueta,Cinza,P,4,291.87,116.75,1050.73,Cartão de Débito,Online,415.0,20
2911,2026-04-13,16:30,141,Bermuda Slim,Bermuda,Vermelha,GG,2,162.9,32.58,293.22,PIX,Online,80.0,21
2912,2026-05-25,21:15,104,Acessório Premium,Acessório,Rosa,M,1,240.9,24.09,216.81,CARTÃO DE DÉBITO,Online,108.0,18
2913,09/04/26,18:00,18,Acessório Básica,Acessório,Azul,M,2,242.78,0.0,"R$ 485,56",Cartão de Crédito,Online,58.0,18
2914,2026-07-13,12:45,75,Bermuda Premium,Bermuda,Cinza,G,3,129.65,38.9,350.05,Crediário,Online,151.0,16
2915,2026-05-22,20:45,70,Vestido Slim,Vestido,Verde,G,2,304.38,60.88,547.88,Cartão de Crédito,Online,142.0,6
2916,2026-08-10,10:45,1,Blusa Premium,Blusa,Cinza,G,4,318.6,127.44,1146.96,Cartão de Crédito,Online,109.0,12
2917,2026-09-20,15:15,139,Jaqueta X,Jaqueta,Preta,M,1,172.53,0.0,172.53,Crediário,Física,342.0,20
2918,2026-03-04,21:15,140,Jaqueta Básica,Jaqueta,Cinza,P,1,275.21,0.0,275.21,Cartão de Crédito,Física,4.0,3
2919,2026-05-05,14:00,90,Jaqueta Social,Jaqueta,Rosa,M,4,340.94,204.56,1159.2,Cartão de Débito,Física,410.0,13
2920,2026-09-24,13:45,123,Camiseta Básica,Camiseta,Preta,P,4,195.44,117.26,664.5,cartão de débito,Física,535.0,4
2921,2026-04-11, 10:30,51,Blusa Premium,Blusa,Branca,P,1,122.21,12.22,109.99,Cartão de Débito,Online,479.0,5
2922,2026-08-22,12:45,164,Blusa Premium,Blusa,Preta,G,4,175.34,0.0,701.36,Cartão de Débito,Online,190.0,4
2923,2026-04-11,19:30,73,Calça X,Calça,Azul,M,4,313.28,62.66,"R$ 1.190,46",Cartão de Débito,Física,227.0,16
2924,2026-04-09,15:15,6,Acessório Casual,Acessório,Rosa,GG,1,309.17,0.0,309.17,Cartão de Crédito,Física,543.0,25
2925,2026-09-03,17:45,61,Blusa Social,Blusa,Preta,P,2,336.13,33.61,638.65,Cartão de Crédito,Física,74.0,19
2926,27-05-2026,20:30,106,Blusa Premium,Blusa,Azul,P,2,204.85,61.46,348.24,Dinheiro,Física,263.0,13
2927,2026-06-16,15:15,39,Blusa X,Blusa,Vermelha,P,1,80.38,0.0,80.38,Cartão de Crédito,Online,403.0,12
2928,2026-07-12,17:45,175,Jaqueta Slim,Jaqueta,Branca,P,3,111.44,16.72,317.6,Cartão de Crédito,Física,312.0,21
2929,2026-09-08, 16:30,34,Blusa Casual,Blusa,Preta,GG,4,206.43,41.29,784.43,Crediário,Física,253.0,12
2930,2026-06-28,18:30,103,Acessório Esporte,Acessório,Verde,M,1,142.1,7.1,135.0,PIX,Online,41.0,6
2931,2026-03-05,21:15,17,Acessório Slim,Acessório,Azul,M,1,102.24,15.34,86.9,Cartão de Crédito,Online,83.0,14
2932,2026-09-05,14:15,145,Bermuda Casual,Bermuda,Azul,GG,4,159.63,63.85,574.67,PIX,Online,141.0,11
2933,2026-03-25,18:30,56,Camiseta Social,Camiseta,Verde,M,2,252.29,75.69,428.89,Cartão de Débito,Física,227.0,7
2934,2026-04-25,13:00,67,Vestido Premium,Vestido,Preta,G,3,60.66,9.1,172.88,Cartão de Débito,Online,432.0,10
2935,2026-09-29,18:15,20,Blusa Básica,Blusa,Branca,M,3,212.5,0.0,637.5,Cartão de Débito,Física,69.0,25
2936,2026-09-18,17:30,111,Blusa Esporte,Blusa,Verde,M,4,279.57,0.0,1118.28,Cartão de Débito,Física,440.0,11
2937,2026-07-10,13:15,31,Vestido Social,Vestido,Azul,GG,1,28.24,0.0,28.24,PIX,Física,,18
2938,2026-05-29,20:00,25,Calça Básica,Calça,Rosa,GG,2,346.73,104.02,589.44,Cartão de Crédito,Online,416.0,8
2939,2026-05-31,13:30,72,Camiseta Casual,Camiseta,Rosa,P,1,280.68,14.03,266.65,Cartão de Crédito,Online,257.0,23
2940,2026-07-26,16:15,90,Jaqueta Social,Jaqueta,Rosa,M,4,340.94,0.0,1363.76,Cartão de Crédito,Física,451.0,24
2941,2026-08-12,20:15,25,Calça Básica,Calça,Rosa,GG,1,346.73,17.34,329.39,Cartão de Crédito,Física,106.0,4
2942,2026-09-03,11:45,130,Bermuda Slim,Bermuda,Verde,G,4,139.82,83.89,475.39,PIX,Física,46.0,22
2943,2026-07-29,14:45,171,Blusa Casual,Blusa,Verde,M,2,139.15,41.74,236.56,PIX,Online,491.0,2
2944,2026-08-15,11:00,94,Blusa X,Blusa,Azul,GG,2,310.47,93.14,527.8,Cartão de Débito,Online,41.0,24
2945,2026-08-11,20:00,106,Blusa Premium,Blusa,Azul,P,4,204.85,81.94,737.46,Cartão de Crédito,Física,25.0,4
2946,2026-03-14,17:15,151,Vestido Social,Vestido,Cinza,P,4,305.13,0.0,1220.52,PIX,Física,233.0,13
2947,2026-03-31,18:15,60,Blusa Premium,Blusa,Azul,GG,3,177.54,79.89,452.73,PIX,Online,415.0,13
2948,2026-03-24,14:30,80,Camiseta Básica,Camiseta,Cinza,M,4,179.41,0.0,717.64,PIX,Online,308.0,23
2949,2026-06-19,10:00,157,Bermuda Básica,Bermuda,Azul,P,1,35.03,1.75,33.28,Cartão de Débito,Online,283.0,1
2950,2026-09-25,19:45,43,Bermuda Premium,Bermuda,Preta,GG,2,144.6,28.92,260.28,Cartão de Débito,Online,226.0,11
2951,2026-06-16,21:45,109,Camiseta Esporte,Camiseta,Branca,GG,1,227.45,0.0,227.45,Crediário,Física,515.0,19
2952,2026-08-27,14:15,80,Camiseta Básica,Camiseta,Cinza,M,4,179.41,0.0,717.64,Cartão de Crédito,Física,278.0,23
2953,2026-07-13,14:00,9,Acessório X,Acessório,Preta,M,1,51.84,0.0,51.84,Cartão de Débito,Física,461.0,9
2954,2026-06-04,14:00,80,Camiseta Básica,Camiseta,Cinza,M,3,179.41,0.0,538.23,Cartão de Crédito,Online,73.0,5
2955,2026-07-19,14:15,84,Blusa X,Blusa,Branca,M,1,91.15,13.67,77.48,Cartão de Crédito,Física,193.0,11
2956,27/09/26,15:15,85,Calça X,Calça,Cinza,G,2,287.08,0.0,574.16,PIX,Física,462.0,13
2957,2026-09-15,12:45,22,Bermuda Social,Bermuda,Vermelha,GG,3,213.75,0.0,641.25,Crediário,Online,564.0,3
2958,2026-06-28,14:00,41,Vestido X,Vestido,Verde,M,4,38.61,0.0,154.44,Cartão de Crédito,Online,502.0,11
2959,2026-09-25,16:30,55,Vestido Premium,Vestido,Branca,M,1,126.12,6.31,119.81,Dinheiro,Física,48.0,8
2960,2026-03-07,11:30,38,Acessório Esporte,Acessório,Rosa,P,2,113.5,0.0,227.0,Crediário,Física,,24
2961,2026-09-04,21:15,113,Jaqueta Premium,Jaqueta,Rosa,M,2,196.9,39.38,354.42,Cartão de Crédito,Online,67.0,25
2962,2026-08-09,13:15,122,Calça Social,Calça,Azul,M,1,77.6,0.0,77.6,Cartão de Débito,Física,30.0,15
2963,2026-03-16,13:15,41,Vestido X,Vestido,Verde,M,4,38.61,0.0,154.44,Cartão de Débito,Online,415.0,24
2964,2026-09-17,11:30,139,Jaqueta X,Jaqueta,Preta,M,2,172.53,51.76,293.3,Cartão De Débito,Online,570.0,5
2965,2026-06-15,13:00,29,Blusa Básica,Blusa,Azul,P,3,287.6,43.14,819.66,Cartão de Crédito,Física,597.0,23
2966,2026-04-13,11:00,117,Vestido Premium,Vestido,Cinza,M,1,81.36,0.0,81.36,Crediário,Física,,24
2967,2026-06-11,16:15,4,Acessório Básica,Acessório,Vermelha,G,4,81.82,0.0,327.28,Cartão de Débito,Física,,23
2968,2026-03-05,10:00,112,Bermuda Premium,Bermuda,Rosa,GG,4,93.18,0.0,372.72,PIX,Online,,25
2969,2026-09-26,10:00,60,Blusa Premium,Blusa,Azul,GG,2,177.54,53.26,301.82,Cartão de Débito,Online,212.0,11
2970,2026-07-22,15:45,180,Acessório X,Acessório,Verde,GG,4,108.79,0.0,435.16,Cartão de Crédito,Física,590.0,3
2971,2026-03-21,10:30,66,Vestido Básica,Vestido,Preta,GG,3,195.93,29.39,558.4,Cartão de Crédito,Física,346.0,18
2972,2026-09-27,13:15,40,Jaqueta Premium,Jaqueta,Branca,G,1,59.14,2.96,56.18,PIX,Online,328.0,1
2973,2026-03-04,19:45,27,Camiseta Casual,Camiseta,Vermelha,P,4,287.37,0.0,1149.48,Crediário,Física,540.0,25
2974,2026-07-28,14:45,91,Acessório Casual,Acessório,Rosa,M,2,274.86,0.0,549.72,PIX,Física,6.0,19
2975,2026-07-29,12:15,115,Vestido Básica,Vestido,Vermelha,GG,1,108.11,10.81,97.3,PIX,Física,532.0,6
2976,2026-09-26,15:15,63,Bermuda Social,Bermuda,Azul,M,2,250.51,25.05,475.97,PIX,Online,132.0,24
2977,2026-05-29,14:15,151,Vestido Social,Vestido,Cinza,P,1,305.13,15.26,289.87,Crediário,Online,526.0,13
2978,2026-07-10,14:00,103,Acessório Esporte,Acessório,Verde,M,1,142.1,0.0,142.1,Cartão de Crédito,Física,354.0,16
2979,2026-07-06,14:15,105,Calça Premium,Calça,Vermelha,GG,1,53.58,0.0,"53,58",Cartão de Crédito,Online,,2
2980,2026-03-16,13:30,95,Bermuda X,Bermuda,Cinza,G,1,275.07,13.75,261.32,Cartão de Débito,Online,459.0,8
2981,2026-08-09,09:00,91,Acessório Casual,Acessório,Rosa,M,1,274.86,13.74,261.12,Cartão de Crédito,Online,375.0,19
2982,2026-04-18,16:15,3,Vestido Esporte,Vestido,Azul,GG,2,51.13,0.0,102.26,Cartão de Débito,Física,98.0,7
2983,2026-05-27,09:00,141,Bermuda Slim,Bermuda,Vermelha,GG,4,162.9,0.0,651.6,PIX,Física,492.0,16
2984,2026-05-18,16:45,20,Blusa Básica,Blusa,Branca,M,1,212.5,10.62,201.88,Cartão de Crédito,Física,76.0,15
2985,2026-09-19,20:45,134,Bermuda Básica,Bermuda,Rosa,GG,4,59.5,0.0,238.0,Cartão de Débito,Online,32.0,17
2986,2026-04-30,20:30,100,Calça Social,Calça,Preta,M,2,133.29,26.66,239.92,Dinheiro,Online,498.0,5
2987,2026-07-28,10:30,22,Bermuda Social,Bermuda,Vermelha,GG,4,213.75,0.0,855.0,PIX,Física,415.0,15
2988,2026-03-01,15:45,37,Acessório Premium,Acessório,Rosa,G,1,281.93,14.1,267.83,PIX,Física,413.0,3
2989,2026-08-17,15:30,9,Acessório X,Acessório,Preta,M,3,51.84,0.0,155.52,Cartão de Débito,Online,335.0,1
2990,2026-05-10,14:30,21,Bermuda Social,Bermuda,Branca,GG,2,301.4,0.0,602.8,Cartão de Crédito,Online,434.0,11
2991,2026-08-30,14:00,166,Blusa Casual,Blusa,Cinza,P,4,25.41,5.08,96.56,Cartão de Débito,Online,348.0,17
2992,2026-04-18,18:00,174,Calça Slim,Calça,Cinza,M,4,34.1,6.82,129.58,PIX,Física,130.0,12
2993,2026-05-28,21:45,3,Vestido Esporte,Vestido,Azul,GG,3,51.13,23.01,130.38,Pix,Online,92.0,2
2994,2026-04-12,20:15,93,Calça Slim,Calça,Azul,G,-2,328.53,197.12,1117.0,Cartão de Débito,Online,319.0,25
2995,2026-08-27,17:15,17,Acessório Slim,Acessório,Azul,M,1,102.24,0.0,102.24,Dinheiro,Física,437.0,17
2996,2026-09-06,12:15,169,Camiseta Premium,Camiseta,Branca,GG,4,137.47,82.48,467.4,Cartão de Crédito,Online,578.0,2
2997,2026-09-09,18:30,32,Acessório Social,Acessório,Azul,G,2,324.96,97.49,552.43,Cartão de Débito,Online,557.0,20
2998,2026-05-24,09:45,175,Jaqueta Slim,Jaqueta,Branca,P,1,111.44,11.14,100.3,Cartão de Débito,Física,590.0,18
2999,2026-07-01,11:15,114,Camiseta Social,Camiseta,Verde,GG,3,330.12,0.0,990.36,Crediário,Física,455.0,6
3000,2026-07-10, 16:00,134,Bermuda Básica,Bermuda,Rosa,GG,2,59.5,0.0,119.0,Cartão de Crédito,Física,535.0,17
3001,2026-05-20,18:30,142,Vestido Esporte,Vestido,Branca,GG,3,142.68,42.8,385.24,Dinheiro,Online,309.0,1
3002,2026-05-14, 18:45,113,Jaqueta Premium,Jaqueta,Rosa,M,2,196.9,39.38,354.42,Cartão de Débito,Online,249.0,8
3003,2026-08-11,12:00,36,Jaqueta X,Jaqueta,Rosa,GG,1,109.13,0.0,109.13,Cartão De Crédito,Online,155.0,3
3004,2026-08-12, 17:45,96,Camiseta Casual,Camiseta,Verde,P,2,307.93,92.38,523.48,PIX,Física,286.0,19
3005,2026-03-03,17:00,12,Blusa X,Blusa,Rosa,P,2,258.15,51.63,464.67,Cartão de Débito,Online,88.0,9
3006,2026-04-24,13:30,142,Vestido Esporte,Vestido,Branca,GG,1,142.68,7.13,135.55,Cartão de Débito,Online,410.0,17
3007,2026-03-09,17:15,3,Vestido Esporte,Vestido,Azul,GG,2,51.13,0.0,102.26,Dinheiro,Online,104.0,7
3008,2026-03-05,16:45,14,Bermuda Esporte,Bermuda,Verde,GG,4,113.16,45.26,407.38,Cartão de Crédito,Online,497.0,15
3009,2026-05-11,16:15,22,Bermuda Social,Bermuda,Vermelha,GG,3,213.75,64.12,577.13,PIX,Física,498.0,18
3010,2026-09-08,13:00,164,Blusa Premium,Blusa,Preta,G,2,175.34,0.0,350.68,Cartão de Débito,Online,424.0,10
3011,2026-05-25,10:15,134,Bermuda Básica,Bermuda,Rosa,GG,3,59.5,0.0,178.5,PIX,Online,18017.0,21
3012,2026-04-13,18:30,107,Bermuda Slim,Bermuda,Rosa,M,4,304.94,60.99,1158.77,Dinheiro,Online,32.0,12
3013,2026-05-16,10:45,71,Acessório Premium,Acessório,Rosa,GG,1,227.52,0.0,227.52,Crediário,Física,325.0,20
3014,2026-07-13,15:00,67,Vestido Premium,Vestido,Preta,G,2,60.66,0.0,121.32,Cartão de Débito,Online,259.0,14
3015,2026-07-08,15:15,104,Acessório Premium,Acessório,Rosa,M,4,240.9,144.54,819.06,Cartão de Crédito,Física,70.0,19
3016,2026-07-15,18:30,36,Jaqueta X,Jaqueta,Rosa,GG,4,109.13,21.83,414.69,Dinheiro,Online,237.0,11
3017,2026-04-27,17:45,51,Blusa Premium,Blusa,Branca,P,4,122.21,24.44,464.4,Dinheiro,Física,455.0,14
3018,2026-09-16,18:45,71,Acessório Premium,Acessório,Rosa,GG,4,227.52,0.0,910.08,PIX,Física,412.0,20
3019,2026-08-29,17:00,83,Bermuda Básica,Bermuda,Cinza,M,3,344.51,103.35,930.18,Cartão de Débito,Online,251.0,3
3020,2026-06-01,09:15,72,Camiseta Casual,Camiseta,Rosa,P,4,280.68,0.0,1122.72,PIX,Online,409.0,10
3021,2026-08-19,16:15,105,Calça Premium,Calça,Vermelha,GG,4,53.58,21.43,"R$ 192,89",Cartão de Débito,Física,236.0,20
3022,2026-06-18,18:15,67,Vestido Premium,Vestido,Preta,G,4,60.66,0.0,242.64,Crediário,Física,192.0,2
3023,2026-04-08,13:30,79,Vestido Slim,Vestido,Verde,GG,4,29.96,0.0,119.84,Cartão de Crédito,Física,510.0,25
3024,2026-06-20,21:45,13,Blusa Básica,Blusa,Verde,G,1,276.45,0.0,276.45,Cartão de Crédito,Física,466.0,8
3025,2026-09-19,12:00,108,Jaqueta X,Jaqueta,Azul,G,3,84.3,12.64,240.26,Crediário,Física,220.0,17
3026,2026-04-17,20:15,94,Blusa X,Blusa,Azul,GG,3,310.47,93.14,838.27,Crediário,Física,599.0,25
3027,2026-06-08,10:15,164,Blusa Premium,Blusa,Preta,G,3,175.34,0.0,526.02,Dinheiro,Física,,2
3028,2026-03-03,20:30,20,Blusa Básica,Blusa,Branca,M,1,212.5,21.25,191.25,Cartão de Débito,Online,412.0,13
3029,2026-08-28,19:30,133,Jaqueta Social,Jaqueta,Branca,P,2,168.42,16.84,320.0,Cartão de Débito,Online,379.0,17
3030,2026-08-20,19:15,142,Vestido Esporte,Vestido,Branca,GG,1,142.68,7.13,135.55,Cartão de Débito,Online,208.0,24
3031,2026-08-16,11:15,152,Jaqueta Premium,Jaqueta,Verde,M,2,208.59,20.86,396.32,PIX,Online,42.0,8
3032,2026-06-12,17:45,76,Jaqueta X,Jaqueta,Cinza,P,3,291.87,87.56,788.05,PIX,Física,282.0,2
3033,2026-05-24,16:00,171,Blusa Casual,Blusa,Verde,M,1,139.15,0.0,"R$ 139,15",Crediário,Física,192.0,2
3034,2026-09-12,16:45,41,Vestido X,Vestido,Verde,M,1,38.61,0.0,38.61,Cartão de Débito,Online,270.0,7
3035,2026-05-27,09:15,80,Camiseta Básica,Camiseta,Cinza,M,2,179.41,35.88,322.94,Cartão de Crédito,Online,181.0,13
3036,2026-05-24,19:30,118,Bermuda Premium,Bermuda,Verde,G,1,289.27,43.39,245.88,Cartão de Débito,Online,576.0,9
3037,2026-03-19,15:00,159,Calça Social,Calça,Verde,G,2,166.81,391.6405976407215,283.58,Dinheiro,Online,116.0,19
3038,2026-05-31,18:30,16,Bermuda Esporte,Bermuda,Branca,M,3,242.53,0.0,727.59,Cartão de Débito,Física,15.0,12
3039,2026-06-10,19:00,44,Acessório Esporte,Acessório,Preta,M,1,211.07,0.0,211.07,Cartão de Crédito,Online,511.0,19
3040,2026-07-26,19:30,43,Bermuda Premium,Bermuda,Preta,GG,3,144.6,0.0,433.8,Cartão de Crédito,Online,117.0,22
3041,2026-03-12,09:45,94,Blusa X,Blusa,Azul,GG,1,310.47,46.57,263.9,Crediário,Online,122.0,1
3042,2026-06-18,14:45,103,Acessório Esporte,Acessório,Verde,M,3,142.1,42.63,383.67,Cartão de Crédito,Física,271.0,12
3043,2026-08-31,18:30,114,Camiseta Social,Camiseta,Verde,GG,1,330.12,16.51,313.61,Cartão de Débito,Online,559.0,20
3044,07-07-2026,21:45,17,Acessório Slim,Acessório,Azul,M,1,102.24,5.11,97.13,Cartão de Crédito,Física,202.0,15
3045,2026-05-24,10:30,20,Blusa Básica,Blusa,Branca,M,4,212.5,0.0,850.0,Crediário,Online,460.0,8
3046,2026-07-18,10:15  ,47,Blusa Esporte,Blusa,Vermelha,M,1,85.46,4.27,81.19,Cartão de Débito,Física,562.0,18
3047,2026-09-30,14:45,48,Camiseta Básica,Camiseta,Cinza,GG,3,63.03,0.0,"R$ 189,09",Cartão de Crédito,Online,520.0,5
3048,2026-04-30,16:45,46,Bermuda Social,Bermuda,Azul,P,3,46.54,0.0,139.62,Cartão de Crédito,Física,542.0,5
3049,2026-04-07,21:30,86,Blusa Social,Blusa,Azul,P,4,56.25,0.0,225.0,Dinheiro,Online,145.0,15
3050,2026-06-16,16:30,42,Calça Casual,Calça,Verde,G,1,245.94,36.89,209.05,Crediário,Física,,20
3051,2026-04-02,11:15,31,Vestido Social,Vestido,Azul,GG,4,28.24,0.0,112.96,PIX,Online,143.0,2
3052,2026-05-29,16:45,63,Bermuda Social,Bermuda,Azul,M,3,250.51,0.0,751.53,Cartão de Débito,Física,515.0,21
3053,2026-08-15,11:00,44,Acessório Esporte,Acessório,Preta,M,4,211.07,42.21,"802,07",Cartão de Crédito,Física,574.0,8
3054,2026-03-13,19:30,25,Calça Básica,Calça,Rosa,GG,2,346.73,104.02,589.44,Cartão de Crédito,Física,495.0,24
3055,2026-04-02,09:45,161,Camiseta X,Camiseta,Branca,GG,3,168.83,0.0,506.49,PIX,Online,598.0,12
3056,30/09/26,14:45,39,Blusa X,Blusa,Vermelha,P,2,80.38,222.01898045250863,"R$ 160,76",Cartão de Crédito,Online,153.0,6
3057,2026-07-02,15:15,161,Camiseta X,Camiseta,Branca,GG,1,168.83,0.0,168.83,Cartão de Crédito,Física,,5
3058,2026-08-13,11:45,151,Vestido Social,Vestido,Cinza,P,4,305.13,183.08,1037.44,DINHEIRO,Online,57.0,3
3059,2026-09-26,15:30,51,Blusa Premium,Blusa,Branca,P,2,122.21,0.0,244.42,Crediário,Física,52.0,23
3060,2026-04-26,17:30,37,Acessório Premium,Acessório,Rosa,G,3,281.93,42.29,803.5,Crediário,Online,22.0,1
3061,2026-03-27,16:30,77,Blusa Básica,Blusa,Preta,M,1,29.9,0.0,29.9,Cartão de Débito,Online,342.0,5
3062,18/03/26,16:30,35,Blusa Premium,Blusa,Preta,P,3,314.35,0.0,943.05,Cartão de Débito,Online,17.0,6
3063,2026-06-27,21:30,141,Bermuda Slim,Bermuda,Vermelha,GG,2,162.9,0.0,325.8,PIX,Online,77.0,25
3064,2026-03-14,13:00,101,Jaqueta Casual,Jaqueta,Verde,M,4,263.03,105.21,946.91,Cartão de Crédito,Física,380.0,17
3065,2026-05-12,21:30,53,Jaqueta Casual,Jaqueta,Branca,P,2,203.54,40.71,366.37,PIX,Online,427.0,15
3066,2026-08-29,15:15,6,Acessório Casual,Acessório,Rosa,GG,4,309.17,123.67,1113.01,PIX,Online,199.0,7
3067,2026-05-12,17:00,138,Jaqueta Social,Jaqueta,Branca,P,2,257.25,51.45,463.05,Cartão de Crédito,Física,333.0,3
3068,2026-08-15,11:45,69,Camiseta Básica,Camiseta,Branca,M,4,71.3,42.78,242.42,Cartão de Débito,Física,305.0,24
3069,18/04/26,10:00,126,Calça Casual,Calça,Vermelha,G,3,275.71,82.71,744.42,Cartão de Débito,Online,521.0,15
3070,2026-03-01,16:45,145,Bermuda Casual,Bermuda,Azul,GG,2,159.63,47.89,271.37,Cartão de Débito,Física,124.0,18
3071,2026-07-10, 20:45 ,153,Bermuda Social,Bermuda,Cinza,G,3,75.2,0.0,225.6,Cartão de Débito,Física,83.0,10
3072,2026-05-10,18:15,51,Blusa Premium,Blusa,Branca,P,2,122.21,0.0,244.42,Dinheiro,Física,400.0,8
3073,2026-09-21,09:45,143,Bermuda Casual,Bermuda,Rosa,G,2,113.47,0.0,226.94,Cartão de Crédito,Online,458.0,2
3074,2026-07-02,15:15,40,Jaqueta Premium,Jaqueta,Branca,G,1,59.14,0.0,59.14,Cartão de Débito,Online,476.0,21
3075,2026-06-02,09:00,69,Camiseta Básica,Camiseta,Branca,M,3,71.3,0.0,213.9,Cartão de Débito,Física,387.0,15
3076,2026-05-23,18:45,173,Camiseta Esporte,Camiseta,Preta,P,1,183.66,0.0,183.66,PIX,Física,199.0,24
3077,2026-07-31,14:15,4,Acessório Básica,Acessório,Vermelha,G,4,81.82,0.0,327.28,Cartão de Débito,Física,124.0,5
3078,2026-06-25,10:30,38,Acessório Esporte,Acessório,Rosa,P,1,113.5,0.0,113.5,Cartão de Débito,Online,424.0,11
3079,2026-03-12,16:30,126,Calça Casual,Calça,Vermelha,G,4,275.71,0.0,1102.84,Cartão de Débito,Online,188.0,12
3080,2026-05-30,13:45,154,Bermuda Básica,Bermuda,Branca,P,1,240.69,36.1,204.59,Cartão de Crédito,Física,503.0,11
3081,2026-09-25,17:00,118,Bermuda Premium,Bermuda,Verde,G,4,289.27,115.71,1041.37,Cartão de Débito,Online,,13
3082,2026-05-30,17:45,154,Bermuda Básica,Bermuda,Branca,P,1,240.69,24.07,216.62,Cartão de Débito,Física,407.0,23
3083,2026-03-26,18:00,170,Bermuda Premium,Bermuda,Vermelha,GG,2,234.75,0.0,469.5,Cartão de Crédito,Física,314.0,17
3084,2026-09-28,18:30,29,Blusa Básica,Blusa,Azul,P,2,287.6,57.52,517.68,Cartão de Crédito,Física,137.0,10
3085,2026-03-23,12:30,93,Calça Slim,Calça,Azul,G,3,328.53,0.0,"R$ 985,59",Cartão de Crédito,Física,133.0,19
3086,2026-04-14,15:00,13,Blusa Básica,Blusa,Verde,G,2,276.45,55.29,497.61,Crediário,Física,189.0,4
3087,2026-09-01,10:45,74,Bermuda Esporte,Bermuda,Branca,M,4,290.34,174.2,987.16,Cartão de Débito,Física,274.0,12
3088,2026-06-24,15:00,94,Blusa X,Blusa,Azul,GG,1,310.47,31.05,279.42,Cartão de Crédito,Online,106.0,17
3089,2026-05-20,17:45,123,Camiseta Básica,Camiseta,Preta,P,4,195.44,39.09,742.67,Cartão de Crédito,Online,402.0,20
3090,2026-03-04,17:15,47,Blusa Esporte,Blusa,Vermelha,M,3,85.46,12.82,243.56,Cartão de Débito,Online,562.0,20
3091,2026-09-26,10:00,127,Bermuda X,Bermuda,Azul,M,1,269.31,0.0,269.31,Cartão de Crédito,Física,186.0,23
3092,2026-03-23,18:30,14,Bermuda Esporte,Bermuda,Verde,GG,4,113.16,22.63,430.01,Cartão de Débito,Online,,16
3093,2026-06-30,16:45,173,Camiseta Esporte,Camiseta,Preta,P,3,183.66,0.0,550.98,PIX,Física,566.0,18
3094,2026-04-12, 18:00,163,Blusa Esporte,Blusa,Rosa,GG,4,291.86,116.74,1050.7,Dinheiro,Online,118.0,15
3095,2026-09-23,09:00,55,Vestido Premium,Vestido,Branca,M,3,126.12,37.84,340.52,Cartão de Crédito,Online,301.0,3
3096,2026-09-27,11:15,55,Vestido Premium,Vestido,Branca,M,2,126.12,12.61,239.63,Cartão de Débito,Online,179.0,2
3097,2026-08-15,11:45,134,Bermuda Básica,Bermuda,Rosa,GG,0,59.5,0.0,119.0,PIX,Física,113.0,25
3098,2026-08-01,18:00,84,Blusa X,Blusa,Branca,M,3,91.15,41.02,232.43,Cartão de Crédito,Física,219.0,15
3099,2026-07-04,13:15,45,Jaqueta Social,Jaqueta,Preta,P,3,105.9,15.89,301.81,Crediário,Online,218.0,19
3100,2026-07-07,20:45,150,Camiseta Casual,Camiseta,Cinza,GG,4,216.84,86.74,780.62,Cartão de Crédito,Online,294.0,5
3101,2026-04-24,19:45,150,Camiseta Casual,Camiseta,Cinza,GG,1,216.84,10.84,206.0,Dinheiro,Física,321.0,22
3102,2026-06-18,18:15,17,Acessório Slim,Acessório,Azul,M,2,102.24,0.0,204.48,CARTÃO DE CRÉDITO,Física,161.0,6
3103,2026-03-19,12:00,19,Calça Casual,Calça,Rosa,P,1,165.92,16.59,149.33,Cartão de Débito,Física,22.0,9
3104,2026-06-27,18:30,23,Calça Social,Calça,Preta,GG,3,181.44,81.65,462.67,Cartão de Crédito,Online,57.0,22
3105,2026-09-25,09:30,159,Calça Social,Calça,Verde,G,1,166.81,0.0,166.81,Cartão de Crédito,Online,397.0,1
3106,2026-08-12,19:15,75,Bermuda Premium,Bermuda,Cinza,G,2,129.65,38.9,220.4,Dinheiro,Online,236.0,9
3107,2026-05-11,20:00,115,Vestido Básica,Vestido,Vermelha,GG,1,108.11,0.0,108.11,Cartão de Débito,Física,554.0,18
3108,2026-06-23,17:15,76,Jaqueta X,Jaqueta,Cinza,P,2,291.87,0.0,583.74,Cartão de Débito,Física,273.0,3
3109,2026-04-03,20:00,30,Vestido Esporte,Vestido,Vermelha,G,2,244.92,0.0,489.84,Cartão de Crédito,Física,477.0,14
3110,2026-07-11,09:00,11,Calça Básica,Calça,Verde,G,4,112.35,0.0,449.4,Cartão de Débito,Online,70578.0,21
3111,2026-09-05,13:45,138,Jaqueta Social,Jaqueta,Branca,P,4,257.25,154.35,874.65,Cartão de Débito,Online,347.0,18
3112,2026-05-18,13:45,49,Calça Esporte,Calça,Preta,P,2,264.21,79.26,449.16,PIX,Física,145.0,19
3113,2026-03-16,12:15  ,143,Bermuda Casual,Bermuda,Rosa,G,4,113.47,0.0,453.88,Cartão de Débito,Online,348.0,5
3114,2026-05-12,19:45,177,Camiseta Slim,Camiseta,Vermelha,G,3,63.08,0.0,189.24,PIX,Online,54.0,24
3115,2026-03-13,12:30,108,Jaqueta X,Jaqueta,Azul,G,4,84.3,0.0,337.2,Dinheiro,Online,441.0,10
3116,2026-04-10, 14:45,18,Acessório Básica,Acessório,Azul,M,2,242.78,48.56,437.0,Crediário,Online,129.0,6
3117,2026-04-02,19:30,6,Acessório Casual,Acessório,Rosa,GG,2,309.17,92.75,525.59,Dinheiro,Física,140.0,5
3118,2026-07-30,10:15,132,Acessório Esporte,Acessório,Rosa,P,1,45.67,6.85,38.82,Cartão de Débito,Física,243.0,19
3119,2026-08-02,12:00,55,Vestido Premium,Vestido,Branca,M,4,126.12,50.45,454.03,Cartão de Crédito,Física,479.0,24
3120,2026-04-08,16:00,94,Blusa X,Blusa,Azul,GG,1,310.47,31.05,279.42,Cartão de Crédito,Física,393.0,1
3121,2026-07-04,13:30,170,Bermuda Premium,Bermuda,Vermelha,GG,1,234.75,0.0,234.75,Dinheiro,Física,37.0,11
3122,2026-07-24,15:00,114,Camiseta Social,Camiseta,Verde,GG,3,330.12,0.0,990.36,PIX,Online,21.0,13
3123,2026-04-06,21:45,152,Jaqueta Premium,Jaqueta,Verde,M,2,208.59,0.0,417.18,Dinheiro,Online,,5
3124,2026-04-11,21:15,24,Blusa Esporte,Blusa,Preta,M,3,315.76,94.73,852.55,Cartão de Débito,Física,401.0,2
3125,2026-04-08,13:45,46,Bermuda Social,Bermuda,Azul,P,4,46.54,0.0,186.16,Crediário,Física,279.0,24
3126,2026-06-27,13:00,59,Blusa Social,Blusa,Verde,M,4,202.64,81.06,729.5,Dinheiro,Online,95.0,25
3127,2026-08-09,20:00,23,Calça Social,Calça,Preta,GG,2,181.44,0.0,"362,88",Cartão de Débito,Online,244.0,8
3128,2026-04-09,18:15,16,Bermuda Esporte,Bermuda,Branca,M,3,242.53,36.38,691.21,Cartão de Débito,Física,263.0,14
3129,2026-04-12,13:00,17,Acessório Slim,Acessório,Azul,M,1,102.24,0.0,102.24,Cartão de Crédito,Física,307.0,1
3130,2026-05-10,18:00,9,Acessório X,Acessório,Preta,M,4,51.84,0.0,207.36,cartão de crédito,Online,523.0,7
3131,2026-05-04, 15:45 ,148,Vestido Slim,Vestido,Rosa,G,2,213.53,21.35,405.71,Cartão de Crédito,Online,408.0,24
3132,2026-04-08,21:45,119,Calça Esporte,Calça,Branca,P,2,331.07,0.0,662.14,PIX,Física,,22
3133,2026-09-13,16:15,170,Bermuda Premium,Bermuda,Vermelha,GG,4,234.75,46.95,892.05,Dinheiro,Online,171.0,24
3134,2026-05-05,14:15,91,Acessório Casual,Acessório,Rosa,M,2,274.86,0.0,549.72,Cartão de Crédito,Física,54.0,5
3135,2026-07-10,13:00,57,Calça Casual,Calça,Verde,GG,4,86.79,0.0,347.16,Pix,Física,,2
3136,13/09/2026, 19:45 ,32,Acessório Social,Acessório,Azul,G,3,324.96,97.49,877.39,Cartão de Débito,Física,130.0,7
3137,2026-09-16,09:30  ,77,Blusa Básica,Blusa,Preta,M,2,29.9,0.0,59.8,Crediário,Online,375.0,22
3138,2026-03-06,20:00,41,Vestido X,Vestido,Verde,M,4,38.61,0.0,154.44,Crediário,Física,560.0,2
3139,2026-03-31,16:45,34,Blusa Casual,Blusa,Preta,GG,1,206.43,0.0,206.43,Cartão de Débito,Online,256.0,10
3140,2026-03-06,10:15,141,Bermuda Slim,Bermuda,Vermelha,GG,4,162.9,65.16,586.44,Dinheiro,Online,376.0,19
3141,2026-07-24,10:45,58,Blusa X,Blusa,Branca,P,2,215.52,0.0,431.04,Cartão de Crédito,Física,,4
3142,2026-03-25,13:30,18,Acessório Básica,Acessório,Azul,M,3,242.78,0.0,728.34,PIX,Online,266.0,6
3143,2026-04-29,18:15,126,Calça Casual,Calça,Vermelha,G,4,275.71,165.43,937.41,PIX,Física,371.0,7
3144,2026-04-06,15:15,88,Bermuda X,Bermuda,Rosa,G,4,55.13,22.05,198.47,PIX,Física,355.0,9
3145,2026-09-23,14:45,4,Acessório Básica,Acessório,Vermelha,G,1,81.82,4.09,77.73,Dinheiro,Física,151.0,6
3146,2026-08-05,12:45,155,Blusa X,Blusa,Rosa,GG,2,229.95,0.0,459.9,Dinheiro,Online,573.0,12
3147,2026-06-23,12:00,144,Blusa X,Blusa,Verde,G,1,297.99,349.8083326624528,253.29,Dinheiro,Física,55.0,13
3148,2026-06-07,19:30,60,Blusa Premium,Blusa,Azul,GG,1,177.54,17.75,159.79,PIX,Física,184.0,6
3149,2026-07-07,09:30,66,Vestido Básica,Vestido,Preta,GG,1,195.93,29.39,166.54,PIX,Física,304.0,18
3150,2026-08-19,17:15,55,Vestido Premium,Vestido,Branca,M,3,126.12,0.0,378.36,Cartão de Débito,Física,253.0,22
3151,2026-08-29,19:00,41,Vestido X,Vestido,Verde,M,1,38.61,3.86,34.75,Cartão de Débito,Física,547.0,3
3152,2026-07-10,09:15,55,Vestido Premium,Vestido,Branca,M,1,126.12,12.61,113.51,Cartão de Débito,Física,479.0,25
3153,2026-06-22,15:15,103,Acessório Esporte,Acessório,Verde,M,2,142.1,14.21,269.99,Cartão de Crédito,Física,559.0,14
3154,2026-03-26,21:45,35,Blusa Premium,Blusa,Preta,P,4,314.35,0.0,1257.4,Cartão de Débito,Online,537.0,2
3155,2026-03-03,17:30,36,Jaqueta X,Jaqueta,Rosa,GG,4,109.13,0.0,436.52,CARTÃO DE DÉBITO,Física,89.0,10
3156,2026-07-05,15:15,100,Calça Social,Calça,Preta,M,3,133.29,0.0,399.87,Crediário,Online,581.0,11
3157,2026-03-05,11:45,26,Jaqueta Esporte,Jaqueta,Verde,P,1,204.58,10.23,194.35,Cartão de Débito,Física,95196.0,6
3158,2026-05-06,11:00,93,Calça Slim,Calça,Azul,G,4,328.53,0.0,1314.12,Crediário,Física,143.0,20
3159,2026-06-24,11:15,37,Acessório Premium,Acessório,Rosa,G,4,281.93,112.77,1014.95,Crediário,Física,32.0,11
3160,2026-03-22,10:00,60,Blusa Premium,Blusa,Azul,GG,4,177.54,106.52,603.64,Cartão de Débito,Online,519.0,9
3161,2026-09-14,18:15,101,Jaqueta Casual,Jaqueta,Verde,M,2,263.03,78.91,447.15,PIX,Online,504.0,3
3162,2026-04-17,19:00,14,Bermuda Esporte,Bermuda,Verde,GG,3,113.16,0.0,339.48,Cartão de Crédito,Física,3.0,11
3163,2026-09-17, 10:15 ,23,Calça Social,Calça,Preta,GG,3,181.44,27.22,517.1,Cartão de Crédito,Física,6.0,12
3164,2026-07-14,19:45,54,Bermuda Social,Bermuda,Cinza,G,2,115.21,0.0,230.42,Cartão de Débito,Física,356.0,25
3165,2026-04-17, 13:45 ,155,Blusa X,Blusa,Rosa,GG,4,229.95,0.0,919.8,PIX,Online,504.0,8
3166,2026-08-23,09:45,26,Jaqueta Esporte,Jaqueta,Verde,P,2,204.58,40.92,368.24,Dinheiro,Física,39.0,13
3167,2026-09-17,15:30,104,Acessório Premium,Acessório,Rosa,M,4,240.9,0.0,963.6,Cartão de Crédito,Física,163.0,6
3168,2026-07-10,17:00,36,Jaqueta X,Jaqueta,Rosa,GG,4,109.13,65.48,371.04,Cartão de Débito,Física,188.0,17
3169,2026-08-30,12:15,126,Calça Casual,Calça,Vermelha,G,2,275.71,27.57,523.85,Cartão de Débito,Online,518.0,13
3170,2026-06-09,14:15,159,Calça Social,Calça,Verde,G,3,166.81,50.04,450.39,Cartão de Débito,Física,137.0,23
3171,2026-07-14,19:45,108,Jaqueta X,Jaqueta,Azul,G,3,84.3,12.64,240.26,Dinheiro,Online,92.0,1
3172,2026-07-27,11:00,130,Bermuda Slim,Bermuda,Verde,G,0,139.82,0.0,139.82,Cartão de Débito,Online,264.0,20
3173,2026-03-28,21:00,76,Jaqueta X,Jaqueta,Cinza,P,4,291.87,0.0,1167.48,Cartão de Crédito,Física,550.0,8
3174,2026-05-15,09:45,137,Jaqueta Básica,Jaqueta,Cinza,GG,1,124.46,0.0,124.46,PIX,Online,501.0,3
3175,2026-03-30,15:15,36,Jaqueta X,Jaqueta,Rosa,GG,1,109.13,10.91,98.22,CREDIÁRIO,Online,,19
3176,2026-03-14,21:00,34,Blusa Casual,Blusa,Preta,GG,3,206.43,0.0,619.29,Cartão de Crédito,Física,,15
3177,16/08/26,10:30,53,Jaqueta Casual,Jaqueta,Branca,P,4,203.54,40.71,773.45,PIX,Física,19.0,9
3178,2026-09-27,20:45,86,Blusa Social,Blusa,Azul,P,2,56.25,0.0,112.5,Cartão de Débito,Online,499.0,16
3179,2026-03-11,19:00,149,Vestido Básica,Vestido,Cinza,GG,1,67.2,6.72,60.48,Cartão de Débito,Online,19.0,7
3180,2026-07-15,16:15,110,Bermuda Slim,Bermuda,Vermelha,G,1,158.66,0.0,158.66,PIX,Física,391.0,23
3181,2026-05-25,18:45,106,Blusa Premium,Blusa,Azul,P,4,204.85,81.94,737.46,Crediário,Física,19.0,8
3182,2026-07-17,16:00,180,Acessório X,Acessório,Verde,GG,3,108.79,0.0,326.37,Dinheiro,Online,11.0,19
3183,2026-09-19,15:15,38,Acessório Esporte,Acessório,Rosa,P,-2,113.5,68.1,385.9,Cartão de Crédito,Online,125.0,19
3184,2026-04-10,19:30,66,Vestido Básica,Vestido,Preta,GG,1,195.93,9.8,186.13,Cartão de Crédito,Física,366.0,22
3185,2026-05-13,20:00,172,Camiseta Premium,Camiseta,Rosa,G,2,289.13,57.83,520.43,PIX,Física,56.0,6
3186,2026-04-24,21:45,110,Bermuda Slim,Bermuda,Vermelha,G,4,158.66,95.2,539.44,Cartão de Crédito,Física,315.0,2
3187,2026-08-12,16:00,173,Camiseta Esporte,Camiseta,Preta,P,1,183.66,9.18,174.48,Cartão de Crédito,Online,345.0,17
3188,2026-09-09,13:15,6,Acessório Casual,Acessório,Rosa,GG,2,309.17,30.92,587.42,Cartão de Débito,Online,358.0,12
3189,2026-04-28,16:30,82,Bermuda Social,Bermuda,Azul,M,1,325.21,0.0,325.21,PIX,Online,595.0,5
3190,2026-05-01,15:00,114,Camiseta Social,Camiseta,Verde,GG,2,330.12,99.04,561.2,Crediário,Online,447.0,21
3191,2026-04-01,13:30,76,Jaqueta X,Jaqueta,Cinza,P,3,291.87,0.0,875.61,Cartão de Crédito,Online,303.0,17
3192,2026-09-01,13:15,83,Bermuda Básica,Bermuda,Cinza,M,4,344.51,0.0,1378.04,PIX,Física,359.0,4
3193,17/06/26,20:30,123,Camiseta Básica,Camiseta,Preta,P,2,195.44,0.0,"R$ 390,88",Cartão de Débito,Online,429.0,7
3194,2026-03-13,09:45,38,Acessório Esporte,Acessório,Rosa,P,1,113.5,0.0,113.5,PIX,Física,9.0,23
3195,2026-09-14,21:00,155,Blusa X,Blusa,Rosa,GG,4,229.95,0.0,919.8,Cartão de Débito,Física,132.0,23
3196,2026-04-01,11:45,134,Bermuda Básica,Bermuda,Rosa,GG,2,59.5,17.85,101.15,Cartão de Crédito,Física,218.0,16
3197,2026-09-08,20:45,58,Blusa X,Blusa,Branca,P,4,215.52,43.1,818.98,Crediário,Física,221.0,1
3198,2026-03-11,15:45,173,Camiseta Esporte,Camiseta,Preta,P,3,183.66,27.55,523.43,Cartão de Débito,Física,346.0,13
3199,2026-07-23,13:15,166,Blusa Casual,Blusa,Cinza,P,4,25.41,10.16,91.48,Cartão de Crédito,Física,505.0,3
3200,2026-03-09,09:15,72,Camiseta Casual,Camiseta,Rosa,P,3,280.68,42.1,799.94,Dinheiro,Online,,15
3201,2026-09-20,12:00,163,Blusa Esporte,Blusa,Rosa,GG,2,291.86,0.0,583.72,Dinheiro,Física,551.0,12
3202,03/09/2026,20:30,148,Vestido Slim,Vestido,Rosa,G,4,213.53,85.41,768.71,Cartão de Débito,Física,393.0,8
3203,2026-04-12,14:15,90,Jaqueta Social,Jaqueta,Rosa,M,1,340.94,34.09,306.85,Cartão de Débito,Física,52.0,23
3204,2026-07-15,17:30,53,Jaqueta Casual,Jaqueta,Branca,P,4,203.54,40.71,773.45,PIX,Online,90.0,2
3205,2026-06-05,20:00,151,Vestido Social,Vestido,Cinza,P,4,305.13,0.0,1220.52,PIX,Física,115.0,14
3206,2026-06-28,17:45,132,Acessório Esporte,Acessório,Rosa,P,1,45.67,0.0,45.67,Cartão de Débito,Física,16.0,23
3207,2026-03-08,20:15,13,Blusa Básica,Blusa,Verde,G,3,276.45,124.4,704.95,PIX,Física,480.0,25
3208,2026-04-01,15:00,125,Vestido X,Vestido,Verde,M,3,114.2,0.0,342.6,Cartão de Crédito,Física,172.0,7
3209,2026-08-31,15:45,86,Blusa Social,Blusa,Azul,P,4,56.25,0.0,225.0,Cartão de Débito,Online,594.0,16
3210,2026-04-13,17:00,40,Jaqueta Premium,Jaqueta,Branca,G,1,59.14,2.96,56.18,Cartão de Crédito,Online,,2
3211,2026-09-21,18:30,38,Acessório Esporte,Acessório,Rosa,P,1,113.5,5.68,107.82,Crediário,Online,358.0,23
3212,2026-08-10,09:00,32,Acessório Social,Acessório,Azul,G,2,324.96,64.99,584.93,Cartão de Débito,Física,276.0,4
3213,2026-03-22,12:45,121,Acessório Básica,Acessório,Vermelha,GG,3,127.53,0.0,382.59,PIX,Online,251.0,3
3214,2026-07-12,19:00,57,Calça Casual,Calça,Verde,GG,1,86.79,8.68,78.11,PIX,Online,282.0,18
3215,2026-07-04,19:15,136,Bermuda Slim,Bermuda,Verde,P,4,232.34,92.94,836.42,Crediário,Física,146.0,14
3216,2026-09-17,10:15,30,Vestido Esporte,Vestido,Vermelha,G,4,244.92,48.98,930.7,Cartão de Crédito,Física,360.0,4
3217,2026-04-01,17:45,153,Bermuda Social,Bermuda,Cinza,G,4,75.2,0.0,300.8,PIX,Física,590.0,23
3218,2026-09-20,14:30,15,Bermuda Básica,Bermuda,Cinza,G,1,52.05,5.2,46.85,Cartão de Débito,Online,138.0,18
3219,2026-08-08,19:45,44,Acessório Esporte,Acessório,Preta,M,3,211.07,0.0,633.21,PIX,Física,504.0,6
3220,2026-09-07,13:00,152,Jaqueta Premium,Jaqueta,Verde,M,2,208.59,0.0,417.18,Dinheiro,Online,386.0,25
3221,2026-06-23,15:00,123,Camiseta Básica,Camiseta,Preta,P,1,195.44,19.54,175.9,Cartão de Crédito,Física,177.0,4
3222,2026-07-15,14:00,10,Camiseta Social,Camiseta,Azul,G,4,281.48,0.0,1125.92,PIX,Física,282.0,5
3223,2026-06-29,16:00,94,Blusa X,Blusa,Azul,GG,3,310.47,93.14,838.27,Cartão de Crédito,Online,55.0,13
3224,2026-07-12,19:30,22,Bermuda Social,Bermuda,Vermelha,GG,3,213.75,96.19,545.06,Cartão de Crédito,Online,212.0,23
3225,2026-05-22,11:45,13,Blusa Básica,Blusa,Verde,G,4,276.45,0.0,1105.8,Cartão de Crédito,Física,451.0,21
3226,2026-03-05,12:00,42505,Camiseta Slim,Camiseta,Vermelha,G,1,63.08,6.31,56.77,Crediário,Online,122.0,14
3227,2026-07-03,13:30,117,Vestido Premium,Vestido,Cinza,M,4,81.36,0.0,325.44,PIX,Física,488.0,15
3228,24-03-2026,15:45,32,Acessório Social,Acessório,Azul,G,3,324.96,146.23,828.65,Cartão de Débito,Física,184.0,24
3229,2026-06-20,13:30  ,133,Jaqueta Social,Jaqueta,Branca,P,2,168.42,0.0,336.84,Cartão de Débito,Online,394.0,5
3230,2026-08-28,16:15,35,Blusa Premium,Blusa,Preta,P,1,314.35,0.0,314.35,Cartão de Débito,Física,197.0,5
3231,2026-06-26, 16:45,53,Jaqueta Casual,Jaqueta,Branca,P,1,203.54,0.0,203.54,PIX,Online,366.0,7
3232,2026-03-08,19:45,115,Vestido Básica,Vestido,Vermelha,GG,4,108.11,0.0,432.44,cartão de débito,Online,275.0,8
3233,2026-04-21,17:30,69,Camiseta Básica,Camiseta,Branca,M,3,71.3,21.39,192.51,Cartão de Débito,Online,564.0,20
3234,2026-07-18,09:45,87,Camiseta Casual,Camiseta,Cinza,P,4,273.14,54.63,1037.93,cartão de crédito,Física,302.0,18
3235,2026-04-17,13:30,134,Bermuda Básica,Bermuda,Rosa,GG,-1,59.5,0.0,59.5,Cartão de Crédito,Física,150.0,17
3236,2026-06-24,19:30,159,Calça Social,Calça,Verde,G,4,166.81,33.36,633.88,Cartão de Crédito,Online,558.0,16
3237,2026-07-09,15:45,154,Bermuda Básica,Bermuda,Branca,P,1,240.69,36.1,204.59,Crediário,Física,65.0,10
3238,2026-04-16,12:45,78,Acessório Básica,Acessório,Cinza,GG,4,138.63,0.0,554.52,Cartão de Débito,Física,274.0,25
3239,2026-04-22,14:15,28,Bermuda Premium,Bermuda,Vermelha,GG,3,57.16,0.0,171.48,PIX,Online,530.0,9
3240,2026-03-10,11:15,108,Jaqueta X,Jaqueta,Azul,G,3,84.3,25.29,"R$ 227,61",Cartão de Débito,Online,542.0,23
3241,2026-07-06,12:15,74,Bermuda Esporte,Bermuda,Branca,M,2,290.34,87.1,493.58,Cartão de Crédito,Online,114.0,16
3242,2026-06-15,21:30,153,Bermuda Social,Bermuda,Cinza,G,1,75.2,0.0,75.2,Cartão de Débito,Online,42.0,8
3243,2026-09-04,11:30,146,Calça Premium,Calça,Branca,GG,2,343.66,0.0,687.32,Cartão de Débito,Física,145.0,17
3244,2026-07-02,14:00,163,Blusa Esporte,Blusa,Rosa,GG,1,291.86,43.78,248.08,Cartão de Crédito,Online,406.0,21
3245,2026-05-24,15:15,79,Vestido Slim,Vestido,Verde,GG,4,29.96,11.98,107.86,PIX,Física,93.0,25
3246,2026-05-29,21:30,28,Bermuda Premium,Bermuda,Vermelha,GG,4,57.16,22.86,205.78,Cartão de Débito,Física,368.0,7
3247,2026-04-01,15:00,60,Blusa Premium,Blusa,Azul,GG,3,177.54,26.63,505.99,PIX,Online,404.0,8
3248,2026-05-20,16:30,76,Jaqueta X,Jaqueta,Cinza,P,4,291.87,0.0,1167.48,Cartão de Crédito,Online,107.0,10
3249,2026-08-25,14:45,53,Jaqueta Casual,Jaqueta,Branca,P,2,203.54,61.06,346.02,Dinheiro,Física,344.0,23
3250,2026-08-06,20:00,73,Calça X,Calça,Azul,M,4,313.28,0.0,1253.12,PIX,Online,248.0,10
3251,2026-07-12,17:45,147,Calça Premium,Calça,Preta,P,2,176.07,0.0,352.14,Cartão de Débito,Online,177.0,11
3252,2026-06-04,20:00,96,Camiseta Casual,Camiseta,Verde,P,2,307.93,92.38,523.48,Cartão de Débito,Física,207.0,4
3253,2026-04-14,12:00,32,Acessório Social,Acessório,Azul,G,2,324.96,32.5,617.42,Cartão de Crédito,Física,395.0,23
3254,2026-06-16,19:30,87,Camiseta Casual,Camiseta,Cinza,P,3,273.14,0.0,819.42,PIX,Online,549.0,11
3255,2026-04-06,09:15,116,Blusa Premium,Blusa,Branca,G,4,68.25,40.95,232.05,Cartão de Débito,Online,95.0,17
3256,2026-04-15,12:30,106,Blusa Premium,Blusa,Azul,P,2,204.85,40.97,368.73,PIX,Online,102.0,19
3257,2026-06-07,17:30,81,Calça Básica,Calça,Rosa,G,2,188.91,0.0,377.82,PIX,Física,599.0,4
3258,2026-06-22,14:30,154,Bermuda Básica,Bermuda,Branca,P,4,240.69,96.28,866.48,CARTÃO DE CRÉDITO,Online,373.0,25
3259,2026-08-27,20:15,175,Jaqueta Slim,Jaqueta,Branca,P,2,111.44,11.14,211.74,Dinheiro,Física,197.0,18
3260,2026-08-10,14:15,9,Acessório X,Acessório,Preta,M,1,51.84,5.18,46.66,Crediário,Online,242.0,25
3261,2026-07-11,18:00,106,Blusa Premium,Blusa,Azul,P,4,204.85,122.91,696.49,Cartão de Crédito,Online,33.0,12
3262,2026-03-18,21:00,81,Calça Básica,Calça,Rosa,G,2,188.91,56.67,321.15,Crediário,Online,576.0,3
3263,2026-06-26,10:45,46,Bermuda Social,Bermuda,Azul,P,4,46.54,18.62,167.54,Cartão de Crédito,Física,465.0,24
3264,2026-03-05,15:45,97,Jaqueta Premium,Jaqueta,Rosa,GG,4,161.24,0.0,644.96,Cartão de Débito,Online,174.0,18
3265,2026-06-29,16:30,50,Blusa Básica,Blusa,Azul,G,4,124.43,0.0,497.72,PIX,Física,324.0,23
3266,2026-04-22,15:00,25,Calça Básica,Calça,Rosa,GG,2,346.73,0.0,693.46,Cartão de Crédito,Física,363.0,22
3267,2026-07-18,18:45,75,Bermuda Premium,Bermuda,Cinza,G,2,129.65,38.9,220.4,Cartão de Crédito,Online,89.0,19
3268,2026-07-31,17:15,116,Blusa Premium,Blusa,Branca,G,2,68.25,13.65,122.85,Dinheiro,Física,527.0,4
3269,2026-06-25,11:45,35,Blusa Premium,Blusa,Preta,P,4,314.35,0.0,1257.4,Cartão de Crédito,Física,142.0,7
3270,2026-07-31,09:45,149,Vestido Básica,Vestido,Cinza,GG,-1,67.2,0.0,201.6,Dinheiro,Física,471.0,4
3271,2026-05-08,18:15,43,Bermuda Premium,Bermuda,Preta,GG,3,144.6,0.0,433.8,PIX,Física,560.0,7
3272,2026-05-28,18:30,137,Jaqueta Básica,Jaqueta,Cinza,GG,4,124.46,74.68,423.16,Cartão de Crédito,Física,208.0,23
3273,2026-09-09,16:30,177,Camiseta Slim,Camiseta,Vermelha,G,2,63.08,12.62,"113,54",Dinheiro,Física,490.0,25
3274,2026-05-20,19:30,106,Blusa Premium,Blusa,Azul,P,2,204.85,0.0,409.7,Cartão de Débito,Online,29.0,16
3275,2026-07-09,09:15,126,Calça Casual,Calça,Vermelha,G,2,275.71,0.0,551.42,Dinheiro,Física,,24
3276,2026-05-15,19:15,83,Bermuda Básica,Bermuda,Cinza,M,3,344.51,155.03,878.5,Cartão de Débito,Física,303.0,13
3277,2026-04-17,14:45,115,Vestido Básica,Vestido,Vermelha,GG,2,108.11,0.0,216.22,Cartão de Débito,Online,592.0,21
3278,2026-06-03,10:45,146,Calça Premium,Calça,Branca,GG,4,343.66,137.46,1237.18,Cartão de Crédito,Física,592.0,22
3279,2026-04-28,19:30,96,Camiseta Casual,Camiseta,Verde,P,2,307.93,61.59,554.27,Crediário,Online,428.0,22
3280,2026-05-10,10:15,106,Blusa Premium,Blusa,Azul,P,2,204.85,40.97,368.73,Cartão de Débito,Online,389.0,16
3281,04-09-2026,15:45,161,Camiseta X,Camiseta,Branca,GG,3,168.83,0.0,506.49,Cartão de Crédito,Física,368.0,11
3282,2026-07-06,12:15,115,Vestido Básica,Vestido,Vermelha,GG,1,108.11,16.22,91.89,Dinheiro,Física,158.0,10
3283,2026-08-26,20:00,76,Jaqueta X,Jaqueta,Cinza,P,3,291.87,87.56,788.05,Dinheiro,Online,172.0,8
3284,2026-09-23,11:00,50,Blusa Básica,Blusa,Azul,G,4,124.43,0.0,497.72,Dinheiro,Online,560.0,22
3285,2026-09-22,17:15,50,Blusa Básica,Blusa,Azul,G,1,124.43,0.0,124.43,Cartão de Crédito,Física,90.0,9
3286,2026-06-16,09:00,121,Acessório Básica,Acessório,Vermelha,GG,4,127.53,51.01,459.11,Cartão de Crédito,Física,31.0,2
3287,2026-08-21,20:30,31,Vestido Social,Vestido,Azul,GG,2,28.24,5.65,50.83,PIX,Física,556.0,12
3288,2026-06-03,18:00,5,Jaqueta Básica,Jaqueta,Preta,GG,4,235.61,141.37,801.07,Dinheiro,Online,350.0,12
3289,2026-03-27,18:30,104,Acessório Premium,Acessório,Rosa,M,2,240.9,0.0,481.8,Cartão de Crédito,Online,34.0,18
3290,2026-07-05,14:30,45,Jaqueta Social,Jaqueta,Preta,P,3,105.9,15.89,301.81,Cartão de Débito,Online,358.0,10
3291,2026-08-09,11:00,67,Vestido Premium,Vestido,Preta,G,4,60.66,0.0,242.64,Cartão de Débito,Online,299.0,18
3292,2026-03-02,21:30,153,Bermuda Social,Bermuda,Cinza,G,3,75.2,11.28,214.32,Cartão de Débito,Física,238.0,22
3293,2026-03-09,09:15,111,Blusa Esporte,Blusa,Verde,M,3,279.57,83.87,754.84,CARTÃO DE DÉBITO,Online,433.0,10
3294,2026-04-24,14:15,86,Blusa Social,Blusa,Azul,P,3,56.25,16.88,151.87,Cartão de Débito,Online,50087.0,14
3295,2026-06-09,19:30,92,Vestido Básica,Vestido,Cinza,G,2,146.37,29.27,263.47,Cartão de Débito,Física,593.0,7
3296,2026-05-14,17:30,92,Vestido Básica,Vestido,Cinza,G,3,146.37,0.0,439.11,Cartão de Débito,Online,4.0,11
3297,2026-08-20,09:30,161,Camiseta X,Camiseta,Branca,GG,1,168.83,25.32,143.51,Cartão de Crédito,Online,149.0,25
3298,09/03/26,13:00,51,Blusa Premium,Blusa,Branca,P,1,122.21,12.22,109.99,Cartão de Crédito,Física,348.0,4
3299,2026-03-24,15:00,128,Acessório X,Acessório,Verde,G,2,38.26,7.65,68.87,Cartão de Crédito,Online,27.0,7
3300,2026-09-17,21:15,84,Blusa X,Blusa,Branca,M,2,91.15,9.12,173.18,Cartão de Débito,Física,422.0,18
3301,2026-09-22,17:45,33,Camiseta Esporte,Camiseta,Verde,G,3,238.32,107.24,607.72,Cartão de Crédito,Online,398.0,17
3302,2026-08-25,12:15,90,Jaqueta Social,Jaqueta,Rosa,M,4,340.94,136.38,1227.38,Dinheiro,Física,101.0,8
3303,2026-07-01,19:15,138,Jaqueta Social,Jaqueta,Branca,P,1,257.25,0.0,"R$ 257,25",PIX,Online,170.0,15
3304,2026-09-05,15:30,149,Vestido Básica,Vestido,Cinza,GG,1,67.2,10.08,57.12,Dinheiro,Física,352.0,10
3305,2026-06-02,17:00,159,Calça Social,Calça,Verde,G,4,166.81,0.0,667.24,Cartão de Crédito,Física,124.0,20
3306,21/05/2026,16:00,79,Vestido Slim,Vestido,Verde,GG,3,29.96,0.0,89.88,Cartão de Crédito,Online,81.0,9
3307,2026-06-24,20:45,37,Acessório Premium,Acessório,Rosa,G,3,281.93,0.0,845.79,Cartão de Débito,Física,174.0,7
3308,2026-06-20,17:00,88,Bermuda X,Bermuda,Rosa,G,3,55.13,0.0,165.39,Cartão de Crédito,Online,420.0,22
3309,2026-03-03,14:45,131,Jaqueta X,Jaqueta,Azul,P,1,192.39,265.70186395408143,192.39,Cartão de Crédito,Física,54340.0,16
3310,2026-03-03,14:00,104,Acessório Premium,Acessório,Rosa,M,1,240.9,0.0,240.9,dinheiro,Física,34.0,25
3311,2026-03-01,19:00,32,Acessório Social,Acessório,Azul,G,1,324.96,32.5,292.46,Dinheiro,Física,59.0,8
3312,2026-07-27,18:00,164,Blusa Premium,Blusa,Preta,G,3,175.34,0.0,526.02,Crediário,Online,131.0,10
3313,2026-04-19, 09:30,143,Bermuda Casual,Bermuda,Rosa,G,4,113.47,22.69,431.19,PIX,Física,410.0,5
3314,2026-04-07,20:15,78,Acessório Básica,Acessório,Cinza,GG,1,138.63,0.0,138.63,Cartão de Débito,Online,536.0,12
3315,2026-05-24,18:15,161,Camiseta X,Camiseta,Branca,GG,2,168.83,0.0,337.66,Dinheiro,Online,463.0,3
3316,2026-06-19,09:15,100,Calça Social,Calça,Preta,M,2,133.29,26.66,239.92,Cartão de Débito,Online,542.0,25
3317,2026-07-30,18:45,163,Blusa Esporte,Blusa,Rosa,GG,2,291.86,87.56,496.16,Dinheiro,Online,64.0,13
3318,2026-07-05,14:45,84,Blusa X,Blusa,Branca,M,1,91.15,13.67,77.48,Cartão de Crédito,Online,19.0,9
3319,2026-09-09,15:00,168,Camiseta Slim,Camiseta,Preta,GG,3,50.13,7.52,142.87,PIX,Física,,8
3320,2026-03-07,16:30,99,Camiseta Slim,Camiseta,Rosa,G,4,178.5,35.7,678.3,Crediário,Online,300.0,22
3321,2026-05-05,10:45,38,Acessório Esporte,Acessório,Rosa,P,2,113.5,0.0,"227,00",Cartão de Crédito,Física,505.0,24
3322,2026-05-24,17:15,78,Acessório Básica,Acessório,Cinza,GG,4,138.63,83.18,471.34,Cartão de Débito,Física,488.0,9
3323,2026-09-15,09:45,170,Bermuda Premium,Bermuda,Vermelha,GG,4,234.75,46.95,892.05,Cartão de Débito,Física,,25
3324,2026-05-26,16:45,151,Vestido Social,Vestido,Cinza,P,4,305.13,0.0,1220.52,Cartão de Crédito,Online,56.0,13
3325,2026-07-02,17:15,132,Acessório Esporte,Acessório,Rosa,P,4,45.67,27.4,155.28,Crediário,Online,28680.0,10
3326,2026-09-19,10:30,148,Vestido Slim,Vestido,Rosa,G,2,213.53,64.06,"R$ 363,00",PIX,Física,548.0,12
3327,2026-08-08,20:15,91,Acessório Casual,Acessório,Rosa,M,1,274.86,0.0,274.86,Cartão de Débito,Online,64.0,1
3328,2026-09-12,09:45,48,Camiseta Básica,Camiseta,Cinza,GG,3,63.03,18.91,170.18,Dinheiro,Online,487.0,10
3329,2026-07-06,09:00,13,Blusa Básica,Blusa,Verde,G,3,276.45,124.4,704.95,Cartão de Crédito,Online,443.0,20
3330,2026-09-14,16:45,122,Calça Social,Calça,Azul,M,1,77.6,7.76,69.84,Dinheiro,Online,238.0,10
3331,2026-09-30,18:30,115,Vestido Básica,Vestido,Vermelha,GG,3,108.11,32.43,291.9,PIX,Física,64.0,7
3332,2026-06-03,13:30,177,Camiseta Slim,Camiseta,Vermelha,G,2,63.08,6.31,119.85,Dinheiro,Online,9.0,8
3333,2026-06-01,10:00,40,Jaqueta Premium,Jaqueta,Branca,G,2,59.14,0.0,118.28,PIX,Física,251.0,23
3334,2026-04-06,12:00,4,Acessório Básica,Acessório,Vermelha,G,2,81.82,0.0,163.64,Cartão de Débito,Online,501.0,11
3335,2026-08-21,14:15,55,Vestido Premium,Vestido,Branca,M,4,126.12,25.22,479.26,Cartão de Crédito,Física,570.0,14
3336,2026-05-22,18:45,155,Blusa X,Blusa,Rosa,GG,1,229.95,34.49,195.46,PIX,Física,592.0,7
3337,2026-08-26,11:15,18,Acessório Básica,Acessório,Azul,M,4,242.78,0.0,971.12,Cartão de Débito,Física,99.0,20
3338,2026-06-05,12:15,119,Calça Esporte,Calça,Branca,P,4,331.07,66.21,1258.07,cartao credito,Online,310.0,7
3339,2026-03-06,17:00,33,Camiseta Esporte,Camiseta,Verde,G,1,238.32,11.92,226.4,Dinheiro,Online,35.0,18
3340,2026-06-06,21:45,108,Jaqueta X,Jaqueta,Azul,G,2,84.3,0.0,168.6,Cartão de Crédito,Online,469.0,20
3341,2026-08-12,13:45,35,Blusa Premium,Blusa,Preta,P,1,314.35,0.0,314.35,Cartão de Débito,Física,319.0,20
3342,2026-06-21,10:00,154,Bermuda Básica,Bermuda,Branca,P,3,240.69,108.31,613.76,Cartão de Débito,Online,510.0,16
3343,2026-04-14,15:45,172,Camiseta Premium,Camiseta,Rosa,G,4,289.13,173.48,983.04,Cartão de Débito,Online,146.0,13
3344,2026-05-06,18:30,56,Camiseta Social,Camiseta,Verde,M,1,252.29,0.0,252.29,PIX,Física,,18
3345,2026-03-31,11:00,56,Camiseta Social,Camiseta,Verde,M,1,252.29,0.0,252.29,Dinheiro,Física,88.0,2
3346,2026-05-16,14:45,90,Jaqueta Social,Jaqueta,Rosa,M,1,340.94,0.0,340.94,Cartão de Débito,Online,152.0,15
3347,2026-03-10,11:15,152,Jaqueta Premium,Jaqueta,Verde,M,3,208.59,31.29,594.48,PIX,Física,38.0,1
3348,03-03-2026,13:15,92,Vestido Básica,Vestido,Cinza,G,4,146.37,29.27,556.21,Cartão de Crédito,Física,355.0,10
3349,2026-04-09,16:15,142,Vestido Esporte,Vestido,Branca,GG,3,142.68,0.0,428.04,pix,Física,169.0,12
3350,2026-06-09,18:00,170,Bermuda Premium,Bermuda,Vermelha,GG,4,234.75,140.85,798.15,Cartão de Crédito,Online,317.0,4
3351,2026-03-03,17:15,159,Calça Social,Calça,Verde,G,1,166.81,0.0,166.81,Cartão de Crédito,Online,214.0,19
3352,2026-08-13,18:15,120,Camiseta Básica,Camiseta,Rosa,G,2,304.19,60.84,547.54,Dinheiro,Física,395.0,10
3353,2026-05-21,21:45,75,Bermuda Premium,Bermuda,Cinza,G,4,129.65,51.86,466.74,Cartão de Débito,Online,407.0,1
3354,2026-07-16,09:00,48,Camiseta Básica,Camiseta,Cinza,GG,4,63.03,0.0,252.12,Cartão de Crédito,Física,484.0,20
3355,2026-03-08,14:15,147,Calça Premium,Calça,Preta,P,1,176.07,17.61,158.46,PIX,Online,380.0,7
3356,2026-05-11,11:00,157,Bermuda Básica,Bermuda,Azul,P,2,35.03,0.0,"R$ 70,06",Dinheiro,Física,518.0,4
3357,06/03/26,16:45,141,Bermuda Slim,Bermuda,Vermelha,GG,4,162.9,0.0,651.6,Cartão de Débito,Online,224.0,23
3358,2026-04-26,18:30,134,Bermuda Básica,Bermuda,Rosa,GG,1,59.5,0.0,59.5,Cartão de Crédito,Online,266.0,7
3359,2026-05-18,12:45,37,Acessório Premium,Acessório,Rosa,G,1,281.93,0.0,281.93,Cartão de Crédito,Online,512.0,10
3360,2026-04-28,15:45,20,Blusa Básica,Blusa,Branca,M,4,212.5,85.0,765.0,Cartão de Débito,Online,245.0,12
3361,2026-06-13,14:15,135,Bermuda Básica,Bermuda,Cinza,M,4,74.1,44.46,251.94,PIX,Online,255.0,22
3362,2026-06-09,10:45,138,Jaqueta Social,Jaqueta,Branca,P,1,257.25,355.27732471639615,257.25,Cartão de Crédito,Online,150.0,5
3363,26-05-2026,15:15,156,Calça Esporte,Calça,Cinza,P,2,179.11,17.91,340.31,PIX,Física,382.0,4
3364,2026-05-19,13:15,180,Acessório X,Acessório,Verde,GG,4,108.79,43.52,391.64,Dinheiro,Física,571.0,19
3365,2026-05-08,17:45,163,Blusa Esporte,Blusa,Rosa,GG,1,291.86,0.0,291.86,Dinheiro,Física,,13
3366,2026-04-16,17:00,96,Camiseta Casual,Camiseta,Verde,P,3,307.93,92.38,831.41,Dinheiro,Online,220.0,18
3367,2026-03-06,12:30,8,Bermuda Básica,Bermuda,Rosa,P,1,301.95,0.0,301.95,PIX,Física,88.0,15
3368,2026-06-15,20:45,19,Calça Casual,Calça,Rosa,P,4,165.92,66.37,597.31,Cartão de Débito,Online,26.0,22
3369,2026-08-28,18:45,164,Blusa Premium,Blusa,Preta,G,2,175.34,0.0,350.68,PIX,Física,338.0,19
3370,2026-09-09,10:15,94,Blusa X,Blusa,Azul,GG,2,310.47,31.05,"R$ 589,89",Cartão de Débito,Online,472.0,9
3371,2026-08-21,19:15,116,Blusa Premium,Blusa,Branca,G,4,68.25,0.0,273.0,Cartão de Débito,Física,263.0,4
3372,2026-03-20,13:15,51304,Acessório X,Acessório,Preta,M,4,51.84,0.0,207.36,Crediário,Online,345.0,20
3373,2026-05-01,11:30,61,Blusa Social,Blusa,Preta,P,2,336.13,67.23,605.03,PIX,Online,65.0,18
3374,2026-09-22,21:15,129,Acessório X,Acessório,Branca,M,1,84.81,0.0,84.81,Cartão de Débito,Online,587.0,11
3375,2026-08-06,14:30,85,Calça X,Calça,Cinza,G,1,287.08,14.35,272.73,Cartão de Débito,Online,354.0,14
3376,2026-03-09,21:00,110,Bermuda Slim,Bermuda,Vermelha,G,4,158.66,0.0,634.64,Dinheiro,Física,236.0,5
3377,17-06-2026,17:15,163,Blusa Esporte,Blusa,Rosa,GG,3,291.86,0.0,875.58,PIX,Física,459.0,4
3378,2026-09-25,19:15,72,Camiseta Casual,Camiseta,Rosa,P,1,280.68,0.0,280.68,Cartão de Débito,Online,30.0,21
3379,2026-07-21,16:00,154,Bermuda Básica,Bermuda,Branca,P,3,240.69,0.0,722.07,Dinheiro,Online,259.0,23
3380,2026-04-27,12:00,132,Acessório Esporte,Acessório,Rosa,P,3,45.67,0.0,137.01,Cartão de Crédito,Online,28.0,23
3381,2026-03-28,17:00,119,Calça Esporte,Calça,Branca,P,4,331.07,66.21,1258.07,Cartão de Débito,Online,487.0,14
3382,2026-06-21,21:45,162,Acessório Esporte,Acessório,Preta,P,2,314.53,94.36,534.7,PIX,Online,89.0,17
3383,2026-03-11,14:30,23,Calça Social,Calça,Preta,GG,4,181.44,36.29,689.47,Cartão de Débito,Física,291.0,22
3384,2026-04-26,16:15,31,Vestido Social,Vestido,Azul,GG,3,28.24,0.0,84.72,Crediário,Física,211.0,4
3385,2026-03-19,13:15,174,Calça Slim,Calça,Cinza,M,2,34.1,3.41,64.79,Cartão de Crédito,Online,398.0,17
3386,2026-08-28,21:45,107,Bermuda Slim,Bermuda,Rosa,M,2,304.94,0.0,609.88,Cartão de Crédito,Física,437.0,13
3387,2026-04-27,19:15,171,Blusa Casual,Blusa,Verde,M,3,139.15,0.0,417.45,Cartão de Crédito,Online,63.0,23
3388,2026-09-02,20:00,114,Camiseta Social,Camiseta,Verde,GG,3,330.12,99.04,891.32,PIX,Online,12.0,21
3389,2026-06-04,09:00,100,Calça Social,Calça,Preta,M,1,133.29,19.99,113.3,PIX,Física,466.0,6
3390,2026-06-06,11:30,96,Camiseta Casual,Camiseta,Verde,P,4,307.93,123.17,1108.55,Dinheiro,Física,511.0,7
3391,2026-03-14,10:00,28,Bermuda Premium,Bermuda,Vermelha,GG,3,57.16,25.72,145.76,Cartão de Crédito,Física,62.0,8
3392,2026-06-23,15:15,129,Acessório X,Acessório,Branca,M,1,84.81,12.72,72.09,PIX,Física,500.0,12
3393,2026-05-21,16:30,79,Vestido Slim,Vestido,Verde,GG,4,29.96,0.0,119.84,cartão de crédito,Física,435.0,1
3394,2026-09-08,21:00,153,Bermuda Social,Bermuda,Cinza,G,4,75.2,45.12,255.68,Crediário,Física,349.0,20
3395,2026-03-12,10:45,125,Vestido X,Vestido,Verde,M,4,114.2,0.0,456.8,PIX,Física,506.0,18
3396,2026-06-01,17:00,179,Calça Social,Calça,Cinza,P,3,214.89,0.0,644.67,Cartão de Débito,Física,434.0,7
3397,2026-08-29,11:15,52,Vestido Básica,Vestido,Vermelha,G,4,334.95,0.0,1339.8,Cartão de Crédito,Física,50.0,4
3398,2026-05-01,12:30,85,Calça X,Calça,Cinza,G,2,287.08,713.648220695629,516.74,Cartão de Crédito,Física,352.0,13
3399,2026-04-03,14:30,113,Jaqueta Premium,Jaqueta,Rosa,M,4,196.9,39.38,748.22,Cartão de Crédito,Física,190.0,24
3400,2026-06-08,18:30,1,Blusa Premium,Blusa,Cinza,G,1,318.6,0.0,318.6,Cartão de Débito,Física,599.0,8
3401,2026-09-25,10:00,51,Blusa Premium,Blusa,Branca,P,1,122.21,0.0,122.21,Crediário,Online,263.0,19
3402,2026-09-22,12:00,159,Calça Social,Calça,Verde,G,3,166.81,50.04,450.39,Dinheiro,Online,361.0,7
3403,2026-07-31,11:45,136,Bermuda Slim,Bermuda,Verde,P,3,232.34,0.0,697.02,Cartão de Crédito,Online,307.0,13
3404,24/09/2026,15:00,142,Vestido Esporte,Vestido,Branca,GG,4,142.68,85.61,485.11,PIX,Online,248.0,16
3405,2026-06-22,17:45,174,Calça Slim,Calça,Cinza,M,1,34.1,5.12,28.98,Dinheiro,Online,433.0,2
3406,2026-07-18,15:30,177,Camiseta Slim,Camiseta,Vermelha,G,1,63.08,6.31,56.77,Dinheiro,Física,146.0,20
3407,2026-09-11,11:30,128,Acessório X,Acessório,Verde,G,2,38.26,7.65,"68,87",Cartão de Débito,Online,42254.0,16
3408,2026-05-31,21:00,6,Acessório Casual,Acessório,Rosa,GG,2,309.17,30.92,587.42,Cartão de Débito,Física,575.0,5
3409,2026-03-22,11:45,120,Camiseta Básica,Camiseta,Rosa,G,2,304.19,0.0,608.38,PIX,Online,104.0,9
3410,2026-07-21,09:00,15,Bermuda Básica,Bermuda,Cinza,G,1,52.05,0.0,52.05,PIX,Online,438.0,4
3411,2026-08-13,10:15,21,Bermuda Social,Bermuda,Branca,GG,3,301.4,1061.4402078028402,768.57,Cartão de Crédito,Física,306.0,15
3412,2026-04-01,17:30,102,Vestido Premium,Vestido,Vermelha,GG,4,250.72,0.0,1002.88,Dinheiro,Online,224.0,23
3413,2026-07-18,19:15,120,Camiseta Básica,Camiseta,Rosa,G,4,304.19,0.0,1216.76,Cartão de Crédito,Física,196.0,2
3414,2026-07-29,21:15,39,Blusa X,Blusa,Vermelha,P,3,80.38,0.0,241.14,PIX,Online,418.0,22
3415,2026-08-03,14:00,27,Camiseta Casual,Camiseta,Vermelha,P,1,287.37,43.11,244.26,Cartão de Crédito,Online,439.0,19
3416,2026-09-16,15:15,107,Bermuda Slim,Bermuda,Rosa,M,3,304.94,91.48,823.34,Cartão de Crédito,Online,35602.0,21
3417,2026-05-11,12:15,113,Jaqueta Premium,Jaqueta,Rosa,M,2,196.9,39.38,354.42,Crediário,Online,422.0,15
3418,2026-03-28,10:45,146,Calça Premium,Calça,Branca,GG,1,343.66,17.18,326.48,PIX,Online,222.0,11
3419,2026-08-24,15:00,88,Bermuda X,Bermuda,Rosa,G,1,55.13,0.0,55.13,Cartão de Débito,Online,368.0,23
3420,2026-04-18,17:45,173,Camiseta Esporte,Camiseta,Preta,P,3,183.66,55.1,495.88,Cartão de Crédito,Física,596.0,4
3421,2026-03-22,20:30,134,Bermuda Básica,Bermuda,Rosa,GG,2,59.5,11.9,107.1,Cartão de Débito,Online,203.0,21
3422,2026-05-28,11:15,117,Vestido Premium,Vestido,Cinza,M,4,81.36,32.54,292.9,Cartão de Crédito,Física,78.0,23
3423,2026-07-07,14:15,130,Bermuda Slim,Bermuda,Verde,G,2,139.82,27.96,251.68,Crediário,Física,424.0,16
3424,2026-03-20,13:15,111,Blusa Esporte,Blusa,Verde,M,1,279.57,0.0,279.57,PIX,Online,598.0,19
3425,2026-04-08, 20:00 ,35,Blusa Premium,Blusa,Preta,P,2,314.35,0.0,628.7,Dinheiro,Física,138.0,21
3426,2026-07-10,14:15,154,Bermuda Básica,Bermuda,Branca,P,3,240.69,36.1,685.97,Cartão de Crédito,Física,389.0,11
3427,2026-09-27,18:45,3,Vestido Esporte,Vestido,Azul,GG,1,51.13,0.0,51.13,PIX,Física,154.0,6
3428,2026-06-11,18:15,134,Bermuda Básica,Bermuda,Rosa,GG,4,59.5,0.0,238.0,Cartão de Débito,Online,426.0,16
3429,2026-08-02,16:45,32,Acessório Social,Acessório,Azul,G,1,324.96,32.5,292.46,PIX,Física,201.0,5
3430,2026-03-15,13:00,101,Jaqueta Casual,Jaqueta,Verde,M,1,263.03,26.3,236.73,PIX,Online,,21
3431,05/06/26,14:15,162,Acessório Esporte,Acessório,Preta,P,3,314.53,47.18,896.41,PIX,Física,68305.0,3
3432,2026-07-05,19:30,81,Calça Básica,Calça,Rosa,G,4,188.91,0.0,755.64,Dinheiro,Online,74.0,13
3433,2026-04-08,12:00,108,Jaqueta X,Jaqueta,Azul,G,4,84.3,33.72,303.48,Cartão de Crédito,Física,197.0,24
3434,2026-06-17,11:00,74,Bermuda Esporte,Bermuda,Branca,M,4,290.34,174.2,"R$ 987,16",Dinheiro,Física,95.0,21
3435,2026-09-26,14:45,27,Camiseta Casual,Camiseta,Vermelha,P,4,287.37,0.0,1149.48,Cartão de Débito,Física,342.0,9
3436,2026-06-15,12:00,107,Bermuda Slim,Bermuda,Rosa,M,1,304.94,15.25,289.69,Cartão de Crédito,Online,7.0,8
3437,2026-03-18,09:15,74,Bermuda Esporte,Bermuda,Branca,M,2,290.34,0.0,580.68,Cartão de Débito,Física,,16
3438,2026-03-11,12:15,44,Acessório Esporte,Acessório,Preta,M,4,211.07,126.64,717.64,Cartão de Débito,Online,35.0,10
3439,2026-05-21,19:15,6,Acessório Casual,Acessório,Rosa,GG,2,309.17,0.0,618.34,Crediário,Física,537.0,10
3440,2026-03-18,11:30,52,Vestido Básica,Vestido,Vermelha,G,2,334.95,0.0,669.9,PIX,Online,146.0,1
3441,2026-09-14,20:15,151,Vestido Social,Vestido,Cinza,P,2,305.13,30.51,579.75,Cartão de Crédito,Física,442.0,1
3442,2026-07-02,20:15,142,Vestido Esporte,Vestido,Branca,GG,3,142.68,0.0,428.04,Cartão de Débito,Física,372.0,7
3443,2026-05-04,18:00,113,Jaqueta Premium,Jaqueta,Rosa,M,1,196.9,0.0,196.9,PIX,Online,105.0,13
3444,2026-08-29,20:30,49456,Blusa Casual,Blusa,Preta,GG,2,206.43,61.93,350.93,Crediário,Online,437.0,11
3445,2026-09-22,15:00,47,Blusa Esporte,Blusa,Vermelha,M,1,85.46,12.82,72.64,DINHEIRO,Física,204.0,4
3446,2026-04-06,10:30  ,130,Bermuda Slim,Bermuda,Verde,G,4,139.82,55.93,503.35,Cartão de Crédito,Física,321.0,11
3447,2026-07-17,11:45,45,Jaqueta Social,Jaqueta,Preta,P,1,105.9,15.88,90.02,Cartão de Crédito,Física,266.0,14
3448,2026-03-14,11:15,4,Acessório Básica,Acessório,Vermelha,G,4,81.82,0.0,327.28,Cartão de Débito,Física,358.0,7
3449,2026-04-23,10:45,16,Bermuda Esporte,Bermuda,Branca,M,3,242.53,0.0,727.59,Crediário,Online,,4
3450,2026-08-20,13:15,143,Bermuda Casual,Bermuda,Rosa,G,4,113.47,0.0,453.88,Dinheiro,Física,339.0,23
3451,2026-07-05,12:00,101,Jaqueta Casual,Jaqueta,Verde,M,3,263.03,0.0,789.09,Cartão de Crédito,Física,209.0,12
3452,2026-03-08,13:30,176,Vestido Esporte,Vestido,Vermelha,M,1,227.13,11.36,215.77,Cartão de Crédito,Física,282.0,14
3453,2026-09-24,10:30,160,Vestido Básica,Vestido,Branca,G,2,38.68,3.87,73.49,Cartão de Crédito,Física,216.0,3
3454,2026-04-27,16:00,177,Camiseta Slim,Camiseta,Vermelha,G,3,63.08,0.0,189.24,Cartão de Crédito,Online,282.0,13
3455,2026-05-23,19:15,29,Blusa Básica,Blusa,Azul,P,1,287.6,0.0,"R$ 287,60",Cartão de Débito,Online,53.0,11
3456,2026-07-15, 09:15,155,Blusa X,Blusa,Rosa,GG,4,229.95,45.99,873.81,Crediário,Online,173.0,2
3457,2026-03-07,14:00,14,Bermuda Esporte,Bermuda,Verde,GG,3,113.16,16.97,322.51,PIX,Online,182.0,2
3458,2026-06-30,15:00,82,Bermuda Social,Bermuda,Azul,M,3,325.21,97.56,878.07,PIX,Física,559.0,11
3459,2026-06-25,20:30,51,Blusa Premium,Blusa,Branca,P,2,122.21,24.44,219.98,Cartão de Débito,Online,270.0,1
3460,2026-08-08,21:00,131,Jaqueta X,Jaqueta,Azul,P,2,192.39,0.0,384.78,Cartão de Crédito,Física,274.0,18
3461,2026-03-30,14:15,57,Calça Casual,Calça,Verde,GG,1,86.79,0.0,86.79,Crediário,Online,369.0,5
3462,2026-08-14,15:15,13,Blusa Básica,Blusa,Verde,G,3,276.45,0.0,829.35,Crediário,Online,230.0,5
3463,2026-05-09,20:30,115,Vestido Básica,Vestido,Vermelha,GG,4,108.11,0.0,432.44,Cartão de Crédito,Online,456.0,6
3464,2026-03-08,15:45,103,Acessório Esporte,Acessório,Verde,M,2,142.1,42.63,241.57,Cartão de Crédito,Física,511.0,13
3465,2026-05-19,17:00,14,Bermuda Esporte,Bermuda,Verde,GG,3,113.16,16.97,322.51,Cartão de Crédito,Física,544.0,1
3466,2026-05-27,18:15,28,Bermuda Premium,Bermuda,Vermelha,GG,4,57.16,0.0,228.64,Cartão de Crédito,Física,533.0,6
3467,28-05-2026,17:45,76,Jaqueta X,Jaqueta,Cinza,P,2,291.87,0.0,583.74,PIX,Física,40.0,20
3468,2026-06-15,16:00,26,Jaqueta Esporte,Jaqueta,Verde,P,4,204.58,40.92,777.4,Cartão de Débito,Física,,12
3469,2026-03-06,10:00,28,Bermuda Premium,Bermuda,Vermelha,GG,1,57.16,0.0,57.16,Crediário,Online,173.0,7
3470,2026-09-22,21:30,177,Camiseta Slim,Camiseta,Vermelha,G,2,63.08,0.0,126.16,PIX,Online,3.0,2
3471,2026-09-06,18:45,14,Bermuda Esporte,Bermuda,Verde,GG,3,113.16,50.92,288.56,Cartão de Débito,Física,204.0,23
3472,2026-05-03,09:00,5,Jaqueta Básica,Jaqueta,Preta,GG,3,235.61,0.0,706.83,Cartão de Crédito,Física,83.0,11
3473,2026-04-27,14:45,136,Bermuda Slim,Bermuda,Verde,P,2,232.34,69.7,394.98,Cartão de Débito,Física,309.0,23
3474,2026-05-12,17:30,13,Blusa Básica,Blusa,Verde,G,1,276.45,0.0,276.45,Crediário,Online,283.0,2
3475,2026-05-18,17:45,20,Blusa Básica,Blusa,Branca,M,4,212.5,42.5,807.5,Cartão de Crédito,Online,82629.0,15
3476,2026-06-18,13:30,151,Vestido Social,Vestido,Cinza,P,4,305.13,0.0,1220.52,Cartão de Débito,Física,47.0,23
3477,2026-07-18,19:45,1419,Bermuda Social,Bermuda,Cinza,G,1,115.21,11.52,103.69,Dinheiro,Física,30.0,19
3478,2026-07-26,13:15,136,Bermuda Slim,Bermuda,Verde,P,4,232.34,139.4,789.96,Dinheiro,Online,457.0,2
3479,21/03/26,19:15,29,Blusa Básica,Blusa,Azul,P,4,287.6,0.0,1150.4,Cartão de Débito,Física,464.0,17
3480,2026-09-20,19:45,172,Camiseta Premium,Camiseta,Rosa,G,2,289.13,0.0,578.26,Cartão de Crédito,Física,139.0,23
3481,2026-05-24,13:00,143,Bermuda Casual,Bermuda,Rosa,G,2,113.47,22.69,"204,25",PIX,Online,214.0,10
3482,2026-04-08,19:30,161,Camiseta X,Camiseta,Branca,GG,2,168.83,0.0,337.66,Cartão de Débito,Física,514.0,16
3483,2026-05-21,10:45,64,Blusa Slim,Blusa,Cinza,G,2,307.95,0.0,615.9,PIX,Física,454.0,14
3484,2026-04-01,13:30,95,Bermuda X,Bermuda,Cinza,G,3,275.07,41.26,783.95,PIX,Online,,13
3485,22-09-2026,20:15,41,Vestido X,Vestido,Verde,M,4,38.61,7.72,146.72,PIX,Física,276.0,5
3486,2026-09-17,11:00,122,Calça Social,Calça,Azul,M,1,77.6,7.76,69.84,Crediário,Online,126.0,5
3487,2026-07-07,17:30,79,Vestido Slim,Vestido,Verde,GG,1,29.96,0.0,29.96,Cartão de Crédito,Online,390.0,18
3488,2026-09-01,19:30,43,Bermuda Premium,Bermuda,Preta,GG,3,144.6,0.0,433.8,PIX,Online,401.0,12
3489,2026-08-07,21:30,31,Vestido Social,Vestido,Azul,GG,2,28.24,5.65,50.83,Cartão de Crédito,Física,264.0,20
3490,2026-04-18,21:45,124,Camiseta Social,Camiseta,Branca,M,2,31.01,0.0,62.02,PIX,Online,165.0,18
3491,2026-05-22,15:00,4982,Acessório Esporte,Acessório,Rosa,P,2,113.5,11.35,215.65,Crediário,Física,294.0,25
3492,2026-03-09,18:00,59,Blusa Social,Blusa,Verde,M,4,202.64,81.06,729.5,Cartão de Crédito,Online,500.0,1
3493,2026-04-25,17:45,40,Jaqueta Premium,Jaqueta,Branca,G,2,59.14,0.0,118.28,Cartão de Crédito,Física,442.0,17
3494,2026-08-22,14:30,2,Calça Casual,Calça,Verde,M,3,308.53,0.0,925.59,PIX,Online,425.0,9
3495,2026-05-10,21:15,133,Jaqueta Social,Jaqueta,Branca,P,3,168.42,0.0,505.26,PIX,Física,166.0,8
3496,05/03/2026,13:00,171,Blusa Casual,Blusa,Verde,M,2,139.15,27.83,"250,47",Cartão de Crédito,Física,599.0,14
3497,2026-06-29,19:00,74,Bermuda Esporte,Bermuda,Branca,M,4,290.34,0.0,1161.36,PIX,Online,11.0,15
3498,2026-06-16,13:00,36,Jaqueta X,Jaqueta,Rosa,GG,4,109.13,43.65,392.87,PIX,Física,79.0,15
3499,2026-03-02,17:00,124,Camiseta Social,Camiseta,Branca,M,2,31.01,0.0,62.02,Cartão de Crédito,Online,132.0,8
3500,2026-09-10,10:30,138,Jaqueta Social,Jaqueta,Branca,P,4,257.25,102.9,926.1,Crediário,Física,131.0,2
3501,2026-03-04,10:45,175,Jaqueta Slim,Jaqueta,Branca,P,4,111.44,0.0,445.76,PIX,Online,238.0,17
3502,2026-05-30,17:15,60,Blusa Premium,Blusa,Azul,GG,2,177.54,17.75,337.33,Cartão de Débito,Física,416.0,13
3503,05-07-2026,16:30,112,Bermuda Premium,Bermuda,Rosa,GG,4,93.18,0.0,372.72,Cartão de Crédito,Online,285.0,8
3504,2026-06-27,21:15,45,Jaqueta Social,Jaqueta,Preta,P,1,105.9,0.0,105.9,Cartão de Crédito,Física,567.0,7
3505,2026-05-31,21:45,90,Jaqueta Social,Jaqueta,Rosa,M,4,340.94,136.38,1227.38,Cartão de Crédito,Online,177.0,18
3506,2026-07-15,18:30,113,Jaqueta Premium,Jaqueta,Rosa,M,2,196.9,0.0,393.8,Cartão de Crédito,Online,507.0,5
3507,2026-09-05, 14:30,169,Camiseta Premium,Camiseta,Branca,GG,1,137.47,0.0,137.47,Cartão de Débito,Online,175.0,12
3508,2026-06-28,10:00,1,Blusa Premium,Blusa,Cinza,G,1,318.6,0.0,318.6,Cartão de Débito,Física,510.0,19
3509,2026-06-30,10:00,145,Bermuda Casual,Bermuda,Azul,GG,1,159.63,0.0,159.63,Cartão de Crédito,Online,164.0,13
3510,2026-06-28,10:00,46,Bermuda Social,Bermuda,Azul,P,4,46.54,27.92,158.24,Cartão de Débito,Física,452.0,19
3511,2026-07-06,19:00,141,Bermuda Slim,Bermuda,Vermelha,GG,4,162.9,0.0,651.6,Cartão de Débito,Online,274.0,10
3512,2026-03-30,13:45,2,Calça Casual,Calça,Verde,M,3,308.53,92.56,833.03,Cartão de Crédito,Online,427.0,18
3513,2026-04-08,09:30,76,Jaqueta X,Jaqueta,Cinza,P,2,291.87,0.0,583.74,Cartão de Crédito,Física,72.0,16
3514,2026-08-03,17:00,147,Calça Premium,Calça,Preta,P,1,176.07,0.0,176.07,PIX,Online,67.0,1
3515,2026-05-07,21:00,65,Jaqueta Casual,Jaqueta,Branca,G,3,232.93,104.82,593.97,Cartão de Débito,Física,92.0,24
3516,2026-06-02,11:30,32,Acessório Social,Acessório,Azul,G,3,324.96,48.74,926.14,cartão de crédito,Física,513.0,3
3517,2026-04-22,19:30,168,Camiseta Slim,Camiseta,Preta,GG,3,50.13,22.56,127.83,Cartão de Crédito,Online,474.0,2
3518,31-03-2026,17:15,135,Bermuda Básica,Bermuda,Cinza,M,1,74.1,0.0,74.1,PIX,Online,,25
3519,2026-09-26,13:30,127,Bermuda X,Bermuda,Azul,M,1,269.31,0.0,269.31,PIX,Física,263.0,22
3520,2026-03-27,10:00,76,Jaqueta X,Jaqueta,Cinza,P,2,291.87,29.19,554.55,PIX,Física,146.0,19
3521,2026-08-30,13:30,111,Blusa Esporte,Blusa,Verde,M,1,279.57,13.98,265.59,PIX,Física,180.0,13
3522,2026-06-29,14:45,115,Vestido Básica,Vestido,Vermelha,GG,4,108.11,0.0,432.44,Cartão de Débito,Física,402.0,12
3523,2026-07-24,12:45,11,Calça Básica,Calça,Verde,G,4,112.35,0.0,449.4,Dinheiro,Física,376.0,14
3524,2026-04-19,10:30,79,Vestido Slim,Vestido,Verde,GG,4,29.96,0.0,119.84,Cartão de Crédito,Física,428.0,25
3525,2026-05-29,18:15,74,Bermuda Esporte,Bermuda,Branca,M,3,290.34,0.0,871.02,PIX,Física,409.0,17
3526,2026-08-06,20:45,10,Camiseta Social,Camiseta,Azul,G,4,281.48,56.3,1069.62,Cartão de Débito,Física,49.0,21
3527,07-07-2026,11:00,100,Calça Social,Calça,Preta,M,4,133.29,0.0,533.16,Cartão de Débito,Online,,10
3528,2026-05-12,10:45,70,Vestido Slim,Vestido,Verde,G,2,304.38,0.0,608.76,Cartão de Crédito,Online,31.0,16
3529,2026-03-14,11:30,139,Jaqueta X,Jaqueta,Preta,M,2,172.53,17.25,327.81,Cartão de Crédito,Física,319.0,10
3530,2026-06-26,21:45,171,Blusa Casual,Blusa,Verde,M,1,139.15,0.0,"139,15",Crediário,Online,9.0,24
3531,2026-08-12,10:15,71,Acessório Premium,Acessório,Rosa,GG,1,227.52,11.38,216.14,Dinheiro,Online,510.0,19
3532,2026-06-13,15:15,67400,Calça Esporte,Calça,Branca,P,3,331.07,99.32,893.89,Cartão de Débito,Online,353.0,16
3533,2026-03-18,10:15,79,Vestido Slim,Vestido,Verde,GG,4,29.96,0.0,119.84,PIX,Física,230.0,6
3534,2026-04-06,17:45,105,Calça Premium,Calça,Vermelha,GG,2,53.58,16.07,91.09,Cartão de Crédito,Online,253.0,16
3535,2026-06-08,12:45,141,Bermuda Slim,Bermuda,Vermelha,GG,3,162.9,48.87,439.83,PIX,Online,97.0,6
3536,2026-09-23,09:00,7,Acessório X,Acessório,Vermelha,GG,3,160.81,0.0,482.43,Cartão de Débito,Online,90.0,5
3537,2026-05-24,14:45,47,Blusa Esporte,Blusa,Vermelha,M,3,85.46,0.0,256.38,PIX,Física,590.0,5
3538,2026-06-05,18:45,118,Bermuda Premium,Bermuda,Verde,G,2,289.27,0.0,578.54,PIX,Física,204.0,16
3539,2026-07-08,20:45,31,Vestido Social,Vestido,Azul,GG,2,28.24,5.65,50.83,Dinheiro,Física,532.0,4
3540,2026-08-30,09:30,160,Vestido Básica,Vestido,Branca,G,1,38.68,3.87,34.81,Dinheiro,Online,408.0,22
3541,2026-08-25,19:30,46,Bermuda Social,Bermuda,Azul,P,3,46.54,0.0,139.62,Cartão de Crédito,Física,170.0,8
3542,2026-08-15,21:30,175,Jaqueta Slim,Jaqueta,Branca,P,1,111.44,5.57,105.87,Cartão de Crédito,Física,149.0,21
3543,2026-07-22,20:15,55,Vestido Premium,Vestido,Branca,M,4,126.12,25.22,479.26,Dinheiro,Online,550.0,8
3544,2026-03-21,19:45,3,Vestido Esporte,Vestido,Azul,GG,3,51.13,0.0,153.39,Cartão de Crédito,Física,224.0,1
3545,2026-03-07,10:00,78,Acessório Básica,Acessório,Cinza,GG,1,138.63,13.86,124.77,Cartão de Crédito,Online,398.0,7
3546,2026-09-08,14:45,58,Blusa X,Blusa,Branca,P,2,215.52,43.1,387.94,Dinheiro,Online,36600.0,3
3547,2026-06-10, 18:30,68,Acessório Casual,Acessório,Branca,P,4,212.83,127.7,723.62,Cartão de Crédito,Física,450.0,23
3548,2026-08-22,19:15,73,Calça X,Calça,Azul,M,1,313.28,46.99,266.29,Crediário,Física,503.0,23
3549,2026-07-07,09:45,127,Bermuda X,Bermuda,Azul,M,2,269.31,0.0,538.62,PIX,Física,197.0,17
3550,2026-08-13,18:00,85,Calça X,Calça,Cinza,G,4,287.08,172.25,976.07,Cartão de Crédito,Física,534.0,11
3551,2026-06-03,18:15,118,Bermuda Premium,Bermuda,Verde,G,3,289.27,86.78,781.03,PIX,Física,385.0,20
3552,2026-09-23,17:45,28,Bermuda Premium,Bermuda,Vermelha,GG,1,57.16,8.57,48.59,PIX,Online,,14
3553,2026-07-05,19:30,169,Camiseta Premium,Camiseta,Branca,GG,2,137.47,0.0,274.94,Dinheiro,Online,268.0,10
3554,2026-04-12,15:00,42,Calça Casual,Calça,Verde,G,1,245.94,0.0,245.94,Cartão De Crédito,Física,76.0,4
3555,2026-09-13,15:45,108,Jaqueta X,Jaqueta,Azul,G,2,84.3,16.86,151.74,Cartão de Débito,Física,212.0,10
3556,2026-09-05,11:15,91,Acessório Casual,Acessório,Rosa,M,2,274.86,27.49,"522,23",Cartão de Crédito,Online,556.0,17
3557,2026-04-07,11:15,96,Camiseta Casual,Camiseta,Verde,P,1,307.93,15.4,292.53,Cartão de Crédito,Física,317.0,5
3558,2026-07-13,11:45,25,Calça Básica,Calça,Rosa,GG,4,346.73,0.0,1386.92,Cartão de Crédito,Online,188.0,12
3559,2026-07-12,16:30,120,Camiseta Básica,Camiseta,Rosa,G,1,304.19,0.0,304.19,Cartão de Débito,Online,336.0,24
3560,2026-07-22,18:15,57,Calça Casual,Calça,Verde,GG,2,86.79,0.0,173.58,PIX,Física,131.0,22
3561,17/06/26,21:30,111,Blusa Esporte,Blusa,Verde,M,4,279.57,167.74,950.54,PIX,Física,229.0,18
3562,2026-07-01,15:45,10,Camiseta Social,Camiseta,Azul,G,2,281.48,56.3,506.66,Dinheiro,Física,54.0,22
3563,2026-03-07,10:00,80,Camiseta Básica,Camiseta,Cinza,M,3,179.41,0.0,538.23,Pix,Física,499.0,11
3564,2026-07-10,17:00,150,Camiseta Casual,Camiseta,Cinza,GG,1,216.84,0.0,216.84,Cartão de Crédito,Online,229.0,2
3565,2026-09-09,16:30,68,Acessório Casual,Acessório,Branca,P,1,212.83,0.0,212.83,Dinheiro,Física,205.0,8
3566,2026-04-18,19:15,8,Bermuda Básica,Bermuda,Rosa,P,4,301.95,181.17,1026.63,Cartão de Débito,Física,383.0,15
3567,2026-03-15,09:30,2,Calça Casual,Calça,Verde,M,2,308.53,30.85,586.21,Cartão de Débito,Online,389.0,2
3568,2026-03-24,17:15,178,Blusa Slim,Blusa,Rosa,G,1,281.67,28.17,253.5,cartão de débito,Física,39.0,14
3569,2026-08-06,12:00,139,Jaqueta X,Jaqueta,Preta,M,4,172.53,0.0,690.12,PIX,Online,61.0,20
3570,2026-06-14,21:15  ,130,Bermuda Slim,Bermuda,Verde,G,1,139.82,20.97,118.85,Cartão de Débito,Física,397.0,25
3571,2026-04-15,13:15,128,Acessório X,Acessório,Verde,G,4,38.26,15.3,137.74,Cartão de Débito,Física,865.0,4
3572,2026-08-26,17:30,79,Vestido Slim,Vestido,Verde,GG,4,29.96,0.0,119.84,Cartão de Débito,Online,480.0,2
3573,2026-06-30,15:00,91,Acessório Casual,Acessório,Rosa,M,3,274.86,82.46,742.12,Cartão de Crédito,Física,167.0,2
3574,2026-03-27,17:15,12,Blusa X,Blusa,Rosa,P,4,258.15,103.26,929.34,Crediário,Física,555.0,8
3575,2026-06-02,19:00,177,Camiseta Slim,Camiseta,Vermelha,G,1,63.08,9.46,53.62,Dinheiro,Física,132.0,20
3576,2026-06-15,09:00,115,Vestido Básica,Vestido,Vermelha,GG,1,108.11,5.41,102.7,Cartão de Débito,Online,402.0,12
3577,2026-03-04,09:15,103,Acessório Esporte,Acessório,Verde,M,1,142.1,0.0,142.1,Dinheiro,Física,99.0,12
3578,2026-04-22,21:30,61,Blusa Social,Blusa,Preta,P,2,336.13,67.23,605.03,PIX,Física,392.0,11
3579,2026-06-18,09:45,4,Acessório Básica,Acessório,Vermelha,G,2,81.82,8.18,155.46,Cartão de Débito,Online,,19
3580,10/06/26,20:15,77,Blusa Básica,Blusa,Preta,M,4,29.9,5.98,113.62,Cartão de Crédito,Online,59.0,12
3581,2026-08-22,18:30,111,Blusa Esporte,Blusa,Verde,M,3,279.57,125.81,712.9,Cartão de Débito,Online,68.0,10
3582,2026-08-08,13:00,151,Vestido Social,Vestido,Cinza,P,3,305.13,137.31,778.08,Cartão de Débito,Física,330.0,6
3583,2026-04-07,11:15,33,Camiseta Esporte,Camiseta,Verde,G,1,238.32,0.0,238.32,Cartão de Crédito,Online,593.0,2
3584,2026-08-31,21:45,152,Jaqueta Premium,Jaqueta,Verde,M,1,208.59,10.43,198.16,Dinheiro,Online,306.0,2
3585,2026-07-26,11:00,10,Camiseta Social,Camiseta,Azul,G,4,281.48,112.59,1013.33,PIX,Física,429.0,10
3586,2026-07-16,21:00,115,Vestido Básica,Vestido,Vermelha,GG,3,108.11,0.0,324.33,Crediário,Física,528.0,5
3587,2026-08-06,20:00,127,Bermuda X,Bermuda,Azul,M,2,269.31,26.93,511.69,Dinheiro,Física,529.0,2
3588,2026-05-15,21:00,89,Acessório Premium,Acessório,Vermelha,GG,1,62.97,6.3,56.67,Cartão de Crédito,Física,390.0,23
3589,2026-09-13,12:30,167,Jaqueta Slim,Jaqueta,Branca,G,4,219.14,0.0,876.56,Cartão de Débito,Física,14.0,15
3590,2026-06-29,14:15,164,Blusa Premium,Blusa,Preta,G,3,175.34,52.6,473.42,PIX,Física,396.0,19
3591,2026-08-26, 19:15 ,118,Bermuda Premium,Bermuda,Verde,G,3,289.27,0.0,867.81,Cartão de Débito,Online,31.0,13
3592,2026-08-08,20:30,107,Bermuda Slim,Bermuda,Rosa,M,4,304.94,0.0,1219.76,Cartão de Crédito,Online,368.0,12
3593,2026-05-22,20:00,43,Bermuda Premium,Bermuda,Preta,GG,3,144.6,65.07,368.73,Dinheiro,Online,370.0,21
3594,2026-03-28,16:00,154,Bermuda Básica,Bermuda,Branca,P,1,240.69,24.07,216.62,Cartão de Débito,Física,577.0,12
3595,2026-04-04,18:45,95,Bermuda X,Bermuda,Cinza,G,2,275.07,82.52,467.62,Cartão de Débito,Online,208.0,10
3596,2026-04-12,19:00,160,Vestido Básica,Vestido,Branca,G,3,38.68,5.8,110.24,PIX,Física,41.0,24
3597,2026-05-09,14:00,113,Jaqueta Premium,Jaqueta,Rosa,M,1,196.9,29.54,167.36,Crediário,Física,333.0,19
3598,2026-04-04,16:15,41,Vestido X,Vestido,Verde,M,4,38.61,0.0,154.44,Cartão de Crédito,Física,43.0,11
3599,2026-05-29,10:45,125,Vestido X,Vestido,Verde,M,1,114.2,0.0,114.2,PIX,Física,335.0,7
3600,2026-03-17,11:30,109,Camiseta Esporte,Camiseta,Branca,GG,1,227.45,0.0,227.45,Cartão de Crédito,Física,344.0,16
3601,2026-08-11,16:15,144,Blusa X,Blusa,Verde,G,3,297.99,0.0,893.97,Cartão de Crédito,Física,70.0,6
3602,2026-05-25,11:15,99,Camiseta Slim,Camiseta,Rosa,G,1,178.5,26.78,151.72,Cartão de Crédito,Física,33.0,23
3603,2026-04-21,18:45,170,Bermuda Premium,Bermuda,Vermelha,GG,4,234.75,46.95,"892,05",PIX,Física,25.0,18
3604,2026-06-01,12:45,53,Jaqueta Casual,Jaqueta,Branca,P,3,203.54,61.06,549.56,Cartão de Débito,Física,264.0,12
3605,2026-04-27,15:30,28,Bermuda Premium,Bermuda,Vermelha,GG,3,57.16,8.57,162.91,PIX,Física,501.0,6
3606,2026-04-13,18:30,108,Jaqueta X,Jaqueta,Azul,G,2,84.3,25.29,143.31,Cartão de Crédito,Online,525.0,15
3607,2026-04-26,13:45,89,Acessório Premium,Acessório,Vermelha,GG,1,62.97,6.3,56.67,Cartão de Crédito,Física,272.0,2
3608,27/03/2026,17:15,143,Bermuda Casual,Bermuda,Rosa,G,4,113.47,22.69,431.19,Cartão de Débito,Online,417.0,18
3609,2026-08-19,17:30,106,Blusa Premium,Blusa,Azul,P,2,204.85,0.0,409.7,Dinheiro,Online,56.0,4
3610,2026-04-02,15:00,75,Bermuda Premium,Bermuda,Cinza,G,4,129.65,0.0,518.6,Dinheiro,Física,453.0,6
3611,2026-09-16,10:00,81,Calça Básica,Calça,Rosa,G,4,188.91,0.0,755.64,Cartão de Débito,Online,342.0,18
3612,2026-09-29,15:45,157,Bermuda Básica,Bermuda,Azul,P,4,35.03,0.0,140.12,Cartão de Débito,Física,390.0,15
3613,2026-08-16,13:45,106,Blusa Premium,Blusa,Azul,P,2,204.85,0.0,409.7,Cartão de Crédito,Online,410.0,4
3614,2026-09-26,09:30,111,Blusa Esporte,Blusa,Verde,M,2,279.57,0.0,559.14,PIX,Física,367.0,11
3615,2026-08-04,17:15,105,Calça Premium,Calça,Vermelha,GG,4,53.58,10.72,203.6,PIX,Online,578.0,9
3616,2026-06-01,09:00,125,Vestido X,Vestido,Verde,M,2,114.2,0.0,228.4,Cartão De Crédito,Física,4976.0,2
3617,2026-07-05,16:45,16,Bermuda Esporte,Bermuda,Branca,M,2,242.53,0.0,485.06,Cartão de Crédito,Online,432.0,7
3618,2026-03-04,13:45,119,Calça Esporte,Calça,Branca,P,3,331.07,49.66,"943,55",Cartão de Crédito,Online,555.0,3
3619,2026-09-01,18:00,31,Vestido Social,Vestido,Azul,GG,3,28.24,8.47,76.25,Crediário,Online,592.0,21
3620,2026-03-25,17:30,51,Blusa Premium,Blusa,Branca,P,3,122.21,0.0,366.63,Cartão de Débito,Física,122.0,2
3621,2026-05-27,13:30,91,Acessório Casual,Acessório,Rosa,M,1,274.86,0.0,274.86,Cartão de Débito,Online,77.0,9
3622,2026-05-14,19:15,159,Calça Social,Calça,Verde,G,2,166.81,16.68,316.94,Cartão de Débito,Online,400.0,25
3623,2026-05-24,10:00,54,Bermuda Social,Bermuda,Cinza,G,4,115.21,69.13,391.71,Cartão de Crédito,Online,,4
3624,2026-08-07,15:30,175,Jaqueta Slim,Jaqueta,Branca,P,2,111.44,22.29,200.59,PIX,Online,285.0,24
3625,2026-08-10,13:45,131,Jaqueta X,Jaqueta,Azul,P,1,192.39,0.0,192.39,Cartão de Crédito,Física,375.0,6
3626,2026-09-12,21:45  ,34,Blusa Casual,Blusa,Preta,GG,4,206.43,0.0,825.72,Dinheiro,Física,442.0,16
3627,2026-08-29,13:15,176,Vestido Esporte,Vestido,Vermelha,M,2,227.13,0.0,454.26,Dinheiro,Online,405.0,21
3628,2026-05-16,16:15,75,Bermuda Premium,Bermuda,Cinza,G,2,129.65,25.93,233.37,Dinheiro,Física,125.0,9
3629,17/05/2026,18:30,88,Bermuda X,Bermuda,Rosa,G,1,55.13,0.0,55.13,Dinheiro,Online,,9
3630,2026-05-28,18:15,84,Blusa X,Blusa,Branca,M,4,91.15,54.69,309.91,PIX,Física,505.0,12
3631,2026-05-23,16:45,123,Camiseta Básica,Camiseta,Preta,P,3,195.44,58.63,"527,69",Dinheiro,Física,390.0,5
3632,2026-09-18,13:30,72,Camiseta Casual,Camiseta,Rosa,P,3,280.68,84.2,757.84,Cartão de Débito,Online,554.0,16
3633,2026-04-25,19:45,102,Vestido Premium,Vestido,Vermelha,GG,2,250.72,0.0,501.44,Cartão de Crédito,Física,558.0,14
3634,2026-06-25,13:15,49,Calça Esporte,Calça,Preta,P,2,264.21,0.0,528.42,Cartão de Crédito,Física,466.0,18
3635,2026-05-05,21:30,112,Bermuda Premium,Bermuda,Rosa,GG,2,93.18,0.0,186.36,Dinheiro,Online,479.0,20
3636,2026-09-19,13:45,80,Camiseta Básica,Camiseta,Cinza,M,1,179.41,17.94,161.47,Cartão de Crédito,Online,141.0,3
3637,2026-04-03,10:15,176,Vestido Esporte,Vestido,Vermelha,M,2,227.13,0.0,454.26,PIX,Física,178.0,16
3638,2026-09-20,18:00,169,Camiseta Premium,Camiseta,Branca,GG,3,137.47,0.0,412.41,Cartão de Débito,Online,512.0,14
3639,2026-08-21,10:15,51,Blusa Premium,Blusa,Branca,P,3,122.21,0.0,366.63,Dinheiro,Física,121.0,12
3640,2026-06-20,21:30,129,Acessório X,Acessório,Branca,M,3,84.81,38.16,216.27,Cartão de Crédito,Online,594.0,13
3641,2026-06-28,16:00,5,Jaqueta Básica,Jaqueta,Preta,GG,3,235.61,0.0,706.83,Dinheiro,Online,320.0,9
3642,2026-07-13,19:45,135,Bermuda Básica,Bermuda,Cinza,M,3,74.1,0.0,222.3,Dinheiro,Física,324.0,10
3643,2026-06-02,17:00,96,Camiseta Casual,Camiseta,Verde,P,3,307.93,46.19,877.6,Cartão de Débito,Online,572.0,25
3644,2026-05-15,17:30,47,Blusa Esporte,Blusa,Vermelha,M,4,85.46,0.0,341.84,PIX,Online,326.0,23
3645,2026-07-27,11:30,25,Calça Básica,Calça,Rosa,GG,3,346.73,0.0,1040.19,Crediário,Física,449.0,6
3646,01/03/26,14:00,123,Camiseta Básica,Camiseta,Preta,P,1,195.44,0.0,195.44,Crediário,Física,341.0,14
3647,2026-09-02,16:15,22,Bermuda Social,Bermuda,Vermelha,GG,3,213.75,32.06,609.19,Cartão de Débito,Física,35.0,10
3648,2026-04-17,12:45,27,Camiseta Casual,Camiseta,Vermelha,P,1,287.37,0.0,287.37,PIX,Física,547.0,18
3649,2026-07-21,10:45,82612,Blusa Social,Blusa,Verde,M,2,202.64,40.53,364.75,PIX,Física,470.0,16
3650,2026-08-12,14:00,87,Camiseta Casual,Camiseta,Cinza,P,0,273.14,0.0,"R$ 1.092,56",PIX,Física,319.0,5
3651,2026-03-12,11:15,129,Acessório X,Acessório,Branca,M,4,84.81,50.89,288.35,Cartão de Débito,Online,99.0,23
3652,2026-08-30,18:30,118,Bermuda Premium,Bermuda,Verde,G,3,289.27,86.78,781.03,Dinheiro,Física,394.0,1
3653,2026-09-10,21:15,37,Acessório Premium,Acessório,Rosa,G,2,281.93,84.58,479.28,Cartão de Débito,Física,327.0,6
3654,2026-03-11,12:30,115,Vestido Básica,Vestido,Vermelha,GG,2,108.11,32.43,183.79,Dinheiro,Online,1.0,18
3655,2026-04-27,14:00,15,Bermuda Básica,Bermuda,Cinza,G,2,52.05,10.41,93.69,Crediário,Física,419.0,15
3656,2026-08-29,14:15,61,Blusa Social,Blusa,Preta,P,4,336.13,67.23,1277.29,Dinheiro,Online,281.0,17
3657,2026-05-04,18:15,49,Calça Esporte,Calça,Preta,P,1,264.21,39.63,224.58,Cartão de Débito,Física,552.0,2
3658,2026-06-13,21:30,59,Blusa Social,Blusa,Verde,M,4,202.64,0.0,810.56,Dinheiro,Online,594.0,18
3659,2026-08-26,09:45,18,Acessório Básica,Acessório,Azul,M,3,242.78,0.0,728.34,PIX,Física,452.0,7
3660,2026-08-05,21:00,31,Vestido Social,Vestido,Azul,GG,4,28.24,156.00437939733376,112.96,Cartão de Débito,Online,25787.0,9
3661,2026-03-25,14:30,19,Calça Casual,Calça,Rosa,P,1,165.92,16.59,149.33,Cartão De Débito,Física,426.0,7
3662,2026-08-18,09:45,129,Acessório X,Acessório,Branca,M,1,84.81,8.48,"76,33",Cartão de Débito,Online,228.0,15
3663,2026-07-22, 19:45 ,45,Jaqueta Social,Jaqueta,Preta,P,4,105.9,0.0,423.6,Dinheiro,Física,514.0,17
3664,2026-06-30,18:15,105,Calça Premium,Calça,Vermelha,GG,1,53.58,2.68,50.9,Cartão de Débito,Física,34.0,22
3665,2026-08-19,16:00,54,Bermuda Social,Bermuda,Cinza,G,1,115.21,0.0,115.21,Cartão de Débito,Física,109.0,8
3666,2026-04-12,11:30,144,Blusa X,Blusa,Verde,G,4,297.99,178.79,1013.17,Dinheiro,Física,161.0,19
3667,2026-08-21, 19:00 ,98,Acessório Básica,Acessório,Branca,G,3,254.79,38.22,726.15,Dinheiro,Física,382.0,11
3668,2026-04-18,21:30,47,Blusa Esporte,Blusa,Vermelha,M,3,85.46,25.64,230.74,PIX,Física,200.0,16
3669,2026-03-29,10:30,59,Blusa Social,Blusa,Verde,M,1,202.64,0.0,202.64,Crediário,Física,127.0,11
3670,2026-09-29, 11:15,165,Calça Casual,Calça,Rosa,G,4,158.71,0.0,634.84,PIX,Física,501.0,20
3671,2026-09-05,10:45,99,Camiseta Slim,Camiseta,Rosa,G,1,178.5,26.78,151.72,Cartão de Débito,Online,494.0,13
3672,2026-03-11,20:30,54,Bermuda Social,Bermuda,Cinza,G,1,115.21,0.0,115.21,Cartão de Crédito,Online,581.0,10
3673,2026-08-13,20:30,170,Bermuda Premium,Bermuda,Vermelha,GG,2,234.75,23.48,446.02,Cartão de Débito,Física,525.0,11
3674,2026-08-09,15:00,37,Acessório Premium,Acessório,Rosa,G,3,281.93,42.29,803.5,Cartão de Crédito,Online,315.0,18
3675,2026-03-25,21:45,146,Calça Premium,Calça,Branca,GG,1,343.66,0.0,"R$ 343,66",Cartão de Crédito,Online,59.0,19
3676,2026-08-02,14:30,84,Blusa X,Blusa,Branca,M,2,91.15,27.35,"R$ 154,95",PIX,Física,436.0,4
3677,2026-09-09,15:30,96,Camiseta Casual,Camiseta,Verde,P,4,307.93,0.0,1231.72,Cartão de Débito,Online,521.0,4
3678,2026-03-19,18:15,3,Vestido Esporte,Vestido,Azul,GG,2,51.13,10.23,92.03,Cartão de Débito,Online,365.0,9
3679,2026-06-25,18:45,119,Calça Esporte,Calça,Branca,P,2,331.07,0.0,662.14,Cartão de Débito,Física,442.0,1
3680,2026-04-27,16:15,158,Jaqueta Premium,Jaqueta,Rosa,GG,4,91.13,18.23,346.29,CARTÃO DE CRÉDITO,Online,573.0,10
3681,2026-04-11,14:00,103,Acessório Esporte,Acessório,Verde,M,1,142.1,7.1,135.0,Crediário,Física,442.0,1
3682,2026-09-29, 09:45,135,Bermuda Básica,Bermuda,Cinza,M,3,74.1,0.0,222.3,Cartão de Crédito,Física,180.0,9
3683,2026-08-08,20:00,42,Calça Casual,Calça,Verde,G,1,245.94,36.89,209.05,PIX,Física,113.0,12
3684,2026-09-03,13:00,8,Bermuda Básica,Bermuda,Rosa,P,4,301.95,0.0,1207.8,Cartão de Crédito,Online,588.0,4
3685,05-09-2026,20:30,166,Blusa Casual,Blusa,Cinza,P,3,25.41,0.0,76.23,Cartão de Débito,Online,370.0,2
3686,2026-09-28,14:15,104,Acessório Premium,Acessório,Rosa,M,1,240.9,12.05,228.85,Cartão de Crédito,Online,,18
3687,2026-09-11,13:15,38,Acessório Esporte,Acessório,Rosa,P,2,113.5,22.7,204.3,Cartão de Crédito,Física,467.0,19
3688,2026-07-15,11:15,171,Blusa Casual,Blusa,Verde,M,1,139.15,13.92,125.23,Cartão de Débito,Física,556.0,12
3689,15-05-2026,17:45,5,Jaqueta Básica,Jaqueta,Preta,GG,2,235.61,0.0,471.22,Dinheiro,Física,476.0,17
3690,2026-06-22, 11:15 ,114,Camiseta Social,Camiseta,Verde,GG,2,330.12,99.04,561.2,PIX,Online,349.0,18
3691,2026-04-16,20:00,160,Vestido Básica,Vestido,Branca,G,1,38.68,0.0,38.68,Cartão de Crédito,Física,280.0,21
3692,2026-05-20,17:45,174,Calça Slim,Calça,Cinza,M,4,34.1,0.0,136.4,Dinheiro,Online,223.0,18
3693,2026-08-14,12:15,76,Jaqueta X,Jaqueta,Cinza,P,1,291.87,0.0,291.87,Cartão de Crédito,Online,533.0,1
3694,2026-09-25,17:15,21,Bermuda Social,Bermuda,Branca,GG,4,301.4,0.0,1205.6,Cartão de Crédito,Física,,11
3695,2026-06-21,12:45,67,Vestido Premium,Vestido,Preta,G,4,60.66,36.4,206.24,Cartão de Crédito,Online,406.0,21
3696,2026-03-17,17:15,26,Jaqueta Esporte,Jaqueta,Verde,P,1,204.58,0.0,204.58,Cartão de Débito,Online,398.0,8
3697,2026-03-22,14:30,52,Vestido Básica,Vestido,Vermelha,G,2,334.95,33.49,636.41,Cartão de Débito,Online,529.0,22
3698,2026-06-25,16:00,43,Bermuda Premium,Bermuda,Preta,GG,3,144.6,0.0,433.8,Cartão de Débito,Online,27.0,8
3699,2026-04-03,13:15,105,Calça Premium,Calça,Vermelha,GG,2,53.58,0.0,107.16,Cartão de Débito,Online,277.0,2
3700,2026-03-12,21:15,57,Calça Casual,Calça,Verde,GG,4,86.79,0.0,"R$ 347,16",CARTÃO DE DÉBITO,Física,574.0,22
3701,2026-07-15,18:00,31,Vestido Social,Vestido,Azul,GG,1,28.24,2.82,25.42,Crediário,Física,227.0,9
3702,2026-08-11,14:45,76,Jaqueta X,Jaqueta,Cinza,P,4,291.87,0.0,1167.48,PIX,Física,596.0,7
3703,2026-07-11,18:00,34,Blusa Casual,Blusa,Preta,GG,3,206.43,92.89,526.4,Cartão de Débito,Online,237.0,12
3704,2026-05-23,16:45,61,Blusa Social,Blusa,Preta,P,4,336.13,67.23,1277.29,PIX,Física,445.0,5
3705,2026-06-18,19:45,45,Jaqueta Social,Jaqueta,Preta,P,1,105.9,0.0,105.9,Dinheiro,Online,200.0,20
3706,2026-03-20,09:00,93,Calça Slim,Calça,Azul,G,1,328.53,0.0,328.53,Cartão de Débito,Física,549.0,23
3707,2026-06-30,11:45,139,Jaqueta X,Jaqueta,Preta,M,4,172.53,69.01,621.11,CARTÃO DE DÉBITO,Online,3.0,17
3708,2026-08-26,13:45,139,Jaqueta X,Jaqueta,Preta,M,1,172.53,25.88,146.65,PIX,Física,383.0,8
3709,2026-09-02,14:00,50,Blusa Básica,Blusa,Azul,G,2,124.43,12.44,236.42,Cartão de Débito,Online,144.0,13
3710,25-05-2026,21:30,145,Bermuda Casual,Bermuda,Azul,GG,3,159.63,47.89,431.0,Cartão de Crédito,Física,530.0,14
3711,2026-08-25,11:45,29,Blusa Básica,Blusa,Azul,P,3,287.6,43.14,819.66,Cartão De Débito,Física,193.0,9
3712,2026-05-31,10:15,50,Blusa Básica,Blusa,Azul,G,3,124.43,0.0,373.29,Cartão de Débito,Online,539.0,17
3713,2026-08-11,13:30,11,Calça Básica,Calça,Verde,G,1,112.35,16.85,95.5,Cartão de Débito,Física,415.0,2
3714,2026-08-26,12:30,64,Blusa Slim,Blusa,Cinza,G,1,307.95,0.0,307.95,cartão de crédito,Física,389.0,24
3715,2026-03-21,15:45,56,Camiseta Social,Camiseta,Verde,M,3,252.29,113.53,643.34,PIX,Online,274.0,5
3716,2026-07-09,17:30,160,Vestido Básica,Vestido,Branca,G,2,38.68,11.6,65.76,Cartão de Crédito,Online,149.0,11
3717,2026-08-18,15:45,27,Camiseta Casual,Camiseta,Vermelha,P,2,287.37,57.47,517.27,Cartão de Crédito,Online,415.0,7
3718,2026-09-24,21:30,108,Jaqueta X,Jaqueta,Azul,G,3,84.3,25.29,227.61,Cartão de Crédito,Online,282.0,15
3719,2026-07-06,16:30,164,Blusa Premium,Blusa,Preta,G,3,175.34,78.9,447.12,Cartão de Crédito,Online,476.0,11
3720,2026-03-21,12:45,131,Jaqueta X,Jaqueta,Azul,P,1,192.39,28.86,163.53,Cartão de Débito,Física,379.0,23
3721,2026-04-14,16:45,88,Bermuda X,Bermuda,Rosa,G,2,55.13,5.51,104.75,Dinheiro,Online,519.0,9
3722,16/03/2026,09:15,88,Bermuda X,Bermuda,Rosa,G,3,55.13,0.0,165.39,Cartão de Débito,Física,475.0,17
3723,2026-07-22,15:15,4,Acessório Básica,Acessório,Vermelha,G,3,81.82,0.0,245.46,Crediário,Online,186.0,9
3724,2026-03-12,19:30,98,Acessório Básica,Acessório,Branca,G,4,254.79,50.96,968.2,Cartão de Crédito,Física,9.0,17
3725,2026-05-16,17:00,128,Acessório X,Acessório,Verde,G,1,38.26,3.83,34.43,Crediário,Online,416.0,16
3726,2026-09-21,16:15,131,Jaqueta X,Jaqueta,Azul,P,2,192.39,0.0,384.78,Cartão de Débito,Online,461.0,21
3727,2026-09-28,12:15,114,Camiseta Social,Camiseta,Verde,GG,4,330.12,0.0,1320.48,Cartão de Débito,Física,598.0,6
3728,2026-09-08,12:30,178,Blusa Slim,Blusa,Rosa,G,3,281.67,0.0,845.01,Cartão de Débito,Física,572.0,23
3729,2026-05-06, 18:30 ,158,Jaqueta Premium,Jaqueta,Rosa,GG,2,91.13,9.11,173.15,Cartão de Crédito,Online,429.0,15
3730,2026-04-10,17:45,128,Acessório X,Acessório,Verde,G,4,38.26,15.3,137.74,Cartão de Débito,Física,246.0,11
3731,2026-06-26,21:30,37,Acessório Premium,Acessório,Rosa,G,3,281.93,0.0,845.79,PIX,Física,141.0,7
3732,2026-03-12,20:00,155,Blusa X,Blusa,Rosa,GG,1,229.95,0.0,229.95,PIX,Física,257.0,18
3733,2026-07-26,15:15,44,Acessório Esporte,Acessório,Preta,M,1,211.07,0.0,211.07,Cartão de Crédito,Online,61.0,7
3734,2026-08-29,15:15,163,Blusa Esporte,Blusa,Rosa,GG,2,291.86,29.19,554.53,Cartão de Crédito,Física,468.0,8
3735,21/09/2026,21:15,164,Blusa Premium,Blusa,Preta,G,2,175.34,0.0,350.68,Cartão de Crédito,Física,545.0,5
3736,2026-06-03,11:30,141,Bermuda Slim,Bermuda,Vermelha,GG,4,162.9,0.0,651.6,Cartão de Débito,Física,479.0,13
3737,2026-08-20,10:30,138,Jaqueta Social,Jaqueta,Branca,P,3,257.25,38.59,733.16,PIX,Física,135.0,5
3738,2026-03-10,15:30,20,Blusa Básica,Blusa,Branca,M,3,212.5,63.75,573.75,Cartão de Crédito,Online,536.0,23
3739,2026-04-11,10:00  ,128,Acessório X,Acessório,Verde,G,1,38.26,0.0,38.26,Dinheiro,Física,414.0,17
3740,2026-05-15,11:45,127,Bermuda X,Bermuda,Azul,M,4,269.31,53.86,1023.38,Dinheiro,Online,89.0,9
3741,2026-04-30,13:30,93,Calça Slim,Calça,Azul,G,1,328.53,16.43,312.1,PIX,Online,586.0,20
3742,15-05-2026,13:30,163,Blusa Esporte,Blusa,Rosa,GG,2,291.86,0.0,583.72,PIX,Física,162.0,1
3743,2026-06-12,11:00,27,Camiseta Casual,Camiseta,Vermelha,P,1,287.37,0.0,287.37,Dinheiro,Física,236.0,10
3744,2026-04-17,10:30,3,Vestido Esporte,Vestido,Azul,GG,3,51.13,15.34,138.05,Cartão de Débito,Online,430.0,14
3745,2026-08-28,11:00,20,Blusa Básica,Blusa,Branca,M,4,212.5,0.0,850.0,Crediário,Física,306.0,7
3746,2026-05-05,09:00,146,Calça Premium,Calça,Branca,GG,2,343.66,68.73,618.59,PIX,Física,82.0,16
3747,2026-08-18,11:45,33,Camiseta Esporte,Camiseta,Verde,G,4,238.32,47.66,905.62,Cartão de Débito,Online,24.0,14
3748,2026-09-10, 14:45,37,Acessório Premium,Acessório,Rosa,G,2,281.93,28.19,535.67,Cartão de Débito,Online,198.0,21
3749,2026-09-27,18:15,103,Acessório Esporte,Acessório,Verde,M,-2,142.1,0.0,568.4,Cartão de Débito,Online,149.0,23
3750,2026-09-28,16:45,107,Bermuda Slim,Bermuda,Rosa,M,4,304.94,121.98,1097.78,Crediário,Online,375.0,8
3751,2026-06-22,15:00,82,Bermuda Social,Bermuda,Azul,M,1,325.21,0.0,325.21,Pix,Física,305.0,11
3752,2026-03-18, 16:45 ,57,Calça Casual,Calça,Verde,GG,3,86.79,26.04,234.33,PIX,Física,238.0,13
3753,2026-09-07,16:30,35,Blusa Premium,Blusa,Preta,P,4,314.35,188.61,1068.79,PIX,Online,437.0,9
3754,2026-03-08,10:45,27,Camiseta Casual,Camiseta,Vermelha,P,2,287.37,0.0,"574,74",PIX,Física,321.0,19
3755,2026-09-02,14:15,145,Bermuda Casual,Bermuda,Azul,GG,2,159.63,47.89,271.37,PIX,Online,484.0,2
3756,2026-05-20,17:00,126,Calça Casual,Calça,Vermelha,G,3,275.71,0.0,827.13,Dinheiro,Física,444.0,15
3757,10-06-2026,19:30,40,Jaqueta Premium,Jaqueta,Branca,G,1,59.14,5.91,53.23,Cartão de Débito,Online,490.0,10
3758,2026-06-23,19:30,125,Vestido X,Vestido,Verde,M,3,114.2,0.0,342.6,Cartão de Débito,Física,561.0,1
3759,2026-05-03,17:30,173,Camiseta Esporte,Camiseta,Preta,P,4,183.66,0.0,734.64,Cartão de Crédito,Online,27.0,1
3760,2026-03-11,16:15,111,Blusa Esporte,Blusa,Verde,M,4,279.57,0.0,1118.28,PIX,Física,580.0,13
3761,2026-06-01,15:30,82,Bermuda Social,Bermuda,Azul,M,4,325.21,0.0,1300.84,Cartão de Crédito,Online,420.0,18
3762,2026-03-27,11:30,84,Blusa X,Blusa,Branca,M,2,91.15,0.0,182.3,PIX,Online,70.0,18
3763,2026-06-10,16:00,125,Vestido X,Vestido,Verde,M,1,114.2,17.13,97.07,PIX,Física,410.0,3
3764,2026-06-25,17:45,170,Bermuda Premium,Bermuda,Vermelha,GG,-2,234.75,0.0,234.75,Cartão de Débito,Online,226.0,20
3765,2026-05-27,12:30,93,Calça Slim,Calça,Azul,G,2,328.53,0.0,657.06,Cartão de Débito,Física,267.0,21
3766,2026-07-16,12:30,109,Camiseta Esporte,Camiseta,Branca,GG,1,227.45,0.0,227.45,Dinheiro,Online,173.0,7
3767,2026-03-18,10:45,16,Bermuda Esporte,Bermuda,Branca,M,1,242.53,0.0,242.53,Cartão de Crédito,Física,312.0,10
3768,2026-06-08,18:15,62,Jaqueta Social,Jaqueta,Rosa,M,1,66.35,0.0,66.35,Dinheiro,Online,228.0,11
3769,2026-05-14,20:15,116,Blusa Premium,Blusa,Branca,G,1,68.25,0.0,68.25,Cartão de Crédito,Online,522.0,2
3770,2026-05-12,19:00,22,Bermuda Social,Bermuda,Vermelha,GG,1,213.75,32.06,181.69,PIX,Online,64.0,25
3771,2026-03-11,17:45,107,Bermuda Slim,Bermuda,Rosa,M,4,304.94,0.0,1219.76,Dinheiro,Física,545.0,12
3772,03-09-2026,17:30,92,Vestido Básica,Vestido,Cinza,G,1,146.37,0.0,146.37,PIX,Online,203.0,22
3773,12/03/2026,21:30,69,Camiseta Básica,Camiseta,Branca,M,3,71.3,0.0,"213,90",Cartão de Débito,Física,349.0,6
3774,2026-09-30,13:00,31,Vestido Social,Vestido,Azul,GG,2,28.24,0.0,56.48,Cartão de Crédito,Online,454.0,12
3775,2026-04-01,21:00,144,Blusa X,Blusa,Verde,G,4,297.99,0.0,1191.96,Cartão de Débito,Física,,19
3776,2026-03-10,21:45,31,Vestido Social,Vestido,Azul,GG,2,28.24,0.0,56.48,cartão de débito,Física,122.0,1
3777,2026-04-26,16:45,46,Bermuda Social,Bermuda,Azul,P,2,46.54,0.0,93.08,Cartão de Débito,Física,477.0,3
3778,2026-07-26,11:15,131,Jaqueta X,Jaqueta,Azul,P,4,192.39,76.96,692.6,Cartão de Débito,Online,28.0,7
3779,2026-07-18,09:15,132,Acessório Esporte,Acessório,Rosa,P,1,45.67,0.0,45.67,Cartão de Débito,Física,191.0,5
3780,2026-07-08,16:15,104,Acessório Premium,Acessório,Rosa,M,4,240.9,0.0,963.6,PIX,Online,103.0,14
3781,2026-03-15,18:45,73,Calça X,Calça,Azul,M,4,313.28,125.31,1127.81,PIX,Física,203.0,6
3782,2026-09-10,10:30,3,Vestido Esporte,Vestido,Azul,GG,4,51.13,20.45,184.07,PIX,Física,477.0,7
3783,2026-09-10,14:30,22,Bermuda Social,Bermuda,Vermelha,GG,2,213.75,0.0,427.5,Cartão de Crédito,Física,479.0,17
3784,2026-08-28,09:45,150,Camiseta Casual,Camiseta,Cinza,GG,2,216.84,65.05,368.63,Cartão de Débito,Física,550.0,19
3785,2026-04-08,12:00,172,Camiseta Premium,Camiseta,Rosa,G,2,289.13,0.0,578.26,Cartão de Crédito,Física,574.0,19
3786,2026-04-15,09:00,161,Camiseta X,Camiseta,Branca,GG,4,168.83,101.3,574.02,PIX,Online,257.0,1
3787,2026-06-21,09:30,20,Blusa Básica,Blusa,Branca,M,4,212.5,0.0,850.0,Cartão de Débito,Online,306.0,9
3788,2026-06-01,09:30,160,Vestido Básica,Vestido,Branca,G,3,38.68,0.0,116.04,pix,Física,332.0,2
3789,2026-03-12,17:00,78,Acessório Básica,Acessório,Cinza,GG,2,138.63,27.73,249.53,Dinheiro,Física,260.0,1
3790,2026-06-03,21:45,107,Bermuda Slim,Bermuda,Rosa,M,1,304.94,30.49,274.45,Cartão de Crédito,Online,421.0,6
3791,2026-09-09,15:15,60,Blusa Premium,Blusa,Azul,GG,4,177.54,0.0,710.16,Cartão de Débito,Online,571.0,16
3792,2026-08-08,09:15,80,Camiseta Básica,Camiseta,Cinza,M,4,179.41,35.88,681.76,Cartão de Débito,Física,310.0,10
3793,2026-03-29,09:30,136,Bermuda Slim,Bermuda,Verde,P,1,232.34,0.0,232.34,Dinheiro,Física,402.0,10
3794,2026-06-04,14:45,85,Calça X,Calça,Cinza,G,2,287.08,57.42,516.74,Cartão de Crédito,Física,556.0,12
3795,2026-03-25,20:45,84,Blusa X,Blusa,Branca,M,1,91.15,113.28823691539739,82.03,PIX,Online,406.0,9
3796,2026-07-05,15:00,112,Bermuda Premium,Bermuda,Rosa,GG,4,93.18,37.27,335.45,PIX,Online,155.0,9
3797,2026-03-08,14:15,154,Bermuda Básica,Bermuda,Branca,P,1,240.69,0.0,240.69,Cartão de Débito,Online,178.0,19
3798,2026-03-06,10:45,135,Bermuda Básica,Bermuda,Cinza,M,2,74.1,0.0,148.2,PIX,Física,116.0,13
3799,2026-06-10,09:00,119,Calça Esporte,Calça,Branca,P,1,331.07,0.0,331.07,Cartão de Débito,Física,67.0,25
3800,2026-03-11,18:45,92,Vestido Básica,Vestido,Cinza,G,4,146.37,0.0,585.48,Cartão de Débito,Online,225.0,25
3801,2026-03-29,11:45,44,Acessório Esporte,Acessório,Preta,M,2,211.07,0.0,422.14,Cartão de Crédito,Física,6.0,10
3802,2026-05-11,20:45,95,Bermuda X,Bermuda,Cinza,G,2,275.07,82.52,467.62,Crediário,Online,538.0,3
3803,02/03/2026,12:15,66,Vestido Básica,Vestido,Preta,GG,1,195.93,29.39,166.54,PIX,Física,311.0,5
3804,2026-08-01,17:15,176,Vestido Esporte,Vestido,Vermelha,M,1,227.13,22.71,204.42,PIX,Online,215.0,15
3805,2026-07-08,14:30,76,Jaqueta X,Jaqueta,Cinza,P,3,291.87,87.56,788.05,Dinheiro,Online,319.0,7
3806,2026-03-17,20:15,162,Acessório Esporte,Acessório,Preta,P,1,314.53,0.0,314.53,Dinheiro,Online,257.0,24
3807,2026-09-25,18:15,112,Bermuda Premium,Bermuda,Rosa,GG,1,93.18,0.0,93.18,PIX,Online,33.0,12
3808,2026-08-22,10:15,126,Calça Casual,Calça,Vermelha,G,2,275.71,55.14,496.28,PIX,Física,158.0,9
3809,2026-04-30,17:30,100,Calça Social,Calça,Preta,M,1,133.29,13.33,119.96,Cartão de Crédito,Online,57.0,17
3810,2026-07-04,19:45,117,Vestido Premium,Vestido,Cinza,M,3,81.36,0.0,244.08,Dinheiro,Online,113.0,23
3811,2026-07-14,15:45,139,Jaqueta X,Jaqueta,Preta,M,1,172.53,8.63,163.9,Cartão de Débito,Física,248.0,21
3812,21/06/2026,21:15,158,Jaqueta Premium,Jaqueta,Rosa,GG,2,91.13,27.34,154.92,Cartão de Débito,Online,254.0,11
3813,2026-07-10,16:00,129,Acessório X,Acessório,Branca,M,4,84.81,33.92,305.32,PIX,Física,412.0,14
3814,2026-05-28,19:30,24,Blusa Esporte,Blusa,Preta,M,3,315.76,47.36,899.92,Cartão de Crédito,Online,417.0,21
3815,2026-05-18,15:30,107,Bermuda Slim,Bermuda,Rosa,M,4,304.94,0.0,1219.76,Dinheiro,Online,521.0,9
3816,2026-06-25,18:30,23,Calça Social,Calça,Preta,GG,3,181.44,0.0,544.32,Cartão de Crédito,Online,172.0,3
3817,2026-09-30,10:45,114,Camiseta Social,Camiseta,Verde,GG,4,330.12,132.05,1188.43,Dinheiro,Física,116.0,24
3818,2026-09-13,18:15,108,Jaqueta X,Jaqueta,Azul,G,2,84.3,25.29,143.31,Cartão de Crédito,Online,472.0,24
3819,2026-05-05,18:45,165,Calça Casual,Calça,Rosa,G,2,158.71,15.87,301.55,Cartão de Débito,Online,519.0,23
3820,2026-04-02,18:15,99,Camiseta Slim,Camiseta,Rosa,G,2,178.5,0.0,357.0,Dinheiro,Física,207.0,15
3821,2026-03-28,15:45,132,Acessório Esporte,Acessório,Rosa,P,4,45.67,18.27,164.41,Dinheiro,Física,413.0,11
3822,2026-07-01,13:30,48,Camiseta Básica,Camiseta,Cinza,GG,1,63.03,0.0,63.03,Cartão de Débito,Física,184.0,10
3823,2026-07-14,13:00,138,Jaqueta Social,Jaqueta,Branca,P,2,257.25,0.0,514.5,Cartão de Crédito,Física,498.0,21
3824,2026-07-13,09:30,122,Calça Social,Calça,Azul,M,1,77.6,0.0,77.6,Cartão de Crédito,Online,437.0,12
3825,2026-09-08,12:15,5,Jaqueta Básica,Jaqueta,Preta,GG,4,235.61,141.37,801.07,PIX,Física,49.0,3
3826,2026-09-23,13:45,100,Calça Social,Calça,Preta,M,1,133.29,19.99,113.3,Pix,Online,562.0,3
3827,2026-03-10,20:45,31,Vestido Social,Vestido,Azul,GG,3,28.24,0.0,84.72,Cartão de Crédito,Física,313.0,16
3828,2026-04-27,13:00,38,Acessório Esporte,Acessório,Rosa,P,4,113.5,0.0,454.0,PIX,Online,585.0,18
3829,2026-08-28,20:15,94,Blusa X,Blusa,Azul,GG,3,310.47,0.0,931.41,Cartão de Crédito,Online,396.0,19
3830,2026-03-12,14:15,23,Calça Social,Calça,Preta,GG,3,181.44,0.0,544.32,CREDIÁRIO,Online,324.0,7
3831,2026-09-06,09:15,133,Jaqueta Social,Jaqueta,Branca,P,1,168.42,0.0,168.42,Dinheiro,Online,449.0,1
3832,2026-06-26,12:00,74,Bermuda Esporte,Bermuda,Branca,M,4,290.34,0.0,1161.36,Cartão de Débito,Online,26.0,22
3833,2026-03-14,12:15,17,Acessório Slim,Acessório,Azul,M,3,102.24,0.0,306.72,Cartão de Débito,Física,62.0,3
3834,2026-09-29,13:45,97,Jaqueta Premium,Jaqueta,Rosa,GG,1,161.24,8.06,153.18,PIX,Física,144.0,3
3835,2026-06-05,17:00,76,Jaqueta X,Jaqueta,Cinza,P,2,291.87,58.37,525.37,PIX,Online,385.0,20
3836,2026-04-23,21:00,3,Vestido Esporte,Vestido,Azul,GG,2,51.13,10.23,92.03,PIX,Física,2.0,6
3837,2026-04-24,13:15,124,Camiseta Social,Camiseta,Branca,M,1,31.01,3.1,27.91,PIX,Online,450.0,13
3838,2026-03-31,20:45,30,Vestido Esporte,Vestido,Vermelha,G,2,244.92,73.48,416.36,Dinheiro,Física,470.0,21
3839,2026-07-29,17:45,45,Jaqueta Social,Jaqueta,Preta,P,1,105.9,0.0,105.9,Pix,Física,549.0,6
3840,2026-08-02,20:00,34,Blusa Casual,Blusa,Preta,GG,1,206.43,0.0,206.43,Dinheiro,Online,219.0,2
3841,2026-06-26,09:15,65,Jaqueta Casual,Jaqueta,Branca,G,-2,232.93,0.0,465.86,Dinheiro,Física,6.0,7
3842,2026-09-15,20:45,85,Calça X,Calça,Cinza,G,1,287.08,43.06,244.02,Cartão de Crédito,Física,204.0,5
3843,2026-07-28,15:45,72,Camiseta Casual,Camiseta,Rosa,P,2,280.68,0.0,561.36,PIX,Online,417.0,6
3844,2026-06-07,14:00,155,Blusa X,Blusa,Rosa,GG,3,229.95,0.0,689.85,Dinheiro,Física,527.0,11
3845,2026-05-17,14:15,64,Blusa Slim,Blusa,Cinza,G,4,307.95,61.59,1170.21,Crediário,Online,57.0,5
3846,2026-03-12,14:45,166,Blusa Casual,Blusa,Cinza,P,3,25.41,0.0,76.23,Cartão de Crédito,Física,155.0,14
3847,2026-04-02,21:00,105,Calça Premium,Calça,Vermelha,GG,4,53.58,0.0,214.32,PIX,Online,47.0,5
3848,2026-04-29, 20:15 ,132,Acessório Esporte,Acessório,Rosa,P,2,45.67,0.0,91.34,Cartão de Crédito,Física,77.0,11
3849,2026-05-26,21:15,23,Calça Social,Calça,Preta,GG,3,181.44,27.22,517.1,PIX,Física,491.0,19
3850,2026-07-11, 17:45,63,Bermuda Social,Bermuda,Azul,M,3,250.51,0.0,751.53,Crediário,Online,434.0,25
3851,2026-08-30,11:45,54,Bermuda Social,Bermuda,Cinza,G,4,115.21,69.13,391.71,Dinheiro,Física,396.0,3
3852,2026-06-01,12:15,165,Calça Casual,Calça,Rosa,G,3,158.71,0.0,476.13,Cartão de Débito,Física,,22
3853,2026-07-20,17:45,76,Jaqueta X,Jaqueta,Cinza,P,3,291.87,0.0,875.61,Cartão de Débito,Online,,16
3854,2026-07-19,09:45,63,Bermuda Social,Bermuda,Azul,M,4,250.51,0.0,1002.04,PIX,Física,572.0,16
3855,2026-09-09,13:00,129,Acessório X,Acessório,Branca,M,1,84.81,8.48,76.33,PIX,Online,91.0,20
3856,2026-05-19,11:00,12,Blusa X,Blusa,Rosa,P,4,258.15,103.26,929.34,PIX,Física,126.0,25
3857,2026-04-10,18:30,67,Vestido Premium,Vestido,Preta,G,1,60.66,3.03,"R$ 57,63",Cartão de Crédito,Física,115.0,18
3858,2026-05-29,20:30,32,Acessório Social,Acessório,Azul,G,2,324.96,0.0,649.92,Dinheiro,Online,307.0,2
3859,2026-06-15,10:45,160,Vestido Básica,Vestido,Branca,G,4,38.68,7.74,146.98,PIX,Online,69.0,16
3860,2026-09-22,10:00,150,Camiseta Casual,Camiseta,Cinza,GG,3,216.84,97.58,552.94,Cartão de Crédito,Física,435.0,1
3861,2026-07-23,12:45,134,Bermuda Básica,Bermuda,Rosa,GG,3,59.5,0.0,178.5,Dinheiro,Online,362.0,15
3862,2026-08-29,21:45,85,Calça X,Calça,Cinza,G,3,287.08,0.0,861.24,Cartão de Débito,Física,183.0,19
3863,2026-05-15,15:00,69,Camiseta Básica,Camiseta,Branca,M,1,71.3,0.0,71.3,PIX,Online,65.0,21
3864,2026-09-23,15:45,102,Vestido Premium,Vestido,Vermelha,GG,4,250.72,50.14,952.74,Cartão de Crédito,Física,326.0,6
3865,2026-05-09,20:15,140,Jaqueta Básica,Jaqueta,Cinza,P,3,275.21,41.28,784.35,Cartão de Crédito,Física,344.0,13
3866,2026-05-16,12:15,97,Jaqueta Premium,Jaqueta,Rosa,GG,3,161.24,24.19,459.53,Cartão de Crédito,Física,95.0,5
3867,2026-07-07,19:15,177,Camiseta Slim,Camiseta,Vermelha,G,1,63.08,0.0,63.08,Dinheiro,Física,158.0,4
3868,2026-05-30,10:00,121,Acessório Básica,Acessório,Vermelha,GG,3,127.53,0.0,382.59,Dinheiro,Física,276.0,6
3869,2026-05-28, 21:45,118,Bermuda Premium,Bermuda,Verde,G,4,289.27,0.0,1157.08,Cartão de Crédito,Online,94.0,22
3870,2026-06-24,17:30,12,Blusa X,Blusa,Rosa,P,1,258.15,0.0,258.15,Cartão de Crédito,Física,,4
3871,2026-08-03,11:00,88,Bermuda X,Bermuda,Rosa,G,4,55.13,0.0,220.52,PIX,Online,236.0,9
3872,2026-06-08, 19:30 ,167,Jaqueta Slim,Jaqueta,Branca,G,2,219.14,0.0,438.28,Cartão de Débito,Online,574.0,5
3873,2026-04-30,11:00,24,Blusa Esporte,Blusa,Preta,M,2,315.76,0.0,631.52,Cartão de Crédito,Online,22.0,2
3874,2026-03-18,09:30,42,Calça Casual,Calça,Verde,G,1,245.94,36.89,209.05,PIX,Online,91.0,19
3875,2026-03-10,12:45,44,Acessório Esporte,Acessório,Preta,M,1,211.07,0.0,211.07,PIX,Física,499.0,25
3876,2026-05-10,21:15,153,Bermuda Social,Bermuda,Cinza,G,3,75.2,0.0,225.6,Cartão de Débito,Online,16.0,5
3877,2026-04-19,20:00,139,Jaqueta X,Jaqueta,Preta,M,1,172.53,17.25,155.28,Cartão de Débito,Física,414.0,25
3878,2026-03-03,18:45,50,Blusa Básica,Blusa,Azul,G,3,124.43,37.33,335.96,Cartão de Crédito,Física,80.0,16
3879,2026-08-31,13:15,168,Camiseta Slim,Camiseta,Preta,GG,3,50.13,0.0,150.39,Dinheiro,Física,430.0,10
3880,2026-05-23,14:30,132,Acessório Esporte,Acessório,Rosa,P,4,45.67,18.27,164.41,Cartão de Crédito,Online,401.0,12
3881,2026-07-19,21:30,26,Jaqueta Esporte,Jaqueta,Verde,P,4,204.58,81.83,736.49,Cartão de Crédito,Online,414.0,17
3882,21/09/2026,13:00,107,Bermuda Slim,Bermuda,Rosa,M,1,304.94,45.74,259.2,PIX,Online,525.0,24
3883,2026-03-02,11:00,69,Camiseta Básica,Camiseta,Branca,M,3,71.3,0.0,213.9,PIX,Física,443.0,4
3884,2026-04-07,14:00,97,Jaqueta Premium,Jaqueta,Rosa,GG,2,161.24,32.25,290.23,Dinheiro,Física,102.0,23
3885,01-07-2026,15:00,151,Vestido Social,Vestido,Cinza,P,1,305.13,30.51,274.62,Cartão de Crédito,Online,235.0,19
3886,2026-03-21,20:30,145,Bermuda Casual,Bermuda,Azul,GG,3,159.63,47.89,431.0,Crediário,Física,443.0,19
3887,2026-08-25,10:30,3,Vestido Esporte,Vestido,Azul,GG,1,51.13,0.0,51.13,Cartão de Débito,Online,525.0,25
3888,2026-03-10,18:30,7,Acessório X,Acessório,Vermelha,GG,3,160.81,0.0,482.43,Dinheiro,Online,452.0,10
3889,2026-08-01,11:00,89,Acessório Premium,Acessório,Vermelha,GG,1,62.97,9.45,53.52,Cartão de Crédito,Física,477.0,7
3890,2026-08-25,12:15,92,Vestido Básica,Vestido,Cinza,G,1,146.37,0.0,146.37,PIX,Online,354.0,15
3891,2026-04-01,19:45,123,Camiseta Básica,Camiseta,Preta,P,3,195.44,58.63,527.69,Pix,Física,262.0,7
3892,20/05/2026,21:15,38,Acessório Esporte,Acessório,Rosa,P,2,113.5,34.05,192.95,PIX,Física,79.0,12
3893,2026-09-05,19:30,6,Acessório Casual,Acessório,Rosa,GG,1,309.17,0.0,309.17,Dinheiro,Física,399.0,22
3894,2026-07-01,11:30,55,Vestido Premium,Vestido,Branca,M,1,126.12,0.0,126.12,Cartão de Débito,Física,390.0,14
3895,2026-08-28, 20:15 ,52,Vestido Básica,Vestido,Vermelha,G,1,334.95,0.0,334.95,PIX,Online,203.0,5
3896,2026-03-28,12:30,3,Vestido Esporte,Vestido,Azul,GG,1,51.13,7.67,43.46,Cartão de Crédito,Física,217.0,17
3897,2026-07-01,13:15,107,Bermuda Slim,Bermuda,Rosa,M,3,304.94,0.0,914.82,Cartão de Débito,Física,479.0,12
3898,2026-08-11,13:30,82,Bermuda Social,Bermuda,Azul,M,1,325.21,32.52,292.69,Cartão de Crédito,Física,199.0,17
3899,2026-03-13,21:00,63,Bermuda Social,Bermuda,Azul,M,1,250.51,25.05,225.46,Cartão de Débito,Online,342.0,8
3900,2026-09-19,16:00,87,Camiseta Casual,Camiseta,Cinza,P,1,273.14,0.0,273.14,Cartão de Débito,Física,210.0,23
3901,2026-09-11,19:30,131,Jaqueta X,Jaqueta,Azul,P,2,192.39,0.0,384.78,Cartão de Crédito,Online,209.0,4
3902,23-04-2026,13:30,34,Blusa Casual,Blusa,Preta,GG,2,206.43,61.93,350.93,Cartão de Débito,Online,334.0,10
3903,2026-04-16,16:45,130,Bermuda Slim,Bermuda,Verde,G,4,139.82,0.0,559.28,Cartão de Débito,Online,175.0,15
3904,2026-08-03,16:00,118,Bermuda Premium,Bermuda,Verde,G,4,289.27,57.85,1099.23,Cartão de Débito,Online,221.0,20
3905,2026-08-10,16:30,59,Blusa Social,Blusa,Verde,M,1,202.64,0.0,202.64,Dinheiro,Online,541.0,20
3906,2026-09-02,18:00,31,Vestido Social,Vestido,Azul,GG,3,28.24,4.24,80.48,Cartão de Débito,Física,185.0,5
3907,2026-04-12,15:45,102,Vestido Premium,Vestido,Vermelha,GG,2,250.72,75.22,426.22,PIX,Física,177.0,7
3908,2026-09-25,20:45,33,Camiseta Esporte,Camiseta,Verde,G,4,238.32,0.0,953.28,Cartão de Débito,Física,181.0,9
3909,2026-08-07,10:15,117,Vestido Premium,Vestido,Cinza,M,4,81.36,0.0,"325,44",Crediário,Física,216.0,15
3910,2026-07-01,09:45,56,Camiseta Social,Camiseta,Verde,M,2,252.29,75.69,428.89,Cartão de Débito,Física,,8
3911,2026-07-31,19:15,68,Acessório Casual,Acessório,Branca,P,2,212.83,63.85,361.81,Cartão de Débito,Online,490.0,16
3912,2026-03-26,15:00,162,Acessório Esporte,Acessório,Preta,P,4,314.53,0.0,1258.12,Crediário,Online,98.0,2
3913,2026-06-03,11:30,10,Camiseta Social,Camiseta,Azul,G,3,281.48,0.0,844.44,Crediário,Física,392.0,13
3914,2026-08-31,14:30,148,Vestido Slim,Vestido,Rosa,G,2,213.53,42.71,384.35,Cartão de Crédito,Física,241.0,9
3915,2026-04-28,20:30,31,Vestido Social,Vestido,Azul,GG,2,28.24,8.47,48.01,Cartão de Crédito,Online,61.0,9
3916,2026-06-15,21:15,142,Vestido Esporte,Vestido,Branca,GG,3,142.68,0.0,428.04,PIX,Online,156.0,20
3917,2026-08-06,19:30,81,Calça Básica,Calça,Rosa,G,3,188.91,0.0,566.73,Cartão De Débito,Online,,3
3918,2026-05-03,14:30,127,Bermuda X,Bermuda,Azul,M,1,269.31,40.4,228.91,PIX,Física,544.0,7
3919,2026-06-13,10:15,111,Blusa Esporte,Blusa,Verde,M,2,279.57,27.96,531.18,Cartão de Crédito,Online,445.0,13
3920,2026-03-25,10:45,154,Bermuda Básica,Bermuda,Branca,P,3,240.69,72.21,649.86,Dinheiro,Online,520.0,16
3921,2026-07-15,09:15,55,Vestido Premium,Vestido,Branca,M,4,126.12,25.22,479.26,Dinheiro,Física,354.0,8
3922,2026-07-17,14:00,113,Jaqueta Premium,Jaqueta,Rosa,M,1,196.9,0.0,196.9,Dinheiro,Física,206.0,16
3923,29/05/2026,17:15,144,Blusa X,Blusa,Verde,G,3,297.99,44.7,849.27,Crediário,Online,190.0,14
3924,2026-08-01,09:30,137,Jaqueta Básica,Jaqueta,Cinza,GG,3,124.46,18.67,354.71,Dinheiro,Online,248.0,10
3925,2026-06-02,12:30,127,Bermuda X,Bermuda,Azul,M,3,269.31,80.79,727.14,Cartão de Crédito,Online,327.0,4
3926,2026-08-15,15:15,149,Vestido Básica,Vestido,Cinza,GG,4,67.2,26.88,241.92,PIX,Física,508.0,19
3927,2026-09-02, 14:00,117,Vestido Premium,Vestido,Cinza,M,4,81.36,0.0,325.44,PIX,Online,473.0,6
3928,2026-06-19,21:30  ,39,Blusa X,Blusa,Vermelha,P,3,80.38,12.06,229.08,Cartão de Crédito,Física,333.0,9
3929,2026-03-27,13:00,17,Acessório Slim,Acessório,Azul,M,1,102.24,0.0,102.24,Cartão de Débito,Física,490.0,7
3930,2026-08-30,14:15,104,Acessório Premium,Acessório,Rosa,M,3,240.9,36.14,686.56,PIX,Física,,1
3931,2026-08-10,14:45,155,Blusa X,Blusa,Rosa,GG,1,229.95,0.0,229.95,Cartão de Débito,Online,416.0,19
3932,2026-09-14,15:30,39,Blusa X,Blusa,Vermelha,P,1,80.38,0.0,"80,38",Cartão de Crédito,Física,129.0,9
3933,30/09/2026,12:15,13,Blusa Básica,Blusa,Verde,G,2,276.45,0.0,552.9,PIX,Online,102.0,16
3934,2026-09-02,10:30,129,Acessório X,Acessório,Branca,M,2,84.81,25.44,144.18,PIX,Física,222.0,6
3935,2026-07-26,17:30,10,Camiseta Social,Camiseta,Azul,G,1,281.48,0.0,"281,48",Cartão de Crédito,Física,539.0,17
3936,2026-05-13,19:15,131,Jaqueta X,Jaqueta,Azul,P,1,192.39,0.0,192.39,PIX,Física,171.0,25
3937,2026-05-17,09:00,9,Acessório X,Acessório,Preta,M,2,51.84,5.18,98.5,PIX,Física,,25
3938,2026-09-14,14:30,30,Vestido Esporte,Vestido,Vermelha,G,3,244.92,0.0,734.76,PIX,Online,392.0,5
3939,2026-08-28,14:15,75,Bermuda Premium,Bermuda,Cinza,G,3,129.65,0.0,388.95,Cartão de Débito,Física,59.0,3
3940,2026-03-04,10:00,14,Bermuda Esporte,Bermuda,Verde,GG,3,113.16,0.0,339.48,PIX,Física,185.0,6
3941,2026-03-01,14:30,166,Blusa Casual,Blusa,Cinza,P,2,25.41,2.54,48.28,Cartão de Débito,Online,162.0,5
3942,2026-03-24,16:30,65,Jaqueta Casual,Jaqueta,Branca,G,1,232.93,11.65,221.28,Dinheiro,Física,176.0,22
3943,2026-06-13,19:45,148,Vestido Slim,Vestido,Rosa,G,2,213.53,42.71,384.35,Cartão de Débito,Física,54.0,10
3944,2026-08-08,13:30,138,Jaqueta Social,Jaqueta,Branca,P,3,257.25,77.18,694.57,Cartão de Crédito,Física,,7
3945,2026-05-07,14:00,3,Vestido Esporte,Vestido,Azul,GG,2,51.13,0.0,102.26,PIX,Física,275.0,19
3946,2026-07-13,18:15,126,Calça Casual,Calça,Vermelha,G,3,275.71,0.0,827.13,PIX,Física,360.0,19
3947,2026-09-11,12:15,12,Blusa X,Blusa,Rosa,P,3,258.15,116.17,658.28,Cartão de Débito,Física,285.0,20
3948,2026-03-04,14:45,4,Acessório Básica,Acessório,Vermelha,G,4,81.82,0.0,327.28,Cartão de Crédito,Física,295.0,16
3949,2026-04-29,13:15,65,Jaqueta Casual,Jaqueta,Branca,G,4,232.93,0.0,931.72,Cartão de Débito,Online,186.0,5
3950,2026-08-29,20:15,180,Acessório X,Acessório,Verde,GG,1,108.79,0.0,108.79,Cartão de Crédito,Online,164.0,15
3951,2026-06-26,19:15,155,Blusa X,Blusa,Rosa,GG,4,229.95,137.97,781.83,Pix,Física,245.0,15
3952,2026-06-07,14:30,99,Camiseta Slim,Camiseta,Rosa,G,3,178.5,0.0,535.5,Cartão de Débito,Online,265.0,16
3953,14/07/2026,21:30,122,Calça Social,Calça,Azul,M,2,77.6,15.52,139.68,Cartão de Débito,Online,115.0,14
3954,2026-08-13,19:15,34,Blusa Casual,Blusa,Preta,GG,2,206.43,0.0,412.86,PIX,Física,29846.0,17
3955,25-06-2026,17:15,25,Calça Básica,Calça,Rosa,GG,4,346.73,138.69,1248.23,Cartão de Débito,Online,11.0,9
3956,2026-09-05,17:45,26,Jaqueta Esporte,Jaqueta,Verde,P,2,204.58,61.37,347.79,Cartão de Débito,Física,343.0,25
3957,2026-08-22,09:45,109,Camiseta Esporte,Camiseta,Branca,GG,4,227.45,90.98,818.82,Dinheiro,Física,27240.0,14
3958,2026-09-05,21:15,71,Acessório Premium,Acessório,Rosa,GG,2,227.52,22.75,432.29,Dinheiro,Física,312.0,11
3959,2026-05-20,14:45,166,Blusa Casual,Blusa,Cinza,P,1,25.41,0.0,25.41,Cartão de Crédito,Física,146.0,20
3960,2026-07-16,11:15,67,Vestido Premium,Vestido,Preta,G,2,60.66,18.2,103.12,Cartão de Crédito,Online,546.0,22
3961,2026-07-31,11:15,173,Camiseta Esporte,Camiseta,Preta,P,4,183.66,36.73,697.91,Cartão de Crédito,Física,476.0,14
3962,2026-08-26,20:00,30,Vestido Esporte,Vestido,Vermelha,G,2,244.92,0.0,489.84,Dinheiro,Online,324.0,15
3963,2026-07-22,11:15,157,Bermuda Básica,Bermuda,Azul,P,4,35.03,7.01,133.11,Cartão De Débito,Online,35.0,21
3964,2026-06-01,15:00,128,Acessório X,Acessório,Verde,G,4,38.26,22.96,130.08,Cartão de Débito,Física,243.0,15
3965,2026-09-17,17:00,37,Acessório Premium,Acessório,Rosa,G,4,281.93,112.77,1014.95,PIX,Online,235.0,6
3966,2026-09-20,09:45,171,Blusa Casual,Blusa,Verde,M,4,139.15,0.0,556.6,Cartão de Débito,Online,140.0,16
3967,2026-04-01,13:00,174,Calça Slim,Calça,Cinza,M,2,34.1,3.41,64.79,PIX,Online,85.0,5
3968,2026-03-21,14:00,61,Blusa Social,Blusa,Preta,P,4,336.13,201.68,1142.84,Dinheiro,Online,,8
3969,2026-03-17,14:30,82,Bermuda Social,Bermuda,Azul,M,3,325.21,146.34,829.29,Cartão de Crédito,Física,36.0,16
3970,2026-09-02,20:00,172,Camiseta Premium,Camiseta,Rosa,G,4,289.13,173.48,983.04,Cartão de Débito,Online,290.0,16
3971,2026-04-27,21:15,150,Camiseta Casual,Camiseta,Cinza,GG,0,216.84,0.0,867.36,Cartão de Débito,Física,591.0,7
3972,2026-06-14,09:15,138,Jaqueta Social,Jaqueta,Branca,P,4,257.25,0.0,"R$ 1.029,00",Cartão de Débito,Física,327.0,7
3973,2026-09-06,14:30,115,Vestido Básica,Vestido,Vermelha,GG,2,108.11,32.43,183.79,Cartão de Crédito,Online,514.0,5
3974,2026-06-16,14:00,141,Bermuda Slim,Bermuda,Vermelha,GG,2,162.9,16.29,309.51,PIX,Online,182.0,13
3975,2026-07-04,16:15,57,Calça Casual,Calça,Verde,GG,1,86.79,4.34,82.45,Cartão de Débito,Física,,4
3976,2026-09-18,09:15,130,Bermuda Slim,Bermuda,Verde,G,1,139.82,0.0,139.82,Pix,Online,563.0,24
3977,2026-08-23,14:45,154,Bermuda Básica,Bermuda,Branca,P,1,240.69,24.07,216.62,PIX,Online,20.0,13
3978,2026-09-19,16:45,131,Jaqueta X,Jaqueta,Azul,P,3,192.39,57.72,"R$ 519,45",PIX,Online,38.0,7
3979,2026-09-20,16:15,33,Camiseta Esporte,Camiseta,Verde,G,2,238.32,0.0,476.64,Cartão de Crédito,Online,531.0,19
3980,2026-09-23,18:30,72,Camiseta Casual,Camiseta,Rosa,P,3,280.68,0.0,842.04,Cartão de Débito,Física,,13
3981,2026-08-04,17:15,179,Calça Social,Calça,Cinza,P,4,214.89,85.96,773.6,Dinheiro,Online,240.0,17
3982,2026-07-10,21:00,156,Calça Esporte,Calça,Cinza,P,2,179.11,0.0,358.22,PIX,Física,176.0,22
3983,2026-07-27,21:00,39,Blusa X,Blusa,Vermelha,P,4,80.38,48.23,273.29,Cartão de Crédito,Online,372.0,9
3984,2026-04-10,18:30,40,Jaqueta Premium,Jaqueta,Branca,G,3,59.14,26.61,150.81,Cartão de Débito,Online,349.0,1
3985,2026-03-31,12:30,82,Bermuda Social,Bermuda,Azul,M,2,325.21,97.56,552.86,Cartão de Crédito,Física,401.0,22
3986,2026-06-26, 17:15,165,Calça Casual,Calça,Rosa,G,1,158.71,0.0,158.71,Cartão de Crédito,Online,232.0,4
3987,2026-07-08,10:45,157,Bermuda Básica,Bermuda,Azul,P,1,35.03,0.0,35.03,Dinheiro,Online,127.0,12
3988,2026-04-08,14:30,137,Jaqueta Básica,Jaqueta,Cinza,GG,3,124.46,0.0,373.38,Dinheiro,Física,289.0,6
3989,2026-07-05,20:45,76,Jaqueta X,Jaqueta,Cinza,P,1,291.87,14.59,277.28,Cartão de Débito,Online,450.0,8
3990,2026-06-02,18:15,34,Blusa Casual,Blusa,Preta,GG,1,206.43,0.0,206.43,Cartão de Crédito,Física,466.0,21
3991,2026-05-09,21:00,121,Acessório Básica,Acessório,Vermelha,GG,2,127.53,0.0,255.06,PIX,Física,484.0,14
3992,2026-07-10,12:45,138,Jaqueta Social,Jaqueta,Branca,P,4,257.25,102.9,926.1,Cartão de Crédito,Online,395.0,14
3993,2026-05-31,12:00,138,Jaqueta Social,Jaqueta,Branca,P,3,257.25,0.0,771.75,Dinheiro,Online,408.0,25
3994,2026-06-18,13:15,114,Camiseta Social,Camiseta,Verde,GG,3,330.12,49.52,940.84,Cartão de Débito,Física,372.0,19
3995,2026-07-02,17:45,31,Vestido Social,Vestido,Azul,GG,3,28.24,12.71,72.01,Cartão de Crédito,Online,247.0,14
3996,2026-08-22,12:15,126,Calça Casual,Calça,Vermelha,G,3,275.71,82.71,744.42,PIX,Online,41.0,3
3997,2026-08-30,17:45,113,Jaqueta Premium,Jaqueta,Rosa,M,4,196.9,0.0,787.6,Dinheiro,Online,67.0,2
3998,2026-09-10,20:00,75,Bermuda Premium,Bermuda,Cinza,G,4,129.65,0.0,"R$ 518,60",PIX,Online,37.0,24
3999,2026-05-13,19:45,138,Jaqueta Social,Jaqueta,Branca,P,3,257.25,77.18,694.57,Cartão de Débito,Online,447.0,22
4000,2026-07-15,18:30,17,Acessório Slim,Acessório,Azul,M,4,102.24,0.0,408.96,PIX,Online,110.0,12
4001,2026-03-08,10:15,55,Vestido Premium,Vestido,Branca,M,1,126.12,6.31,119.81,Dinheiro,Online,470.0,14
4002,2026-04-18,16:30,12,Blusa X,Blusa,Rosa,P,3,258.15,0.0,774.45,Dinheiro,Física,191.0,4
4003,2026-06-05,21:00,11,Calça Básica,Calça,Verde,G,4,112.35,0.0,449.4,Crediário,Física,56261.0,17
4004,2026-07-17,14:30  ,75,Bermuda Premium,Bermuda,Cinza,G,2,129.65,358.1084948453315,259.3,Dinheiro,Física,445.0,15
4005,2026-07-19,12:15,38,Acessório Esporte,Acessório,Rosa,P,4,113.5,68.1,385.9,Cartão de Crédito,Física,534.0,13
4006,2026-06-29,19:15,110,Bermuda Slim,Bermuda,Vermelha,G,3,158.66,0.0,475.98,Cartão de Débito,Online,201.0,8
4007,2026-07-24,20:45,137,Jaqueta Básica,Jaqueta,Cinza,GG,2,124.46,0.0,248.92,Cartão de Crédito,Online,282.0,2
4008,2026-06-01,18:30,144,Blusa X,Blusa,Verde,G,4,297.99,119.2,1072.76,Cartão de Débito,Online,117.0,6
4009,2026-06-29,18:00,172,Camiseta Premium,Camiseta,Rosa,G,2,289.13,86.74,491.52,Cartão de Débito,Online,191.0,16
4010,2026-04-09,12:30,50,Blusa Básica,Blusa,Azul,G,1,124.43,0.0,124.43,Cartão de Crédito,Online,38.0,1
4011,2026-05-01,10:45,94,Blusa X,Blusa,Azul,GG,3,310.47,46.57,884.84,PIX,Física,295.0,4
4012,2026-08-19,20:30,155,Blusa X,Blusa,Rosa,GG,2,229.95,68.98,390.92,Cartão de Débito,Física,114.0,9
4013,2026-04-20,10:15,118,Bermuda Premium,Bermuda,Verde,G,3,289.27,0.0,867.81,Dinheiro,Online,448.0,10
4014,2026-07-25,18:30,53,Jaqueta Casual,Jaqueta,Branca,P,2,203.54,0.0,407.08,PIX,Física,582.0,19
4015,01/03/2026,15:15,56,Camiseta Social,Camiseta,Verde,M,4,252.29,0.0,1009.16,Cartão de Crédito,Online,129.0,3
4016,2026-07-08,17:00,140,Jaqueta Básica,Jaqueta,Cinza,P,3,275.21,0.0,825.63,CARTÃO DE DÉBITO,Física,228.0,11
4017,2026-08-05,15:15,71,Acessório Premium,Acessório,Rosa,GG,3,227.52,0.0,682.56,Cartão de Crédito,Física,528.0,7
4018,2026-03-20,17:00,122,Calça Social,Calça,Azul,M,3,77.6,0.0,232.8,Cartão de Crédito,Física,393.0,23
4019,2026-05-31,09:30,134,Bermuda Básica,Bermuda,Rosa,GG,1,59.5,0.0,59.5,Crediário,Online,407.0,25
4020,2026-04-05,11:15,36,Jaqueta X,Jaqueta,Rosa,GG,2,109.13,21.83,196.43,Cartão de Crédito,Física,236.0,16
4021,2026-06-24,21:45,25,Calça Básica,Calça,Rosa,GG,3,346.73,156.03,884.16,PIX,Online,150.0,22
4022,2026-09-13,15:30,48,Camiseta Básica,Camiseta,Cinza,GG,4,63.03,0.0,252.12,Cartão de Débito,Online,23.0,23
4023,16-03-2026,13:15,136,Bermuda Slim,Bermuda,Verde,P,1,232.34,0.0,232.34,PIX,Online,268.0,7
4024,2026-09-26,13:00,109,Camiseta Esporte,Camiseta,Branca,GG,1,227.45,22.74,204.71,Dinheiro,Física,119.0,23
4025,2026-04-20,20:45,164,Blusa Premium,Blusa,Preta,G,1,175.34,0.0,175.34,Cartão de Crédito,Física,88.0,22
4026,2026-09-04,20:15,5,Jaqueta Básica,Jaqueta,Preta,GG,1,235.61,0.0,235.61,PIX,Online,355.0,6
4027,2026-05-05,20:30,54,Bermuda Social,Bermuda,Cinza,G,3,115.21,0.0,345.63,Dinheiro,Online,229.0,24
4028,2026-04-12,20:00,55,Vestido Premium,Vestido,Branca,M,1,126.12,0.0,126.12,Dinheiro,Online,402.0,17
4029,2026-08-30,18:45,176,Vestido Esporte,Vestido,Vermelha,M,4,227.13,90.85,817.67,Crediário,Física,333.0,12
4030,2026-06-05,09:30,161,Camiseta X,Camiseta,Branca,GG,3,168.83,25.32,481.17,Pix,Física,264.0,2
4031,2026-03-15,14:45,120,Camiseta Básica,Camiseta,Rosa,G,4,304.19,121.68,1095.08,Cartão de Débito,Física,450.0,5
4032,2026-09-14,12:15,132,Acessório Esporte,Acessório,Rosa,P,3,45.67,13.7,"123,31",Cartão de Débito,Física,72.0,24
4033,2026-09-25,18:45,63,Bermuda Social,Bermuda,Azul,M,3,250.51,0.0,751.53,Crediário,Física,429.0,1
4034,2026-06-20,12:00,100,Calça Social,Calça,Preta,M,2,133.29,13.33,253.25,PIX,Online,276.0,14
4035,2026-08-12,15:45,60,Blusa Premium,Blusa,Azul,GG,2,177.54,0.0,355.08,Cartão de Crédito,Online,360.0,6
4036,2026-09-15,19:15,26,Jaqueta Esporte,Jaqueta,Verde,P,1,204.58,20.46,184.12,Crediário,Online,,25
4037,2026-04-16,12:15,146,Calça Premium,Calça,Branca,GG,4,343.66,0.0,1374.64,Cartão de Crédito,Online,150.0,3
4038,2026-07-11,10:30,142,Vestido Esporte,Vestido,Branca,GG,3,142.68,0.0,428.04,Dinheiro,Online,313.0,7
4039,2026-03-13,15:15,178,Blusa Slim,Blusa,Rosa,G,1,281.67,0.0,281.67,Dinheiro,Física,481.0,24
4040,2026-05-12,10:15  ,152,Jaqueta Premium,Jaqueta,Verde,M,2,208.59,62.58,354.6,Cartão de Crédito,Online,34.0,7
4041,2026-03-26,18:30,170,Bermuda Premium,Bermuda,Vermelha,GG,2,234.75,23.48,446.02,PIX,Física,138.0,19
4042,2026-07-29,15:45,135,Bermuda Básica,Bermuda,Cinza,M,3,74.1,0.0,222.3,Dinheiro,Física,543.0,14
4043,2026-05-05,20:30,96,Camiseta Casual,Camiseta,Verde,P,4,307.93,184.76,1046.96,Cartão de Crédito,Física,,5
4044,2026-07-15,16:15,64,Blusa Slim,Blusa,Cinza,G,4,307.95,184.77,1047.03,Crediário,Física,492.0,5
4045,2026-05-16,21:15,162,Acessório Esporte,Acessório,Preta,P,3,314.53,0.0,943.59,PIX,Online,528.0,8
4046,2026-06-11, 14:45 ,134,Bermuda Básica,Bermuda,Rosa,GG,4,59.5,0.0,238.0,Dinheiro,Online,526.0,10
4047,2026-08-14,16:45,77,Blusa Básica,Blusa,Preta,M,2,29.9,2.99,56.81,Cartão de Crédito,Online,12.0,24
4048,2026-06-03,19:15,3535,Jaqueta X,Jaqueta,Preta,M,2,172.53,17.25,327.81,Dinheiro,Física,23.0,2
4049,2026-03-16,20:15,177,Camiseta Slim,Camiseta,Vermelha,G,3,63.08,9.46,"179,78",Cartão de Débito,Física,110.0,9
4050,2026-06-01,09:45,27,Camiseta Casual,Camiseta,Vermelha,P,1,287.37,0.0,287.37,PIX,Física,367.0,7
4051,2026-06-17,14:15,179,Calça Social,Calça,Cinza,P,3,214.89,0.0,644.67,Cartão de Crédito,Online,343.0,17
4052,2026-04-06,13:15,49,Calça Esporte,Calça,Preta,P,4,264.21,158.53,898.31,Cartão de Débito,Física,525.0,2
4053,2026-03-03,15:00,80,Camiseta Básica,Camiseta,Cinza,M,4,179.41,0.0,717.64,Cartão de Crédito,Online,176.0,3
4054,2026-08-20,10:00,130,Bermuda Slim,Bermuda,Verde,G,3,139.82,41.95,377.51,Dinheiro,Online,269.0,15
4055,2026-05-09,12:15,129,Acessório X,Acessório,Branca,M,4,84.81,50.89,288.35,Cartão de Crédito,Online,561.0,2
4056,2026-05-12,14:30,169,Camiseta Premium,Camiseta,Branca,GG,1,137.47,13.75,123.72,Crediário,Física,323.0,8
4057,2026-08-02,12:15,121,Acessório Básica,Acessório,Vermelha,GG,4,127.53,0.0,510.12,Cartão de Crédito,Física,161.0,15
4058,2026-04-24,13:45,132,Acessório Esporte,Acessório,Rosa,P,2,45.67,0.0,91.34,Cartão de Débito,Online,48.0,8
4059,2026-06-09,10:45,18,Acessório Básica,Acessório,Azul,M,4,242.78,97.11,874.01,Cartão de Crédito,Online,434.0,3
4060,2026-03-04,13:45,115,Vestido Básica,Vestido,Vermelha,GG,1,108.11,0.0,108.11,Crediário,Online,92.0,25
4061,2026-05-13,16:45,51,Blusa Premium,Blusa,Branca,P,4,122.21,48.88,439.96,Cartão de Crédito,Física,297.0,11
4062,2026-08-20,20:00,140,Jaqueta Básica,Jaqueta,Cinza,P,2,275.21,55.04,495.38,Cartão de Débito,Física,283.0,24
4063,2026-09-08,19:15,169,Camiseta Premium,Camiseta,Branca,GG,4,137.47,0.0,549.88,Crediário,Online,150.0,19
4064,2026-08-09,17:30,99,Camiseta Slim,Camiseta,Rosa,G,3,178.5,53.55,481.95,Cartão de Crédito,Online,477.0,3
4065,2026-03-30,13:15,127,Bermuda X,Bermuda,Azul,M,2,269.31,0.0,538.62,PIX,Online,121.0,6
4066,2026-09-02,13:00,44,Acessório Esporte,Acessório,Preta,M,1,211.07,0.0,211.07,PIX,Online,234.0,11
4067,2026-03-15, 10:00,123,Camiseta Básica,Camiseta,Preta,P,4,195.44,39.09,742.67,Cartão de Débito,Física,549.0,9
4068,2026-07-15,14:30,155,Blusa X,Blusa,Rosa,GG,1,229.95,0.0,229.95,Dinheiro,Física,16.0,10
4069,2026-04-08,17:30,90,Jaqueta Social,Jaqueta,Rosa,M,1,340.94,51.14,289.8,Cartão de Crédito,Online,362.0,23
4070,2026-08-10,19:30,91,Acessório Casual,Acessório,Rosa,M,4,274.86,0.0,1099.44,PIX,Online,563.0,2
4071,2026-08-06,19:45,22,Bermuda Social,Bermuda,Vermelha,GG,4,213.75,0.0,855.0,Crediário,Online,23.0,17
4072,2026-03-21,18:15,163,Blusa Esporte,Blusa,Rosa,GG,2,291.86,0.0,583.72,Dinheiro,Física,284.0,24
4073,2026-03-20,17:45,143,Bermuda Casual,Bermuda,Rosa,G,4,113.47,22.69,431.19,Cartão de Débito,Online,226.0,14
4074,2026-04-09,09:30,73,Calça X,Calça,Azul,M,3,313.28,140.98,"798,86",Cartão de Crédito,Online,585.0,24
4075,2026-04-06,16:15,123,Camiseta Básica,Camiseta,Preta,P,1,195.44,0.0,195.44,PIX,Online,545.0,19
4076,2026-03-30,13:30,120,Camiseta Básica,Camiseta,Rosa,G,4,304.19,0.0,1216.76,Cartão de Crédito,Online,194.0,18
4077,2026-08-02,14:30,158,Jaqueta Premium,Jaqueta,Rosa,GG,0,91.13,13.67,77.46,Dinheiro,Online,238.0,7
4078,2026-04-02,18:15,27,Camiseta Casual,Camiseta,Vermelha,P,1,287.37,0.0,287.37,Cartão de Débito,Online,555.0,6
4079,2026-08-10,14:45,61,Blusa Social,Blusa,Preta,P,4,336.13,0.0,"1.344,52",Cartão de Débito,Física,,10
4080,2026-09-17,20:15,122,Calça Social,Calça,Azul,M,4,77.6,0.0,310.4,Crediário,Online,218.0,10
4081,2026-03-19,13:15,43,Bermuda Premium,Bermuda,Preta,GG,4,144.6,86.76,491.64,Cartão de Crédito,Online,555.0,8
4082,2026-08-05,15:00,149,Vestido Básica,Vestido,Cinza,GG,2,67.2,0.0,134.4,Cartão de Crédito,Física,36.0,22
4083,2026-08-16,16:00,50,Blusa Básica,Blusa,Azul,G,3,124.43,55.99,317.3,Cartão de Débito,Física,425.0,20
4084,2026-06-14,12:45,61,Blusa Social,Blusa,Preta,P,2,336.13,100.84,571.42,PIX,Online,157.0,24
4085,2026-08-28,18:30,5,Jaqueta Básica,Jaqueta,Preta,GG,4,235.61,47.12,895.32,Crediário,Online,63.0,2
4086,2026-09-24,19:45,121,Acessório Básica,Acessório,Vermelha,GG,2,127.53,0.0,255.06,Cartão de Débito,Física,98.0,15
4087,2026-09-13,11:30,7,Acessório X,Acessório,Vermelha,GG,2,160.81,0.0,321.62,Cartão de Débito,Física,538.0,18
4088,2026-08-28,21:45,48,Camiseta Básica,Camiseta,Cinza,GG,4,63.03,0.0,252.12,Cartão de Crédito,Online,53.0,21
4089,2026-08-23,18:00,19,Calça Casual,Calça,Rosa,P,3,165.92,24.89,472.87,Cartão de Crédito,Online,429.0,7
4090,2026-09-12,11:00,52,Vestido Básica,Vestido,Vermelha,G,4,334.95,133.98,1205.82,PIX,Física,218.0,3
4091,2026-04-09,14:30,174,Calça Slim,Calça,Cinza,M,3,34.1,5.12,97.18,Crediário,Online,,25
4092,09-06-2026,18:45,82,Bermuda Social,Bermuda,Azul,M,4,325.21,0.0,1300.84,Cartão de Crédito,Online,,3
4093,2026-08-17,16:15,80,Camiseta Básica,Camiseta,Cinza,M,2,179.41,35.88,322.94,Cartão de Crédito,Física,600.0,2
4094,2026-04-22,19:00,167,Jaqueta Slim,Jaqueta,Branca,G,2,219.14,43.83,394.45,Cartão de Crédito,Online,11.0,19
4095,2026-03-07,11:00,41,Vestido X,Vestido,Verde,M,4,38.61,15.44,139.0,PIX,Online,,4
4096,2026-09-26,14:45,88,Bermuda X,Bermuda,Rosa,G,2,55.13,0.0,110.26,PIX,Online,566.0,9
4097,2026-06-23,21:30,108,Jaqueta X,Jaqueta,Azul,G,4,84.3,16.86,320.34,Cartão de Crédito,Física,307.0,8
4098,2026-04-21,21:45,130,Bermuda Slim,Bermuda,Verde,G,4,139.82,0.0,559.28,Cartão de Débito,Física,314.0,5
4099,2026-07-16,15:30,15,Bermuda Básica,Bermuda,Cinza,G,4,52.05,0.0,208.2,Dinheiro,Física,121.0,1
4100,2026-05-27,10:30,77,Blusa Básica,Blusa,Preta,M,1,29.9,2.99,26.91,Cartão de Crédito,Física,206.0,10
4101,2026-06-02,13:15,172,Camiseta Premium,Camiseta,Rosa,G,1,289.13,14.46,274.67,Cartão de Débito,Física,577.0,9
4102,2026-06-16,21:15,78,Acessório Básica,Acessório,Cinza,GG,4,138.63,0.0,554.52,Cartão de Débito,Online,135.0,15
4103,2026-06-19,12:15,168,Camiseta Slim,Camiseta,Preta,GG,3,50.13,0.0,150.39,Crediário,Online,515.0,24
4104,2026-03-20,20:15,179,Calça Social,Calça,Cinza,P,4,214.89,0.0,859.56,Crediário,Física,265.0,18
4105,2026-06-04,09:15,172,Camiseta Premium,Camiseta,Rosa,G,3,289.13,0.0,867.39,PIX,Online,8.0,18
4106,2026-04-28,17:00,3,Vestido Esporte,Vestido,Azul,GG,1,51.13,0.0,"51,13",Cartão de Crédito,Física,27.0,24
4107,2026-08-06,14:00,68513,Blusa Básica,Blusa,Preta,M,1,29.9,0.0,29.9,Cartão de Crédito,Online,81.0,3
4108,2026-04-17,19:15,20,Blusa Básica,Blusa,Branca,M,2,212.5,63.75,361.25,Dinheiro,Online,,9
4109,2026-03-12,11:15,13,Blusa Básica,Blusa,Verde,G,2,276.45,82.93,469.97,Cartão de Crédito,Física,233.0,10
4110,2026-07-10,21:30,106,Blusa Premium,Blusa,Azul,P,1,204.85,10.24,194.61,Cartão de Débito,Física,323.0,13
4111,2026-04-11,13:30,164,Blusa Premium,Blusa,Preta,G,2,175.34,52.6,298.08,Cartão de Débito,Física,36587.0,11
4112,2026-04-10,17:00,19,Calça Casual,Calça,Rosa,P,2,165.92,0.0,331.84,Crediário,Online,,20
4113,2026-03-02,16:30,154,Bermuda Básica,Bermuda,Branca,P,2,240.69,48.14,433.24,Dinheiro,Online,184.0,5
4114,2026-07-25,10:30,177,Camiseta Slim,Camiseta,Vermelha,G,1,63.08,0.0,63.08,Cartão de Crédito,Online,278.0,23
4115,2026-05-06,17:00,64,Blusa Slim,Blusa,Cinza,G,1,307.95,30.8,277.15,Cartão de Crédito,Física,206.0,15
4116,2026-08-10,10:00,65,Jaqueta Casual,Jaqueta,Branca,G,1,232.93,0.0,232.93,PIX,Online,317.0,23
4117,2026-04-12,12:30,164,Blusa Premium,Blusa,Preta,G,3,175.34,26.3,499.72,PIX,Online,361.0,14
4118,2026-06-02,09:30,69,Camiseta Básica,Camiseta,Branca,M,4,71.3,0.0,285.2,Dinheiro,Online,519.0,3
4119,2026-04-17,14:30,37,Acessório Premium,Acessório,Rosa,G,1,281.93,28.19,253.74,PIX,Online,12.0,15
4120,17/04/2026,12:30  ,11,Calça Básica,Calça,Verde,G,3,112.35,33.7,303.35,Cartão de Débito,Online,172.0,10
4121,2026-03-21,09:45,155,Blusa X,Blusa,Rosa,GG,1,229.95,0.0,229.95,Cartão de Débito,Online,169.0,1
4122,2026-07-30,19:45,5,Jaqueta Básica,Jaqueta,Preta,GG,1,235.61,23.56,212.05,Dinheiro,Online,341.0,12
4123,2026-03-30,15:15,74,Bermuda Esporte,Bermuda,Branca,M,4,290.34,58.07,1103.29,Cartão de Crédito,Física,,20
4124,2026-03-07,17:15,157,Bermuda Básica,Bermuda,Azul,P,2,35.03,0.0,70.06,Cartão de Crédito,Física,436.0,1
4125,2026-09-16,19:15,87,Camiseta Casual,Camiseta,Cinza,P,1,273.14,0.0,273.14,Cartão de Débito,Online,37.0,10
4126,2026-04-24,15:45,165,Calça Casual,Calça,Rosa,G,4,158.71,0.0,634.84,PIX,Física,,12
4127,2026-07-18,09:30,173,Camiseta Esporte,Camiseta,Preta,P,1,183.66,27.55,156.11,PIX,Física,28.0,23
4128,2026-05-16,20:45,54,Bermuda Social,Bermuda,Cinza,G,4,115.21,0.0,460.84,PIX,Física,161.0,13
4129,2026-09-18,09:00,77,Blusa Básica,Blusa,Preta,M,4,29.9,17.94,101.66,Cartão de Débito,Física,295.0,12
4130,2026-03-23,21:15,153,Bermuda Social,Bermuda,Cinza,G,3,75.2,22.56,203.04,Cartão De Crédito,Online,,3
4131,2026-04-06,13:45,169,Camiseta Premium,Camiseta,Branca,GG,3,137.47,41.24,371.17,Dinheiro,Online,439.0,10
4132,2026-04-02,09:15,95,Bermuda X,Bermuda,Cinza,G,1,275.07,41.26,233.81,Crediário,Online,250.0,20
4133,2026-08-21,16:15,69,Camiseta Básica,Camiseta,Branca,M,4,71.3,28.52,256.68,Cartão de Crédito,Online,231.0,2
4134,2026-09-29,21:15,139,Jaqueta X,Jaqueta,Preta,M,4,172.53,0.0,690.12,PIX,Online,430.0,8
4135,2026-09-27,14:15,35,Blusa Premium,Blusa,Preta,P,2,314.35,0.0,628.7,Cartão de Crédito,Online,530.0,13
4136,2026-08-30,15:45,147,Calça Premium,Calça,Preta,P,1,176.07,26.41,149.66,Cartão de Crédito,Física,597.0,6
4137,2026-07-17,12:15,10,Camiseta Social,Camiseta,Azul,G,4,281.48,56.3,1069.62,Cartão de Débito,Online,252.0,25
4138,2026-06-28,10:45,173,Camiseta Esporte,Camiseta,Preta,P,4,183.66,73.46,661.18,Dinheiro,Online,279.0,9
4139,2026-04-11,14:15  ,124,Camiseta Social,Camiseta,Branca,M,4,31.01,0.0,124.04,Crediário,Online,356.0,18
4140,2026-04-21, 16:00 ,7,Acessório X,Acessório,Vermelha,GG,4,160.81,32.16,611.08,Cartão de Débito,Física,412.0,24
4141,2026-08-15,18:30,4,Acessório Básica,Acessório,Vermelha,G,2,81.82,24.55,139.09,Cartão de Débito,Física,375.0,3
4142,08-03-2026, 18:00 ,141,Bermuda Slim,Bermuda,Vermelha,GG,4,162.9,0.0,651.6,Cartão de Crédito,Física,1.0,21
4143,2026-05-16,18:30,92,Vestido Básica,Vestido,Cinza,G,1,146.37,0.0,146.37,Cartão de Débito,Online,489.0,8
4144,2026-08-08,13:00,34,Blusa Casual,Blusa,Preta,GG,1,206.43,0.0,206.43,Cartão de Débito,Online,231.0,15
4145,2026-04-12,13:30,37,Acessório Premium,Acessório,Rosa,G,2,281.93,0.0,563.86,Cartão de Crédito,Online,188.0,2
4146,2026-06-03,09:30,58,Blusa X,Blusa,Branca,P,2,215.52,64.66,366.38,Cartão de Crédito,Física,369.0,15
4147,2026-05-03,18:30,91,Acessório Casual,Acessório,Rosa,M,4,274.86,164.92,934.52,Cartão de Crédito,Online,552.0,3
4148,2026-07-05, 21:15,74,Bermuda Esporte,Bermuda,Branca,M,3,290.34,43.55,827.47,Crediário,Online,400.0,25
4149,2026-08-22,19:15,87,Camiseta Casual,Camiseta,Cinza,P,4,273.14,163.88,928.68,PIX,Física,163.0,7
4150,2026-05-04,20:15,77,Blusa Básica,Blusa,Preta,M,2,29.9,8.97,50.83,PIX,Física,300.0,21
4151,2026-04-25,11:45,82,Bermuda Social,Bermuda,Azul,M,3,325.21,146.34,829.29,Cartão de Crédito,Física,599.0,15
4152,2026-05-12,09:45,20,Blusa Básica,Blusa,Branca,M,2,212.5,42.5,382.5,Dinheiro,Online,509.0,3
4153,2026-05-27,13:30,114,Camiseta Social,Camiseta,Verde,GG,4,330.12,0.0,1320.48,Crediário,Física,,5
4154,2026-08-09,18:45,53,Jaqueta Casual,Jaqueta,Branca,P,3,203.54,91.59,519.03,Cartão de Débito,Online,119.0,23
4155,2026-05-13,19:00,40,Jaqueta Premium,Jaqueta,Branca,G,1,59.14,0.0,59.14,Cartão de Crédito,Online,596.0,25
4156,2026-09-24,15:45,5,Jaqueta Básica,Jaqueta,Preta,GG,1,235.61,11.78,223.83,Cartão de Crédito,Física,597.0,18
4157,22-08-2026,15:15,137,Jaqueta Básica,Jaqueta,Cinza,GG,4,124.46,74.68,423.16,Crediário,Online,33.0,3
4158,2026-06-09,12:15,103,Acessório Esporte,Acessório,Verde,M,1,142.1,0.0,142.1,Cartão de Crédito,Online,476.0,2
4159,2026-04-04,18:45,110,Bermuda Slim,Bermuda,Vermelha,G,4,158.66,63.46,571.18,Cartão de Crédito,Física,,3
4160,2026-09-05,16:45,51,Blusa Premium,Blusa,Branca,P,3,122.21,36.66,329.97,Cartão de Crédito,Física,298.0,18
4161,2026-09-17,19:15,101,Jaqueta Casual,Jaqueta,Verde,M,2,263.03,52.61,473.45,Dinheiro,Física,290.0,5
4162,2026-05-15,21:30,144,Blusa X,Blusa,Verde,G,1,297.99,14.9,283.09,Dinheiro,Física,4.0,11
4163,2026-04-09,17:15,72,Camiseta Casual,Camiseta,Rosa,P,2,280.68,0.0,561.36,PIX,Física,504.0,14
4164,2026-08-23,17:00,159,Calça Social,Calça,Verde,G,3,166.81,75.06,425.37,Cartão de Débito,Online,69.0,15
4165,2026-08-25,15:30,42,Calça Casual,Calça,Verde,G,4,245.94,147.56,836.2,PIX,Online,163.0,20
4166,2026-06-14,12:15,3,Vestido Esporte,Vestido,Azul,GG,2,51.13,0.0,102.26,PIX,Física,105.0,18
4167,2026-09-07,19:00,133,Jaqueta Social,Jaqueta,Branca,P,1,168.42,8.42,160.0,Dinheiro,Online,267.0,16
4168,2026-05-19,15:30,131,Jaqueta X,Jaqueta,Azul,P,2,192.39,38.48,346.3,Cartão de Débito,Online,139.0,25
4169,2026-05-09,14:15,160,Vestido Básica,Vestido,Branca,G,4,38.68,23.21,131.51,Cartão de Débito,Física,249.0,21
4170,2026-08-16,11:15,4,Acessório Básica,Acessório,Vermelha,G,4,81.82,406.79081047702425,294.55,Dinheiro,Física,331.0,1
4171,2026-06-08,15:45,7,Acessório X,Acessório,Vermelha,GG,4,160.81,96.49,546.75,Cartão de Débito,Online,409.0,9
4172,2026-06-19,09:15,46214,Bermuda Casual,Bermuda,Rosa,G,2,113.47,34.04,192.9,PIX,Online,228.0,21
4173,2026-09-01,11:15,156,Calça Esporte,Calça,Cinza,P,4,179.11,0.0,"716,44",CARTÃO DE CRÉDITO,Física,,15
4174,09/09/2026,09:15,151,Vestido Social,Vestido,Cinza,P,4,305.13,0.0,1220.52,Cartão de Crédito,Física,496.0,13
4175,2026-07-16,11:30,7,Acessório X,Acessório,Vermelha,GG,1,160.81,0.0,160.81,Crediário,Física,135.0,17
4176,2026-05-26,21:45,96,Camiseta Casual,Camiseta,Verde,P,3,307.93,0.0,923.79,Crediário,Online,484.0,7
4177,2026-09-29,17:15,77,Blusa Básica,Blusa,Preta,M,1,29.9,4.48,25.42,Cartão de Débito,Física,,14
4178,2026-03-19,14:15,53,Jaqueta Casual,Jaqueta,Branca,P,3,203.54,0.0,610.62,PIX,Online,226.0,11
4179,2026-03-25,12:45,129,Acessório X,Acessório,Branca,M,1,84.81,12.72,72.09,PIX,Online,,8
4180,2026-05-07,12:15,68,Acessório Casual,Acessório,Branca,P,3,212.83,0.0,638.49,PIX,Física,150.0,9
4181,2026-05-03,20:15,2,Calça Casual,Calça,Verde,M,2,308.53,0.0,617.06,Cartão de Crédito,Física,527.0,8
4182,2026-04-27, 21:00,21,Bermuda Social,Bermuda,Branca,GG,2,301.4,60.28,542.52,Cartão de Débito,Online,,8
4183,2026-05-31,15:15,3,Vestido Esporte,Vestido,Azul,GG,2,51.13,5.11,97.15,Cartão de Débito,Online,93.0,19
4184,2026-08-13,18:30,173,Camiseta Esporte,Camiseta,Preta,P,4,183.66,73.46,661.18,Cartão de Débito,Online,245.0,10
4185,2026-03-16,10:45,110,Bermuda Slim,Bermuda,Vermelha,G,2,158.66,15.87,301.45,Dinheiro,Física,448.0,20
4186,2026-06-11,16:45,132,Acessório Esporte,Acessório,Rosa,P,3,45.67,0.0,137.01,PIX,Física,,10
4187,2026-06-16,19:00,122,Calça Social,Calça,Azul,M,2,77.6,7.76,147.44,PIX,Física,407.0,9
4188,2026-05-15,15:30,179,Calça Social,Calça,Cinza,P,1,214.89,0.0,214.89,Dinheiro,Online,434.0,21
4189,2026-07-19,20:15,90,Jaqueta Social,Jaqueta,Rosa,M,4,340.94,0.0,1363.76,Crediário,Online,363.0,17
4190,2026-06-30,20:45,135,Bermuda Básica,Bermuda,Cinza,M,1,74.1,7.41,66.69,Cartão de Crédito,Online,378.0,21
4191,2026-04-24,15:15,58,Blusa X,Blusa,Branca,P,4,215.52,43.1,818.98,PIX,Física,310.0,2
4192,2026-08-03, 14:30,156,Calça Esporte,Calça,Cinza,P,3,179.11,80.6,456.73,PIX,Física,573.0,19
4193,2026-07-24,21:00  ,168,Camiseta Slim,Camiseta,Preta,GG,3,50.13,0.0,150.39,Dinheiro,Física,89.0,9
4194,2026-05-14,15:30,8,Bermuda Básica,Bermuda,Rosa,P,3,301.95,0.0,905.85,Cartão de Débito,Online,365.0,25
4195,2026-09-24,16:15,78,Acessório Básica,Acessório,Cinza,GG,3,138.63,62.38,353.51,PIX,Física,,12
4196,2026-06-08,16:00,168,Camiseta Slim,Camiseta,Preta,GG,2,50.13,10.03,90.23,Crediário,Online,405.0,6
4197,2026-08-11,12:45,124,Camiseta Social,Camiseta,Branca,M,2,31.01,9.3,52.72,PIX,Física,98.0,4
4198,2026-08-19,14:30,94,Blusa X,Blusa,Azul,GG,4,310.47,124.19,1117.69,Cartão de Débito,Online,142.0,20
4199,12/08/2026,15:00,3,Vestido Esporte,Vestido,Azul,GG,2,51.13,15.34,86.92,Cartão de Crédito,Online,45840.0,11
4200,2026-06-02,18:45,118,Bermuda Premium,Bermuda,Verde,G,2,289.27,0.0,578.54,Cartão de Débito,Física,56.0,8
4201,2026-06-28,10:45,17,Acessório Slim,Acessório,Azul,M,1,102.24,0.0,102.24,Cartão de Crédito,Online,77.0,12
4202,2026-08-19,21:00,16,Bermuda Esporte,Bermuda,Branca,M,3,242.53,0.0,727.59,Cartão de Débito,Online,163.0,15
4203,2026-05-10,12:30,120,Camiseta Básica,Camiseta,Rosa,G,4,304.19,60.84,1155.92,Cartão de Débito,Física,204.0,23
4204,2026-05-09,19:15,89,Acessório Premium,Acessório,Vermelha,GG,2,62.97,0.0,125.94,Cartão de Débito,Física,,1
4205,2026-09-16,15:00,79,Vestido Slim,Vestido,Verde,GG,3,29.96,13.48,76.4,PIX,Física,337.0,6
4206,2026-08-25,12:45,162,Acessório Esporte,Acessório,Preta,P,4,314.53,0.0,1258.12,Cartão de Crédito,Física,97.0,16
4207,2026-06-26,16:45  ,30,Vestido Esporte,Vestido,Vermelha,G,3,244.92,0.0,734.76,PIX,Física,146.0,23
4208,2026-09-02, 09:45,66,Vestido Básica,Vestido,Preta,GG,3,195.93,58.78,529.01,Crediário,Física,55.0,3
4209,2026-08-22,19:15,126,Calça Casual,Calça,Vermelha,G,3,275.71,0.0,827.13,Cartão de Débito,Física,158.0,17
4210,2026-03-05,14:30  ,4,Acessório Básica,Acessório,Vermelha,G,3,81.82,12.27,233.19,PIX,Física,146.0,25
4211,2026-09-20,15:15,16,Bermuda Esporte,Bermuda,Branca,M,2,242.53,48.51,436.55,Cartão de Crédito,Física,546.0,24
4212,2026-04-27,20:45,114,Camiseta Social,Camiseta,Verde,GG,2,330.12,99.04,561.2,Crediário,Física,76.0,1
4213,2026-05-18,17:45,60,Blusa Premium,Blusa,Azul,GG,1,177.54,0.0,177.54,Crediário,Física,41.0,7
4214,2026-03-30,16:00,157,Bermuda Básica,Bermuda,Azul,P,1,35.03,5.25,29.78,Cartão de Crédito,Online,383.0,24
4215,2026-05-21,09:30,33,Camiseta Esporte,Camiseta,Verde,G,-2,238.32,71.5,405.14,Cartão de Crédito,Online,79.0,12
4216,2026-07-22,09:15,40,Jaqueta Premium,Jaqueta,Branca,G,3,59.14,8.87,168.55,Cartão de Crédito,Online,270.0,19
4217,2026-04-13,13:00,28,Bermuda Premium,Bermuda,Vermelha,GG,4,57.16,284.1942386011273,205.78,Cartão de Débito,Física,472.0,16
4218,2026-08-23,14:30,99,Camiseta Slim,Camiseta,Rosa,G,3,178.5,26.78,508.72,Cartão de Crédito,Online,,5
4219,2026-08-16,21:30,82,Bermuda Social,Bermuda,Azul,M,4,325.21,0.0,1300.84,Cartão de Débito,Física,536.0,8
4220,2026-06-24,10:15,61,Blusa Social,Blusa,Preta,P,4,336.13,134.45,1210.07,Cartão de Crédito,Física,524.0,9
4221,07/04/26,12:30,134,Bermuda Básica,Bermuda,Rosa,GG,3,59.5,8.93,169.57,Cartão de Crédito,Física,51.0,8
4222,2026-05-04,14:15,87,Camiseta Casual,Camiseta,Cinza,P,3,273.14,0.0,819.42,dinheiro,Física,32.0,11
4223,2026-04-12,10:00,98,Acessório Básica,Acessório,Branca,G,2,254.79,0.0,509.58,Cartão de Débito,Online,460.0,8
4224,2026-04-01,21:00,169,Camiseta Premium,Camiseta,Branca,GG,2,137.47,27.49,247.45,Crediário,Online,73.0,25
4225,2026-05-23,12:45,170,Bermuda Premium,Bermuda,Vermelha,GG,1,234.75,0.0,234.75,Cartão de Débito,Física,,19
4226,29-05-2026,16:30,143,Bermuda Casual,Bermuda,Rosa,G,4,113.47,0.0,453.88,Crediário,Online,596.0,21
4227,2026-05-27,17:15,149,Vestido Básica,Vestido,Cinza,GG,3,67.2,10.08,191.52,Cartão de Débito,Física,90.0,1
4228,2026-06-12,15:15,55,Vestido Premium,Vestido,Branca,M,2,126.12,0.0,252.24,PIX,Física,136.0,6
4229,2026-04-24,09:30,102,Vestido Premium,Vestido,Vermelha,GG,4,250.72,0.0,1002.88,Cartão de Débito,Online,193.0,24
4230,2026-08-26,17:00,153,Bermuda Social,Bermuda,Cinza,G,2,75.2,7.52,142.88,Cartão de Crédito,Física,51.0,8
4231,2026-08-02,17:30,172,Camiseta Premium,Camiseta,Rosa,G,4,289.13,115.65,1040.87,Cartão de Crédito,Física,70.0,18
4232,2026-08-25,21:00,18,Acessório Básica,Acessório,Azul,M,1,242.78,24.28,218.5,cartao credito,Online,116.0,10
4233,2026-06-27,14:00,17,Acessório Slim,Acessório,Azul,M,3,102.24,0.0,306.72,Cartão de Débito,Física,,20
4234,2026-07-29,20:00,33,Camiseta Esporte,Camiseta,Verde,G,1,238.32,0.0,238.32,Cartão de Crédito,Online,88.0,8
4235,2026-03-06,15:15  ,70,Vestido Slim,Vestido,Verde,G,3,304.38,91.31,821.83,Crediário,Online,569.0,14
4236,2026-03-24,10:00,127,Bermuda X,Bermuda,Azul,M,1,269.31,0.0,269.31,Dinheiro,Online,385.0,16
4237,2026-03-02,20:45,66,Vestido Básica,Vestido,Preta,GG,2,195.93,0.0,391.86,Crediário,Física,258.0,10
4238,2026-06-07,20:45,173,Camiseta Esporte,Camiseta,Preta,P,1,183.66,0.0,183.66,PIX,Online,263.0,20
4239,2026-05-18,19:15,165,Calça Casual,Calça,Rosa,G,4,158.71,0.0,634.84,Cartão de Crédito,Física,244.0,18
4240,2026-06-27,10:15,130,Bermuda Slim,Bermuda,Verde,G,1,139.82,6.99,132.83,Cartão de Crédito,Física,2.0,23
4241,2026-06-08,10:45,57,Calça Casual,Calça,Verde,GG,1,86.79,0.0,86.79,PIX,Online,482.0,8
4242,2026-06-24,16:30,35,Blusa Premium,Blusa,Preta,P,1,314.35,0.0,314.35,Dinheiro,Física,63.0,14
4243,2026-07-28,20:30,96,Camiseta Casual,Camiseta,Verde,P,4,307.93,123.17,1108.55,Crediário,Online,1.0,5
4244,2026-03-24,14:45,133,Jaqueta Social,Jaqueta,Branca,P,1,168.42,16.84,151.58,Cartão de Débito,Online,580.0,22
4245,2026-05-05,12:15,167,Jaqueta Slim,Jaqueta,Branca,G,1,219.14,21.91,197.23,Cartão de Débito,Online,9.0,13
4246,2026-08-01,17:15,152,Jaqueta Premium,Jaqueta,Verde,M,2,208.59,62.58,354.6,Cartão de Crédito,Física,44.0,22
4247,2026-04-11,14:45,72,Camiseta Casual,Camiseta,Rosa,P,3,280.68,84.2,757.84,Cartão de Crédito,Física,400.0,11
4248,2026-08-20,21:30,29,Blusa Básica,Blusa,Azul,P,3,287.6,43.14,819.66,Dinheiro,Física,259.0,4
4249,2026-03-29,16:15,142,Vestido Esporte,Vestido,Branca,GG,3,142.68,0.0,428.04,PIX,Online,165.0,5
4250,2026-08-09,16:30,169,Camiseta Premium,Camiseta,Branca,GG,3,137.47,0.0,412.41,Cartão de Débito,Física,128.0,14
4251,2026-06-29,12:30,70,Vestido Slim,Vestido,Verde,G,4,304.38,0.0,1217.52,Cartão de Débito,Online,98.0,19
4252,2026-03-30,21:00,81,Calça Básica,Calça,Rosa,G,3,188.91,85.01,481.72,Cartão de Débito,Física,52.0,7
4253,2026-07-13,20:15,92,Vestido Básica,Vestido,Cinza,G,4,146.37,87.82,497.66,Cartão de Crédito,Online,525.0,23
4254,2026-06-02,12:00,25,Calça Básica,Calça,Rosa,GG,2,346.73,0.0,693.46,Cartão de Crédito,Física,,16
4255,2026-07-10,12:30,36,Jaqueta X,Jaqueta,Rosa,GG,2,109.13,10.91,207.35,Cartão de Crédito,Online,518.0,14
4256,2026-04-09,19:00,57,Calça Casual,Calça,Verde,GG,1,86.79,0.0,86.79,Cartão de Débito,Física,386.0,9
4257,2026-08-26,21:00,23,Calça Social,Calça,Preta,GG,1,181.44,27.22,"154,22",Dinheiro,Física,236.0,10
4258,2026-08-20,09:00,175,Jaqueta Slim,Jaqueta,Branca,P,2,111.44,11.14,211.74,Cartão de Crédito,Física,184.0,13
4259,2026-05-19,17:45,37,Acessório Premium,Acessório,Rosa,G,3,281.93,0.0,845.79,Cartão de Débito,Física,,3
4260,2026-04-15,17:30,32,Acessório Social,Acessório,Azul,G,1,324.96,0.0,324.96,Cartão de Débito,Física,600.0,5
4261,2026-04-29,19:45,47,Blusa Esporte,Blusa,Vermelha,M,3,85.46,25.64,230.74,Cartão de Crédito,Física,175.0,12
4262,2026-08-19,14:15,129,Acessório X,Acessório,Branca,M,2,84.81,0.0,169.62,Cartão de Débito,Online,273.0,5
4263,2026-05-30,12:00,21,Bermuda Social,Bermuda,Branca,GG,3,301.4,0.0,904.2,Cartão de Crédito,Física,583.0,13
4264,2026-06-02,15:00,32,Acessório Social,Acessório,Azul,G,3,324.96,0.0,974.88,PIX,Física,167.0,7
4265,2026-08-11,20:45,51,Blusa Premium,Blusa,Branca,P,1,122.21,0.0,122.21,PIX,Online,8.0,13
4266,2026-08-08,17:00,37,Acessório Premium,Acessório,Rosa,G,3,281.93,84.58,761.21,crediário,Online,309.0,22
4267,2026-09-02,14:00,90,Jaqueta Social,Jaqueta,Rosa,M,1,340.94,17.05,323.89,PIX,Online,250.0,3
4268,2026-08-26, 10:45,154,Bermuda Básica,Bermuda,Branca,P,2,240.69,24.07,457.31,Cartão de Débito,Online,55.0,15
4269,2026-07-21,14:30,143,Bermuda Casual,Bermuda,Rosa,G,1,113.47,5.67,107.8,Crediário,Online,295.0,4
4270,2026-09-07,20:15,150,Camiseta Casual,Camiseta,Cinza,GG,2,216.84,43.37,390.31,Cartão de Débito,Física,,15
4271,2026-07-17,11:15,62,Jaqueta Social,Jaqueta,Rosa,M,3,66.35,0.0,199.05,Cartão de Crédito,Online,234.0,18
4272,2026-04-08,19:15,78,Acessório Básica,Acessório,Cinza,GG,4,138.63,55.45,499.07,Cartão de Crédito,Online,299.0,10
4273,2026-05-01, 16:15 ,166,Blusa Casual,Blusa,Cinza,P,4,25.41,0.0,101.64,Cartão de Débito,Online,162.0,5
4274,2026-09-28,20:00,113,Jaqueta Premium,Jaqueta,Rosa,M,2,196.9,59.07,334.73,Cartão de Débito,Online,337.0,18
4275,2026-07-22,16:30,19,Calça Casual,Calça,Rosa,P,2,165.92,0.0,331.84,Cartão de Débito,Física,566.0,13
4276,2026-09-28,11:30,37,Acessório Premium,Acessório,Rosa,G,1,281.93,0.0,281.93,PIX,Online,438.0,14
4277,2026-08-19,10:00,7,Acessório X,Acessório,Vermelha,GG,2,160.81,0.0,321.62,Cartão de Débito,Online,170.0,5
4278,2026-09-04,12:30,15,Bermuda Básica,Bermuda,Cinza,G,4,52.05,10.41,197.79,Cartão de Débito,Online,228.0,11
4279,2026-09-13,17:30,60,Blusa Premium,Blusa,Azul,GG,4,177.54,71.02,639.14,Crediário,Online,485.0,19
4280,2026-09-29,21:00,91,Acessório Casual,Acessório,Rosa,M,4,274.86,0.0,1099.44,Cartão de Débito,Física,248.0,1
4281,16-03-2026,16:30,164,Blusa Premium,Blusa,Preta,G,1,175.34,17.53,157.81,Crediário,Física,30.0,19
4282,2026-05-28,19:15,148,Vestido Slim,Vestido,Rosa,G,3,213.53,32.03,608.56,PIX,Física,318.0,4
4283,2026-06-30,19:45,147,Calça Premium,Calça,Preta,P,2,176.07,52.82,299.32,Cartão de Crédito,Online,430.0,14
4284,2026-03-24,16:15,92,Vestido Básica,Vestido,Cinza,G,2,146.37,0.0,292.74,PIX,Física,216.0,3
4285,2026-07-04,13:30,41,Vestido X,Vestido,Verde,M,4,38.61,0.0,154.44,Cartão de Crédito,Online,544.0,16
4286,2026-03-06,17:30,31,Vestido Social,Vestido,Azul,GG,2,28.24,0.0,56.48,Cartão de Débito,Física,51.0,7
4287,2026-06-05,15:00,138,Jaqueta Social,Jaqueta,Branca,P,1,257.25,0.0,257.25,Dinheiro,Física,110.0,4
4288,2026-03-29,15:00,15,Bermuda Básica,Bermuda,Cinza,G,4,52.05,10.41,197.79,PIX,Física,498.0,19
4289,2026-07-05,19:45,42,Calça Casual,Calça,Verde,G,1,245.94,0.0,245.94,Crediário,Online,25.0,17
4290,2026-04-29,10:45,114,Camiseta Social,Camiseta,Verde,GG,3,330.12,49.52,940.84,Crediário,Física,4.0,15
4291,17/03/26,21:15,120,Camiseta Básica,Camiseta,Rosa,G,4,304.19,182.51,1034.25,Dinheiro,Online,181.0,9
4292,2026-03-15,19:15,125,Vestido X,Vestido,Verde,M,1,114.2,0.0,114.2,Cartão de Crédito,Online,295.0,1
4293,2026-05-25,12:45,40,Jaqueta Premium,Jaqueta,Branca,G,3,59.14,8.87,168.55,Cartão de Crédito,Online,468.0,10
4294,2026-04-24,21:30,47,Blusa Esporte,Blusa,Vermelha,M,4,85.46,17.09,324.75,Cartão de Crédito,Física,,20
4295,2026-09-10,15:30,145,Bermuda Casual,Bermuda,Azul,GG,1,159.63,15.96,143.67,Crediário,Online,395.0,25
4296,2026-07-18,14:45,128,Acessório X,Acessório,Verde,G,1,38.26,5.74,32.52,PIX,Online,285.0,3
4297,2026-08-29,16:00,50,Blusa Básica,Blusa,Azul,G,4,124.43,0.0,497.72,Cartão de Débito,Física,78.0,12
4298,2026-09-17,19:45,108,Jaqueta X,Jaqueta,Azul,G,4,84.3,50.58,286.62,Cartão de Débito,Física,298.0,16
4299,2026-05-18, 18:00 ,102,Vestido Premium,Vestido,Vermelha,GG,4,250.72,50.14,952.74,PIX,Física,456.0,15
4300,2026-07-03,13:15,50,Blusa Básica,Blusa,Azul,G,-1,124.43,18.66,354.63,Cartão de Crédito,Física,572.0,15
4301,2026-09-18, 16:15 ,175,Jaqueta Slim,Jaqueta,Branca,P,2,111.44,0.0,222.88,Cartão de Débito,Online,,3
4302,2026-05-23,11:15,117,Vestido Premium,Vestido,Cinza,M,-2,81.36,0.0,244.08,Dinheiro,Online,419.0,21
4303,2026-05-20,14:45,60,Blusa Premium,Blusa,Azul,GG,2,177.54,53.26,301.82,PIX,Online,529.0,16
4304,2026-07-24,15:00,102,Vestido Premium,Vestido,Vermelha,GG,3,250.72,0.0,"752,16",Dinheiro,Online,288.0,2
4305,19/05/26,13:30,110,Bermuda Slim,Bermuda,Vermelha,G,3,158.66,0.0,475.98,Dinheiro,Online,477.0,18
4306,2026-07-07,21:15,11,Calça Básica,Calça,Verde,G,4,112.35,22.47,426.93,PIX,Física,277.0,1
4307,2026-05-09,21:30,75,Bermuda Premium,Bermuda,Cinza,G,2,129.65,38.9,220.4,Cartão de Crédito,Física,,16
4308,2026-04-11,17:30,151,Vestido Social,Vestido,Cinza,P,4,305.13,0.0,1220.52,Cartão de Crédito,Física,429.0,25
4309,2026-07-16,19:45,58,Blusa X,Blusa,Branca,P,2,215.52,0.0,431.04,PIX,Online,259.0,15
4310,2026-04-30,21:45,120,Camiseta Básica,Camiseta,Rosa,G,3,304.19,136.89,775.68,PIX,Física,261.0,9
4311,2026-05-06,20:45,171,Blusa Casual,Blusa,Verde,M,4,139.15,0.0,556.6,Cartão de Débito,Online,391.0,4
4312,2026-03-20,17:30,98,Acessório Básica,Acessório,Branca,G,2,254.79,0.0,509.58,Cartão de Débito,Física,298.0,17
4313,2026-09-10,17:45,143,Bermuda Casual,Bermuda,Rosa,G,3,113.47,0.0,340.41,PIX,Online,220.0,17
4314,2026-09-25,12:45,146,Calça Premium,Calça,Branca,GG,3,343.66,0.0,1030.98,Cartão de Débito,Física,436.0,8
4315,2026-04-09,16:30,20,Blusa Básica,Blusa,Branca,M,1,212.5,0.0,212.5,Dinheiro,Online,3.0,13
4316,2026-03-03,10:00,125,Vestido X,Vestido,Verde,M,3,114.2,0.0,342.6,Dinheiro,Online,74.0,1
4317,2026-04-28,17:00,117,Vestido Premium,Vestido,Cinza,M,1,81.36,0.0,81.36,Cartão de Débito,Online,299.0,15
4318,2026-09-01,13:00,125,Vestido X,Vestido,Verde,M,3,114.2,0.0,342.6,Cartão de Débito,Online,285.0,11
4319,2026-06-14,18:45,143,Bermuda Casual,Bermuda,Rosa,G,4,113.47,0.0,453.88,Crediário,Física,58.0,21
4320,2026-03-02,20:00,14,Bermuda Esporte,Bermuda,Verde,GG,2,113.16,0.0,226.32,Cartão de Débito,Online,211.0,16
4321,2026-04-28,19:30,72,Camiseta Casual,Camiseta,Rosa,P,2,280.68,0.0,561.36,Dinheiro,Online,60.0,19
4322,02-06-2026,18:45,86,Blusa Social,Blusa,Azul,P,4,56.25,22.5,202.5,Cartão de Débito,Online,461.0,10
4323,2026-09-09,14:00,130,Bermuda Slim,Bermuda,Verde,G,1,139.82,13.98,125.84,Crediário,Física,277.0,7
4324,2026-05-30,19:00,74,Bermuda Esporte,Bermuda,Branca,M,1,290.34,43.55,246.79,Cartão de Crédito,Física,491.0,20
4325,2026-09-29,21:30,103,Acessório Esporte,Acessório,Verde,M,1,142.1,14.21,127.89,Crediário,Física,212.0,6
4326,2026-07-04,10:15,21,Bermuda Social,Bermuda,Branca,GG,2,301.4,30.14,572.66,Crediário,Física,562.0,8
4327,2026-06-30,14:15,105,Calça Premium,Calça,Vermelha,GG,3,53.58,8.04,152.7,Cartão de Crédito,Física,500.0,15
4328,2026-08-13,17:00,66,Vestido Básica,Vestido,Preta,GG,3,195.93,0.0,587.79,PIX,Física,,9
4329,2026-06-23,16:45,138,Jaqueta Social,Jaqueta,Branca,P,2,257.25,77.18,437.32,Cartão de Crédito,Online,574.0,2
4330,2026-04-20,21:45,38,Acessório Esporte,Acessório,Rosa,P,1,113.5,5.68,107.82,Cartão de Débito,Física,236.0,23
4331,2026-06-19,09:15,48,Camiseta Básica,Camiseta,Cinza,GG,2,63.03,0.0,126.06,Cartão de Débito,Física,147.0,3
4332,2026-08-05,09:30,136,Bermuda Slim,Bermuda,Verde,P,1,232.34,23.23,209.11,Cartão de Crédito,Física,176.0,22
4333,2026-04-19,09:45,48,Camiseta Básica,Camiseta,Cinza,GG,4,63.03,37.82,214.3,Cartão de Crédito,Online,480.0,17
4334,22/04/2026,12:30,95,Bermuda X,Bermuda,Cinza,G,4,275.07,0.0,1100.28,PIX,Online,41.0,10
4335,2026-06-26,21:45,121,Acessório Básica,Acessório,Vermelha,GG,1,127.53,12.75,114.78,Dinheiro,Online,587.0,19
4336,2026-09-21,18:15,132,Acessório Esporte,Acessório,Rosa,P,2,45.67,9.13,82.21,PIX,Física,267.0,20
4337,2026-09-07,12:15,17,Acessório Slim,Acessório,Azul,M,1,102.24,0.0,102.24,Cartão de Crédito,Online,388.0,2
4338,2026-03-23,14:45,76,Jaqueta X,Jaqueta,Cinza,P,4,291.87,175.12,992.36,Cartão de Débito,Física,573.0,7
4339,2026-09-16,14:45,142,Vestido Esporte,Vestido,Branca,GG,3,142.68,42.8,385.24,PIX,Física,423.0,14
4340,16/04/2026,21:15,13,Blusa Básica,Blusa,Verde,G,2,276.45,27.64,525.26,Cartão de Débito,Física,450.0,3
4341,2026-04-14,10:00,143,Bermuda Casual,Bermuda,Rosa,G,4,113.47,45.39,408.49,Dinheiro,Online,20.0,13
4342,2026-08-01,13:00,57,Calça Casual,Calça,Verde,GG,2,86.79,0.0,173.58,Cartão de Crédito,Online,463.0,1
4343,2026-03-11,14:45,124,Camiseta Social,Camiseta,Branca,M,4,31.01,0.0,124.04,Dinheiro,Física,24.0,23
4344,2026-07-31,13:30,16,Bermuda Esporte,Bermuda,Branca,M,2,242.53,0.0,485.06,PIX,Física,280.0,14
4345,2026-09-24,12:30,46,Bermuda Social,Bermuda,Azul,P,3,46.54,13.96,125.66,Cartão de Crédito,Física,403.0,25
4346,2026-07-25,19:45,113,Jaqueta Premium,Jaqueta,Rosa,M,1,196.9,0.0,196.9,PIX,Física,483.0,20
4347,2026-08-13,21:15,45,Jaqueta Social,Jaqueta,Preta,P,1,105.9,0.0,105.9,Cartão de Débito,Online,97600.0,18
4348,2026-03-06,16:30,178,Blusa Slim,Blusa,Rosa,G,1,281.67,0.0,281.67,Cartão de Débito,Física,398.0,17
4349,2026-06-16,12:30  ,3,Vestido Esporte,Vestido,Azul,GG,1,51.13,0.0,51.13,Dinheiro,Online,439.0,9
4350,2026-06-08,17:45,115,Vestido Básica,Vestido,Vermelha,GG,1,108.11,0.0,108.11,Cartão de Débito,Física,533.0,11
4351,2026-03-20,18:30,46,Bermuda Social,Bermuda,Azul,P,4,46.54,27.92,158.24,PIX,Física,433.0,2
4352,2026-08-03,11:15,156,Calça Esporte,Calça,Cinza,P,4,179.11,0.0,"716,44",Cartão de Crédito,Online,308.0,10
4353,2026-08-16,17:30,82,Bermuda Social,Bermuda,Azul,M,3,325.21,48.78,926.85,Cartão de Débito,Online,210.0,11
4354,2026-07-28,16:00,127,Bermuda X,Bermuda,Azul,M,3,269.31,0.0,807.93,PIX,Online,197.0,12
4355,2026-04-27,17:45,143,Bermuda Casual,Bermuda,Rosa,G,1,113.47,0.0,113.47,Cartão de Débito,Física,380.0,8
4356,2026-03-24,19:00,2,Calça Casual,Calça,Verde,M,2,308.53,0.0,617.06,Cartão de Crédito,Física,151.0,16
4357,2026-08-26,19:30,119,Calça Esporte,Calça,Branca,P,2,331.07,0.0,662.14,Cartão de Débito,Online,453.0,21
4358,2026-07-20,10:30,55,Vestido Premium,Vestido,Branca,M,1,126.12,6.31,119.81,Cartão de Crédito,Física,15.0,23
4359,2026-04-10,12:45,80,Camiseta Básica,Camiseta,Cinza,M,4,179.41,71.76,"645,88",Cartão de Crédito,Física,161.0,7
4360,2026-05-13,16:15,47,Blusa Esporte,Blusa,Vermelha,M,1,85.46,8.55,"R$ 76,91",Cartão de Crédito,Física,438.0,14
4361,2026-09-17,21:15,45,Jaqueta Social,Jaqueta,Preta,P,0,105.9,31.77,285.93,Cartão de Crédito,Física,285.0,8
4362,2026-04-14,10:45,146,Calça Premium,Calça,Branca,GG,2,343.66,68.73,618.59,Crediário,Online,395.0,20
4363,2026-09-15,10:00,142,Vestido Esporte,Vestido,Branca,GG,2,142.68,42.8,242.56,PIX,Online,446.0,12
4364,2026-07-15,20:45,73,Calça X,Calça,Azul,M,3,313.28,140.98,798.86,Dinheiro,Online,,18
4365,2026-06-03,16:15,132,Acessório Esporte,Acessório,Rosa,P,2,45.67,0.0,91.34,PIX,Online,69.0,4
4366,2026-09-13,13:00,61,Blusa Social,Blusa,Preta,P,3,336.13,0.0,1008.39,Cartão de Crédito,Online,516.0,1
4367,2026-09-19,10:30,79,Vestido Slim,Vestido,Verde,GG,2,29.96,0.0,59.92,Cartão de Débito,Física,466.0,9
4368,2026-03-18,14:30,5,Jaqueta Básica,Jaqueta,Preta,GG,3,235.61,106.02,600.81,Dinheiro,Online,166.0,9
4369,2026-07-18,21:30,124,Camiseta Social,Camiseta,Branca,M,2,31.01,0.0,62.02,Cartão de Crédito,Física,311.0,9
4370,2026-07-22,15:45,55,Vestido Premium,Vestido,Branca,M,1,126.12,6.31,119.81,PIX,Física,344.0,12
4371,2026-07-04,11:15,43,Bermuda Premium,Bermuda,Preta,GG,3,144.6,0.0,433.8,Cartão de Débito,Online,153.0,1
4372,2026-03-15,19:30,5,Jaqueta Básica,Jaqueta,Preta,GG,3,235.61,35.34,"671,49",Crediário,Online,438.0,24
4373,2026-06-20,11:00,31,Vestido Social,Vestido,Azul,GG,2,28.24,8.47,48.01,Cartão de Crédito,Online,80.0,5
4374,2026-06-25,16:00,49,Calça Esporte,Calça,Preta,P,3,264.21,0.0,792.63,Cartão de Débito,Online,42.0,18
4375,2026-04-18,11:15,179,Calça Social,Calça,Cinza,P,2,214.89,42.98,386.8,PIX,Online,311.0,21
4376,2026-05-26,12:00,134,Bermuda Básica,Bermuda,Rosa,GG,1,59.5,0.0,59.5,Cartão de Débito,Online,167.0,18
4377,2026-07-28,17:15,72,Camiseta Casual,Camiseta,Rosa,P,3,280.68,0.0,"R$ 842,04",Cartão de Crédito,Física,108.0,11
4378,2026-09-17,18:15,4,Acessório Básica,Acessório,Vermelha,G,4,81.82,0.0,327.28,Cartão de Crédito,Online,168.0,16
4379,2026-05-05,14:45,58,Blusa X,Blusa,Branca,P,3,215.52,96.98,549.58,Cartão de Crédito,Online,104.0,18
4380,2026-07-27,11:00,77,Blusa Básica,Blusa,Preta,M,3,29.9,8.97,80.73,Cartão de Débito,Online,573.0,19
4381,2026-05-11,13:30,43,Bermuda Premium,Bermuda,Preta,GG,3,144.6,21.69,412.11,Cartão de Débito,Física,480.0,17
4382,2026-09-19,13:30,87,Camiseta Casual,Camiseta,Cinza,P,4,273.14,0.0,1092.56,Crediário,Online,50.0,2
4383,2026-05-01,11:00,95,Bermuda X,Bermuda,Cinza,G,3,275.07,0.0,825.21,Cartão de Crédito,Online,587.0,19
4384,2026-09-11,21:15,135,Bermuda Básica,Bermuda,Cinza,M,2,74.1,0.0,148.2,PIX,Online,102.0,14
4385,2026-04-08,16:45,62,Jaqueta Social,Jaqueta,Rosa,M,2,66.35,13.27,119.43,Cartão de Débito,Online,473.0,3
4386,2026-04-16,13:30,84,Blusa X,Blusa,Branca,M,3,91.15,0.0,273.45,PIX,Online,200.0,6
4387,2026-03-25,09:15,135,Bermuda Básica,Bermuda,Cinza,M,2,74.1,0.0,148.2,Cartão de Crédito,Física,494.0,17
4388,2026-08-19,13:30,158,Jaqueta Premium,Jaqueta,Rosa,GG,3,91.13,27.34,246.05,Cartão de Débito,Física,308.0,18
4389,2026-08-16,16:15,11,Calça Básica,Calça,Verde,G,3,112.35,16.85,320.2,Cartão de Crédito,Física,418.0,3
4390,2026-04-30,13:45,14,Bermuda Esporte,Bermuda,Verde,GG,3,113.16,16.97,322.51,PIX,Online,369.0,3
4391,2026-06-21,15:15,15,Bermuda Básica,Bermuda,Cinza,G,2,52.05,0.0,104.1,Cartão de Crédito,Online,180.0,24
4392,2026-08-18,21:30,76,Jaqueta X,Jaqueta,Cinza,P,2,291.87,58.37,525.37,PIX,Física,451.0,7
4393,12/05/2026,17:15,148,Vestido Slim,Vestido,Rosa,G,2,213.53,0.0,427.06,Cartão de Crédito,Online,252.0,23
4394,2026-03-19,10:00,142,Vestido Esporte,Vestido,Branca,GG,3,142.68,0.0,428.04,Cartão de Débito,Online,419.0,25
4395,2026-08-04,17:45,12,Blusa X,Blusa,Rosa,P,2,258.15,0.0,516.3,PIX,Online,359.0,13
4396,2026-07-06,21:30,8,Bermuda Básica,Bermuda,Rosa,P,4,301.95,0.0,1207.8,PIX,Online,295.0,12
4397,2026-03-23,15:00,150,Camiseta Casual,Camiseta,Cinza,GG,1,216.84,32.53,184.31,Cartão de Crédito,Online,463.0,21
4398,2026-08-17,18:30,23,Calça Social,Calça,Preta,GG,3,181.44,81.65,462.67,Cartão de Débito,Online,50.0,17
4399,2026-06-07,09:45,67,Vestido Premium,Vestido,Preta,G,3,60.66,0.0,181.98,Cartão de Débito,Física,173.0,15
4400,2026-07-26,11:15,14,Bermuda Esporte,Bermuda,Verde,GG,3,113.16,0.0,339.48,PIX,Física,582.0,18
4401,2026-05-20,16:30,96,Camiseta Casual,Camiseta,Verde,P,1,307.93,0.0,307.93,Cartão de Débito,Física,418.0,25
4402,2026-07-24,20:45,68,Acessório Casual,Acessório,Branca,P,4,212.83,127.7,723.62,PIX,Física,473.0,23
4403,2026-04-09,09:00,66,Vestido Básica,Vestido,Preta,GG,4,195.93,0.0,783.72,Cartão de Débito,Física,362.0,7
4404,2026-08-22,20:30,44,Acessório Esporte,Acessório,Preta,M,4,211.07,0.0,844.28,PIX,Física,419.0,11
4405,2026-07-18,13:45,179,Calça Social,Calça,Cinza,P,3,214.89,0.0,644.67,Cartão de Débito,Física,131.0,2
4406,2026-04-15,16:30,6,Acessório Casual,Acessório,Rosa,GG,1,309.17,0.0,309.17,Cartão de Crédito,Física,311.0,25
4407,2026-09-12,21:00,5,Jaqueta Básica,Jaqueta,Preta,GG,1,235.61,35.34,200.27,Cartão de Débito,Física,400.0,12
4408,2026-06-16,16:15  ,115,Vestido Básica,Vestido,Vermelha,GG,4,108.11,0.0,432.44,PIX,Física,502.0,16
4409,2026-09-13,14:00,47,Blusa Esporte,Blusa,Vermelha,M,3,85.46,38.46,217.92,PIX,Online,5.0,8
4410,2026-09-16,09:00,3,Vestido Esporte,Vestido,Azul,GG,3,51.13,15.34,138.05,Dinheiro,Física,423.0,19
4411,2026-07-10,18:30,44,Acessório Esporte,Acessório,Preta,M,2,211.07,21.11,401.03,Cartão de Débito,Física,298.0,13
4412,2026-08-18,20:45,123,Camiseta Básica,Camiseta,Preta,P,1,195.44,0.0,195.44,PIX,Online,43.0,5
4413,2026-06-13,10:30,173,Camiseta Esporte,Camiseta,Preta,P,3,183.66,0.0,550.98,Cartão de Crédito,Física,271.0,5
4414,2026-06-12,18:30,106,Blusa Premium,Blusa,Azul,P,1,204.85,10.24,194.61,Cartão de Débito,Online,332.0,4
4415,2026-08-10,14:00,135,Bermuda Básica,Bermuda,Cinza,M,2,74.1,0.0,148.2,Cartão de Crédito,Online,383.0,3
4416,25/04/2026,17:00,147,Calça Premium,Calça,Preta,P,2,176.07,0.0,352.14,PIX,Online,517.0,19
4417,2026-08-20,15:45,156,Calça Esporte,Calça,Cinza,P,1,179.11,0.0,179.11,Cartão de Débito,Física,317.0,18
4418,2026-06-06,20:30,147,Calça Premium,Calça,Preta,P,2,176.07,0.0,352.14,PIX,Online,411.0,21
4419,2026-04-19,10:45,87,Camiseta Casual,Camiseta,Cinza,P,4,273.14,0.0,1092.56,Dinheiro,Física,257.0,24
4420,2026-05-08,14:45,170,Bermuda Premium,Bermuda,Vermelha,GG,-2,234.75,0.0,704.25,Dinheiro,Online,232.0,3
4421,2026-08-21,17:00,81,Calça Básica,Calça,Rosa,G,3,188.91,85.01,481.72,Cartão de Crédito,Online,291.0,19
4422,2026-05-06,18:30,151,Vestido Social,Vestido,Cinza,P,2,305.13,61.03,549.23,Cartão de Crédito,Física,249.0,12
4423,2026-08-19,17:30,59,Blusa Social,Blusa,Verde,M,1,202.64,0.0,202.64,Cartão de Débito,Física,349.0,2
4424,2026-06-01,13:45,112,Bermuda Premium,Bermuda,Rosa,GG,4,93.18,0.0,372.72,PIX,Online,165.0,8
4425,2026-05-10,15:00,42,Calça Casual,Calça,Verde,G,1,245.94,0.0,245.94,Cartão de Crédito,Física,381.0,7
4426,2026-09-25,21:30,21,Bermuda Social,Bermuda,Branca,GG,2,301.4,0.0,602.8,Crediário,Online,327.0,4
4427,2026-03-01,20:30,88,Bermuda X,Bermuda,Rosa,G,1,55.13,8.27,46.86,Cartão de Débito,Física,9.0,5
4428,2026-08-01,14:45,111,Blusa Esporte,Blusa,Verde,M,4,279.57,167.74,950.54,Cartão de Débito,Online,260.0,12
4429,28/08/2026,19:00,117,Vestido Premium,Vestido,Cinza,M,4,81.36,16.27,"R$ 309,17",Cartão de Crédito,Física,,2
4430,2026-06-27,16:15,88,Bermuda X,Bermuda,Rosa,G,1,55.13,8.27,46.86,Dinheiro,Online,290.0,6
4431,2026-08-04,09:00,5,Jaqueta Básica,Jaqueta,Preta,GG,4,235.61,94.24,"R$ 848,20",Cartão de Débito,Física,227.0,12
4432,2026-07-04,12:45,66,Vestido Básica,Vestido,Preta,GG,3,195.93,0.0,587.79,PIX,Física,250.0,22
4433,2026-09-01,15:30,117,Vestido Premium,Vestido,Cinza,M,3,81.36,12.2,231.88,Cartão de Débito,Física,,5
4434,2026-07-16,13:00,86,Blusa Social,Blusa,Azul,P,1,56.25,5.62,50.63,Cartão de Débito,Física,240.0,1
4435,2026-06-09,11:15,91,Acessório Casual,Acessório,Rosa,M,1,274.86,0.0,274.86,Cartão de Crédito,Física,546.0,17
4436,2026-06-25,09:45,55,Vestido Premium,Vestido,Branca,M,4,126.12,0.0,504.48,Cartão de Débito,Online,517.0,17
4437,2026-09-04, 13:00 ,91,Acessório Casual,Acessório,Rosa,M,2,274.86,27.49,522.23,Cartão de Débito,Física,348.0,13
4438,2026-08-10,10:45,111,Blusa Esporte,Blusa,Verde,M,1,279.57,0.0,"279,57",PIX,Online,169.0,13
4439,2026-04-17,15:00,124,Camiseta Social,Camiseta,Branca,M,1,31.01,4.65,26.36,Crediário,Online,373.0,21
4440,2026-07-03,21:15,28,Bermuda Premium,Bermuda,Vermelha,GG,4,57.16,11.43,217.21,dinheiro,Física,115.0,11
4441,2026-05-06,13:30,4,Acessório Básica,Acessório,Vermelha,G,4,81.82,0.0,"327,28",Cartão De Crédito,Física,198.0,11
4442,2026-09-21,20:30,14,Bermuda Esporte,Bermuda,Verde,GG,1,113.16,11.32,"101,84",Cartão de Crédito,Física,191.0,10
4443,2026-04-08,16:00,4,Acessório Básica,Acessório,Vermelha,G,1,81.82,0.0,81.82,Cartão de Crédito,Online,596.0,20
4444,2026-09-22,21:45,75,Bermuda Premium,Bermuda,Cinza,G,2,129.65,38.9,220.4,PIX,Física,365.0,12
4445,2026-08-27,11:15,145,Bermuda Casual,Bermuda,Azul,GG,3,159.63,47.89,431.0,PIX,Física,90.0,25
4446,2026-09-30,13:00,160,Vestido Básica,Vestido,Branca,G,1,38.68,5.8,32.88,Cartão de Crédito,Física,3.0,16
4447,2026-06-26,10:00,72,Camiseta Casual,Camiseta,Rosa,P,4,280.68,0.0,1122.72,Cartão de Débito,Física,315.0,6
4448,2026-09-16,20:30,159,Calça Social,Calça,Verde,G,1,166.81,16.68,150.13,Cartão de Débito,Física,185.0,13
4449,2026-04-25,17:45,98,Acessório Básica,Acessório,Branca,G,4,254.79,152.87,866.29,Cartão de Débito,Online,8.0,4
4450,2026-08-02,11:30,28,Bermuda Premium,Bermuda,Vermelha,GG,1,57.16,0.0,57.16,PIX,Física,280.0,13
4451,2026-04-26,09:30,134,Bermuda Básica,Bermuda,Rosa,GG,1,59.5,0.0,59.5,Crediário,Online,477.0,4
4452,2026-06-12,17:45,23,Calça Social,Calça,Preta,GG,2,181.44,36.29,326.59,Dinheiro,Física,143.0,17
4453,2026-03-13,21:45,32,Acessório Social,Acessório,Azul,G,3,324.96,0.0,974.88,Cartão de Crédito,Online,443.0,25
4454,2026-09-24,09:15,20,Blusa Básica,Blusa,Branca,M,3,212.5,95.62,541.88,Cartão de Débito,Online,366.0,20
4455,2026-08-17,15:30,104,Acessório Premium,Acessório,Rosa,M,2,240.9,24.09,457.71,Cartão de Crédito,Online,319.0,9
4456,2026-09-02,19:15,70,Vestido Slim,Vestido,Verde,G,4,304.38,121.75,1095.77,PIX,Online,345.0,3
4457,2026-09-14,20:30,97,Jaqueta Premium,Jaqueta,Rosa,GG,4,161.24,0.0,644.96,PIX,Física,40.0,15
4458,2026-07-08,10:00,176,Vestido Esporte,Vestido,Vermelha,M,4,227.13,0.0,908.52,Cartão de Débito,Online,306.0,8
4459,2026-09-13,13:45,102,Vestido Premium,Vestido,Vermelha,GG,2,250.72,0.0,501.44,Cartão de Débito,Online,368.0,24
4460,2026-05-16,17:15,86,Blusa Social,Blusa,Azul,P,2,56.25,5.62,106.88,Cartão de Crédito,Física,426.0,8
4461,2026-09-05,13:00,77,Blusa Básica,Blusa,Preta,M,1,29.9,0.0,29.9,Dinheiro,Online,180.0,24
4462,2026-08-05,16:45,108,Jaqueta X,Jaqueta,Azul,G,1,84.3,4.22,80.08,Cartão de Crédito,Online,282.0,4
4463,2026-04-11,18:45,73,Calça X,Calça,Azul,M,4,313.28,0.0,1253.12,Cartão de Crédito,Física,318.0,1
4464,2026-05-06,12:15,166,Blusa Casual,Blusa,Cinza,P,4,25.41,0.0,101.64,crediário,Física,556.0,10
4465,2026-03-17,09:00,36155,Camiseta Básica,Camiseta,Branca,M,2,71.3,196.9389562859401,142.6,Cartão de Crédito,Física,313.0,10
4466,2026-03-19, 12:30,20,Blusa Básica,Blusa,Branca,M,1,212.5,0.0,212.5,PIX,Online,363.0,20
4467,2026-07-08,18:30,155,Blusa X,Blusa,Rosa,GG,3,229.95,0.0,689.85,Cartão de Crédito,Online,248.0,24
4468,03/04/2026,10:45,62,Jaqueta Social,Jaqueta,Rosa,M,4,66.35,13.27,252.13,Crediário,Online,383.0,19
4469,2026-08-31,11:30  ,148,Vestido Slim,Vestido,Rosa,G,1,213.53,10.68,202.85,cartão de crédito,Online,520.0,4
4470,2026-07-29,11:30,140,Jaqueta Básica,Jaqueta,Cinza,P,1,275.21,0.0,275.21,Cartão de Crédito,Online,149.0,11
4471,2026-03-26,19:00,144,Blusa X,Blusa,Verde,G,3,297.99,44.7,849.27,Cartão de Crédito,Online,332.0,6
4472,2026-07-26,11:00,139,Jaqueta X,Jaqueta,Preta,M,1,172.53,8.63,163.9,Cartão de Débito,Física,3.0,14
4473,2026-04-06,18:15,112,Bermuda Premium,Bermuda,Rosa,GG,3,93.18,0.0,279.54,Cartão de Crédito,Online,445.0,19
4474,2026-06-30,15:15,50,Blusa Básica,Blusa,Azul,G,3,124.43,0.0,373.29,Cartão de Débito,Física,519.0,23
4475,2026-05-10,15:00,140,Jaqueta Básica,Jaqueta,Cinza,P,4,275.21,0.0,1100.84,Cartão de Débito,Física,41.0,2
4476,2026-03-16,09:00,175,Jaqueta Slim,Jaqueta,Branca,P,3,111.44,50.15,284.17,Dinheiro,Física,111.0,16
4477,2026-08-05,14:00,172,Camiseta Premium,Camiseta,Rosa,G,1,289.13,0.0,289.13,PIX,Online,425.0,6
4478,2026-04-01,14:30,56,Camiseta Social,Camiseta,Verde,M,2,252.29,0.0,504.58,Cartão de Débito,Física,304.0,24
4479,2026-08-24,14:45,79,Vestido Slim,Vestido,Verde,GG,4,29.96,0.0,"R$ 119,84",Crediário,Física,522.0,3
4480,2026-05-20,19:45,29,Blusa Básica,Blusa,Azul,P,3,287.6,86.28,776.52,Cartão de Débito,Física,286.0,3
4481,2026-08-12,18:15,104,Acessório Premium,Acessório,Rosa,M,2,240.9,24.09,457.71,PIX,Online,,24
4482,2026-07-19,17:15,96,Camiseta Casual,Camiseta,Verde,P,1,307.93,0.0,307.93,Dinheiro,Online,216.0,9
4483,2026-06-27,11:15,49,Calça Esporte,Calça,Preta,P,4,264.21,105.68,951.16,Cartão de Débito,Física,563.0,20
4484,2026-03-10,21:30,125,Vestido X,Vestido,Verde,M,2,114.2,0.0,228.4,PIX,Online,43.0,13
4485,2026-05-27,15:00,13,Blusa Básica,Blusa,Verde,G,1,276.45,0.0,276.45,PIX,Física,242.0,24
4486,2026-05-04,11:30,166,Blusa Casual,Blusa,Cinza,P,4,25.41,10.16,91.48,Dinheiro,Física,,4
4487,2026-08-08,20:30,76,Jaqueta X,Jaqueta,Cinza,P,2,291.87,29.19,554.55,Cartão de Débito,Online,221.0,13
4488,2026-08-29,09:45,60,Blusa Premium,Blusa,Azul,GG,2,177.54,0.0,355.08,Crediário,Online,291.0,3
4489,2026-07-17,17:15,11,Calça Básica,Calça,Verde,G,2,112.35,33.7,191.0,PIX,Física,327.0,5
4490,2026-04-16,09:15,63,Bermuda Social,Bermuda,Azul,M,3,250.51,0.0,751.53,Dinheiro,Física,221.0,21
4491,2026-07-03,13:45,96,Camiseta Casual,Camiseta,Verde,P,2,307.93,61.59,554.27,Cartão de Débito,Online,2.0,17
4492,2026-04-13,15:30,160,Vestido Básica,Vestido,Branca,G,2,38.68,7.74,69.62,PIX,Física,222.0,10
4493,2026-03-24,12:30,137,Jaqueta Básica,Jaqueta,Cinza,GG,1,124.46,18.67,105.79,Dinheiro,Online,485.0,6
4494,2026-09-11,14:15,3,Vestido Esporte,Vestido,Azul,GG,2,51.13,0.0,102.26,Cartão de Débito,Online,156.0,16
4495,2026-08-18,15:00,32,Acessório Social,Acessório,Azul,G,1,324.96,48.74,276.22,Cartão de Crédito,Física,350.0,24
4496,2026-04-19,14:45,38,Acessório Esporte,Acessório,Rosa,P,4,113.5,0.0,454.0,Cartão de Débito,Física,371.0,3
4497,2026-07-25,18:15,47,Blusa Esporte,Blusa,Vermelha,M,3,85.46,12.82,243.56,PIX,Online,300.0,16
4498,2026-04-17,11:00,124,Camiseta Social,Camiseta,Branca,M,1,31.01,4.65,"26,36",Cartão de Débito,Física,,16
4499,2026-09-16,13:45,42,Calça Casual,Calça,Verde,G,4,245.94,0.0,983.76,Cartão de Débito,Física,481.0,9
4500,2026-09-06,20:30,150,Camiseta Casual,Camiseta,Cinza,GG,4,216.84,130.1,737.26,Cartão de Débito,Física,165.0,12
4501,2026-06-30,20:00,142,Vestido Esporte,Vestido,Branca,GG,3,142.68,42.8,385.24,Dinheiro,Física,447.0,16
4502,2026-08-11,21:30,44,Acessório Esporte,Acessório,Preta,M,3,211.07,0.0,"R$ 633,21",Cartão de Débito,Física,255.0,3
4503,2026-06-18,12:15,70,Vestido Slim,Vestido,Verde,G,3,304.38,45.66,867.48,Cartão de Débito,Física,400.0,8
4504,12-03-2026,10:45,65,Jaqueta Casual,Jaqueta,Branca,G,1,232.93,11.65,221.28,Dinheiro,Física,36.0,18
4505,2026-06-06,13:15,128,Acessório X,Acessório,Verde,G,4,38.26,22.96,130.08,Cartão de Crédito,Física,518.0,23
4506,2026-07-03,13:45,108,Jaqueta X,Jaqueta,Azul,G,2,84.3,16.86,151.74,Cartão de Débito,Física,310.0,25
4507,2026-04-08,20:00,91733,Camiseta X,Camiseta,Branca,GG,2,168.83,50.65,287.01,Cartão de Débito,Física,487.0,15
4508,2026-06-28,15:15,22,Bermuda Social,Bermuda,Vermelha,GG,4,213.75,0.0,855.0,Cartão de Débito,Física,222.0,23
4509,2026-09-23,18:00,179,Calça Social,Calça,Cinza,P,3,214.89,0.0,644.67,PIX,Física,562.0,17
4510,2026-07-14,16:45,14,Bermuda Esporte,Bermuda,Verde,GG,1,113.16,16.97,96.19,Cartão de Débito,Online,486.0,19
4511,2026-06-11,16:45,178,Blusa Slim,Blusa,Rosa,G,1,281.67,0.0,281.67,Cartão de Crédito,Física,302.0,2
4512,2026-04-27,16:30,34,Blusa Casual,Blusa,Preta,GG,1,206.43,10.32,196.11,Cartão de Débito,Online,358.0,20
4513,2026-09-13,18:15,174,Calça Slim,Calça,Cinza,M,4,34.1,188.37639296916012,136.4,Crediário,Online,300.0,14
4514,2026-04-25,12:30,52,Vestido Básica,Vestido,Vermelha,G,3,334.95,0.0,1004.85,Crediário,Online,143.0,7
4515,2026-09-26,21:15,173,Camiseta Esporte,Camiseta,Preta,P,2,183.66,36.73,330.59,PIX,Física,291.0,11
4516,2026-04-19,11:45,150,Camiseta Casual,Camiseta,Cinza,GG,3,216.84,97.58,552.94,Cartão de Crédito,Online,454.0,14
4517,2026-04-13,16:45,105,Calça Premium,Calça,Vermelha,GG,4,53.58,0.0,"R$ 214,32",Crediário,Física,,21
4518,2026-09-02,14:15,100,Calça Social,Calça,Preta,M,3,133.29,59.98,339.89,Cartão de Crédito,Física,457.0,16
4519,2026-03-08,09:15,11,Calça Básica,Calça,Verde,G,3,112.35,16.85,320.2,PIX,Online,46.0,2
4520,2026-08-16,18:15,57,Calça Casual,Calça,Verde,GG,3,86.79,0.0,260.37,Crediário,Online,387.0,21
4521,2026-05-27,14:15,150,Camiseta Casual,Camiseta,Cinza,GG,2,216.84,0.0,433.68,Dinheiro,Online,376.0,3
4522,2026-03-02,18:30,98,Acessório Básica,Acessório,Branca,G,2,254.79,76.44,433.14,PIX,Online,289.0,4
4523,2026-09-23,18:45,87,Camiseta Casual,Camiseta,Cinza,P,2,273.14,0.0,546.28,Cartão de Débito,Online,,7
4524,2026-07-05,10:45,38,Acessório Esporte,Acessório,Rosa,P,4,113.5,0.0,454.0,Dinheiro,Física,57.0,21
4525,2026-04-08,21:15,85,Calça X,Calça,Cinza,G,2,287.08,28.71,545.45,cartão de crédito,Física,432.0,18
4526,2026-08-16,15:00,91,Acessório Casual,Acessório,Rosa,M,2,274.86,0.0,549.72,Cartão de Crédito,Física,149.0,22
4527,2026-08-19,14:45,7,Acessório X,Acessório,Vermelha,GG,4,160.81,32.16,611.08,PIX,Online,87.0,23
4528,2026-09-18,10:30,29,Blusa Básica,Blusa,Azul,P,4,287.6,0.0,1150.4,Dinheiro,Física,116.0,8
4529,2026-08-05,19:00,33,Camiseta Esporte,Camiseta,Verde,G,4,238.32,0.0,953.28,Cartão de Crédito,Física,556.0,10
4530,2026-03-06,12:30,162,Acessório Esporte,Acessório,Preta,P,2,314.53,94.36,534.7,Cartão de Crédito,Física,421.0,3
4531,2026-06-14,12:45,3,Vestido Esporte,Vestido,Azul,GG,3,51.13,15.34,138.05,PIX,Online,545.0,6
4532,2026-09-20,15:00,127,Bermuda X,Bermuda,Azul,M,1,269.31,26.93,242.38,Cartão de Débito,Física,140.0,4
4533,2026-09-07,19:15,126,Calça Casual,Calça,Vermelha,G,1,275.71,0.0,275.71,Cartão de Débito,Física,5.0,15
4534,2026-06-27,12:30,87,Camiseta Casual,Camiseta,Cinza,P,1,273.14,0.0,273.14,PIX,Física,171.0,21
4535,2026-05-04,20:45,126,Calça Casual,Calça,Vermelha,G,2,275.71,27.57,523.85,CARTÃO DE DÉBITO,Física,485.0,4
4536,2026-06-10,21:15,123,Camiseta Básica,Camiseta,Preta,P,2,195.44,58.63,332.25,DINHEIRO,Física,,24
4537,2026-09-23,09:30,122,Calça Social,Calça,Azul,M,4,77.6,0.0,"310,40",Crediário,Online,59.0,13
4538,2026-07-17,16:30,159,Calça Social,Calça,Verde,G,4,166.81,100.09,"567,15",Cartão de Crédito,Online,293.0,12
4539,2026-09-21,13:15,147,Calça Premium,Calça,Preta,P,2,176.07,17.61,334.53,Cartão de Crédito,Online,372.0,3
4540,2026-06-19,18:45,126,Calça Casual,Calça,Vermelha,G,3,275.71,0.0,827.13,Cartão de Débito,Física,454.0,10
4541,2026-03-26,12:00,53,Jaqueta Casual,Jaqueta,Branca,P,2,203.54,0.0,407.08,Cartão de Débito,Online,520.0,21
4542,2026-07-16,21:00,59,Blusa Social,Blusa,Verde,M,1,202.64,10.13,192.51,Cartão de Crédito,Física,275.0,5
4543,2026-06-09,11:15,20,Blusa Básica,Blusa,Branca,M,3,212.5,63.75,573.75,Crediário,Física,50.0,22
4544,2026-03-12,18:00,84,Blusa X,Blusa,Branca,M,4,91.15,18.23,"346,37",Cartão de Crédito,Online,527.0,14
4545,2026-07-21,10:30  ,85,Calça X,Calça,Cinza,G,1,287.08,43.06,244.02,Cartão de Crédito,Física,120.0,2
4546,2026-07-22,19:30,27,Camiseta Casual,Camiseta,Vermelha,P,1,287.37,14.37,273.0,Cartão de Débito,Física,286.0,4
4547,2026-09-27,20:30,176,Vestido Esporte,Vestido,Vermelha,M,1,227.13,0.0,227.13,Cartão de Crédito,Física,140.0,1
4548,2026-09-29,11:45,13,Blusa Básica,Blusa,Verde,G,1,276.45,27.64,248.81,Dinheiro,Física,16.0,13
4549,2026-05-16,20:15,21,Bermuda Social,Bermuda,Branca,GG,2,301.4,90.42,512.38,Cartão de Débito,Física,585.0,25
4550,01/09/26,18:45,14,Bermuda Esporte,Bermuda,Verde,GG,4,113.16,22.63,430.01,PIX,Física,586.0,17
4551,2026-06-30,18:45,175,Jaqueta Slim,Jaqueta,Branca,P,1,111.44,0.0,111.44,Crediário,Online,246.0,20
4552,2026-07-07,16:45,168,Camiseta Slim,Camiseta,Preta,GG,1,50.13,0.0,50.13,Cartão de Débito,Online,,12
4553,2026-08-10,12:30,113,Jaqueta Premium,Jaqueta,Rosa,M,2,196.9,39.38,354.42,PIX,Física,514.0,11
4554,2026-04-25,12:45,111,Blusa Esporte,Blusa,Verde,M,1,279.57,0.0,279.57,Cartão de Crédito,Online,582.0,1
4555,2026-07-11,09:30,138,Jaqueta Social,Jaqueta,Branca,P,1,257.25,25.72,231.53,PIX,Física,452.0,16
4556,2026-04-10,21:30,70,Vestido Slim,Vestido,Verde,G,2,304.38,0.0,608.76,Cartão de Débito,Física,463.0,20
4557,24/09/2026,13:30,16,Bermuda Esporte,Bermuda,Branca,M,4,242.53,145.52,824.6,Cartão de Crédito,Física,550.0,13
4558,2026-06-10,15:00,91,Acessório Casual,Acessório,Rosa,M,4,274.86,109.94,989.5,Cartão de Débito,Física,112.0,24
4559,2026-03-12,17:45,44,Acessório Esporte,Acessório,Preta,M,2,211.07,21.11,"401,03",Crediário,Física,34.0,11
4560,2026-03-04,12:00,48,Camiseta Básica,Camiseta,Cinza,GG,4,63.03,0.0,252.12,PIX,Física,319.0,5
4561,2026-06-21,13:00,80,Camiseta Básica,Camiseta,Cinza,M,2,179.41,35.88,322.94,Cartão de Crédito,Online,311.0,24
4562,2026-03-19,13:15,146,Calça Premium,Calça,Branca,GG,1,343.66,51.55,292.11,Cartão de Crédito,Online,,12
4563,2026-08-10,20:15,87,Camiseta Casual,Camiseta,Cinza,P,2,273.14,0.0,546.28,Cartão de Crédito,Online,435.0,20
4564,2026-04-04,20:30,51,Blusa Premium,Blusa,Branca,P,2,122.21,24.44,219.98,PIX,Física,194.0,23
4565,2026-06-15,15:15,101,Jaqueta Casual,Jaqueta,Verde,M,3,263.03,39.45,749.64,PIX,Física,411.0,19
4566,2026-06-09,19:45,30,Vestido Esporte,Vestido,Vermelha,G,3,244.92,0.0,734.76,Cartão de Débito,Online,281.0,16
4567,2026-06-16,15:15,74,Bermuda Esporte,Bermuda,Branca,M,1,290.34,43.55,246.79,Crediário,Online,88.0,20
4568,2026-09-20,21:45,38,Acessório Esporte,Acessório,Rosa,P,4,113.5,0.0,454.0,Cartão de Crédito,Online,597.0,22
4569,2026-07-15,12:30,129,Acessório X,Acessório,Branca,M,1,84.81,8.48,76.33,Cartão de Débito,Online,126.0,21
4570,2026-04-26,10:30,61,Blusa Social,Blusa,Preta,P,2,336.13,0.0,672.26,Cartão de Débito,Online,71.0,13
4571,2026-09-24,17:45,74,Bermuda Esporte,Bermuda,Branca,M,1,290.34,0.0,290.34,Cartão de Débito,Física,235.0,12
4572,2026-03-24,21:15,87,Camiseta Casual,Camiseta,Cinza,P,2,273.14,0.0,546.28,PIX,Online,531.0,13
4573,2026-04-04,10:30,169,Camiseta Premium,Camiseta,Branca,GG,4,137.47,0.0,549.88,Cartão de Crédito,Física,176.0,3
4574,2026-03-10,12:15,164,Blusa Premium,Blusa,Preta,G,1,175.34,0.0,175.34,PIX,Online,172.0,2
4575,2026-08-16,10:00,110,Bermuda Slim,Bermuda,Vermelha,G,2,158.66,0.0,317.32,Cartão de Crédito,Online,458.0,25
4576,2026-06-24,11:45,178,Blusa Slim,Blusa,Rosa,G,4,281.67,0.0,1126.68,PIX,Física,224.0,19
4577,2026-08-31,13:15,123,Camiseta Básica,Camiseta,Preta,P,4,195.44,0.0,781.76,Cartão de Débito,Online,133.0,10
4578,2026-03-09,15:15,63,Bermuda Social,Bermuda,Azul,M,2,250.51,0.0,501.02,PIX,Online,446.0,6
4579,2026-05-21,21:30,109,Camiseta Esporte,Camiseta,Branca,GG,2,227.45,0.0,454.9,PIX,Física,419.0,11
4580,2026-06-29,13:45,5,Jaqueta Básica,Jaqueta,Preta,GG,3,235.61,0.0,706.83,Crediário,Online,451.0,20
4581,2026-07-15,09:30,133,Jaqueta Social,Jaqueta,Branca,P,3,168.42,50.53,454.73,Cartão de Débito,Física,391.0,3
4582,2026-03-07,16:15,20,Blusa Básica,Blusa,Branca,M,2,212.5,0.0,425.0,PIX,Física,96.0,2
4583,2026-08-11,10:00,76,Jaqueta X,Jaqueta,Cinza,P,4,291.87,175.12,992.36,Cartão de Débito,Física,188.0,5
4584,2026-04-17,16:30,15,Bermuda Básica,Bermuda,Cinza,G,3,52.05,0.0,156.15,PIX,Online,388.0,1
4585,2026-05-04,15:15,79,Vestido Slim,Vestido,Verde,GG,3,29.96,8.99,80.89,PIX,Física,431.0,5
4586,2026-09-13,21:30,120,Camiseta Básica,Camiseta,Rosa,G,4,304.19,0.0,1216.76,Cartão de Crédito,Online,571.0,22
4587,2026-09-20,17:00,137,Jaqueta Básica,Jaqueta,Cinza,GG,1,124.46,0.0,124.46,Dinheiro,Física,301.0,19
4588,2026-03-26,12:45,123,Camiseta Básica,Camiseta,Preta,P,3,195.44,58.63,527.69,Cartão de Débito,Online,589.0,10
4589,2026-04-01,17:30,43,Bermuda Premium,Bermuda,Preta,GG,2,144.6,0.0,289.2,Cartão de Débito,Online,157.0,17
4590,2026-03-06,16:00,59,Blusa Social,Blusa,Verde,M,2,202.64,0.0,405.28,Dinheiro,Física,18.0,14
4591,2026-04-13,13:45,14,Bermuda Esporte,Bermuda,Verde,GG,1,113.16,16.97,96.19,PIX,Física,11.0,8
4592,2026-07-13,17:30  ,118,Bermuda Premium,Bermuda,Verde,G,2,289.27,86.78,491.76,Cartão de Crédito,Física,,23
4593,2026-07-18,19:15,38,Acessório Esporte,Acessório,Rosa,P,3,113.5,51.08,289.42,PIX,Online,341.0,20
4594,2026-07-04,16:00,180,Acessório X,Acessório,Verde,GG,3,108.79,32.64,293.73,PIX,Física,471.0,20
4595,2026-09-01,11:00,60,Blusa Premium,Blusa,Azul,GG,4,177.54,0.0,710.16,PIX,Online,401.0,8
4596,2026-03-22,11:45,39,Blusa X,Blusa,Vermelha,P,3,80.38,24.11,217.03,Crediário,Online,174.0,18
4597,2026-04-05,11:00,148,Vestido Slim,Vestido,Rosa,G,2,213.53,21.35,405.71,Cartão de Débito,Física,490.0,25
4598,2026-05-23,18:45,54,Bermuda Social,Bermuda,Cinza,G,1,115.21,17.28,97.93,Cartão de Débito,Física,69.0,11
4599,2026-07-21,13:00,150,Camiseta Casual,Camiseta,Cinza,GG,4,216.84,130.1,737.26,Cartão de Débito,Física,131.0,20
4600,2026-09-10,10:15,173,Camiseta Esporte,Camiseta,Preta,P,3,183.66,0.0,550.98,Cartão de Débito,Online,314.0,1
4601,2026-06-15,15:30,113,Jaqueta Premium,Jaqueta,Rosa,M,1,196.9,0.0,196.9,Dinheiro,Física,5.0,18
4602,2026-08-10,11:45,140,Jaqueta Básica,Jaqueta,Cinza,P,2,275.21,82.56,467.86,Cartão de Crédito,Online,,18
4603,2026-03-11,19:15,101,Jaqueta Casual,Jaqueta,Verde,M,3,263.03,0.0,789.09,PIX,Online,499.0,21
4604,2026-07-07,11:45,75,Bermuda Premium,Bermuda,Cinza,G,4,129.65,0.0,518.6,Cartão de Débito,Física,143.0,19
4605,2026-09-28,20:45,93,Calça Slim,Calça,Azul,G,2,328.53,0.0,657.06,PIX,Online,290.0,20
4606,2026-03-19,09:30,151,Vestido Social,Vestido,Cinza,P,4,305.13,0.0,1220.52,Cartão de Débito,Online,211.0,19
4607,2026-04-28,10:30,172,Camiseta Premium,Camiseta,Rosa,G,1,289.13,14.46,274.67,PIX,Física,,4
4608,2026-09-11, 18:00 ,163,Blusa Esporte,Blusa,Rosa,GG,1,291.86,29.19,262.67,Cartão de Crédito,Online,449.0,21
4609,2026-07-31,18:15,72,Camiseta Casual,Camiseta,Rosa,P,4,280.68,56.14,1066.58,Cartão de Débito,Online,191.0,6
4610,2026-06-12,14:30,124,Camiseta Social,Camiseta,Branca,M,2,31.01,0.0,62.02,Cartão de Débito,Física,206.0,12
4611,2026-09-06,13:00,3,Vestido Esporte,Vestido,Azul,GG,1,51.13,7.67,43.46,PIX,Física,431.0,16
4612,2026-06-26,21:15,75,Bermuda Premium,Bermuda,Cinza,G,4,129.65,0.0,518.6,Cartão de Débito,Online,288.0,24
4613,2026-09-29,21:45,162,Acessório Esporte,Acessório,Preta,P,1,314.53,31.45,283.08,PIX,Online,330.0,16
4614,2026-03-13,19:15,84,Blusa X,Blusa,Branca,M,4,91.15,18.23,346.37,Dinheiro,Online,381.0,4
4615,2026-03-07,13:30,112,Bermuda Premium,Bermuda,Rosa,GG,1,93.18,0.0,93.18,PIX,Online,176.0,9
4616,2026-07-10,10:00,146,Calça Premium,Calça,Branca,GG,1,343.66,0.0,343.66,PIX,Física,156.0,7
4617,2026-05-09,15:30,68,Acessório Casual,Acessório,Branca,P,2,212.83,0.0,425.66,Crediário,Online,538.0,8
4618,2026-09-11,10:30,108,Jaqueta X,Jaqueta,Azul,G,2,84.3,0.0,168.6,PIX,Online,47.0,13
4619,2026-04-11,18:30,33,Camiseta Esporte,Camiseta,Verde,G,4,238.32,0.0,953.28,Cartão de Crédito,Física,61.0,16
4620,2026-04-25,18:00,150,Camiseta Casual,Camiseta,Cinza,GG,2,216.84,43.37,390.31,PIX,Física,140.0,25
4621,2026-09-04,21:00,135,Bermuda Básica,Bermuda,Cinza,M,4,74.1,44.46,251.94,Cartão de Débito,Online,447.0,11
4622,2026-03-20,10:15,168,Camiseta Slim,Camiseta,Preta,GG,2,50.13,0.0,100.26,Cartão de Crédito,Online,123.0,14
4623,2026-09-04,09:45,21,Bermuda Social,Bermuda,Branca,GG,4,301.4,0.0,1205.6,Crediário,Física,9.0,17
4624,2026-07-11,19:00,136,Bermuda Slim,Bermuda,Verde,P,2,232.34,69.7,394.98,CARTÃO DE CRÉDITO,Física,442.0,14
4625,2026-07-26,15:30,44,Acessório Esporte,Acessório,Preta,M,4,211.07,126.64,717.64,Cartão de Débito,Online,105.0,8
4626,2026-08-08,19:30,74,Bermuda Esporte,Bermuda,Branca,M,1,290.34,0.0,290.34,Crediário,Física,221.0,12
4627,2026-06-16,15:00,96,Camiseta Casual,Camiseta,Verde,P,3,307.93,0.0,"923,79",PIX,Online,183.0,23
4628,2026-04-23,14:00,38,Acessório Esporte,Acessório,Rosa,P,4,113.5,22.7,431.3,Dinheiro,Física,568.0,15
4629,25-05-2026,12:30,11,Calça Básica,Calça,Verde,G,3,112.35,0.0,"337,05",Cartão de Crédito,Online,110.0,10
4630,2026-04-03,20:45  ,11,Calça Básica,Calça,Verde,G,3,112.35,0.0,337.05,Cartão de Crédito,Física,345.0,20
4631,2026-03-20,16:45,24,Blusa Esporte,Blusa,Preta,M,4,315.76,0.0,1263.04,Cartão de Débito,Online,272.0,11
4632,2026-06-04,18:00  ,123,Camiseta Básica,Camiseta,Preta,P,4,195.44,0.0,781.76,Cartão de Crédito,Física,160.0,5
4633,2026-09-10,20:15,136,Bermuda Slim,Bermuda,Verde,P,3,232.34,69.7,627.32,Cartão de Débito,Física,436.0,10
4634,2026-06-16,20:45,31,Vestido Social,Vestido,Azul,GG,1,28.24,2.82,25.42,Cartão de Débito,Online,597.0,17
4635,11/07/2026,13:00,178,Blusa Slim,Blusa,Rosa,G,4,281.67,56.33,1070.35,PIX,Física,344.0,9
4636,2026-06-18,20:45,4,Acessório Básica,Acessório,Vermelha,G,2,81.82,8.18,155.46,Cartão de Crédito,Online,233.0,1
4637,2026-04-28,11:15,40,Jaqueta Premium,Jaqueta,Branca,G,4,59.14,23.66,212.9,Cartão de Débito,Online,596.0,7
4638,2026-08-17,16:30,44,Acessório Esporte,Acessório,Preta,M,4,211.07,0.0,844.28,Pix,Online,592.0,13
4639,2026-04-16,20:15,148,Vestido Slim,Vestido,Rosa,G,3,213.53,96.09,544.5,Cartão de Débito,Física,310.0,1
4640,2026-04-28,09:15,126,Calça Casual,Calça,Vermelha,G,3,275.71,41.36,785.77,PIX,Física,81.0,19
4641,01-08-2026,16:30,149,Vestido Básica,Vestido,Cinza,GG,2,67.2,0.0,134.4,Cartão de Crédito,Física,577.0,14
4642,2026-04-10,11:45,130,Bermuda Slim,Bermuda,Verde,G,2,139.82,366.8920275380284,265.66,Cartão de Débito,Online,297.0,17
4643,05-06-2026,17:45,57,Calça Casual,Calça,Verde,GG,4,86.79,0.0,347.16,Cartão de Crédito,Online,317.0,19
4644,2026-06-16,17:45,44,Acessório Esporte,Acessório,Preta,M,4,211.07,42.21,802.07,PIX,Física,75.0,2
4645,2026-09-09,12:45,8,Bermuda Básica,Bermuda,Rosa,P,2,301.95,60.39,543.51,Cartão de Crédito,Física,38.0,1
4646,2026-05-03, 15:15 ,9,Acessório X,Acessório,Preta,M,4,51.84,20.74,186.62,Cartão de Débito,Física,164.0,21
4647,2026-05-21,14:00,84,Blusa X,Blusa,Branca,M,4,91.15,0.0,364.6,Cartão De Crédito,Física,570.0,5
4648,2026-09-05,12:00,76,Jaqueta X,Jaqueta,Cinza,P,3,291.87,0.0,875.61,PIX,Física,438.0,25
4649,2026-06-09,17:00,63,Bermuda Social,Bermuda,Azul,M,1,250.51,37.58,212.93,Cartão de Débito,Online,392.0,5
4650,09/03/2026,13:45  ,43,Bermuda Premium,Bermuda,Preta,GG,1,144.6,0.0,144.6,PIX,Online,284.0,5
4651,2026-03-23,11:45,41,Vestido X,Vestido,Verde,M,3,38.61,17.37,98.46,Crediário,Física,8.0,14
4652,2026-06-11,13:00,50,Blusa Básica,Blusa,Azul,G,3,124.43,0.0,373.29,Dinheiro,Física,434.0,10
4653,2026-06-11,13:45,178,Blusa Slim,Blusa,Rosa,G,4,281.67,56.33,1070.35,Cartão de Débito,Física,569.0,18
4654,2026-06-26,18:30,115,Vestido Básica,Vestido,Vermelha,GG,4,108.11,0.0,432.44,PIX,Física,580.0,5
4655,2026-07-13,19:15,101,Jaqueta Casual,Jaqueta,Verde,M,1,263.03,0.0,263.03,Cartão de Débito,Online,493.0,4
4656,2026-07-16,10:30,135,Bermuda Básica,Bermuda,Cinza,M,3,74.1,0.0,222.3,Cartão de Débito,Física,222.0,22
4657,2026-05-22,13:00,145,Bermuda Casual,Bermuda,Azul,GG,1,159.63,15.96,143.67,Cartão de Crédito,Online,,21
4658,2026-05-10,12:00,116,Blusa Premium,Blusa,Branca,G,3,68.25,0.0,204.75,Cartão de Débito,Física,127.0,13
4659,2026-08-27,21:15,131,Jaqueta X,Jaqueta,Azul,P,3,192.39,0.0,577.17,Cartão de Débito,Física,171.0,12
4660,2026-06-10,16:00,123,Camiseta Básica,Camiseta,Preta,P,2,195.44,39.09,351.79,Cartão de Crédito,Online,128.0,20
4661,2026-07-08,16:45,83,Bermuda Básica,Bermuda,Cinza,M,3,344.51,51.68,981.85,Crediário,Online,8.0,21
4662,2026-06-24,18:15,25,Calça Básica,Calça,Rosa,GG,4,346.73,69.35,1317.57,Cartão de Débito,Física,562.0,15
4663,2026-08-10,12:30,106,Blusa Premium,Blusa,Azul,P,4,204.85,0.0,819.4,PIX,Online,284.0,5
4664,2026-06-04,11:30,49,Calça Esporte,Calça,Preta,P,2,264.21,0.0,528.42,PIX,Online,597.0,10
4665,2026-05-13,21:15,86537,Bermuda Básica,Bermuda,Branca,P,1,240.69,36.1,204.59,PIX,Online,384.0,11
4666,2026-05-20,12:15,109,Camiseta Esporte,Camiseta,Branca,GG,1,227.45,0.0,227.45,Cartão de Crédito,Física,373.0,11
4667,2026-03-22,16:30,153,Bermuda Social,Bermuda,Cinza,G,1,75.2,11.28,63.92,PIX,Online,387.0,14
4668,2026-04-04,11:00,140,Jaqueta Básica,Jaqueta,Cinza,P,2,275.21,27.52,522.9,Dinheiro,Física,127.0,19
4669,2026-05-31,17:15,137,Jaqueta Básica,Jaqueta,Cinza,GG,-1,124.46,49.78,"R$ 448,06",Crediário,Online,71.0,19
4670,2026-09-27,10:15  ,74,Bermuda Esporte,Bermuda,Branca,M,3,290.34,0.0,871.02,Cartão de Débito,Online,329.0,9
4671,2026-04-12,11:15,154,Bermuda Básica,Bermuda,Branca,P,4,240.69,96.28,866.48,Crediário,Online,361.0,3
4672,2026-08-25,17:45,100,Calça Social,Calça,Preta,M,2,133.29,39.99,226.59,Cartão de Débito,Física,19.0,15
4673,2026-08-30,13:00,82,Bermuda Social,Bermuda,Azul,M,1,325.21,0.0,325.21,DINHEIRO,Online,374.0,7
4674,2026-09-07,12:45,15,Bermuda Básica,Bermuda,Cinza,G,4,52.05,10.41,197.79,Cartão de Crédito,Física,201.0,17
4675,2026-05-20,10:45,164,Blusa Premium,Blusa,Preta,G,4,175.34,0.0,701.36,Cartão de Débito,Física,375.0,5
4676,2026-03-15,16:45,70,Vestido Slim,Vestido,Verde,G,4,304.38,0.0,1217.52,PIX,Online,10.0,22
4677,2026-05-29,21:00,26,Jaqueta Esporte,Jaqueta,Verde,P,3,204.58,30.69,583.05,Cartão de Crédito,Física,425.0,12
4678,2026-05-30,14:45,96,Camiseta Casual,Camiseta,Verde,P,3,307.93,46.19,877.6,Cartão de Crédito,Física,67.0,11
4679,2026-03-25,18:15,105,Calça Premium,Calça,Vermelha,GG,4,53.58,0.0,214.32,Cartão de Crédito,Online,408.0,13
4680,2026-05-10,19:30,153,Bermuda Social,Bermuda,Cinza,G,3,75.2,33.84,191.76,Cartão de Crédito,Física,124.0,12
4681,2026-03-08,13:00,52,Vestido Básica,Vestido,Vermelha,G,3,334.95,0.0,1004.85,Dinheiro,Online,12.0,1
4682,2026-04-04,20:30,147,Calça Premium,Calça,Preta,P,4,176.07,105.64,598.64,Crediário,Física,159.0,17
4683,2026-08-13,13:30,178,Blusa Slim,Blusa,Rosa,G,2,281.67,0.0,563.34,PIX,Online,367.0,11
4684,2026-06-30,12:45,18,Acessório Básica,Acessório,Azul,M,4,242.78,48.56,922.56,Dinheiro,Física,15.0,8
4685,2026-03-26,12:15,179,Calça Social,Calça,Cinza,P,4,214.89,128.93,730.63,PIX,Física,335.0,7
4686,2026-08-28,17:45,64,Blusa Slim,Blusa,Cinza,G,4,307.95,0.0,1231.8,Crediário,Física,474.0,4
4687,2026-07-14,10:45,145,Bermuda Casual,Bermuda,Azul,GG,3,159.63,47.89,431.0,Cartão de Crédito,Online,233.0,15
4688,2026-04-28,14:30,117,Vestido Premium,Vestido,Cinza,M,4,81.36,0.0,"325,44",Cartão de Crédito,Física,175.0,4
4689,2026-08-11,19:30,82,Bermuda Social,Bermuda,Azul,M,2,325.21,0.0,650.42,Cartão de Crédito,Online,394.0,1
4690,2026-03-20,09:00,75,Bermuda Premium,Bermuda,Cinza,G,1,129.65,0.0,129.65,Cartão de Crédito,Física,507.0,25
4691,2026-07-17,18:00,63,Bermuda Social,Bermuda,Azul,M,-1,250.51,112.73,638.8,cartao credito,Física,237.0,23
4692,2026-09-12,15:15,110,Bermuda Slim,Bermuda,Vermelha,G,2,158.66,31.73,285.59,Cartão de Débito,Física,347.0,9
4693,2026-04-22,12:45,25,Calça Básica,Calça,Rosa,GG,2,346.73,34.67,658.79,Cartão de Débito,Online,218.0,9
4694,2026-04-25,21:45,49,Calça Esporte,Calça,Preta,P,3,264.21,118.89,673.74,Cartão de Crédito,Física,340.0,5
4695,2026-03-12,15:15,179,Calça Social,Calça,Cinza,P,2,214.89,42.98,386.8,Cartão de Crédito,Online,463.0,12
4696,2026-09-05,09:15,105,Calça Premium,Calça,Vermelha,GG,4,53.58,0.0,214.32,Cartão de Débito,Física,305.0,13
4697,2026-06-22,12:30,7,Acessório X,Acessório,Vermelha,GG,2,160.81,48.24,273.38,Cartão de Débito,Física,216.0,14
4698,2026-09-20,13:30,27,Camiseta Casual,Camiseta,Vermelha,P,3,287.37,0.0,862.11,Cartão de Crédito,Física,494.0,15
4699,2026-08-06,19:30,180,Acessório X,Acessório,Verde,GG,1,108.79,10.88,97.91,Cartão de Débito,Online,433.0,7
4700,2026-03-18,19:00,7,Acessório X,Acessório,Vermelha,GG,1,160.81,8.04,152.77,Cartão de Débito,Física,287.0,24
4701,2026-07-16,09:45,126,Calça Casual,Calça,Vermelha,G,3,275.71,0.0,827.13,Cartão de Débito,Online,354.0,17
4702,2026-07-20,11:00,142,Vestido Esporte,Vestido,Branca,GG,1,142.68,0.0,142.68,Crediário,Física,226.0,18
4703,2026-03-09,19:15,85,Calça X,Calça,Cinza,G,4,287.08,0.0,1148.32,Cartão de Crédito,Online,376.0,17
4704,2026-09-01,11:00,25,Calça Básica,Calça,Rosa,GG,3,346.73,156.03,884.16,Crediário,Física,334.0,13
4705,2026-04-27,18:00,53,Jaqueta Casual,Jaqueta,Branca,P,1,203.54,0.0,203.54,CREDIÁRIO,Física,373.0,17
4706,2026-06-27,12:00,4,Acessório Básica,Acessório,Vermelha,G,2,81.82,0.0,163.64,PIX,Física,566.0,14
4707,2026-07-19,21:15,99,Camiseta Slim,Camiseta,Rosa,G,4,178.5,107.1,606.9,PIX,Online,106.0,13
4708,2026-07-12,10:00,167,Jaqueta Slim,Jaqueta,Branca,G,3,219.14,0.0,657.42,Cartão de Débito,Física,164.0,3
4709,2026-09-21,11:15,16,Bermuda Esporte,Bermuda,Branca,M,4,242.53,0.0,970.12,PIX,Física,49.0,21
4710,2026-06-21,11:00,121,Acessório Básica,Acessório,Vermelha,GG,1,127.53,0.0,127.53,Cartão de Débito,Online,,9
4711,2026-06-12,18:30,100,Calça Social,Calça,Preta,M,2,133.29,26.66,239.92,Cartão de Débito,Online,,12
4712,2026-08-21,10:15,120,Camiseta Básica,Camiseta,Rosa,G,1,304.19,0.0,304.19,PIX,Física,162.0,17
4713,2026-06-17,21:00,49,Calça Esporte,Calça,Preta,P,4,264.21,0.0,1056.84,Cartão de Débito,Online,597.0,6
4714,2026-05-15,12:15,113,Jaqueta Premium,Jaqueta,Rosa,M,3,196.9,0.0,590.7,PIX,Online,171.0,6
4715,2026-08-03,10:30,4,Acessório Básica,Acessório,Vermelha,G,3,81.82,0.0,245.46,Cartão de Crédito,Física,185.0,21
4716,2026-03-06,21:30,58,Blusa X,Blusa,Branca,P,1,215.52,21.55,193.97,Cartão de Crédito,Online,538.0,9
4717,2026-05-05,18:30,114,Camiseta Social,Camiseta,Verde,GG,3,330.12,0.0,990.36,Cartão de Débito,Física,36.0,1
4718,2026-06-29,17:45,80,Camiseta Básica,Camiseta,Cinza,M,1,179.41,0.0,179.41,Cartão de Débito,Online,502.0,1
4719,2026-07-06,14:30,51,Blusa Premium,Blusa,Branca,P,3,122.21,54.99,311.64,Cartão de Débito,Física,222.0,18
4720,2026-09-05,13:30,154,Bermuda Básica,Bermuda,Branca,P,1,240.69,0.0,240.69,Cartão de Débito,Física,180.0,15
4721,2026-07-14,18:00,54,Bermuda Social,Bermuda,Cinza,G,3,115.21,51.84,293.79,PIX,Online,54.0,18
4722,2026-09-05,17:30,154,Bermuda Básica,Bermuda,Branca,P,3,240.69,0.0,722.07,Cartão de Crédito,Online,308.0,3
4723,2026-07-03,17:00,104,Acessório Premium,Acessório,Rosa,M,3,240.9,72.27,650.43,Dinheiro,Física,14.0,1
4724,2026-08-08,15:15,102,Vestido Premium,Vestido,Vermelha,GG,4,250.72,0.0,1002.88,Crediário,Online,421.0,8
4725,2026-03-28,09:30,85,Calça X,Calça,Cinza,G,4,287.08,172.25,976.07,Cartão de Débito,Online,487.0,21
4726,2026-06-07,10:15,41,Vestido X,Vestido,Verde,M,1,38.61,5.79,32.82,CARTÃO DE CRÉDITO,Física,361.0,4
4727,2026-03-22,11:45,118,Bermuda Premium,Bermuda,Verde,G,2,289.27,0.0,578.54,Cartão de Crédito,Online,294.0,23
4728,2026-03-21,11:15,11,Calça Básica,Calça,Verde,G,4,112.35,44.94,404.46,Dinheiro,Física,543.0,6
4729,2026-06-03,11:15,162,Acessório Esporte,Acessório,Preta,P,3,314.53,94.36,849.23,Cartão de Crédito,Online,2.0,20
4730,2026-07-30,16:45,3,Vestido Esporte,Vestido,Azul,GG,3,51.13,23.01,130.38,Cartão de Débito,Física,230.0,22
4731,2026-08-23,17:30,22,Bermuda Social,Bermuda,Vermelha,GG,3,213.75,32.06,609.19,Cartão de Crédito,Física,316.0,17
4732,2026-03-03,14:30,76,Jaqueta X,Jaqueta,Cinza,P,4,291.87,175.12,992.36,Cartão de Débito,Física,244.0,6
4733,2026-07-06,18:45,135,Bermuda Básica,Bermuda,Cinza,M,1,74.1,7.41,66.69,Dinheiro,Online,521.0,14
4734,2026-05-25,15:30,80,Camiseta Básica,Camiseta,Cinza,M,1,179.41,0.0,179.41,Cartão de Débito,Física,208.0,21
4735,2026-05-03, 10:00,169,Camiseta Premium,Camiseta,Branca,GG,1,137.47,0.0,137.47,Cartão de Crédito,Física,431.0,18
4736,2026-03-23,13:00,96,Camiseta Casual,Camiseta,Verde,P,1,307.93,46.19,261.74,Cartão de Débito,Física,129.0,25
4737,2026-05-27,09:00,6,Acessório Casual,Acessório,Rosa,GG,2,309.17,0.0,618.34,Cartão de Crédito,Online,276.0,6
4738,2026-06-23,11:30,155,Blusa X,Blusa,Rosa,GG,1,229.95,34.49,195.46,PIX,Física,442.0,23
4739,2026-05-22,20:45,55,Vestido Premium,Vestido,Branca,M,4,126.12,25.22,479.26,Cartão de Crédito,Física,91.0,13
4740,2026-08-08,16:15,175,Jaqueta Slim,Jaqueta,Branca,P,1,111.44,16.72,"R$ 94,72",Cartão de Crédito,Online,425.0,13
4741,2026-05-18,10:15,41,Vestido X,Vestido,Verde,M,3,38.61,0.0,115.83,Cartão de Débito,Online,216.0,16
4742,2026-04-14,13:00,99,Camiseta Slim,Camiseta,Rosa,G,3,178.5,26.78,508.72,cartão de crédito,Física,305.0,16
4743,2026-05-21,14:00,33,Camiseta Esporte,Camiseta,Verde,G,2,238.32,23.83,452.81,Cartão de Crédito,Online,322.0,6
4744,2026-06-26,20:30,127,Bermuda X,Bermuda,Azul,M,1,269.31,0.0,269.31,Cartão de Crédito,Física,287.0,13
4745,2026-03-12,17:45,162,Acessório Esporte,Acessório,Preta,P,4,314.53,62.91,1195.21,Cartão de Crédito,Física,118.0,17
4746,2026-06-22,17:45,119,Calça Esporte,Calça,Branca,P,3,331.07,0.0,993.21,PIX,Física,427.0,9
4747,2026-08-28,15:45,36,Jaqueta X,Jaqueta,Rosa,GG,4,109.13,0.0,436.52,Dinheiro,Online,367.0,13
4748,2026-07-01,17:15,81,Calça Básica,Calça,Rosa,G,2,188.91,18.89,358.93,Crediário,Online,8043.0,6
4749,2026-07-08,13:15,115,Vestido Básica,Vestido,Vermelha,GG,1,108.11,16.22,91.89,Cartão de Débito,Física,18.0,5
4750,2026-08-28,09:30,54,Bermuda Social,Bermuda,Cinza,G,3,115.21,34.56,311.07,Cartão de Débito,Física,361.0,23
4751,2026-06-08, 20:45 ,125,Vestido X,Vestido,Verde,M,1,114.2,0.0,114.2,Cartão de Crédito,Física,,8
4752,2026-08-02,11:00,165,Calça Casual,Calça,Rosa,G,3,158.71,0.0,476.13,Dinheiro,Física,174.0,3
4753,2026-04-10,18:00,151,Vestido Social,Vestido,Cinza,P,2,305.13,0.0,610.26,Cartão de Crédito,Física,527.0,7
4754,2026-09-26,20:45  ,87,Camiseta Casual,Camiseta,Cinza,P,1,273.14,0.0,273.14,Crediário,Física,258.0,12
4755,2026-04-09,18:15,143,Bermuda Casual,Bermuda,Rosa,G,1,113.47,0.0,113.47,Cartão de Crédito,Física,190.0,5
4756,2026-06-29,11:15,68,Acessório Casual,Acessório,Branca,P,4,212.83,42.57,808.75,cartão de crédito,Física,176.0,8
4757,2026-03-31,10:30,62,Jaqueta Social,Jaqueta,Rosa,M,1,66.35,0.0,66.35,Cartão de Débito,Online,560.0,25
4758,2026-03-27,09:45,140,Jaqueta Básica,Jaqueta,Cinza,P,3,275.21,0.0,825.63,PIX,Física,57.0,2
4759,2026-06-03,13:45,66,Vestido Básica,Vestido,Preta,GG,4,195.93,39.19,744.53,Cartão de Débito,Física,577.0,23
4760,2026-04-26,18:30,159,Calça Social,Calça,Verde,G,3,166.81,0.0,500.43,Crediário,Online,537.0,7
4761,2026-09-14,17:45,3,Vestido Esporte,Vestido,Azul,GG,3,51.13,0.0,153.39,Cartão de Débito,Física,259.0,18
4762,2026-09-27,18:15,5,Jaqueta Básica,Jaqueta,Preta,GG,3,235.61,106.02,600.81,Cartão de Crédito,Física,550.0,14
4763,2026-05-20,21:45,48,Camiseta Básica,Camiseta,Cinza,GG,1,63.03,0.0,63.03,Crediário,Online,127.0,2
4764,2026-07-06,12:15,99,Camiseta Slim,Camiseta,Rosa,G,3,178.5,53.55,481.95,Cartão de Débito,Online,247.0,24
4765,2026-09-27,19:15,18,Acessório Básica,Acessório,Azul,M,1,242.78,0.0,242.78,Dinheiro,Física,24.0,18
4766,2026-05-18,10:15,29,Blusa Básica,Blusa,Azul,P,2,287.6,57.52,517.68,Cartão de Débito,Online,361.0,2
4767,2026-04-10,10:15  ,27,Camiseta Casual,Camiseta,Vermelha,P,2,287.37,28.74,546.0,PIX,Online,58.0,10
4768,2026-09-20,12:30,63,Bermuda Social,Bermuda,Azul,M,2,250.51,50.1,450.92,PIX,Online,565.0,19
4769,2026-06-01,15:30,87,Camiseta Casual,Camiseta,Cinza,P,-2,273.14,0.0,273.14,PIX,Online,224.0,20
4770,2026-04-16,19:00,39,Blusa X,Blusa,Vermelha,P,4,80.38,32.15,289.37,Cartão de Crédito,Física,393.0,8
4771,2026-06-04,14:45,22,Bermuda Social,Bermuda,Vermelha,GG,1,213.75,0.0,213.75,Cartão de Crédito,Física,110.0,10
4772,2026-04-26,12:30,43,Bermuda Premium,Bermuda,Preta,GG,2,144.6,0.0,289.2,Cartão de Crédito,Online,,11
4773,2026-08-06,20:45,119,Calça Esporte,Calça,Branca,P,2,331.07,66.21,595.93,Cartão de Débito,Online,247.0,21
4774,2026-09-27,16:00,105,Calça Premium,Calça,Vermelha,GG,1,53.58,0.0,53.58,Crediário,Online,162.0,2
4775,2026-09-08,15:30,159,Calça Social,Calça,Verde,G,2,166.81,0.0,333.62,Cartão de Crédito,Online,163.0,24
4776,2026-07-23,16:00,42,Calça Casual,Calça,Verde,G,2,245.94,73.78,"R$ 418,10",Crediário,Física,416.0,17
4777,2026-08-06,21:30,130,Bermuda Slim,Bermuda,Verde,G,2,139.82,41.95,237.69,Cartão de Crédito,Online,525.0,20
4778,2026-03-08,11:00,64,Blusa Slim,Blusa,Cinza,G,2,307.95,0.0,615.9,Cartão de Débito,Física,188.0,5
4779,2026-07-18,10:45,155,Blusa X,Blusa,Rosa,GG,1,229.95,0.0,229.95,Crediário,Física,572.0,18
4780,2026-03-09,19:45,22,Bermuda Social,Bermuda,Vermelha,GG,4,213.75,0.0,855.0,Cartão de Débito,Online,558.0,15
4781,2026-04-12,13:00,85,Calça X,Calça,Cinza,G,4,287.08,114.83,1033.49,Cartão de Crédito,Física,459.0,10
4782,14/06/26,09:15,76,Jaqueta X,Jaqueta,Cinza,P,2,291.87,0.0,583.74,Crediário,Online,137.0,24
4783,2026-04-24,15:00,84,Blusa X,Blusa,Branca,M,4,91.15,0.0,364.6,Cartão de Débito,Física,144.0,10
4784,2026-03-12,21:15,153,Bermuda Social,Bermuda,Cinza,G,2,75.2,0.0,150.4,Cartão de Crédito,Online,,4
4785,2026-09-03,11:45,141,Bermuda Slim,Bermuda,Vermelha,GG,4,162.9,32.58,619.02,Dinheiro,Online,304.0,23
4786,2026-09-26,19:30,122,Calça Social,Calça,Azul,M,3,77.6,0.0,232.8,PIX,Online,143.0,14
4787,2026-05-22,12:30,73,Calça X,Calça,Azul,M,1,313.28,46.99,266.29,Cartão de Crédito,Online,164.0,3
4788,2026-07-22,14:45,178,Blusa Slim,Blusa,Rosa,G,3,281.67,0.0,845.01,Cartão de Débito,Online,345.0,24
4789,2026-04-29,14:00,72,Camiseta Casual,Camiseta,Rosa,P,1,280.68,42.1,238.58,Cartão de Crédito,Online,556.0,1
4790,2026-09-20,10:15,98,Acessório Básica,Acessório,Branca,G,3,254.79,0.0,764.37,Cartão de Débito,Online,62.0,19
4791,2026-05-28,14:30,148,Vestido Slim,Vestido,Rosa,G,2,213.53,0.0,427.06,Cartão de Débito,Física,516.0,24
4792,2026-05-24,12:30,162,Acessório Esporte,Acessório,Preta,P,3,314.53,0.0,943.59,PIX,Online,195.0,11
4793,2026-04-28,15:30,133,Jaqueta Social,Jaqueta,Branca,P,3,168.42,0.0,505.26,Crediário,Física,549.0,1
4794,2026-08-01,09:00,101,Jaqueta Casual,Jaqueta,Verde,M,2,263.03,0.0,526.06,PIX,Online,85.0,9
4795,2026-08-28,11:00,36,Jaqueta X,Jaqueta,Rosa,GG,2,109.13,21.83,196.43,Cartão de Crédito,Online,548.0,14
4796,2026-05-01,14:00,73,Calça X,Calça,Azul,M,4,313.28,0.0,1253.12,Dinheiro,Online,415.0,8
4797,2026-04-20,10:15,72,Camiseta Casual,Camiseta,Rosa,P,1,280.68,14.03,266.65,Dinheiro,Física,184.0,13
4798,2026-04-10,10:00,93,Calça Slim,Calça,Azul,G,4,328.53,0.0,1314.12,Crediário,Física,428.0,1
4799,2026-04-12,19:15,143,Bermuda Casual,Bermuda,Rosa,G,2,113.47,22.69,204.25,Cartão de Crédito,Física,238.0,19
4800,2026-08-28,11:30,162,Acessório Esporte,Acessório,Preta,P,2,314.53,62.91,566.15,Cartão de Débito,Física,80.0,12
4801,2026-09-09,16:30,47,Blusa Esporte,Blusa,Vermelha,M,3,85.46,12.82,243.56,Cartão de Débito,Física,308.0,4
4802,2026-03-17,10:00,109,Camiseta Esporte,Camiseta,Branca,GG,2,227.45,22.74,432.16,Crediário,Online,228.0,4
4803,2026-07-29,11:15,138,Jaqueta Social,Jaqueta,Branca,P,-2,257.25,51.45,977.55,Crediário,Online,112.0,23
4804,2026-04-28,18:00,176,Vestido Esporte,Vestido,Vermelha,M,4,227.13,0.0,908.52,Crediário,Física,505.0,6
4805,2026-05-24,20:45,85,Calça X,Calça,Cinza,G,3,287.08,0.0,861.24,Cartão de Débito,Física,334.0,14
4806,2026-04-22,09:45,124,Camiseta Social,Camiseta,Branca,M,2,31.01,0.0,62.02,Crediário,Física,,17
4807,2026-07-29,17:00,176,Vestido Esporte,Vestido,Vermelha,M,2,227.13,22.71,431.55,Dinheiro,Física,301.0,19
4808,2026-06-02,11:00,158,Jaqueta Premium,Jaqueta,Rosa,GG,3,91.13,13.67,259.72,Cartão de Crédito,Física,496.0,23
4809,2026-06-27,12:45,133,Jaqueta Social,Jaqueta,Branca,P,3,168.42,628.0087769418342,454.73,Cartão de Débito,Física,494.0,14
4810,2026-08-25,15:15,73,Calça X,Calça,Azul,M,3,313.28,0.0,939.84,PIX,Online,369.0,13
4811,2026-08-27,21:30,140,Jaqueta Básica,Jaqueta,Cinza,P,2,275.21,0.0,550.42,Cartão de Débito,Online,91.0,14
4812,2026-05-01,17:45,133,Jaqueta Social,Jaqueta,Branca,P,3,168.42,50.53,454.73,Crediário,Online,103.0,14
4813,2026-04-07,11:45,95,Bermuda X,Bermuda,Cinza,G,2,275.07,55.01,495.13,Cartão de Crédito,Online,284.0,19
4814,2026-05-25,13:30,89,Acessório Premium,Acessório,Vermelha,GG,1,62.97,0.0,62.97,Crediário,Física,478.0,11
4815,2026-04-22,12:15,159,Calça Social,Calça,Verde,G,2,166.81,16.68,316.94,Cartão de Débito,Online,377.0,17
4816,2026-09-07,21:30,100,Calça Social,Calça,Preta,M,2,133.29,0.0,266.58,CARTÃO DE CRÉDITO,Física,128.0,2
4817,2026-09-29,19:00,152,Jaqueta Premium,Jaqueta,Verde,M,1,208.59,0.0,208.59,Cartão de Crédito,Física,142.0,8
4818,2026-09-12,11:15,150,Camiseta Casual,Camiseta,Cinza,GG,3,216.84,0.0,650.52,pix,Física,,15
4819,2026-04-29,15:30,86,Blusa Social,Blusa,Azul,P,4,56.25,33.75,191.25,Cartão de Débito,Física,277.0,17
4820,2026-06-13,21:00,3154,Bermuda Básica,Bermuda,Cinza,M,1,344.51,0.0,344.51,Cartão de Débito,Física,,24
4821,2026-06-06,21:45,122,Calça Social,Calça,Azul,M,4,77.6,0.0,310.4,Crediário,Online,33.0,4
4822,2026-04-15,19:15,78,Acessório Básica,Acessório,Cinza,GG,2,138.63,0.0,277.26,Cartão de Débito,Física,444.0,6
4823,2026-07-17,16:15,9,Acessório X,Acessório,Preta,M,3,51.84,0.0,155.52,Dinheiro,Online,46.0,9
4824,2026-03-29,10:00,1,Blusa Premium,Blusa,Cinza,G,4,318.6,191.16,1083.24,Cartão de Crédito,Física,313.0,15
4825,2026-07-06,12:30,76,Jaqueta X,Jaqueta,Cinza,P,-1,291.87,87.56,496.18,PIX,Online,213.0,3
4826,2026-08-02,16:15,55,Vestido Premium,Vestido,Branca,M,3,126.12,18.92,359.44,PIX,Online,140.0,4
4827,2026-09-08,20:00,50,Blusa Básica,Blusa,Azul,G,4,124.43,49.77,447.95,DINHEIRO,Física,83.0,11
4828,2026-08-19,17:15,10,Camiseta Social,Camiseta,Azul,G,3,281.48,0.0,844.44,Cartão de Crédito,Física,534.0,1
4829,2026-08-19,10:00,137,Jaqueta Básica,Jaqueta,Cinza,GG,1,124.46,18.67,105.79,PIX,Física,499.0,5
4830,2026-03-31,12:15,25,Calça Básica,Calça,Rosa,GG,1,346.73,34.67,312.06,Dinheiro,Física,426.0,12
4831,2026-08-31,20:00,31,Vestido Social,Vestido,Azul,GG,2,28.24,0.0,56.48,PIX,Online,223.0,10
4832,2026-06-08,15:00,176,Vestido Esporte,Vestido,Vermelha,M,3,227.13,34.07,647.32,Cartão de Débito,Física,60.0,3
4833,2026-09-21,13:00,133,Jaqueta Social,Jaqueta,Branca,P,3,168.42,0.0,505.26,Cartão de Débito,Online,299.0,15
4834,2026-03-03,19:00,68,Acessório Casual,Acessório,Branca,P,2,212.83,0.0,425.66,PIX,Física,212.0,9
4835,2026-05-01,15:45,139,Jaqueta X,Jaqueta,Preta,M,4,172.53,0.0,690.12,Cartão de Débito,Online,541.0,15
4836,2026-06-25,20:30,146,Calça Premium,Calça,Branca,GG,3,343.66,103.1,927.88,Dinheiro,Online,162.0,15
4837,2026-09-24,09:00,83,Bermuda Básica,Bermuda,Cinza,M,4,344.51,0.0,1378.04,Cartão de Crédito,Física,,20
4838,2026-06-27,20:45,64,Blusa Slim,Blusa,Cinza,G,4,307.95,184.77,1047.03,Cartão de Débito,Física,305.0,10
4839,2026-08-29,21:00,24,Blusa Esporte,Blusa,Preta,M,4,315.76,0.0,1263.04,Cartão de Débito,Física,597.0,10
4840,2026-08-18,09:30,61,Blusa Social,Blusa,Preta,P,4,336.13,0.0,1344.52,Cartão de Crédito,Online,79.0,1
4841,2026-04-01,19:30,146,Calça Premium,Calça,Branca,GG,3,343.66,51.55,979.43,Crediário,Online,48.0,15
4842,2026-07-16,20:00,163,Blusa Esporte,Blusa,Rosa,GG,3,291.86,0.0,875.58,PIX,Física,593.0,16
4843,2026-07-30,10:15,36,Jaqueta X,Jaqueta,Rosa,GG,4,109.13,0.0,436.52,Cartão de Crédito,Física,,13
4844,2026-07-30,09:30  ,174,Calça Slim,Calça,Cinza,M,2,34.1,0.0,68.2,Cartão de Crédito,Online,179.0,2
4845,24/04/26,13:30,56,Camiseta Social,Camiseta,Verde,M,2,252.29,0.0,504.58,Cartão de Crédito,Online,28.0,5
4846,29/06/2026,13:45,42,Calça Casual,Calça,Verde,G,1,245.94,0.0,245.94,Dinheiro,Física,558.0,7
4847,2026-04-16,21:00,179,Calça Social,Calça,Cinza,P,3,214.89,0.0,644.67,Cartão de Débito,Online,340.0,9
4848,2026-04-25,15:00,24,Blusa Esporte,Blusa,Preta,M,1,315.76,0.0,315.76,Cartão de Crédito,Física,159.0,2
4849,2026-04-16,21:30,117,Vestido Premium,Vestido,Cinza,M,1,81.36,0.0,81.36,Cartão de Débito,Física,334.0,3
4850,2026-08-21,13:45,89,Acessório Premium,Acessório,Vermelha,GG,4,62.97,37.78,214.1,Cartão de Débito,Online,420.0,3
4851,2026-09-14,13:15,46,Bermuda Social,Bermuda,Azul,P,3,46.54,6.98,132.64,Cartão de Débito,Física,160.0,24
4852,2026-08-06,12:15,157,Bermuda Básica,Bermuda,Azul,P,3,35.03,0.0,105.09,Crediário,Física,87.0,8
4853,2026-08-09,20:45,14,Bermuda Esporte,Bermuda,Verde,GG,2,113.16,0.0,226.32,PIX,Física,600.0,23
4854,2026-03-09,12:45,81,Calça Básica,Calça,Rosa,G,1,188.91,18.89,170.02,PIX,Física,166.0,7
4855,2026-08-22,13:00,103,Acessório Esporte,Acessório,Verde,M,2,142.1,14.21,269.99,Cartão de Débito,Online,549.0,24
4856,2026-04-12,21:00,59,Blusa Social,Blusa,Verde,M,4,202.64,40.53,770.03,Dinheiro,Online,559.0,6
4857,2026-06-12,13:00,15,Bermuda Básica,Bermuda,Cinza,G,1,52.05,61.098032441023776,44.24,Dinheiro,Online,173.0,15
4858,2026-07-15,12:15,168,Camiseta Slim,Camiseta,Preta,GG,4,50.13,20.05,180.47,Crediário,Física,493.0,21
4859,2026-05-29,17:30,171,Blusa Casual,Blusa,Verde,M,4,139.15,27.83,528.77,Crediário,Física,103.0,16
4860,2026-07-02,09:45,123,Camiseta Básica,Camiseta,Preta,P,2,195.44,0.0,390.88,PIX,Física,407.0,10
4861,2026-08-08,12:00,22,Bermuda Social,Bermuda,Vermelha,GG,4,213.75,42.75,812.25,PIX,Online,2.0,6
4862,2026-05-31,18:15,75,Bermuda Premium,Bermuda,Cinza,G,2,129.65,12.97,246.33,PIX,Online,33.0,23
4863,09/09/26,16:00,68,Acessório Casual,Acessório,Branca,P,4,212.83,0.0,851.32,Cartão de Crédito,Física,64.0,17
4864,2026-03-26,18:00,13,Blusa Básica,Blusa,Verde,G,1,276.45,13.82,262.63,Cartão de Débito,Online,348.0,3
4865,24-03-2026,21:15,35,Blusa Premium,Blusa,Preta,P,2,314.35,0.0,628.7,Cartão de Crédito,Online,177.0,14
4866,2026-06-03,14:30,160,Vestido Básica,Vestido,Branca,G,1,38.68,5.8,32.88,Dinheiro,Física,289.0,4
4867,2026-07-02,16:45,10,Camiseta Social,Camiseta,Azul,G,2,281.48,56.3,506.66,Dinheiro,Física,340.0,1
4868,2026-05-09,11:00,119,Calça Esporte,Calça,Branca,P,1,331.07,49.66,281.41,Crediário,Física,418.0,15
4869,2026-05-28,09:00,57,Calça Casual,Calça,Verde,GG,1,86.79,0.0,86.79,Cartão de Crédito,Online,449.0,7
4870,2026-04-15,17:45,96,Camiseta Casual,Camiseta,Verde,P,1,307.93,0.0,307.93,Cartão de Crédito,Online,,2
4871,2026-03-24,17:15,171,Blusa Casual,Blusa,Verde,M,2,139.15,41.74,236.56,Cartão de Débito,Física,175.0,21
4872,2026-09-24,20:45,85,Calça X,Calça,Cinza,G,3,287.08,129.19,732.05,Cartão de Débito,Online,363.0,3
4873,2026-04-08,19:30,81,Calça Básica,Calça,Rosa,G,1,188.91,28.34,160.57,PIX,Online,444.0,15
4874,2026-06-17,11:15,38,Acessório Esporte,Acessório,Rosa,P,1,113.5,0.0,113.5,PIX,Online,52.0,16
4875,2026-09-20,15:30,110,Bermuda Slim,Bermuda,Vermelha,G,1,158.66,23.8,134.86,Dinheiro,Física,505.0,8
4876,2026-04-16,15:30,85,Calça X,Calça,Cinza,G,3,287.08,0.0,861.24,Cartão de Débito,Física,45.0,20
4877,2026-09-13,17:30,42,Calça Casual,Calça,Verde,G,2,245.94,24.59,467.29,Crediário,Física,293.0,16
4878,2026-07-04,09:15,114,Camiseta Social,Camiseta,Verde,GG,1,330.12,0.0,330.12,Cartão de Débito,Online,50.0,22
4879,2026-04-29,12:15,18,Acessório Básica,Acessório,Azul,M,4,242.78,0.0,971.12,Dinheiro,Física,276.0,11
4880,2026-03-11,19:30,151,Vestido Social,Vestido,Cinza,P,4,305.13,183.08,1037.44,Cartão de Débito,Online,591.0,7
4881,2026-09-19,13:00  ,159,Calça Social,Calça,Verde,G,1,166.81,16.68,"150,13",Cartão de Crédito,Online,69.0,24
4882,2026-05-02,10:45,12,Blusa X,Blusa,Rosa,P,1,258.15,0.0,258.15,Cartão de Débito,Online,176.0,21
4883,07/07/2026,11:00,24,Blusa Esporte,Blusa,Preta,M,2,315.76,63.15,568.37,Cartão de Débito,Física,585.0,12
4884,2026-07-19,18:15,43,Bermuda Premium,Bermuda,Preta,GG,2,144.6,28.92,260.28,Dinheiro,Online,583.0,22
4885,2026-07-30,19:00,125,Vestido X,Vestido,Verde,M,2,114.2,22.84,205.56,Cartão de Débito,Física,268.0,8
4886,2026-05-12,19:15,137,Jaqueta Básica,Jaqueta,Cinza,GG,3,124.46,0.0,373.38,Cartão de Crédito,Online,78.0,15
4887,2026-09-20,18:00,5,Jaqueta Básica,Jaqueta,Preta,GG,2,235.61,0.0,471.22,Cartão de Débito,Física,381.0,22
4888,2026-09-11,16:15,176,Vestido Esporte,Vestido,Vermelha,M,2,227.13,22.71,"R$ 431,55",Cartão de Crédito,Física,15.0,16
4889,2026-06-02,19:30,115,Vestido Básica,Vestido,Vermelha,GG,3,108.11,0.0,324.33,Cartão de Débito,Física,79.0,1
4890,2026-07-02,16:15,145,Bermuda Casual,Bermuda,Azul,GG,2,159.63,47.89,271.37,Dinheiro,Física,428.0,6
4891,2026-06-06,13:00,78,Acessório Básica,Acessório,Cinza,GG,1,138.63,13.86,124.77,Cartão de Débito,Física,491.0,13
4892,2026-05-10,12:15,6,Acessório Casual,Acessório,Rosa,GG,1,309.17,0.0,309.17,Cartão de Débito,Física,548.0,8
4893,2026-09-20,20:30,72,Camiseta Casual,Camiseta,Rosa,P,1,280.68,0.0,280.68,PIX,Física,552.0,16
4894,2026-03-18,19:30,177,Camiseta Slim,Camiseta,Vermelha,G,4,63.08,0.0,"R$ 252,32",Crediário,Física,336.0,20
4895,2026-09-06,10:45,47,Blusa Esporte,Blusa,Vermelha,M,1,85.46,8.55,76.91,cartao credito,Física,251.0,11
4896,2026-03-30,18:00,32,Acessório Social,Acessório,Azul,G,4,324.96,64.99,1234.85,Cartão de Débito,Física,176.0,5
4897,14-04-2026,11:30,40,Jaqueta Premium,Jaqueta,Branca,G,2,59.14,17.74,100.54,Cartão de Débito,Online,189.0,11
4898,2026-09-13,18:30,170,Bermuda Premium,Bermuda,Vermelha,GG,2,234.75,46.95,422.55,Cartão de Débito,Física,311.0,1
4899,2026-07-30,11:15,162,Acessório Esporte,Acessório,Preta,P,2,314.53,94.36,534.7,Cartão de Crédito,Física,16.0,8
4900,2026-08-02,11:15,7,Acessório X,Acessório,Vermelha,GG,4,160.81,0.0,643.24,Cartão de Crédito,Online,63091.0,1
4901,2026-04-14,18:45,153,Bermuda Social,Bermuda,Cinza,G,3,75.2,11.28,214.32,PIX,Online,269.0,13
4902,2026-08-08,16:00,5,Jaqueta Básica,Jaqueta,Preta,GG,4,235.61,47.12,895.32,Cartão de Crédito,Física,186.0,19
4903,2026-09-13,20:00,8,Bermuda Básica,Bermuda,Rosa,P,4,301.95,0.0,1207.8,Cartão de Crédito,Online,158.0,20
4904,2026-09-26,17:45,150,Camiseta Casual,Camiseta,Cinza,GG,1,216.84,0.0,216.84,cartão de débito,Online,355.0,14
4905,2026-07-21,15:15,135,Bermuda Básica,Bermuda,Cinza,M,3,74.1,0.0,222.3,Cartão de Débito,Física,499.0,7
4906,2026-04-11,20:15,99,Camiseta Slim,Camiseta,Rosa,G,4,178.5,0.0,714.0,PIX,Online,213.0,20
4907,2026-03-01,15:15,143,Bermuda Casual,Bermuda,Rosa,G,4,113.47,68.08,385.8,Cartão de Crédito,Online,183.0,22
4908,2026-08-24,16:45,114,Camiseta Social,Camiseta,Verde,GG,2,330.12,0.0,660.24,Cartão de Crédito,Online,539.0,17
4909,2026-04-01, 11:45,175,Jaqueta Slim,Jaqueta,Branca,P,3,111.44,0.0,"334,32",Cartão de Crédito,Online,159.0,22
4910,2026-06-09,19:00,131,Jaqueta X,Jaqueta,Azul,P,3,192.39,0.0,577.17,PIX,Online,508.0,23
4911,2026-07-30,15:15,101,Jaqueta Casual,Jaqueta,Verde,M,2,263.03,0.0,526.06,Cartão de Crédito,Online,383.0,1
4912,2026-07-08,21:00,66,Vestido Básica,Vestido,Preta,GG,1,195.93,29.39,166.54,Crediário,Física,80.0,11
4913,2026-04-21,09:00,169,Camiseta Premium,Camiseta,Branca,GG,4,137.47,0.0,549.88,PIX,Online,5312.0,17
4914,2026-04-02,14:15,8,Bermuda Básica,Bermuda,Rosa,P,4,301.95,0.0,1207.8,Cartão de Débito,Física,263.0,18
4915,2026-07-27,11:00,31,Vestido Social,Vestido,Azul,GG,3,28.24,8.47,76.25,PIX,Física,159.0,22
4916,2026-07-04,09:15,55,Vestido Premium,Vestido,Branca,M,2,126.12,37.84,214.4,pix,Online,369.0,16
4917,2026-05-21,16:30,18,Acessório Básica,Acessório,Azul,M,1,242.78,0.0,242.78,Cartão de Débito,Física,40.0,14
4918,2026-06-17,20:15,137,Jaqueta Básica,Jaqueta,Cinza,GG,0,124.46,0.0,"R$ 248,92",Cartão de Crédito,Online,526.0,14
4919,2026-08-25,11:45,130,Bermuda Slim,Bermuda,Verde,G,2,139.82,13.98,265.66,PIX,Física,246.0,3
4920,2026-09-22,11:00,57,Calça Casual,Calça,Verde,GG,3,86.79,39.06,221.31,Cartão de Débito,Online,564.0,5
4921,2026-06-01,16:15,145,Bermuda Casual,Bermuda,Azul,GG,2,159.63,47.89,271.37,PIX,Online,439.0,20
4922,2026-05-31,11:15,114,Camiseta Social,Camiseta,Verde,GG,1,330.12,0.0,330.12,PIX,Física,47.0,21
4923,2026-06-17,12:00,123,Camiseta Básica,Camiseta,Preta,P,2,195.44,0.0,390.88,Cartão de Crédito,Online,,18
4924,2026-08-07,20:00,6,Acessório Casual,Acessório,Rosa,GG,1,309.17,30.92,278.25,Crediário,Física,482.0,15
4925,2026-07-09,20:00,108,Jaqueta X,Jaqueta,Azul,G,-1,84.3,16.86,320.34,Dinheiro,Física,170.0,10
4926,2026-09-16,19:00,2,Calça Casual,Calça,Verde,M,1,308.53,0.0,308.53,PIX,Online,229.0,15
4927,2026-04-25,19:15,22,Bermuda Social,Bermuda,Vermelha,GG,1,213.75,21.38,192.37,Cartão de Crédito,Online,241.0,11
4928,2026-04-29,12:00,150,Camiseta Casual,Camiseta,Cinza,GG,2,216.84,65.05,368.63,Cartão de Débito,Online,547.0,15
4929,2026-05-07,19:15,94,Blusa X,Blusa,Azul,GG,3,310.47,139.71,791.7,Cartão de Crédito,Física,597.0,23
4930,2026-09-30,16:15,8,Bermuda Básica,Bermuda,Rosa,P,4,301.95,0.0,1207.8,Crediário,Online,156.0,6
4931,2026-04-28,16:00,6,Acessório Casual,Acessório,Rosa,GG,1,309.17,30.92,278.25,Dinheiro,Online,326.0,13
4932,2026-03-05,12:30,53,Jaqueta Casual,Jaqueta,Branca,P,1,203.54,0.0,203.54,Dinheiro,Online,455.0,24
4933,2026-05-19,11:00,148,Vestido Slim,Vestido,Rosa,G,2,213.53,0.0,427.06,Crediário,Física,324.0,21
4934,2026-07-23,17:00,73,Calça X,Calça,Azul,M,1,313.28,0.0,313.28,Dinheiro,Física,24.0,2
4935,2026-03-23,11:15,145,Bermuda Casual,Bermuda,Azul,GG,2,159.63,31.93,287.33,Cartão de Débito,Online,112.0,24
4936,2026-04-16,14:45,8,Bermuda Básica,Bermuda,Rosa,P,4,301.95,60.39,1147.41,Crediário,Física,26.0,1
4937,17/05/2026, 12:45,93,Calça Slim,Calça,Azul,G,4,328.53,197.12,1117.0,Dinheiro,Online,329.0,17
4938,2026-06-29,18:45,36,Jaqueta X,Jaqueta,Rosa,GG,2,109.13,0.0,218.26,Cartão de Débito,Física,126.0,24
4939,2026-08-25,09:15  ,99,Camiseta Slim,Camiseta,Rosa,G,4,178.5,0.0,714.0,Dinheiro,Física,430.0,3
4940,2026-06-01,14:00,134,Bermuda Básica,Bermuda,Rosa,GG,3,59.5,8.93,169.57,cartão de crédito,Online,138.0,24
4941,2026-04-21,16:45,132,Acessório Esporte,Acessório,Rosa,P,3,45.67,20.55,116.46,Dinheiro,Online,323.0,16
4942,2026-06-21,16:00,61,Blusa Social,Blusa,Preta,P,4,336.13,201.68,1142.84,Cartão de Débito,Física,216.0,23
4943,2026-04-20,15:30,10,Camiseta Social,Camiseta,Azul,G,1,281.48,0.0,281.48,Crediário,Física,223.0,8
4944,2026-04-24, 13:00,22,Bermuda Social,Bermuda,Vermelha,GG,2,213.75,0.0,427.5,Cartão de Débito,Física,252.0,23
4945,2026-06-03,09:00,128,Acessório X,Acessório,Verde,G,2,38.26,0.0,76.52,Dinheiro,Online,177.0,8
4946,2026-06-02,16:00,60,Blusa Premium,Blusa,Azul,GG,3,177.54,53.26,479.36,Crediário,Online,311.0,1
4947,2026-05-14,09:30,120,Camiseta Básica,Camiseta,Rosa,G,1,304.19,0.0,304.19,PIX,Física,252.0,23
4948,2026-08-29,16:15,180,Acessório X,Acessório,Verde,GG,2,108.79,0.0,217.58,Cartão de Débito,Física,256.0,18
4949,2026-05-17,09:45,69,Camiseta Básica,Camiseta,Branca,M,1,71.3,0.0,71.3,Cartão de Débito,Online,432.0,25
4950,2026-08-25,14:30,157,Bermuda Básica,Bermuda,Azul,P,4,35.03,0.0,140.12,Cartão de Crédito,Física,555.0,2
4951,2026-09-20,16:30,119,Calça Esporte,Calça,Branca,P,1,331.07,49.66,281.41,Cartão de Crédito,Física,541.0,2
4952,2026-03-05,16:30,102,Vestido Premium,Vestido,Vermelha,GG,3,250.72,0.0,752.16,Cartão de Crédito,Física,533.0,7
4953,2026-03-14,15:30,169,Camiseta Premium,Camiseta,Branca,GG,4,137.47,0.0,549.88,PIX,Online,487.0,18
4954,2026-08-21,21:15,18,Acessório Básica,Acessório,Azul,M,1,242.78,0.0,242.78,Cartão de Débito,Física,343.0,22
4955,2026-05-19,11:00,49,Calça Esporte,Calça,Preta,P,4,264.21,105.68,951.16,Dinheiro,Online,419.0,10
4956,2026-08-03,15:30,71,Acessório Premium,Acessório,Rosa,GG,2,227.52,45.5,409.54,PIX,Física,158.0,18
4957,2026-03-29,15:15,146,Calça Premium,Calça,Branca,GG,1,343.66,17.18,326.48,Cartão de Crédito,Online,161.0,7
4958,2026-09-03,21:00,11,Calça Básica,Calça,Verde,G,1,112.35,0.0,112.35,Dinheiro,Física,363.0,25
4959,2026-03-18,17:30,155,Blusa X,Blusa,Rosa,GG,3,229.95,103.48,586.37,PIX,Física,419.0,8
4960,2026-04-05,10:15,158,Jaqueta Premium,Jaqueta,Rosa,GG,3,91.13,0.0,273.39,PIX,Física,120.0,17
4961,2026-06-12,15:15,111,Blusa Esporte,Blusa,Verde,M,3,279.57,0.0,"R$ 838,71",Crediário,Física,212.0,2
4962,2026-03-08,20:30,23,Calça Social,Calça,Preta,GG,3,181.44,0.0,544.32,Cartão de Crédito,Online,129.0,10
4963,2026-07-14,19:00,153,Bermuda Social,Bermuda,Cinza,G,1,75.2,3.76,71.44,Dinheiro,Física,209.0,1
4964,2026-05-28,13:30,37,Acessório Premium,Acessório,Rosa,G,2,281.93,0.0,563.86,Cartão de Débito,Física,546.0,21
4965,2026-09-08,14:00,142,Vestido Esporte,Vestido,Branca,GG,3,142.68,0.0,428.04,Cartão de Crédito,Online,309.0,15
4966,2026-08-31,15:45,31,Vestido Social,Vestido,Azul,GG,3,28.24,0.0,84.72,Dinheiro,Online,555.0,4
4967,2026-03-18,19:15,7,Acessório X,Acessório,Vermelha,GG,3,160.81,0.0,482.43,Cartão de Débito,Física,392.0,15
4968,2026-05-30,21:45,125,Vestido X,Vestido,Verde,M,2,114.2,22.84,205.56,Dinheiro,Online,505.0,18
4969,2026-08-04,17:45,164,Blusa Premium,Blusa,Preta,G,4,175.34,35.07,666.29,Cartão de Débito,Online,530.0,20
4970,21/04/26,19:30,76,Jaqueta X,Jaqueta,Cinza,P,4,291.87,0.0,1167.48,PIX,Física,260.0,11
4971,2026-04-03,20:45,174,Calça Slim,Calça,Cinza,M,2,34.1,3.41,64.79,Cartão de Débito,Online,501.0,19
4972,2026-09-15,15:00,26,Jaqueta Esporte,Jaqueta,Verde,P,4,204.58,81.83,736.49,Cartão de Crédito,Online,273.0,4
4973,2026-09-22,18:30,32,Acessório Social,Acessório,Azul,G,4,324.96,64.99,1234.85,Cartão de Crédito,Online,189.0,10
4974,2026-05-29,11:45,81,Calça Básica,Calça,Rosa,G,4,188.91,75.56,680.08,PIX,Online,144.0,5
4975,2026-05-11,15:45,85,Calça X,Calça,Cinza,G,2,287.08,0.0,574.16,PIX,Online,139.0,2
4976,2026-09-15,14:00,61,Blusa Social,Blusa,Preta,P,3,336.13,151.26,857.13,Dinheiro,Online,12.0,7
4977,2026-04-19,09:45,126,Calça Casual,Calça,Vermelha,G,4,275.71,0.0,1102.84,Cartão de Débito,Física,213.0,10
4978,2026-08-20,19:45,93,Calça Slim,Calça,Azul,G,1,328.53,0.0,328.53,Cartão de Débito,Física,,1
4979,2026-04-16,11:00,157,Bermuda Básica,Bermuda,Azul,P,3,35.03,0.0,105.09,Dinheiro,Online,111.0,2
4980,2026-03-14,14:00,76,Jaqueta X,Jaqueta,Cinza,P,2,291.87,58.37,525.37,Cartão de Crédito,Física,552.0,16
4981,2026-05-22,10:15,140,Jaqueta Básica,Jaqueta,Cinza,P,2,275.21,0.0,550.42,PIX,Online,326.0,1
4982,2026-08-19,16:15,73,Calça X,Calça,Azul,M,3,313.28,46.99,892.85,Dinheiro,Física,402.0,13
4983,2026-07-29,12:15,139,Jaqueta X,Jaqueta,Preta,M,3,172.53,0.0,517.59,Cartão de Crédito,Física,549.0,10
4984,2026-05-02,15:15,115,Vestido Básica,Vestido,Vermelha,GG,3,108.11,32.43,291.9,Cartão de Débito,Física,159.0,8
4985,2026-05-25,15:15,103,Acessório Esporte,Acessório,Verde,M,2,142.1,0.0,284.2,PIX,Online,118.0,23
4986,2026-09-16,10:30,102,Vestido Premium,Vestido,Vermelha,GG,2,250.72,0.0,501.44,Cartão de Crédito,Física,426.0,22
4987,2026-03-09, 19:45 ,63,Bermuda Social,Bermuda,Azul,M,1,250.51,12.53,237.98,Cartão de Débito,Online,203.0,13
4988,2026-05-30,17:00,158,Jaqueta Premium,Jaqueta,Rosa,GG,1,91.13,9.11,82.02,Cartão de Crédito,Física,39.0,18
4989,2026-04-26,18:00,150,Camiseta Casual,Camiseta,Cinza,GG,3,216.84,0.0,650.52,PIX,Física,199.0,25
4990,2026-06-23,18:15,76,Jaqueta X,Jaqueta,Cinza,P,1,291.87,0.0,291.87,Crediário,Física,331.0,20
4991,2026-06-25,13:45,167,Jaqueta Slim,Jaqueta,Branca,G,1,219.14,0.0,219.14,Dinheiro,Online,362.0,21
4992,2026-05-13,14:45,45,Jaqueta Social,Jaqueta,Preta,P,1,105.9,0.0,105.9,PIX,Online,338.0,11
4993,2026-07-06,15:45,120,Camiseta Básica,Camiseta,Rosa,G,4,304.19,0.0,1216.76,Cartão de Crédito,Física,327.0,24
4994,2026-06-21,17:45,160,Vestido Básica,Vestido,Branca,G,2,38.68,11.6,65.76,Cartão de Crédito,Física,520.0,7
4995,2026-08-08,20:30,117,Vestido Premium,Vestido,Cinza,M,4,81.36,0.0,325.44,Cartão de Crédito,Física,496.0,7
4996,2026-08-21,17:30,69,Camiseta Básica,Camiseta,Branca,M,3,71.3,10.7,203.2,PIX,Online,,16
4997,2026-07-15,10:45,18,Acessório Básica,Acessório,Azul,M,1,242.78,0.0,242.78,PIX,Física,392.0,23
4998,19/04/2026,12:45,27,Camiseta Casual,Camiseta,Vermelha,P,1,287.37,43.11,244.26,PIX,Online,207.0,9
4999,2026-03-23,20:45,119,Calça Esporte,Calça,Branca,P,2,331.07,66.21,595.93,Cartão de Crédito,Online,359.0,17
5000,2026-05-20,16:00,10,Camiseta Social,Camiseta,Azul,G,3,281.48,42.22,802.22,PIX,Online,113.0,20
5001,2026-05-21,20:00,75,Bermuda Premium,Bermuda,Cinza,G,3,129.65,0.0,388.95,Cartão de Crédito,Física,367.0,6
5002,2026-07-05,21:00,101,Jaqueta Casual,Jaqueta,Verde,M,1,263.03,0.0,263.03,Dinheiro,Física,399.0,9
5003,2026-06-05,15:00,24,Blusa Esporte,Blusa,Preta,M,3,315.76,0.0,947.28,Cartão de Débito,Online,,4
5004,2026-08-05,15:15,64,Blusa Slim,Blusa,Cinza,G,2,307.95,92.38,523.52,Cartão de Crédito,Física,481.0,24
5005,2026-05-13,12:45,155,Blusa X,Blusa,Rosa,GG,1,229.95,0.0,229.95,Crediário,Física,57.0,11
5006,2026-07-31,14:30,179,Calça Social,Calça,Cinza,P,3,214.89,0.0,644.67,Dinheiro,Online,553.0,3
5007,2026-07-08,10:30  ,167,Jaqueta Slim,Jaqueta,Branca,G,2,219.14,65.74,372.54,Dinheiro,Física,72589.0,22
5008,2026-03-27,19:00,124,Camiseta Social,Camiseta,Branca,M,3,31.01,4.65,88.38,Cartão de Crédito,Online,443.0,4
5009,2026-09-17,20:30,87,Camiseta Casual,Camiseta,Cinza,P,4,273.14,0.0,1092.56,Cartão de Débito,Online,418.0,8
5010,2026-04-20,14:00,46,Bermuda Social,Bermuda,Azul,P,1,46.54,0.0,46.54,Cartão de Débito,Física,,11
5011,2026-07-16,11:15,46,Bermuda Social,Bermuda,Azul,P,1,46.54,0.0,46.54,Cartão de Débito,Física,174.0,15
5012,2026-09-24,16:15,56,Camiseta Social,Camiseta,Verde,M,1,252.29,0.0,252.29,Cartão de Crédito,Online,263.0,1
5013,2026-06-22,18:15,132,Acessório Esporte,Acessório,Rosa,P,1,45.67,0.0,45.67,Dinheiro,Física,413.0,9
5014,2026-03-21,18:45,168,Camiseta Slim,Camiseta,Preta,GG,3,50.13,0.0,150.39,Cartão de Crédito,Física,95.0,16
5015,2026-03-22,20:00,173,Camiseta Esporte,Camiseta,Preta,P,1,183.66,27.55,156.11,Cartão de Débito,Online,181.0,24
5016,2026-04-05,17:30,90,Jaqueta Social,Jaqueta,Rosa,M,4,340.94,204.56,1159.2,PIX,Física,253.0,21
5017,2026-03-27,19:45,136,Bermuda Slim,Bermuda,Verde,P,2,232.34,69.7,394.98,PIX,Física,,9
5018,2026-07-06,12:45,24,Blusa Esporte,Blusa,Preta,M,2,315.76,0.0,631.52,Cartão de Débito,Online,146.0,16
5019,2026-08-06,13:15,99,Camiseta Slim,Camiseta,Rosa,G,2,178.5,0.0,357.0,Dinheiro,Física,136.0,5
5020,2026-07-13,13:30,90,Jaqueta Social,Jaqueta,Rosa,M,1,340.94,34.09,306.85,Cartão de Débito,Online,347.0,16
5021,2026-03-27,09:30,37,Acessório Premium,Acessório,Rosa,G,4,281.93,0.0,1127.72,Cartão de Crédito,Online,395.0,19
5022,2026-03-24,19:15,52,Vestido Básica,Vestido,Vermelha,G,4,334.95,0.0,1339.8,Cartão de Débito,Online,600.0,7
5023,2026-09-26,17:00,156,Calça Esporte,Calça,Cinza,P,1,179.11,0.0,"R$ 179,11",PIX,Online,353.0,4
5024,2026-05-23,21:45,40,Jaqueta Premium,Jaqueta,Branca,G,2,59.14,11.83,106.45,Cartão de Crédito,Online,,25
5025,2026-06-26,10:30,141,Bermuda Slim,Bermuda,Vermelha,GG,4,162.9,0.0,651.6,PIX,Online,532.0,22
5026,2026-04-11,18:30,15,Bermuda Básica,Bermuda,Cinza,G,3,52.05,0.0,156.15,PIX,Online,589.0,5
5027,2026-09-22,16:30,62,Jaqueta Social,Jaqueta,Rosa,M,4,66.35,0.0,265.4,Cartão de Crédito,Física,579.0,23
5028,15/03/2026,19:45,140,Jaqueta Básica,Jaqueta,Cinza,P,3,275.21,82.56,743.07,Crediário,Online,527.0,22
5029,2026-09-04,10:30,116,Blusa Premium,Blusa,Branca,G,4,68.25,27.3,245.7,PIX,Online,437.0,12
5030,2026-08-19,14:00,96256,Calça Slim,Calça,Cinza,M,1,34.1,0.0,34.1,PIX,Online,42.0,8
5031,2026-07-22,10:00  ,56,Camiseta Social,Camiseta,Verde,M,4,252.29,100.92,908.24,Cartão de Débito,Online,387.0,9
5032,2026-04-24,15:30,87,Camiseta Casual,Camiseta,Cinza,P,3,273.14,0.0,819.42,Dinheiro,Física,455.0,13
5033,2026-06-29,12:00,155,Blusa X,Blusa,Rosa,GG,1,229.95,0.0,229.95,PIX,Online,,3
5034,2026-05-08, 16:00 ,135,Bermuda Básica,Bermuda,Cinza,M,3,74.1,0.0,222.3,PIX,Física,497.0,4
5035,2026-05-12,16:45,119,Calça Esporte,Calça,Branca,P,1,331.07,0.0,331.07,Cartão de Débito,Online,572.0,17
5036,2026-03-02,12:45,176,Vestido Esporte,Vestido,Vermelha,M,2,227.13,0.0,454.26,Cartão de Débito,Física,567.0,17
5037,2026-05-30,18:15,97,Jaqueta Premium,Jaqueta,Rosa,GG,3,161.24,0.0,483.72,Cartão De Crédito,Online,576.0,1
5038,2026-08-07,18:45,101,Jaqueta Casual,Jaqueta,Verde,M,2,263.03,0.0,526.06,Cartão de Débito,Física,79.0,8
5039,2026-03-15,14:45,133,Jaqueta Social,Jaqueta,Branca,P,4,168.42,101.05,572.63,Cartão de Débito,Online,229.0,17
5040,2026-05-22,13:45,151,Vestido Social,Vestido,Cinza,P,3,305.13,0.0,915.39,Cartão de Crédito,Física,443.0,20
5041,2026-07-02,20:15,144,Blusa X,Blusa,Verde,G,4,297.99,119.2,1072.76,PIX,Online,112.0,16
5042,2026-03-25,18:15,47,Blusa Esporte,Blusa,Vermelha,M,1,85.46,8.55,76.91,Cartão de Crédito,Online,83.0,14
5043,2026-06-13,11:00,47195,Jaqueta Casual,Jaqueta,Branca,G,4,232.93,139.76,791.96,Cartão de Crédito,Física,517.0,22
5044,2026-09-21,13:15,14,Bermuda Esporte,Bermuda,Verde,GG,3,113.16,0.0,339.48,PIX,Física,312.0,14
5045,2026-06-04,13:15,59,Blusa Social,Blusa,Verde,M,4,202.64,0.0,810.56,Cartão de Crédito,Física,288.0,21
5046,2026-08-28,20:15,9,Acessório X,Acessório,Preta,M,3,51.84,0.0,155.52,Cartão de Débito,Física,9.0,11
5047,2026-03-08,10:00,123,Camiseta Básica,Camiseta,Preta,P,3,195.44,0.0,586.32,PIX,Física,179.0,9
5048,2026-06-30,20:15,138,Jaqueta Social,Jaqueta,Branca,P,2,257.25,25.72,488.78,PIX,Física,25101.0,23
5049,2026-09-06,21:15,155,Blusa X,Blusa,Rosa,GG,1,229.95,0.0,229.95,Cartão de Crédito,Online,26.0,5
5050,2026-05-07, 17:00,56,Camiseta Social,Camiseta,Verde,M,1,252.29,37.84,214.45,PIX,Física,524.0,25
5051,2026-05-31, 18:15,132,Acessório Esporte,Acessório,Rosa,P,1,45.67,0.0,45.67,Dinheiro,Online,519.0,5
5052,2026-08-16,10:00,174,Calça Slim,Calça,Cinza,M,4,34.1,0.0,136.4,Cartão de Crédito,Física,272.0,22
5053,2026-06-24,13:15,170,Bermuda Premium,Bermuda,Vermelha,GG,3,234.75,70.42,633.83,PIX,Online,465.0,5
5054,2026-06-19,15:45,7,Acessório X,Acessório,Vermelha,GG,4,160.81,0.0,643.24,Cartão de Crédito,Online,528.0,20
5055,2026-08-29,15:30,24,Blusa Esporte,Blusa,Preta,M,3,315.76,0.0,947.28,Cartão de Crédito,Online,200.0,25
5056,2026-07-23,10:15,79,Vestido Slim,Vestido,Verde,GG,2,29.96,0.0,59.92,Cartão de Débito,Online,85609.0,4
5057,2026-08-11,11:15,160,Vestido Básica,Vestido,Branca,G,2,38.68,0.0,77.36,Cartão de Débito,Online,462.0,22
5058,2026-08-06,13:45,159,Calça Social,Calça,Verde,G,3,166.81,0.0,500.43,Crediário,Online,580.0,12
5059,2026-08-03, 15:45 ,65,Jaqueta Casual,Jaqueta,Branca,G,3,232.93,0.0,698.79,Cartão de Crédito,Online,228.0,1
5060,2026-03-12,15:15,117,Vestido Premium,Vestido,Cinza,M,2,81.36,0.0,162.72,Dinheiro,Física,203.0,15
5061,2026-05-20,20:15,169,Camiseta Premium,Camiseta,Branca,GG,1,137.47,0.0,137.47,Cartão de Débito,Online,198.0,16
5062,2026-04-25,16:45,92,Vestido Básica,Vestido,Cinza,G,1,146.37,7.32,139.05,PIX,Online,463.0,3
5063,2026-07-09,17:15,108,Jaqueta X,Jaqueta,Azul,G,1,84.3,12.64,71.66,Cartão de Crédito,Física,148.0,12
5064,2026-08-30,20:15,126,Calça Casual,Calça,Vermelha,G,4,275.71,165.43,937.41,Cartão de Débito,Física,526.0,5
5065,2026-07-09,10:15,175,Jaqueta Slim,Jaqueta,Branca,P,3,111.44,33.43,300.89,Cartão de Crédito,Física,380.0,6
5066,2026-05-19, 14:15 ,117,Vestido Premium,Vestido,Cinza,M,3,81.36,0.0,244.08,Cartão de Débito,Física,269.0,13
5067,2026-06-11,12:30,132,Acessório Esporte,Acessório,Rosa,P,2,45.67,9.13,82.21,PIX,Física,171.0,25
5068,2026-07-18,18:30,56,Camiseta Social,Camiseta,Verde,M,3,252.29,37.84,719.03,Cartão de Crédito,Física,249.0,22
5069,2026-07-12,10:00,42,Calça Casual,Calça,Verde,G,4,245.94,0.0,983.76,Cartão de Débito,Online,399.0,18
5070,2026-07-15,14:15,64,Blusa Slim,Blusa,Cinza,G,3,307.95,46.19,877.66,Cartão de Crédito,Online,227.0,18
5071,2026-05-13,16:15,154,Bermuda Básica,Bermuda,Branca,P,4,240.69,0.0,962.76,Cartão de Crédito,Online,263.0,8
5072,2026-07-25,18:00,50,Blusa Básica,Blusa,Azul,G,3,124.43,18.66,354.63,Dinheiro,Online,227.0,14
5073,25/03/2026,11:00,102,Vestido Premium,Vestido,Vermelha,GG,2,250.72,0.0,501.44,Cartão de Crédito,Física,155.0,4
5074,2026-05-10,13:30,111,Blusa Esporte,Blusa,Verde,M,2,279.57,0.0,559.14,Cartão de Crédito,Física,547.0,5
5075,2026-07-23,20:00,24,Blusa Esporte,Blusa,Preta,M,2,315.76,0.0,631.52,Cartão de Débito,Física,35.0,23
5076,2026-09-29,13:30,119,Calça Esporte,Calça,Branca,P,2,331.07,66.21,595.93,PIX,Online,464.0,23
5077,2026-05-29,11:45,115,Vestido Básica,Vestido,Vermelha,GG,1,108.11,10.81,97.3,Cartão De Crédito,Física,317.0,10
5078,2026-07-31,15:15,141,Bermuda Slim,Bermuda,Vermelha,GG,2,162.9,48.87,276.93,Dinheiro,Online,202.0,19
5079,2026-04-28,20:00,102,Vestido Premium,Vestido,Vermelha,GG,4,250.72,0.0,1002.88,dinheiro,Online,518.0,12
5080,2026-03-24,18:00,37,Acessório Premium,Acessório,Rosa,G,1,281.93,42.29,239.64,Cartão de Crédito,Online,175.0,17
5081,2026-04-18,17:15,58,Blusa X,Blusa,Branca,P,4,215.52,0.0,862.08,Cartão de Crédito,Física,,23
5082,2026-05-28,13:00,5,Jaqueta Básica,Jaqueta,Preta,GG,1,235.61,0.0,235.61,Cartão de Crédito,Física,414.0,2
5083,2026-05-22,19:15,38,Acessório Esporte,Acessório,Rosa,P,4,113.5,0.0,454.0,Cartão de Débito,Online,3798.0,18
5084,2026-04-13,18:15,146,Calça Premium,Calça,Branca,GG,2,343.66,34.37,652.95,Cartão de Débito,Física,570.0,1
5085,2026-07-03,12:45,101,Jaqueta Casual,Jaqueta,Verde,M,2,263.03,0.0,526.06,Cartão de Débito,Online,564.0,15
5086,2026-09-29,18:45,13,Blusa Básica,Blusa,Verde,G,2,276.45,27.64,525.26,Dinheiro,Física,448.0,5
5087,2026-03-09,15:45,29,Blusa Básica,Blusa,Azul,P,3,287.6,0.0,862.8,CARTÃO DE CRÉDITO,Online,60.0,18
5088,2026-08-15,20:45,32,Acessório Social,Acessório,Azul,G,4,324.96,129.98,1169.86,Cartão de Crédito,Física,99.0,15
5089,2026-09-08,19:45,30,Vestido Esporte,Vestido,Vermelha,G,3,244.92,73.48,661.28,Dinheiro,Física,142.0,12
5090,2026-08-07,12:45,160,Vestido Básica,Vestido,Branca,G,4,38.68,0.0,154.72,Cartão de Débito,Online,331.0,16
5091,2026-06-22,18:15,106,Blusa Premium,Blusa,Azul,P,1,204.85,0.0,204.85,Cartão de Crédito,Física,32.0,18
5092,2026-07-01,20:30,104,Acessório Premium,Acessório,Rosa,M,2,240.9,0.0,481.8,Cartão de Débito,Online,167.0,16
5093,2026-07-06,09:15,81,Calça Básica,Calça,Rosa,G,4,188.91,0.0,755.64,Crediário,Online,39.0,9
5094,2026-05-13,20:15,91,Acessório Casual,Acessório,Rosa,M,3,274.86,0.0,824.58,Crediário,Online,488.0,5
5095,08-03-2026,19:15,4,Acessório Básica,Acessório,Vermelha,G,4,81.82,0.0,327.28,PIX,Física,77.0,18
5096,2026-06-04,19:30,72,Camiseta Casual,Camiseta,Rosa,P,4,280.68,0.0,1122.72,Cartão de Crédito,Online,113.0,6
5097,2026-04-13,18:30,149,Vestido Básica,Vestido,Cinza,GG,2,67.2,0.0,134.4,Cartão de Crédito,Online,234.0,22
5098,11-07-2026,09:45,138,Jaqueta Social,Jaqueta,Branca,P,3,257.25,77.18,694.57,Cartão de Débito,Online,412.0,19
5099,2026-08-18,09:00,112,Bermuda Premium,Bermuda,Rosa,GG,4,93.18,18.64,354.08,Dinheiro,Online,597.0,18
5100,2026-08-24,13:45,130,Bermuda Slim,Bermuda,Verde,G,1,139.82,13.98,125.84,Cartão de Débito,Física,528.0,9
5101,2026-07-23,16:30,66,Vestido Básica,Vestido,Preta,GG,2,195.93,58.78,333.08,Cartão de Crédito,Online,190.0,14
5102,2026-08-28,15:00,158,Jaqueta Premium,Jaqueta,Rosa,GG,3,91.13,41.01,232.38,PIX,Física,398.0,24
5103,2026-05-17,17:45,45,Jaqueta Social,Jaqueta,Preta,P,4,105.9,21.18,402.42,Crediário,Online,315.0,6
5104,2026-06-11,16:30,14,Bermuda Esporte,Bermuda,Verde,GG,3,113.16,33.95,305.53,Cartão de Crédito,Física,274.0,18
5105,2026-04-02,11:00,60,Blusa Premium,Blusa,Azul,GG,2,177.54,0.0,355.08,Cartão de Débito,Online,122.0,24
5106,2026-04-13,17:45,131,Jaqueta X,Jaqueta,Azul,P,3,192.39,28.86,548.31,Cartão de Crédito,Online,,25
5107,08/05/2026,09:30,76,Jaqueta X,Jaqueta,Cinza,P,3,291.87,0.0,875.61,Crediário,Física,545.0,24
5108,2026-09-06,21:45,76,Jaqueta X,Jaqueta,Cinza,P,1,291.87,14.59,277.28,Dinheiro,Online,268.0,18
5109,2026-05-13,20:30,136,Bermuda Slim,Bermuda,Verde,P,3,232.34,0.0,697.02,Crediário,Online,154.0,1
5110,2026-04-25,21:30,161,Camiseta X,Camiseta,Branca,GG,1,168.83,0.0,168.83,Dinheiro,Online,375.0,5
5111,2026-05-17,21:30,71,Acessório Premium,Acessório,Rosa,GG,2,227.52,68.26,386.78,PIX,Online,35.0,14
5112,2026-09-24,16:30,65,Jaqueta Casual,Jaqueta,Branca,G,4,232.93,93.17,838.55,Cartão de Débito,Física,,4
5113,2026-05-29,20:00,148,Vestido Slim,Vestido,Rosa,G,1,213.53,0.0,213.53,Dinheiro,Física,254.0,19
5114,19/06/26,16:15,175,Jaqueta Slim,Jaqueta,Branca,P,2,111.44,33.43,189.45,PIX,Física,545.0,5
5115,2026-07-31,12:45,27,Camiseta Casual,Camiseta,Vermelha,P,3,287.37,0.0,862.11,Crediário,Online,473.0,23
5116,2026-04-06,14:30,104,Acessório Premium,Acessório,Rosa,M,4,240.9,0.0,963.6,Cartão de Crédito,Física,262.0,17
5117,2026-05-04,21:00,180,Acessório X,Acessório,Verde,GG,1,108.79,0.0,108.79,Dinheiro,Online,375.0,15
5118,2026-03-27,21:30,44,Acessório Esporte,Acessório,Preta,M,1,211.07,0.0,211.07,Cartão de Crédito,Online,126.0,14
5119,2026-06-10,09:45,110,Bermuda Slim,Bermuda,Vermelha,G,3,158.66,0.0,475.98,Cartão de Crédito,Online,575.0,19
5120,2026-03-23,11:30,25,Calça Básica,Calça,Rosa,GG,3,346.73,156.03,884.16,PIX,Física,364.0,12
5121,2026-04-25,15:45,86,Blusa Social,Blusa,Azul,P,3,56.25,0.0,168.75,Cartão de Crédito,Online,190.0,12
5122,2026-06-16,20:30,160,Vestido Básica,Vestido,Branca,G,1,38.68,0.0,38.68,Cartão de Crédito,Online,,9
5123,2026-05-01,15:15,84,Blusa X,Blusa,Branca,M,4,91.15,54.69,309.91,Cartão de Crédito,Online,428.0,20
5124,2026-08-29,14:45,72,Camiseta Casual,Camiseta,Rosa,P,1,280.68,14.03,"266,65",Cartão de Débito,Online,44.0,8
5125,2026-04-01,13:15,114,Camiseta Social,Camiseta,Verde,GG,4,330.12,66.02,1254.46,Dinheiro,Física,135.0,15
5126,2026-09-27,15:30,60,Blusa Premium,Blusa,Azul,GG,2,177.54,53.26,301.82,Dinheiro,Física,451.0,12
5127,2026-04-15,13:45,31,Vestido Social,Vestido,Azul,GG,2,28.24,0.0,56.48,PIX,Física,388.0,16
5128,2026-07-25,10:45,157,Bermuda Básica,Bermuda,Azul,P,2,35.03,0.0,70.06,Cartão de Crédito,Física,,1
5129,2026-03-29,14:15,63,Bermuda Social,Bermuda,Azul,M,4,250.51,150.31,851.73,Crediário,Online,513.0,19
5130,2026-07-03,09:15,112,Bermuda Premium,Bermuda,Rosa,GG,4,93.18,0.0,372.72,Cartão de Débito,Física,278.0,4
5131,2026-05-18,13:15,130,Bermuda Slim,Bermuda,Verde,G,3,139.82,0.0,419.46,Cartão de Débito,Física,321.0,19
5132,2026-06-09,11:15,91,Acessório Casual,Acessório,Rosa,M,3,274.86,41.23,783.35,Crediário,Física,454.0,12
5133,2026-04-05,20:15,149,Vestido Básica,Vestido,Cinza,GG,3,67.2,20.16,181.44,Crediário,Online,273.0,18
5134,2026-08-02,17:30,9,Acessório X,Acessório,Preta,M,3,51.84,23.33,132.19,Cartão de Débito,Física,345.0,13
5135,2026-05-29,20:45,132,Acessório Esporte,Acessório,Rosa,P,4,45.67,18.27,164.41,Cartão de Débito,Online,282.0,5
5136,2026-06-22,11:30,146,Calça Premium,Calça,Branca,GG,3,343.66,0.0,1030.98,PIX,Online,238.0,12
5137,2026-03-02,12:45,133,Jaqueta Social,Jaqueta,Branca,P,2,168.42,0.0,336.84,Cartão de Débito,Física,259.0,15
5138,2026-06-11,12:45,92,Vestido Básica,Vestido,Cinza,G,3,146.37,0.0,439.11,Cartão de Crédito,Online,87.0,1
5139,2026-06-22,10:45,141,Bermuda Slim,Bermuda,Vermelha,GG,2,162.9,16.29,309.51,Cartão de Débito,Online,,11
5140,2026-04-03,15:00,147,Calça Premium,Calça,Preta,P,1,176.07,0.0,176.07,Crediário,Física,122.0,18
5141,2026-04-03,21:15,78,Acessório Básica,Acessório,Cinza,GG,4,138.63,83.18,471.34,Dinheiro,Online,247.0,16
5142,2026-04-06,09:30,171,Blusa Casual,Blusa,Verde,M,4,139.15,0.0,556.6,Cartão de Débito,Física,387.0,15
5143,2026-09-14,14:00,20,Blusa Básica,Blusa,Branca,M,4,212.5,0.0,850.0,Cartão de Crédito,Online,374.0,12
5144,2026-09-25,11:30,61,Blusa Social,Blusa,Preta,P,3,336.13,100.84,907.55,Cartão de Crédito,Física,20.0,14
5145,2026-06-11,11:00,129,Acessório X,Acessório,Branca,M,3,84.81,0.0,254.43,Dinheiro,Online,20.0,23
5146,2026-05-02,11:30,144,Blusa X,Blusa,Verde,G,3,297.99,1234.624956177713,893.97,Cartão de Crédito,Física,454.0,3
5147,2026-07-06,13:30,136,Bermuda Slim,Bermuda,Verde,P,3,232.34,0.0,697.02,Crediário,Física,148.0,13
5148,2026-06-25, 09:15,38,Acessório Esporte,Acessório,Rosa,P,4,113.5,0.0,454.0,Crediário,Física,218.0,13
5149,2026-07-02,18:15,180,Acessório X,Acessório,Verde,GG,3,108.79,16.32,310.05,Cartão de Débito,Online,426.0,21
5150,2026-04-25,14:00,126,Calça Casual,Calça,Vermelha,G,1,275.71,0.0,275.71,PIX,Física,467.0,17
5151,2026-07-27,19:30,47,Blusa Esporte,Blusa,Vermelha,M,1,85.46,0.0,85.46,Cartão de Crédito,Física,77.0,3
5152,2026-06-04,18:00,168,Camiseta Slim,Camiseta,Preta,GG,3,50.13,0.0,150.39,Cartão de Crédito,Online,133.0,8
5153,2026-06-25,10:45,108,Jaqueta X,Jaqueta,Azul,G,1,84.3,0.0,84.3,Cartão de Crédito,Online,570.0,10
5154,2026-08-26,20:30,112,Bermuda Premium,Bermuda,Rosa,GG,3,93.18,0.0,279.54,Cartão de Débito,Online,230.0,18
5155,2026-07-16,14:30,13,Blusa Básica,Blusa,Verde,G,1,276.45,41.47,234.98,Cartão de Débito,Online,286.0,6
5156,2026-07-03,11:30,161,Camiseta X,Camiseta,Branca,GG,4,168.83,0.0,675.32,Cartão de Débito,Física,99.0,20
5157,2026-04-12,18:45,127,Bermuda X,Bermuda,Azul,M,3,269.31,80.79,"R$ 727,14",Cartão de Crédito,Online,495.0,24
5158,2026-03-14,20:15,82,Bermuda Social,Bermuda,Azul,M,1,325.21,0.0,325.21,Crediário,Física,396.0,16
5159,2026-04-19,14:30,106,Blusa Premium,Blusa,Azul,P,4,204.85,0.0,819.4,Cartão de Débito,Física,46.0,17
5160,2026-06-18,17:30,29,Blusa Básica,Blusa,Azul,P,4,287.6,0.0,1150.4,Crediário,Online,577.0,13
5161,2026-08-16,20:15,62,Jaqueta Social,Jaqueta,Rosa,M,3,66.35,0.0,199.05,Cartão de Débito,Online,119.0,5
5162,2026-04-19,19:45,103,Acessório Esporte,Acessório,Verde,M,3,142.1,0.0,426.3,PIX,Online,324.0,12
5163,2026-04-17,15:30,32,Acessório Social,Acessório,Azul,G,4,324.96,64.99,1234.85,Cartão de Débito,Online,193.0,22
5164,2026-08-05,11:45,33,Camiseta Esporte,Camiseta,Verde,G,1,238.32,23.83,214.49,PIX,Física,412.0,21
5165,2026-05-13,14:30,157,Bermuda Básica,Bermuda,Azul,P,1,35.03,3.5,31.53,Crediário,Física,205.0,13
5166,2026-03-03,09:45,70,Vestido Slim,Vestido,Verde,G,3,304.38,0.0,913.14,Cartão de Débito,Física,407.0,17
5167,2026-03-04,16:15,26,Jaqueta Esporte,Jaqueta,Verde,P,-2,204.58,0.0,204.58,Crediário,Física,271.0,19
5168,2026-03-09,12:15,24,Blusa Esporte,Blusa,Preta,M,4,315.76,0.0,1263.04,PIX,Física,365.0,1
5169,2026-03-14,12:30,85,Calça X,Calça,Cinza,G,3,287.08,0.0,861.24,Cartão de Débito,Física,68.0,6
5170,2026-09-22,15:30,39,Blusa X,Blusa,Vermelha,P,4,80.38,32.15,289.37,Cartão de Crédito,Online,18.0,3
5171,2026-03-14,21:30,78,Acessório Básica,Acessório,Cinza,GG,1,138.63,13.86,124.77,Cartão de Débito,Online,99.0,24
5172,2026-04-23,15:30,112,Bermuda Premium,Bermuda,Rosa,GG,4,93.18,0.0,372.72,Cartão de Crédito,Física,4.0,6
5173,2026-03-04,16:45,63,Bermuda Social,Bermuda,Azul,M,3,250.51,0.0,751.53,PIX,Física,246.0,18
5174,2026-05-16,20:45,134,Bermuda Básica,Bermuda,Rosa,GG,2,59.5,0.0,119.0,Cartão de Débito,Física,,14
5175,2026-04-13,17:15,50,Blusa Básica,Blusa,Azul,G,3,124.43,0.0,373.29,Dinheiro,Online,544.0,9
5176,2026-04-06,16:00,81,Calça Básica,Calça,Rosa,G,2,188.91,0.0,377.82,PIX,Física,275.0,7
5177,19/08/2026,18:45,109,Camiseta Esporte,Camiseta,Branca,GG,2,227.45,0.0,454.9,Cartão de Crédito,Física,209.0,3
5178,2026-03-17,09:15,154,Bermuda Básica,Bermuda,Branca,P,1,240.69,12.03,228.66,Cartão de Débito,Online,404.0,23
5179,2026-08-27,11:45,110,Bermuda Slim,Bermuda,Vermelha,G,2,158.66,15.87,301.45,Cartão de Débito,Online,249.0,1
5180,2026-07-28,15:30,141,Bermuda Slim,Bermuda,Vermelha,GG,3,162.9,73.31,415.39,PIX,Física,197.0,19
5181,2026-08-26,20:00,123,Camiseta Básica,Camiseta,Preta,P,3,195.44,0.0,586.32,PIX,Física,590.0,9
5182,2026-09-16,21:30,99,Camiseta Slim,Camiseta,Rosa,G,2,178.5,0.0,357.0,Cartão de Crédito,Online,,11
5183,2026-07-02,17:45,4,Acessório Básica,Acessório,Vermelha,G,1,81.82,12.27,69.55,PIX,Física,519.0,3
5184,2026-03-08,11:15,160,Vestido Básica,Vestido,Branca,G,2,38.68,0.0,77.36,Cartão de Débito,Online,208.0,10
5185,2026-08-05,16:15,119,Calça Esporte,Calça,Branca,P,1,331.07,0.0,331.07,Cartão de Débito,Online,535.0,17
5186,2026-06-23,16:15,141,Bermuda Slim,Bermuda,Vermelha,GG,2,162.9,16.29,309.51,Cartão de Débito,Online,346.0,11
5187,2026-05-17,11:00,179,Calça Social,Calça,Cinza,P,1,214.89,0.0,214.89,Crediário,Física,93.0,25
5188,2026-09-30,19:45,80,Camiseta Básica,Camiseta,Cinza,M,4,179.41,35.88,681.76,Dinheiro,Física,389.0,7
5189,2026-06-07,12:15,50,Blusa Básica,Blusa,Azul,G,4,124.43,0.0,497.72,Crediário,Física,381.0,3
5190,2026-05-10,16:00,94,Blusa X,Blusa,Azul,GG,3,310.47,46.57,884.84,Cartão de Crédito,Online,378.0,12
5191,2026-08-26,16:45,55,Vestido Premium,Vestido,Branca,M,3,126.12,522.5373316994973,378.36,Dinheiro,Online,118.0,13
5192,2026-07-01,20:30,142,Vestido Esporte,Vestido,Branca,GG,1,142.68,21.4,121.28,Cartão de Crédito,Física,232.0,3
5193,2026-03-29, 12:30 ,164,Blusa Premium,Blusa,Preta,G,3,175.34,0.0,526.02,Crediário,Física,309.0,10
5194,2026-03-26,10:45,167,Jaqueta Slim,Jaqueta,Branca,G,2,219.14,65.74,"R$ 372,54",Crediário,Online,147.0,8
5195,2026-05-13,10:15,17,Acessório Slim,Acessório,Azul,M,1,102.24,0.0,102.24,Dinheiro,Física,125.0,3
5196,2026-03-09,10:30,160,Vestido Básica,Vestido,Branca,G,4,38.68,0.0,154.72,Crediário,Física,97231.0,2
5197,2026-08-22,19:45,157,Bermuda Básica,Bermuda,Azul,P,1,35.03,0.0,35.03,Dinheiro,Física,,24
5198,2026-05-17,18:15,106,Blusa Premium,Blusa,Azul,P,3,204.85,30.73,583.82,Cartão de Crédito,Online,73.0,12
5199,2026-04-10,18:15,54,Bermuda Social,Bermuda,Cinza,G,1,115.21,5.76,109.45,Cartão de Débito,Online,346.0,21
5200,2026-06-09,17:15,103,Acessório Esporte,Acessório,Verde,M,4,142.1,56.84,511.56,Cartão de Débito,Online,365.0,2
5201,2026-09-09,13:00,26,Jaqueta Esporte,Jaqueta,Verde,P,2,204.58,20.46,388.7,Cartão de Crédito,Online,3.0,10
5202,2026-03-30,09:30,6,Acessório Casual,Acessório,Rosa,GG,2,309.17,0.0,"R$ 618,34",Cartão de Crédito,Online,155.0,5
5203,2026-05-28,14:45,114,Camiseta Social,Camiseta,Verde,GG,2,330.12,66.02,594.22,PIX,Online,,13
5204,2026-08-23,09:30,2,Calça Casual,Calça,Verde,M,1,308.53,30.85,277.68,PIX,Física,328.0,4
5205,2026-05-20,15:45,150,Camiseta Casual,Camiseta,Cinza,GG,4,216.84,43.37,823.99,Crediário,Física,109.0,15
5206,2026-05-13,11:15,34,Blusa Casual,Blusa,Preta,GG,1,206.43,0.0,206.43,Cartão de Débito,Física,547.0,11
5207,2026-08-04,17:00,126,Calça Casual,Calça,Vermelha,G,3,275.71,124.07,703.06,Cartão de Crédito,Física,588.0,23
5208,2026-08-11,09:00,133,Jaqueta Social,Jaqueta,Branca,P,4,168.42,67.37,606.31,Cartão de Débito,Online,516.0,6
5209,2026-06-03,19:45,126,Calça Casual,Calça,Vermelha,G,3,275.71,0.0,827.13,cartao credito,Online,320.0,1
5210,2026-04-09,15:15,89,Acessório Premium,Acessório,Vermelha,GG,2,62.97,0.0,125.94,Cartão de Débito,Online,508.0,24
5211,2026-05-16,21:00,56,Camiseta Social,Camiseta,Verde,M,1,252.29,12.61,239.68,Cartão de Débito,Física,435.0,22
5212,2026-04-22,11:15,157,Bermuda Básica,Bermuda,Azul,P,1,35.03,0.0,35.03,PIX,Online,478.0,19
5213,2026-05-27,12:30,154,Bermuda Básica,Bermuda,Branca,P,2,240.69,72.21,409.17,Cartão de Débito,Física,292.0,9
5214,2026-06-03,15:00,23,Calça Social,Calça,Preta,GG,2,181.44,36.29,326.59,Dinheiro,Física,461.0,5
5215,2026-09-27,15:45,123,Camiseta Básica,Camiseta,Preta,P,4,195.44,0.0,781.76,Dinheiro,Física,55.0,1
5216,2026-04-15,11:00,137,Jaqueta Básica,Jaqueta,Cinza,GG,3,124.46,0.0,373.38,PIX,Física,,18
5217,2026-07-13,11:00,146,Calça Premium,Calça,Branca,GG,1,343.66,34.37,309.29,PIX,Online,542.0,19
5218,2026-07-07,13:30,85,Calça X,Calça,Cinza,G,4,287.08,0.0,1148.32,Cartão de Débito,Física,264.0,9
5219,2026-05-05,21:15,64,Blusa Slim,Blusa,Cinza,G,1,307.95,30.8,277.15,PIX,Online,535.0,20
5220,2026-03-19,21:45,91,Acessório Casual,Acessório,Rosa,M,4,274.86,109.94,989.5,PIX,Física,568.0,16
5221,2026-06-15,20:15,82,Bermuda Social,Bermuda,Azul,M,3,325.21,48.78,"926,85",PIX,Física,232.0,12
5222,2026-07-06,21:45,36133,Bermuda Básica,Bermuda,Cinza,M,4,74.1,29.64,266.76,cartao credito,Online,536.0,18
5223,2026-07-07,11:45,146,Calça Premium,Calça,Branca,GG,3,343.66,0.0,1030.98,Cartão de Débito,Física,161.0,23
5224,2026-05-29,19:00,160,Vestido Básica,Vestido,Branca,G,3,38.68,17.41,98.63,Dinheiro,Física,105.0,19
5225,2026-05-25,09:45,105,Calça Premium,Calça,Vermelha,GG,3,53.58,0.0,160.74,Cartão de Crédito,Física,567.0,16
5226,2026-06-08,13:00,56,Camiseta Social,Camiseta,Verde,M,3,252.29,37.84,719.03,Crediário,Física,517.0,3
5227,2026-06-06,14:15,70,Vestido Slim,Vestido,Verde,G,2,304.38,60.88,547.88,Cartão de Débito,Online,107.0,7
5228,2026-05-26,15:00,72,Camiseta Casual,Camiseta,Rosa,P,3,280.68,0.0,842.04,Cartão de Débito,Física,463.0,1
5229,2026-06-09,17:00,92,Vestido Básica,Vestido,Cinza,G,1,146.37,0.0,146.37,Crediário,Online,598.0,8
5230,2026-08-29,16:00,151,Vestido Social,Vestido,Cinza,P,2,305.13,61.03,549.23,PIX,Física,554.0,23
5231,23/08/26,10:15,30,Vestido Esporte,Vestido,Vermelha,G,1,244.92,0.0,244.92,PIX,Online,598.0,1
5232,2026-04-11,17:15,119,Calça Esporte,Calça,Branca,P,3,331.07,99.32,893.89,Cartão de Débito,Física,275.0,8
5233,2026-03-13,19:00,117,Vestido Premium,Vestido,Cinza,M,3,81.36,0.0,244.08,Cartão de Crédito,Física,568.0,13
5234,2026-07-28,15:45,160,Vestido Básica,Vestido,Branca,G,3,38.68,11.6,104.44,Cartão de Débito,Física,10.0,15
5235,2026-04-15,09:15,94,Blusa X,Blusa,Azul,GG,3,310.47,46.57,884.84,Cartão de Crédito,Física,221.0,19
5236,2026-08-20,20:30,99,Camiseta Slim,Camiseta,Rosa,G,1,178.5,0.0,178.5,Dinheiro,Física,105.0,13
5237,2026-09-12,09:45,50,Blusa Básica,Blusa,Azul,G,1,124.43,6.22,118.21,Dinheiro,Online,219.0,16
5238,2026-08-15,15:30,57,Calça Casual,Calça,Verde,GG,1,86.79,0.0,86.79,Cartão de Crédito,Física,232.0,7
5239,2026-06-23,09:00,156,Calça Esporte,Calça,Cinza,P,1,179.11,17.91,161.2,Cartão de Débito,Online,244.0,13
5240,2026-08-14,18:00,121,Acessório Básica,Acessório,Vermelha,GG,1,127.53,0.0,127.53,Cartão de Débito,Física,321.0,15
5241,2026-04-25,13:45,14,Bermuda Esporte,Bermuda,Verde,GG,4,113.16,593.8690083626725,430.01,Cartão de Crédito,Física,350.0,10
5242,2026-05-18,21:45,62,Jaqueta Social,Jaqueta,Rosa,M,4,66.35,39.81,225.59,PIX,Física,567.0,16
5243,2026-04-16,10:00,144,Blusa X,Blusa,Verde,G,4,297.99,0.0,1191.96,Crediário,Online,440.0,16
5244,2026-06-27,14:45,152,Jaqueta Premium,Jaqueta,Verde,M,1,208.59,0.0,208.59,Cartão de Crédito,Online,559.0,12
5245,2026-08-04,13:15,67,Vestido Premium,Vestido,Preta,G,2,60.66,12.13,109.19,Dinheiro,Física,139.0,2
5246,2026-07-21, 19:15 ,30,Vestido Esporte,Vestido,Vermelha,G,1,244.92,0.0,"244,92",Dinheiro,Física,335.0,4
5247,2026-03-05,15:30,17,Acessório Slim,Acessório,Azul,M,3,102.24,0.0,306.72,cartao credito,Online,491.0,10
5248,2026-07-18,18:30,138,Jaqueta Social,Jaqueta,Branca,P,1,257.25,0.0,257.25,PIX,Física,305.0,12
5249,2026-07-04,14:45,74,Bermuda Esporte,Bermuda,Branca,M,4,290.34,0.0,1161.36,Crediário,Física,231.0,17
5250,2026-03-14,18:30,156,Calça Esporte,Calça,Cinza,P,1,179.11,17.91,161.2,Cartão de Débito,Online,496.0,3
5251,2026-05-11,11:30,84,Blusa X,Blusa,Branca,M,2,91.15,18.23,164.07,Cartão de Débito,Física,490.0,24
5252,2026-06-21,14:15,5,Jaqueta Básica,Jaqueta,Preta,GG,2,235.61,0.0,471.22,PIX,Física,408.0,13
5253,2026-09-02,17:15,135,Bermuda Básica,Bermuda,Cinza,M,2,74.1,22.23,125.97,Cartão de Débito,Física,149.0,21
5254,2026-09-19,12:30,64,Blusa Slim,Blusa,Cinza,G,4,307.95,184.77,1047.03,Dinheiro,Física,490.0,5
5255,2026-06-07,14:15,88,Bermuda X,Bermuda,Rosa,G,4,55.13,0.0,220.52,PIX,Online,544.0,7
5256,2026-05-04,16:45,76,Jaqueta X,Jaqueta,Cinza,P,2,291.87,29.19,554.55,Cartão de Crédito,Online,457.0,3
5257,2026-08-23,10:45,36,Jaqueta X,Jaqueta,Rosa,GG,3,109.13,32.74,294.65,PIX,Física,298.0,2
5258,2026-07-27,21:00,151,Vestido Social,Vestido,Cinza,P,3,305.13,137.31,778.08,PIX,Física,228.0,5
5259,2026-06-14,12:45,88,Bermuda X,Bermuda,Rosa,G,1,55.13,5.51,49.62,Cartão de Débito,Física,238.0,25
5260,22/07/2026,19:15,81,Calça Básica,Calça,Rosa,G,4,188.91,0.0,755.64,Cartão de Débito,Física,272.0,25
5261,2026-06-15,17:30,170,Bermuda Premium,Bermuda,Vermelha,GG,2,234.75,0.0,469.5,Cartão de Crédito,Online,71.0,20
5262,2026-09-22,17:15,56,Camiseta Social,Camiseta,Verde,M,3,252.29,0.0,756.87,Cartão de Débito,Online,115.0,20
5263,2026-05-27,18:45,101,Jaqueta Casual,Jaqueta,Verde,M,1,263.03,26.3,236.73,Pix,Física,189.0,5
5264,2026-08-11,21:30,125,Vestido X,Vestido,Verde,M,2,114.2,0.0,228.4,PIX,Física,221.0,23
5265,2026-05-07,10:15,38,Acessório Esporte,Acessório,Rosa,P,3,113.5,34.05,306.45,Cartão de Débito,Física,512.0,18
5266,2026-09-02,10:30,115,Vestido Básica,Vestido,Vermelha,GG,2,108.11,0.0,216.22,PIX,Online,30.0,2
5267,2026-08-16,15:30,40,Jaqueta Premium,Jaqueta,Branca,G,2,59.14,0.0,118.28,Crediário,Física,555.0,13
5268,2026-03-14, 17:45 ,31,Vestido Social,Vestido,Azul,GG,2,28.24,0.0,56.48,Crediário,Física,504.0,21
5269,2026-09-22,15:00,18,Acessório Básica,Acessório,Azul,M,4,242.78,0.0,971.12,Cartão de Débito,Online,534.0,6
5270,2026-04-07,19:15,180,Acessório X,Acessório,Verde,GG,4,108.79,0.0,435.16,Dinheiro,Online,501.0,2
5271,2026-03-23,14:00,168,Camiseta Slim,Camiseta,Preta,GG,4,50.13,0.0,200.52,Cartão de Débito,Física,293.0,24
5272,2026-09-05,09:45,121,Acessório Básica,Acessório,Vermelha,GG,4,127.53,25.51,484.61,Cartão de Débito,Física,524.0,20
5273,2026-06-09,13:00,146,Calça Premium,Calça,Branca,GG,3,343.66,0.0,1030.98,Crediário,Física,513.0,16
5274,2026-09-14,11:15,145,Bermuda Casual,Bermuda,Azul,GG,2,159.63,47.89,271.37,Cartão de Crédito,Física,479.0,1
5275,2026-08-22,15:15,117,Vestido Premium,Vestido,Cinza,M,3,81.36,0.0,244.08,Cartão de Crédito,Física,446.0,17
5276,2026-07-26,17:30,94,Blusa X,Blusa,Azul,GG,1,310.47,46.57,263.9,Cartão de Débito,Física,451.0,6
5277,2026-05-30,16:00,56,Camiseta Social,Camiseta,Verde,M,3,252.29,75.69,681.18,Dinheiro,Física,579.0,24
5278,2026-03-31,21:15,19,Calça Casual,Calça,Rosa,P,1,165.92,16.59,149.33,Cartão de Crédito,Online,97.0,4
5279,2026-03-20,13:00,180,Acessório X,Acessório,Verde,GG,2,108.79,0.0,217.58,PIX,Física,178.0,24
5280,2026-05-26, 21:45,144,Blusa X,Blusa,Verde,G,2,297.99,0.0,595.98,Cartão de Débito,Física,445.0,9
5281,2026-03-16,18:30,33,Camiseta Esporte,Camiseta,Verde,G,2,238.32,71.5,405.14,Cartão de Crédito,Online,51.0,21
5282,2026-07-03,13:30,127,Bermuda X,Bermuda,Azul,M,4,269.31,0.0,1077.24,Cartão de Débito,Física,519.0,21
5283,2026-06-05,12:30,39,Blusa X,Blusa,Vermelha,P,1,80.38,0.0,80.38,Dinheiro,Online,485.0,3
5284,2026-04-27,14:30,95,Bermuda X,Bermuda,Cinza,G,3,275.07,0.0,825.21,Cartão de Débito,Física,426.0,12
5285,2026-08-12,16:45,75,Bermuda Premium,Bermuda,Cinza,G,1,129.65,19.45,"R$ 110,20",Crediário,Física,386.0,7
5286,2026-05-08,13:45,164,Blusa Premium,Blusa,Preta,G,3,175.34,0.0,526.02,Cartão de Crédito,Online,358.0,1
5287,2026-05-28,12:45,94,Blusa X,Blusa,Azul,GG,4,310.47,0.0,1241.88,PIX,Online,211.0,17
5288,2026-05-29, 14:30 ,172,Camiseta Premium,Camiseta,Rosa,G,2,289.13,0.0,578.26,PIX,Física,419.0,18
5289,2026-05-11,13:30,117,Vestido Premium,Vestido,Cinza,M,1,81.36,12.2,69.16,PIX,Física,149.0,20
5290,2026-03-19,18:00,91,Acessório Casual,Acessório,Rosa,M,3,274.86,123.69,700.89,Cartão de Crédito,Física,154.0,11
5291,2026-08-17,20:30,133,Jaqueta Social,Jaqueta,Branca,P,3,168.42,0.0,505.26,Cartão de Débito,Física,26.0,5
5292,2026-06-24,20:45,141,Bermuda Slim,Bermuda,Vermelha,GG,2,162.9,0.0,325.8,Dinheiro,Física,255.0,19
5293,2026-07-09,21:30,33,Camiseta Esporte,Camiseta,Verde,G,4,238.32,142.99,810.29,Cartão de Débito,Física,495.0,12
5294,2026-09-25,13:30,55,Vestido Premium,Vestido,Branca,M,3,126.12,0.0,378.36,Cartão de Débito,Física,325.0,23
5295,09-04-2026,17:15,32,Acessório Social,Acessório,Azul,G,3,324.96,0.0,974.88,PIX,Física,168.0,2
5296,2026-04-25,16:15,125,Vestido X,Vestido,Verde,M,1,114.2,0.0,114.2,Crediário,Online,25.0,13
5297,2026-08-26,18:15,93,Calça Slim,Calça,Azul,G,3,328.53,147.84,837.75,PIX,Física,115.0,16
5298,2026-05-01,16:15,53,Jaqueta Casual,Jaqueta,Branca,P,4,203.54,81.42,732.74,Crediário,Física,76.0,10
5299,2026-09-29,12:30,58,Blusa X,Blusa,Branca,P,4,215.52,0.0,862.08,Cartão de Crédito,Online,141.0,12
5300,2026-05-17,20:45,126,Calça Casual,Calça,Vermelha,G,3,275.71,0.0,827.13,CARTÃO DE CRÉDITO,Física,148.0,12
5301,2026-07-01,09:15,29,Blusa Básica,Blusa,Azul,P,2,287.6,57.52,517.68,PIX,Física,226.0,19
5302,2026-05-12,19:00,153,Bermuda Social,Bermuda,Cinza,G,2,75.2,22.56,"127,84",Crediário,Online,147.0,1
5303,2026-06-03, 21:30,115,Vestido Básica,Vestido,Vermelha,GG,2,108.11,10.81,205.41,PIX,Física,216.0,24
5304,2026-09-01, 20:45 ,124,Camiseta Social,Camiseta,Branca,M,2,31.01,9.3,52.72,Cartão de Débito,Online,75.0,17
5305,2026-05-26,21:30,55,Vestido Premium,Vestido,Branca,M,4,126.12,0.0,504.48,Dinheiro,Online,483.0,17
5306,2026-07-31,13:00,171,Blusa Casual,Blusa,Verde,M,2,139.15,41.74,236.56,Cartão de Débito,Online,561.0,23
5307,2026-03-27,21:00,143,Bermuda Casual,Bermuda,Rosa,G,3,113.47,0.0,340.41,Cartão de Débito,Online,427.0,6
5308,2026-05-20,17:00,163,Blusa Esporte,Blusa,Rosa,GG,2,291.86,0.0,583.72,Cartão de Crédito,Online,196.0,14
5309,2026-03-24,13:30,63,Bermuda Social,Bermuda,Azul,M,3,250.51,0.0,751.53,Cartão de Crédito,Online,47.0,21
5310,2026-08-10,14:45,161,Camiseta X,Camiseta,Branca,GG,3,168.83,0.0,506.49,Cartão de Crédito,Online,118.0,9
5311,2026-05-21,14:00,107,Bermuda Slim,Bermuda,Rosa,M,3,304.94,0.0,914.82,Cartão de Débito,Online,227.0,11
5312,2026-04-01,15:45,135,Bermuda Básica,Bermuda,Cinza,M,1,74.1,0.0,74.1,Cartão de Crédito,Física,592.0,4
5313,2026-09-03,19:15,129,Acessório X,Acessório,Branca,M,1,84.81,8.48,76.33,Cartão de Débito,Online,174.0,4
5314,2026-04-23,15:45,80,Camiseta Básica,Camiseta,Cinza,M,2,179.41,35.88,322.94,Cartão de Débito,Física,588.0,16
5315,2026-04-22,09:45,27,Camiseta Casual,Camiseta,Vermelha,P,2,287.37,28.74,546.0,Cartão de Débito,Física,161.0,12
5316,2026-09-12,14:45,27,Camiseta Casual,Camiseta,Vermelha,P,4,287.37,0.0,1149.48,PIX,Física,551.0,3
5317,2026-08-28,12:00,103,Acessório Esporte,Acessório,Verde,M,4,142.1,28.42,539.98,Cartão de Crédito,Online,81.0,2
5318,2026-04-08,14:15,179,Calça Social,Calça,Cinza,P,4,214.89,42.98,816.58,cartão de débito,Online,72.0,14
5319,2026-09-21,17:45,161,Camiseta X,Camiseta,Branca,GG,1,168.83,0.0,168.83,Cartão de Débito,Online,54.0,6
5320,2026-06-07,09:30,25,Calça Básica,Calça,Rosa,GG,1,346.73,17.34,329.39,Dinheiro,Física,113.0,3
5321,2026-03-30,15:00,31,Vestido Social,Vestido,Azul,GG,1,28.24,0.0,28.24,Cartão de Crédito,Online,225.0,6
5322,24/05/26,15:00,15,Bermuda Básica,Bermuda,Cinza,G,1,52.05,0.0,52.05,Cartão de Crédito,Online,74.0,11
5323,2026-06-17,15:30,21,Bermuda Social,Bermuda,Branca,GG,4,301.4,0.0,1205.6,Cartão de Crédito,Online,374.0,10
5324,2026-06-23,20:15,81,Calça Básica,Calça,Rosa,G,4,188.91,37.78,717.86,Cartão de Crédito,Online,113.0,25
5325,2026-06-23,13:30,92,Vestido Básica,Vestido,Cinza,G,3,146.37,65.87,373.24,Cartão de Crédito,Física,96.0,13
5326,2026-07-03,21:00,69,Camiseta Básica,Camiseta,Branca,M,1,71.3,0.0,71.3,PIX,Física,396.0,22
5327,2026-09-04,21:45,159,Calça Social,Calça,Verde,G,4,166.81,0.0,667.24,PIX,Online,139.0,13
5328,2026-09-19,13:15,59,Blusa Social,Blusa,Verde,M,4,202.64,121.58,688.98,Cartão de Débito,Online,183.0,6
5329,2026-03-19,10:30,75,Bermuda Premium,Bermuda,Cinza,G,2,129.65,0.0,259.3,Cartão de Débito,Física,136.0,11
5330,2026-09-27,10:15,174,Calça Slim,Calça,Cinza,M,3,34.1,15.34,86.96,PIX,Física,78.0,15
5331,2026-04-04,09:30,7,Acessório X,Acessório,Vermelha,GG,4,160.81,0.0,643.24,Cartão de Débito,Online,369.0,10
5332,2026-09-28,18:15,148,Vestido Slim,Vestido,Rosa,G,1,213.53,21.35,192.18,Cartão de Crédito,Física,148.0,21
5333,2026-08-17,14:15,71,Acessório Premium,Acessório,Rosa,GG,1,227.52,0.0,227.52,Cartão de Crédito,Física,239.0,2
5334,2026-07-24,20:15,67,Vestido Premium,Vestido,Preta,G,4,60.66,12.13,230.51,PIX,Física,,1
5335,2026-05-27,17:30,81,Calça Básica,Calça,Rosa,G,0,188.91,28.34,"R$ 160,57",Dinheiro,Física,276.0,7
5336,2026-04-25,16:30,180,Acessório X,Acessório,Verde,GG,4,108.79,65.27,369.89,Dinheiro,Física,493.0,3
5337,2026-04-27,19:15,22827,Acessório Premium,Acessório,Rosa,M,4,240.9,144.54,819.06,Cartão de Débito,Física,534.0,21
5338,2026-06-12,10:00,156,Calça Esporte,Calça,Cinza,P,3,179.11,26.87,510.46,Cartão de Crédito,Online,517.0,6
5339,2026-08-17,12:30,57,Calça Casual,Calça,Verde,GG,2,86.79,26.04,147.54,Cartão de Crédito,Física,42.0,7
5340,2026-08-22,17:15,9,Acessório X,Acessório,Preta,M,4,51.84,20.74,186.62,Cartão de Débito,Online,54.0,1
5341,2026-03-25,17:00,103,Acessório Esporte,Acessório,Verde,M,1,142.1,7.1,135.0,PIX,Online,377.0,4
5342,2026-09-01,13:00,172,Camiseta Premium,Camiseta,Rosa,G,2,289.13,86.74,491.52,PIX,Online,264.0,4
5343,2026-09-21,21:15,164,Blusa Premium,Blusa,Preta,G,1,175.34,0.0,175.34,Cartão de Crédito,Física,580.0,21
5344,2026-03-26,21:00,27453,Camiseta Casual,Camiseta,Cinza,P,2,273.14,81.94,464.34,PIX,Online,588.0,19
5345,2026-08-28,15:45,110,Bermuda Slim,Bermuda,Vermelha,G,2,158.66,0.0,317.32,Cartão de Débito,Online,236.0,13
5346,2026-08-27,15:45,146,Calça Premium,Calça,Branca,GG,3,343.66,154.65,876.33,Cartão de Débito,Física,241.0,11
5347,2026-05-15,20:15,40,Jaqueta Premium,Jaqueta,Branca,G,3,59.14,0.0,177.42,PIX,Física,267.0,15
5348,2026-09-15,19:15,57,Calça Casual,Calça,Verde,GG,3,86.79,0.0,260.37,Dinheiro,Física,483.0,3
5349,2026-08-23,19:30,57,Calça Casual,Calça,Verde,GG,3,86.79,0.0,260.37,Cartão de Crédito,Online,279.0,1
5350,2026-05-12,10:00,76,Jaqueta X,Jaqueta,Cinza,P,4,291.87,58.37,1109.11,Cartão de Crédito,Física,68.0,24
5351,2026-06-02,15:15,165,Calça Casual,Calça,Rosa,G,1,158.71,15.87,142.84,Cartão de Débito,Física,236.0,21
5352,2026-03-01,20:30,67,Vestido Premium,Vestido,Preta,G,1,60.66,0.0,60.66,Cartão de Crédito,Física,252.0,23
5353,2026-07-10,15:30,110,Bermuda Slim,Bermuda,Vermelha,G,2,158.66,0.0,317.32,PIX,Online,96.0,14
5354,2026-05-09,17:45,90,Jaqueta Social,Jaqueta,Rosa,M,1,340.94,17.05,323.89,Cartão de Débito,Online,124.0,14
5355,2026-05-04,16:00,16,Bermuda Esporte,Bermuda,Branca,M,3,242.53,0.0,"727,59",Cartão de Débito,Online,324.0,7
5356,07-04-2026, 15:15,90,Jaqueta Social,Jaqueta,Rosa,M,1,340.94,0.0,340.94,Cartão de Débito,Online,577.0,25
5357,2026-05-24,10:30,38,Acessório Esporte,Acessório,Rosa,P,4,113.5,45.4,408.6,Dinheiro,Online,438.0,12
5358,2026-05-25,15:15,68,Acessório Casual,Acessório,Branca,P,4,212.83,42.57,808.75,Cartão de Débito,Física,499.0,20
5359,2026-03-08,20:00,113,Jaqueta Premium,Jaqueta,Rosa,M,3,196.9,59.07,531.63,Cartão de Crédito,Online,280.0,2
5360,2026-05-16,13:00,46,Bermuda Social,Bermuda,Azul,P,4,46.54,0.0,186.16,Cartão de Débito,Física,108.0,23
5361,2026-08-22,17:30,65,Jaqueta Casual,Jaqueta,Branca,G,3,232.93,0.0,698.79,PIX,Online,585.0,1
5362,2026-03-15,14:30,85,Calça X,Calça,Cinza,G,1,287.08,14.35,272.73,cartao credito,Online,128.0,4
5363,2026-05-07,15:00,94,Blusa X,Blusa,Azul,GG,3,310.47,0.0,931.41,PIX,Online,439.0,7
5364,2026-09-21,18:45,5,Jaqueta Básica,Jaqueta,Preta,GG,4,235.61,0.0,942.44,PIX,Física,123.0,7
5365,2026-03-18,18:15,168,Camiseta Slim,Camiseta,Preta,GG,1,50.13,0.0,50.13,Cartão de Débito,Física,600.0,6
5366,2026-05-20,19:45,28,Bermuda Premium,Bermuda,Vermelha,GG,4,57.16,11.43,217.21,Cartão de Débito,Online,330.0,14
5367,2026-06-26,20:30,105,Calça Premium,Calça,Vermelha,GG,2,53.58,16.07,91.09,Cartão de Débito,Física,216.0,3
5368,2026-04-01,13:30,116,Blusa Premium,Blusa,Branca,G,1,68.25,6.82,61.43,Cartão de Crédito,Online,363.0,21
5369,2026-09-20,18:00,22,Bermuda Social,Bermuda,Vermelha,GG,2,213.75,21.38,406.12,Cartão de Crédito,Online,306.0,1
5370,2026-09-26,14:00,27,Camiseta Casual,Camiseta,Vermelha,P,4,287.37,0.0,1149.48,Cartão de Débito,Online,479.0,14
5371,2026-05-08,14:30,7600,Jaqueta Básica,Jaqueta,Preta,GG,3,235.61,0.0,706.83,Cartão de Crédito,Física,388.0,3
5372,2026-05-25,16:45,123,Camiseta Básica,Camiseta,Preta,P,3,195.44,29.32,557.0,Cartão de Crédito,Online,178.0,22
5373,2026-08-31,18:15,165,Calça Casual,Calça,Rosa,G,1,158.71,0.0,158.71,Cartão de Débito,Física,445.0,19
5374,2026-05-25,14:15,37,Acessório Premium,Acessório,Rosa,G,1,281.93,28.19,253.74,Cartão de Crédito,Online,332.0,10
5375,2026-03-19,11:15,45,Jaqueta Social,Jaqueta,Preta,P,3,105.9,15.89,301.81,PIX,Online,543.0,20
5376,2026-04-09,14:00,39,Blusa X,Blusa,Vermelha,P,2,80.38,0.0,160.76,Cartão de Crédito,Física,412.0,3
5377,2026-04-16,17:45,167,Jaqueta Slim,Jaqueta,Branca,G,1,219.14,0.0,219.14,cartão de crédito,Online,420.0,21
5378,2026-08-06,11:15,136,Bermuda Slim,Bermuda,Verde,P,2,232.34,23.23,441.45,Dinheiro,Online,209.0,1
5379,2026-07-20,09:00,172,Camiseta Premium,Camiseta,Rosa,G,2,289.13,0.0,578.26,PIX,Física,,14
5380,2026-05-26,15:45,24,Blusa Esporte,Blusa,Preta,M,1,315.76,47.36,268.4,Cartão de Crédito,Física,3.0,20
5381,2026-06-01,16:15,40,Jaqueta Premium,Jaqueta,Branca,G,1,59.14,2.96,56.18,Cartão de Crédito,Online,457.0,16
5382,08/09/26,17:00,36,Jaqueta X,Jaqueta,Rosa,GG,2,109.13,0.0,218.26,Cartão de Crédito,Online,455.0,4
5383,2026-04-16,21:45,168,Camiseta Slim,Camiseta,Preta,GG,3,50.13,0.0,150.39,PIX,Física,337.0,5
5384,2026-09-12, 16:45 ,99,Camiseta Slim,Camiseta,Rosa,G,4,178.5,0.0,714.0,Cartão de Crédito,Física,162.0,18
5385,2026-06-26,16:45,5,Jaqueta Básica,Jaqueta,Preta,GG,1,235.61,11.78,223.83,CARTÃO DE CRÉDITO,Online,490.0,24
5386,2026-08-12,17:15,58,Blusa X,Blusa,Branca,P,4,215.52,129.31,732.77,PIX,Física,204.0,14
5387,2026-04-29,21:00,27,Camiseta Casual,Camiseta,Vermelha,P,1,287.37,0.0,287.37,Cartão de Crédito,Física,427.0,20
5388,2026-05-21,17:45,53,Jaqueta Casual,Jaqueta,Branca,P,4,203.54,81.42,732.74,Dinheiro,Online,171.0,9
5389,2026-05-29,21:30,19,Calça Casual,Calça,Rosa,P,3,165.92,49.78,447.98,Dinheiro,Física,264.0,20
5390,2026-06-23,20:15,72,Camiseta Casual,Camiseta,Rosa,P,4,280.68,0.0,1122.72,PIX,Online,596.0,1
5391,2026-05-12,13:30,160,Vestido Básica,Vestido,Branca,G,3,38.68,5.8,110.24,Cartão de Débito,Física,162.0,8
5392,2026-09-20,20:45,79,Vestido Slim,Vestido,Verde,GG,2,29.96,0.0,59.92,Cartão de Débito,Física,67.0,14
5393,2026-08-10,19:30,110,Bermuda Slim,Bermuda,Vermelha,G,4,158.66,0.0,634.64,Cartão de Crédito,Física,102.0,6
5394,2026-09-06,11:00,144,Blusa X,Blusa,Verde,G,2,297.99,29.8,566.18,PIX,Física,80.0,5
5395,2026-09-07,17:30,156,Calça Esporte,Calça,Cinza,P,2,179.11,35.82,322.4,PIX,Física,442.0,11
5396,2026-08-14,16:45,101,Jaqueta Casual,Jaqueta,Verde,M,1,263.03,0.0,263.03,Cartão de Débito,Física,,1
5397,2026-05-13,14:00,3,Vestido Esporte,Vestido,Azul,GG,3,51.13,7.67,145.72,Cartão de Débito,Online,458.0,20
5398,2026-05-13,16:00,176,Vestido Esporte,Vestido,Vermelha,M,3,227.13,102.21,"579,18",Cartão de Débito,Online,547.0,19
5399,2026-07-31,14:15,71,Acessório Premium,Acessório,Rosa,GG,1,227.52,0.0,227.52,PIX,Física,128.0,25
5400,2026-03-10,20:45,71,Acessório Premium,Acessório,Rosa,GG,4,227.52,0.0,910.08,Dinheiro,Física,169.0,7
5401,2026-08-03,19:00,54,Bermuda Social,Bermuda,Cinza,G,3,115.21,17.28,328.35,Cartão de Crédito,Online,385.0,7
5402,2026-05-11,18:15,131,Jaqueta X,Jaqueta,Azul,P,3,192.39,0.0,577.17,Dinheiro,Física,300.0,1
5403,2026-08-22,09:00,20,Blusa Básica,Blusa,Branca,M,3,212.5,0.0,637.5,PIX,Online,170.0,12
5404,2026-06-24,09:00,91,Acessório Casual,Acessório,Rosa,M,4,274.86,109.94,989.5,PIX,Online,119.0,11
5405,2026-08-31,13:00,55,Vestido Premium,Vestido,Branca,M,4,126.12,25.22,479.26,PIX,Física,226.0,11
5406,2026-09-01,11:30,50,Blusa Básica,Blusa,Azul,G,1,124.43,6.22,118.21,Crediário,Online,152.0,24
5407,2026-06-10,10:15,144,Blusa X,Blusa,Verde,G,4,297.99,59.6,1132.36,PIX,Física,107.0,12
5408,2026-05-15, 14:00 ,19,Calça Casual,Calça,Rosa,P,3,165.92,0.0,497.76,Cartão de Crédito,Online,362.0,25
5409,2026-08-21,16:00,86,Blusa Social,Blusa,Azul,P,2,56.25,0.0,112.5,Cartão de Crédito,Online,207.0,2
5410,2026-09-21,18:45,163,Blusa Esporte,Blusa,Rosa,GG,3,291.86,131.34,744.24,PIX,Online,263.0,8
5411,2026-05-11,11:15,80,Camiseta Básica,Camiseta,Cinza,M,4,179.41,71.76,645.88,PIX,Física,395.0,15
5412,2026-08-16,16:45,10,Camiseta Social,Camiseta,Azul,G,4,281.48,0.0,1125.92,Cartão de Débito,Física,389.0,23
5413,2026-04-10,19:45,69,Camiseta Básica,Camiseta,Branca,M,2,71.3,0.0,142.6,Dinheiro,Online,31.0,16
5414,2026-03-16,17:30,122,Calça Social,Calça,Azul,M,4,77.6,31.04,279.36,PIX,Online,543.0,7
5415,2026-04-04,14:00,30,Vestido Esporte,Vestido,Vermelha,G,3,244.92,0.0,"734,76",Cartão de Débito,Online,285.0,10
5416,2026-07-15,20:45,102,Vestido Premium,Vestido,Vermelha,GG,4,250.72,50.14,952.74,PIX,Física,567.0,21
5417,2026-08-14,21:30,94,Blusa X,Blusa,Azul,GG,2,310.47,31.05,589.89,Cartão de Débito,Física,492.0,11
5418,2026-04-08,14:30,80,Camiseta Básica,Camiseta,Cinza,M,4,179.41,0.0,717.64,Cartão de Débito,Online,330.0,19
5419,2026-09-22,10:30,22,Bermuda Social,Bermuda,Vermelha,GG,3,213.75,32.06,609.19,Cartão de Crédito,Física,555.0,14
5420,2026-03-19,15:15,180,Acessório X,Acessório,Verde,GG,2,108.79,0.0,217.58,Cartão de Débito,Física,425.0,14
5421,2026-03-14,14:45,161,Camiseta X,Camiseta,Branca,GG,3,168.83,0.0,506.49,Cartão de Débito,Online,590.0,4
5422,2026-07-01,12:15,99,Camiseta Slim,Camiseta,Rosa,G,1,178.5,8.93,169.57,Cartão de Crédito,Online,412.0,3
5423,2026-04-03,20:45,86,Blusa Social,Blusa,Azul,P,1,56.25,5.62,50.63,PIX,Física,481.0,2
5424,2026-09-02,14:30,64,Blusa Slim,Blusa,Cinza,G,2,307.95,0.0,615.9,Cartão de Débito,Online,574.0,11
5425,2026-05-18,17:45,139,Jaqueta X,Jaqueta,Preta,M,2,172.53,0.0,345.06,Cartão de Crédito,Física,103.0,15
5426,2026-04-24,20:30,53,Jaqueta Casual,Jaqueta,Branca,P,2,203.54,40.71,366.37,Cartão de Crédito,Online,588.0,20
5427,2026-05-28,18:15,127,Bermuda X,Bermuda,Azul,M,4,269.31,0.0,1077.24,PIX,Online,473.0,13
5428,2026-07-22,09:45,122,Calça Social,Calça,Azul,M,2,77.6,15.52,139.68,Cartão de Débito,Física,254.0,21
5429,2026-09-27,16:30,7,Acessório X,Acessório,Vermelha,GG,3,160.81,0.0,482.43,Cartão de Débito,Física,,21
5430,2026-05-30,18:45,74,Bermuda Esporte,Bermuda,Branca,M,4,290.34,58.07,1103.29,PIX,Online,154.0,6
5431,2026-03-05,12:15,28,Bermuda Premium,Bermuda,Vermelha,GG,3,57.16,17.15,154.33,Cartão de Crédito,Física,15.0,14
5432,2026-04-01,18:00,161,Camiseta X,Camiseta,Branca,GG,2,168.83,16.88,320.78,Dinheiro,Online,210.0,14
5433,2026-06-16,13:45,15,Bermuda Básica,Bermuda,Cinza,G,2,52.05,0.0,104.1,PIX,Online,49.0,20
5434,2026-06-16,14:30,31,Vestido Social,Vestido,Azul,GG,4,28.24,16.94,96.02,PIX,Física,,19
5435,2026-08-14,18:00,98,Acessório Básica,Acessório,Branca,G,1,254.79,38.22,216.57,Cartão de Crédito,Física,240.0,12
5436,2026-07-02,18:45,19,Calça Casual,Calça,Rosa,P,4,165.92,0.0,663.68,PIX,Física,419.0,2
5437,2026-09-29,12:45,157,Bermuda Básica,Bermuda,Azul,P,3,35.03,10.51,94.58,Cartão de Crédito,Física,507.0,19
5438,2026-04-27,20:00,24,Blusa Esporte,Blusa,Preta,M,1,315.76,0.0,315.76,Cartão de Débito,Física,168.0,10
5439,2026-04-12,10:30,91,Acessório Casual,Acessório,Rosa,M,1,274.86,0.0,274.86,PIX,Física,129.0,1
5440,2026-03-13,19:00,73,Calça X,Calça,Azul,M,4,313.28,0.0,1253.12,Cartão de Débito,Física,101.0,13
5441,2026-09-03,13:30,7,Acessório X,Acessório,Vermelha,GG,1,160.81,24.12,136.69,Dinheiro,Online,268.0,6
5442,2026-06-05,09:15,78,Acessório Básica,Acessório,Cinza,GG,3,138.63,41.59,374.3,Cartão de Débito,Online,206.0,7
5443,2026-08-02,17:45,83,Bermuda Básica,Bermuda,Cinza,M,2,344.51,34.45,654.57,PIX,Online,,7
5444,2026-05-29,16:15,60,Blusa Premium,Blusa,Azul,GG,4,177.54,35.51,674.65,Cartão de Crédito,Online,216.0,24
5445,2026-07-22,12:15,34048,Bermuda Social,Bermuda,Cinza,G,3,115.21,0.0,345.63,Cartão de Débito,Online,577.0,10
5446,2026-09-01,19:15,4,Acessório Básica,Acessório,Vermelha,G,2,81.82,16.36,147.28,Cartão de Débito,Física,211.0,22
5447,2026-03-09,13:15,64,Blusa Slim,Blusa,Cinza,G,4,307.95,0.0,1231.8,Dinheiro,Física,482.0,3
5448,2026-03-05,11:00,100,Calça Social,Calça,Preta,M,1,133.29,13.33,119.96,PIX,Física,446.0,20
5449,2026-09-05,14:00,40,Jaqueta Premium,Jaqueta,Branca,G,3,59.14,0.0,177.42,PIX,Física,3.0,19
5450,2026-07-25,15:00,54,Bermuda Social,Bermuda,Cinza,G,1,115.21,11.52,103.69,PIX,Física,205.0,19
5451,2026-06-09,20:30,51,Blusa Premium,Blusa,Branca,P,2,122.21,0.0,244.42,PIX,Física,491.0,20
5452,2026-04-07,13:30,20,Blusa Básica,Blusa,Branca,M,1,212.5,0.0,212.5,Dinheiro,Online,215.0,1
5453,2026-04-02,14:15,70,Vestido Slim,Vestido,Verde,G,4,304.38,121.75,1095.77,Cartão de Débito,Física,232.0,20
5454,2026-06-23,10:30,139,Jaqueta X,Jaqueta,Preta,M,2,172.53,51.76,293.3,Cartão de Débito,Física,19.0,5
5455,2026-03-02,19:15,173,Camiseta Esporte,Camiseta,Preta,P,3,183.66,0.0,550.98,Cartão de Débito,Física,,18
5456,2026-05-20,09:45,94,Blusa X,Blusa,Azul,GG,1,310.47,0.0,310.47,Cartão de Débito,Online,483.0,25
5457,2026-09-08, 20:00 ,145,Bermuda Casual,Bermuda,Azul,GG,1,159.63,23.94,135.69,Cartão de Débito,Física,69.0,11
5458,2026-08-20,14:15,4,Acessório Básica,Acessório,Vermelha,G,1,81.82,0.0,81.82,Crediário,Física,105.0,17
5459,2026-09-27,15:15,57,Calça Casual,Calça,Verde,GG,3,86.79,0.0,260.37,Cartão de Crédito,Online,279.0,23
5460,2026-09-16,19:00,104,Acessório Premium,Acessório,Rosa,M,2,240.9,0.0,481.8,PIX,Online,205.0,23
5461,2026-09-20,19:15,32,Acessório Social,Acessório,Azul,G,4,324.96,0.0,1299.84,Cartão De Crédito,Online,151.0,20
5462,2026-04-13,17:45,50,Blusa Básica,Blusa,Azul,G,1,124.43,6.22,118.21,Cartão de Crédito,Online,124.0,11
5463,2026-06-17,16:45,166,Blusa Casual,Blusa,Cinza,P,1,25.41,3.81,21.6,Dinheiro,Física,558.0,24
5464,2026-06-27,18:00,176,Vestido Esporte,Vestido,Vermelha,M,1,227.13,11.36,215.77,PIX,Online,541.0,12
5465,2026-08-17,18:45,123,Camiseta Básica,Camiseta,Preta,P,4,195.44,78.18,703.58,PIX,Online,295.0,6
5466,2026-03-10,10:45,172,Camiseta Premium,Camiseta,Rosa,G,1,289.13,0.0,289.13,Cartão de Débito,Física,258.0,7
5467,2026-03-18,11:00,52,Vestido Básica,Vestido,Vermelha,G,3,334.95,100.48,904.37,Dinheiro,Online,263.0,2
5468,2026-05-24,15:00,55,Vestido Premium,Vestido,Branca,M,2,126.12,0.0,252.24,PIX,Online,,2
5469,2026-09-28,16:30,55,Vestido Premium,Vestido,Branca,M,2,126.12,0.0,252.24,Dinheiro,Física,596.0,25
5470,04/04/26,19:30,94,Blusa X,Blusa,Azul,GG,2,310.47,93.14,527.8,Crediário,Física,397.0,12
5471,2026-09-27,11:15,89,Acessório Premium,Acessório,Vermelha,GG,1,62.97,6.3,56.67,Cartão de Débito,Física,67.0,16
5472,2026-06-27,14:45,49,Calça Esporte,Calça,Preta,P,1,264.21,0.0,264.21,Cartão de Crédito,Física,150.0,8
5473,2026-04-11,09:15,178,Blusa Slim,Blusa,Rosa,G,2,281.67,0.0,563.34,Cartão de Crédito,Física,371.0,14
5474,2026-03-23,17:45,33,Camiseta Esporte,Camiseta,Verde,G,4,238.32,95.33,857.95,Cartão de Crédito,Online,20.0,13
5475,2026-03-16,19:00,57,Calça Casual,Calça,Verde,GG,2,86.79,0.0,173.58,PIX,Física,174.0,10
5476,16-08-2026,21:00,4,Acessório Básica,Acessório,Vermelha,G,2,81.82,8.18,155.46,Dinheiro,Online,55.0,16
5477,2026-08-25,21:30,98,Acessório Básica,Acessório,Branca,G,3,254.79,0.0,764.37,Crediário,Física,108.0,19
5478,2026-04-04,11:45,25,Calça Básica,Calça,Rosa,GG,1,346.73,34.67,312.06,PIX,Online,112.0,18
5479,2026-07-30,18:45  ,34,Blusa Casual,Blusa,Preta,GG,2,206.43,61.93,350.93,PIX,Online,191.0,14
5480,2026-06-14,19:00,67,Vestido Premium,Vestido,Preta,G,-1,60.66,6.07,54.59,Dinheiro,Online,299.0,24
5481,2026-06-14,19:45,125,Vestido X,Vestido,Verde,M,3,114.2,17.13,325.47,Dinheiro,Física,389.0,23
5482,2026-05-23,16:30,22,Bermuda Social,Bermuda,Vermelha,GG,4,213.75,0.0,"R$ 855,00",PIX,Física,254.0,5
5483,2026-05-23,09:45,165,Calça Casual,Calça,Rosa,G,3,158.71,0.0,476.13,Dinheiro,Online,442.0,25
5484,2026-03-15,10:45,118,Bermuda Premium,Bermuda,Verde,G,3,289.27,0.0,867.81,Cartão de Débito,Online,223.0,9
5485,2026-08-26,17:00,28,Bermuda Premium,Bermuda,Vermelha,GG,2,57.16,5.72,108.6,Dinheiro,Online,241.0,20
5486,2026-06-12,18:00,32,Acessório Social,Acessório,Azul,G,4,324.96,129.98,"R$ 1.169,86",Crediário,Online,478.0,3
5487,2026-05-03,21:30,159,Calça Social,Calça,Verde,G,4,166.81,0.0,667.24,Cartão de Débito,Online,17.0,6
5488,2026-06-13,18:15,123,Camiseta Básica,Camiseta,Preta,P,1,195.44,29.32,166.12,Cartão de Débito,Física,429.0,4
5489,2026-09-14,12:45,132,Acessório Esporte,Acessório,Rosa,P,1,45.67,0.0,45.67,PIX,Online,115.0,4
5490,10/08/26,21:30,4,Acessório Básica,Acessório,Vermelha,G,4,81.82,49.09,278.19,Cartão de Crédito,Online,539.0,16
5491,2026-05-22,14:15,44,Acessório Esporte,Acessório,Preta,M,4,211.07,0.0,844.28,Cartão de Crédito,Física,474.0,19
5492,2026-09-28,09:45,61,Blusa Social,Blusa,Preta,P,4,336.13,0.0,1344.52,Cartão de Débito,Online,205.0,17
5493,2026-05-30,20:45,156,Calça Esporte,Calça,Cinza,P,4,179.11,0.0,716.44,Cartão de Crédito,Online,32.0,20
5494,2026-07-23,20:30,105,Calça Premium,Calça,Vermelha,GG,3,53.58,0.0,160.74,Dinheiro,Física,99.0,4
5495,2026-09-10,11:15,79,Vestido Slim,Vestido,Verde,GG,3,29.96,0.0,"R$ 89,88",Crediário,Física,294.0,22
5496,2026-06-30,11:30,138,Jaqueta Social,Jaqueta,Branca,P,4,257.25,0.0,1029.0,Cartão de Débito,Física,125.0,10
5497,2026-08-15,18:45,116,Blusa Premium,Blusa,Branca,G,1,68.25,3.41,64.84,Cartão de Crédito,Online,466.0,9
5498,2026-03-02,18:30,117,Vestido Premium,Vestido,Cinza,M,4,81.36,0.0,"R$ 325,44",Dinheiro,Física,375.0,18
5499,2026-06-30,18:45,44,Acessório Esporte,Acessório,Preta,M,3,211.07,0.0,633.21,Cartão de Crédito,Online,165.0,25
5500,2026-06-06,12:15,141,Bermuda Slim,Bermuda,Vermelha,GG,1,162.9,0.0,162.9,Dinheiro,Online,210.0,15
5501,2026-07-01,21:30,77,Blusa Básica,Blusa,Preta,M,3,29.9,4.48,85.22,cartão de crédito,Online,344.0,10
5502,26/09/2026,18:00,47,Blusa Esporte,Blusa,Vermelha,M,1,85.46,0.0,85.46,PIX,Física,8.0,13
5503,2026-05-11,19:15,4,Acessório Básica,Acessório,Vermelha,G,4,81.82,0.0,327.28,Cartão de Débito,Física,229.0,10
5504,2026-08-30,18:45,36,Jaqueta X,Jaqueta,Rosa,GG,1,109.13,0.0,"R$ 109,13",Crediário,Online,160.0,9
5505,2026-05-31,12:30,41,Vestido X,Vestido,Verde,M,2,38.61,0.0,77.22,Cartão de Débito,Física,490.0,11
5506,2026-07-30,09:15,46,Bermuda Social,Bermuda,Azul,P,2,46.54,13.96,79.12,PIX,Online,106.0,20
5507,2026-08-10,13:00,84,Blusa X,Blusa,Branca,M,3,91.15,27.35,246.1,Cartão de Débito,Online,8.0,13
5508,2026-06-15,11:00,38,Acessório Esporte,Acessório,Rosa,P,1,113.5,0.0,113.5,Crediário,Física,115.0,6
5509,2026-07-17,21:45  ,45,Jaqueta Social,Jaqueta,Preta,P,2,105.9,21.18,190.62,Cartão de Crédito,Online,230.0,8
5510,2026-06-12,21:30,59,Blusa Social,Blusa,Verde,M,3,202.64,0.0,607.92,Cartão de Crédito,Física,351.0,23
5511,2026-03-13,11:00,16,Bermuda Esporte,Bermuda,Branca,M,3,242.53,0.0,727.59,Dinheiro,Física,378.0,16
5512,2026-09-13,13:00,108,Jaqueta X,Jaqueta,Azul,G,3,84.3,0.0,252.9,PIX,Online,477.0,12
5513,2026-03-05,13:00,114,Camiseta Social,Camiseta,Verde,GG,2,330.12,99.04,561.2,Dinheiro,Física,321.0,4
5514,2026-07-11,10:45,155,Blusa X,Blusa,Rosa,GG,2,229.95,0.0,459.9,Cartão de Crédito,Online,147.0,12
5515,2026-08-22,11:00,76,Jaqueta X,Jaqueta,Cinza,P,4,291.87,0.0,1167.48,Cartão de Débito,Online,517.0,4
5516,2026-05-14,10:15,64,Blusa Slim,Blusa,Cinza,G,4,307.95,0.0,1231.8,Cartão de Crédito,Online,299.0,19
5517,2026-09-17,14:30,121,Acessório Básica,Acessório,Vermelha,GG,3,127.53,57.39,325.2,Cartão de Débito,Online,121.0,19
5518,2026-05-08,19:30,114,Camiseta Social,Camiseta,Verde,GG,2,330.12,0.0,660.24,Cartão de Débito,Online,487.0,9
5519,2026-03-02,19:00,105,Calça Premium,Calça,Vermelha,GG,4,53.58,21.43,192.89,Cartão de Crédito,Física,202.0,22
5520,2026-06-14,11:30,136,Bermuda Slim,Bermuda,Verde,P,2,232.34,46.47,418.21,Dinheiro,Online,141.0,4
5521,2026-09-04,13:30,153,Bermuda Social,Bermuda,Cinza,G,1,75.2,7.52,67.68,PIX,Física,88.0,14
5522,2026-07-11,11:15,25,Calça Básica,Calça,Rosa,GG,3,346.73,52.01,988.18,Crediário,Online,102.0,22
5523,2026-03-30,09:45,136,Bermuda Slim,Bermuda,Verde,P,4,232.34,0.0,929.36,PIX,Online,215.0,22
5524,2026-06-03,10:15,170,Bermuda Premium,Bermuda,Vermelha,GG,3,234.75,35.21,669.04,Dinheiro,Online,591.0,23
5525,2026-09-21,15:00,36266,Camiseta Básica,Camiseta,Rosa,G,3,304.19,91.26,821.31,Dinheiro,Física,377.0,17
5526,2026-05-14,15:30,98,Acessório Básica,Acessório,Branca,G,4,254.79,152.87,866.29,Cartão de Débito,Física,377.0,11
5527,2026-06-13,19:15,110,Bermuda Slim,Bermuda,Vermelha,G,4,158.66,0.0,634.64,PIX,Online,406.0,1
5528,2026-04-13,19:45,52,Vestido Básica,Vestido,Vermelha,G,3,334.95,50.24,954.61,Cartão de Débito,Online,187.0,21
5529,2026-04-08,21:45,134,Bermuda Básica,Bermuda,Rosa,GG,1,59.5,0.0,59.5,Dinheiro,Online,297.0,24
5530,2026-07-07,20:15,65,Jaqueta Casual,Jaqueta,Branca,G,4,232.93,0.0,931.72,Cartão de Crédito,Online,,19
5531,2026-07-26,19:30,62,Jaqueta Social,Jaqueta,Rosa,M,3,66.35,19.9,179.15,Cartão de Débito,Física,465.0,4
5532,2026-09-18,19:30,15,Bermuda Básica,Bermuda,Cinza,G,3,52.05,15.61,140.54,Dinheiro,Física,389.0,9
5533,2026-06-06,11:45,110,Bermuda Slim,Bermuda,Vermelha,G,2,158.66,0.0,317.32,Cartão de Débito,Online,498.0,3
5534,2026-04-23,14:45,134,Bermuda Básica,Bermuda,Rosa,GG,3,59.5,0.0,178.5,Cartão de Débito,Física,414.0,7
5535,2026-04-10,18:15,134,Bermuda Básica,Bermuda,Rosa,GG,3,59.5,26.78,151.72,PIX,Online,58.0,16
5536,2026-04-03,16:15,168,Camiseta Slim,Camiseta,Preta,GG,3,50.13,0.0,150.39,PIX,Online,281.0,9
5537,20-06-2026,20:45,26,Jaqueta Esporte,Jaqueta,Verde,P,4,204.58,0.0,818.32,Cartão de Débito,Online,547.0,9
5538,2026-07-09,21:45,65,Jaqueta Casual,Jaqueta,Branca,G,2,232.93,23.29,442.57,Cartão de Crédito,Online,7.0,8
5539,2026-09-22,16:15,160,Vestido Básica,Vestido,Branca,G,2,38.68,11.6,65.76,PIX,Física,359.0,13
5540,2026-08-24,15:15,78,Acessório Básica,Acessório,Cinza,GG,2,138.63,27.73,249.53,PIX,Online,153.0,11
5541,2026-03-08,18:00,59,Blusa Social,Blusa,Verde,M,1,202.64,20.26,182.38,PIX,Física,505.0,9
5542,2026-04-14,12:30,112,Bermuda Premium,Bermuda,Rosa,GG,3,93.18,27.95,251.59,PIX,Online,410.0,24
5543,2026-04-05,15:15,138,Jaqueta Social,Jaqueta,Branca,P,2,257.25,51.45,463.05,Cartão de Débito,Online,595.0,19
5544,2026-03-21,20:00,155,Blusa X,Blusa,Rosa,GG,2,229.95,68.98,390.92,pix,Física,121.0,23
5545,2026-06-05,11:45,102,Vestido Premium,Vestido,Vermelha,GG,3,250.72,75.22,676.94,Cartão de Débito,Física,201.0,15
5546,2026-06-26,15:30,170,Bermuda Premium,Bermuda,Vermelha,GG,3,234.75,0.0,704.25,Cartão de Crédito,Física,511.0,16
5547,09-08-2026,14:45,150,Camiseta Casual,Camiseta,Cinza,GG,2,216.84,0.0,433.68,Cartão de Crédito,Física,359.0,6
5548,2026-04-02,12:30,135,Bermuda Básica,Bermuda,Cinza,M,2,74.1,0.0,148.2,PIX,Online,86.0,14
5549,2026-08-15,17:15,117,Vestido Premium,Vestido,Cinza,M,2,81.36,0.0,162.72,PIX,Online,307.0,16
5550,2026-09-09,21:30,19,Calça Casual,Calça,Rosa,P,2,165.92,0.0,331.84,Cartão de Débito,Online,251.0,14
5551,2026-05-18,21:15,47,Blusa Esporte,Blusa,Vermelha,M,3,85.46,0.0,256.38,Crediário,Física,144.0,23
5552,2026-05-16,17:30,26,Jaqueta Esporte,Jaqueta,Verde,P,1,204.58,254.28050933637653,184.12,Cartão de Crédito,Física,529.0,7
5553,2026-06-06,16:15,131,Jaqueta X,Jaqueta,Azul,P,4,192.39,0.0,769.56,PIX,Física,19000.0,15
5554,2026-08-13,12:00,164,Blusa Premium,Blusa,Preta,G,4,175.34,0.0,701.36,Cartão de Crédito,Física,240.0,7
5555,2026-08-04,10:45,124,Camiseta Social,Camiseta,Branca,M,1,31.01,1.55,29.46,Crediário,Online,246.0,3
5556,2026-07-29,21:30,163,Blusa Esporte,Blusa,Rosa,GG,4,291.86,175.12,992.32,Dinheiro,Física,168.0,23
5557,2026-07-29,14:15,116,Blusa Premium,Blusa,Branca,G,2,68.25,0.0,"R$ 136,50",Dinheiro,Física,274.0,4
5558,2026-03-20,10:00,120,Camiseta Básica,Camiseta,Rosa,G,1,304.19,15.21,288.98,Cartão de Crédito,Física,525.0,13
5559,2026-04-11,09:30,157,Bermuda Básica,Bermuda,Azul,P,3,35.03,0.0,105.09,Cartão de Débito,Online,246.0,9
5560,2026-03-24,10:30,85,Calça X,Calça,Cinza,G,1,287.08,0.0,287.08,PIX,Online,,24
5561,2026-03-04,18:30,21,Bermuda Social,Bermuda,Branca,GG,4,301.4,180.84,1024.76,Cartão de Débito,Física,,22
5562,2026-09-18,15:00,180,Acessório X,Acessório,Verde,GG,1,108.79,0.0,108.79,Crediário,Física,270.0,4
5563,2026-03-19,16:15,61520,Acessório Básica,Acessório,Azul,M,3,242.78,0.0,728.34,Cartão de Crédito,Online,443.0,2
5564,2026-09-25,20:00,120,Camiseta Básica,Camiseta,Rosa,G,4,304.19,0.0,1216.76,Cartão de Débito,Física,541.0,9
5565,2026-07-26,16:30,118,Bermuda Premium,Bermuda,Verde,G,1,289.27,14.46,274.81,Dinheiro,Física,397.0,21
5566,2026-06-06,21:15,8,Bermuda Básica,Bermuda,Rosa,P,1,301.95,45.29,256.66,PIX,Online,216.0,2
5567,2026-06-24,21:00,151,Vestido Social,Vestido,Cinza,P,1,305.13,15.26,289.87,Dinheiro,Física,31.0,19
5568,2026-05-17,12:45,154,Bermuda Básica,Bermuda,Branca,P,3,240.69,0.0,722.07,PIX,Online,463.0,4
5569,2026-04-28,11:00,69,Camiseta Básica,Camiseta,Branca,M,2,71.3,7.13,135.47,Crediário,Online,562.0,2
5570,2026-06-28,10:45,84,Blusa X,Blusa,Branca,M,2,91.15,0.0,182.3,PIX,Física,386.0,8
5571,2026-08-13,20:00,31,Vestido Social,Vestido,Azul,GG,3,28.24,0.0,84.72,Dinheiro,Online,274.0,8
5572,2026-08-14,21:00,66,Vestido Básica,Vestido,Preta,GG,1,195.93,9.8,186.13,Cartão de Crédito,Física,224.0,20
5573,2026-09-08,13:15,124,Camiseta Social,Camiseta,Branca,M,4,31.01,6.2,117.84,Cartão de Débito,Online,244.0,18
5574,2026-05-03,18:45,54,Bermuda Social,Bermuda,Cinza,G,3,115.21,51.84,"293,79",Crediário,Física,358.0,10
5575,2026-08-31,16:15,156,Calça Esporte,Calça,Cinza,P,4,179.11,0.0,716.44,Cartão de Crédito,Online,146.0,21
5576,2026-07-05,17:00,87,Camiseta Casual,Camiseta,Cinza,P,3,273.14,0.0,819.42,Crediário,Física,419.0,24
5577,2026-07-20,10:00,106,Blusa Premium,Blusa,Azul,P,3,204.85,0.0,614.55,Cartão de Crédito,Física,1.0,15
5578,2026-08-07,13:30,11,Calça Básica,Calça,Verde,G,2,112.35,0.0,224.7,Cartão de Crédito,Física,272.0,15
5579,2026-07-22,18:15,13,Blusa Básica,Blusa,Verde,G,4,276.45,0.0,1105.8,Cartão de Crédito,Física,394.0,1
5580,2026-06-19,11:30,92,Vestido Básica,Vestido,Cinza,G,2,146.37,29.27,263.47,Cartão de Débito,Online,59.0,10
5581,2026-07-19,13:45,180,Acessório X,Acessório,Verde,GG,4,108.79,0.0,435.16,Crediário,Online,257.0,14
5582,2026-03-20,15:00,30,Vestido Esporte,Vestido,Vermelha,G,1,244.92,12.25,232.67,Cartão de Crédito,Física,349.0,15
5583,2026-08-15,17:00,113,Jaqueta Premium,Jaqueta,Rosa,M,2,196.9,0.0,393.8,Cartão de Crédito,Online,,20
5584,2026-08-14,14:30,154,Bermuda Básica,Bermuda,Branca,P,2,240.69,48.14,433.24,Crediário,Física,105.0,2
5585,2026-07-08,16:00,164,Blusa Premium,Blusa,Preta,G,2,175.34,0.0,350.68,Cartão de Débito,Física,409.0,17
5586,2026-05-31,15:30,147,Calça Premium,Calça,Preta,P,4,176.07,0.0,704.28,cartão de crédito,Online,187.0,20
5587,2026-05-21,13:00,5,Jaqueta Básica,Jaqueta,Preta,GG,3,235.61,70.68,636.15,Cartão de Débito,Física,209.0,14
5588,2026-08-09,21:00,62,Jaqueta Social,Jaqueta,Rosa,M,1,66.35,3.32,63.03,Cartão de Débito,Online,514.0,7
5589,2026-08-26,11:00,127,Bermuda X,Bermuda,Azul,M,3,269.31,121.19,686.74,PIX,Física,214.0,21
5590,2026-03-23,21:30,10,Camiseta Social,Camiseta,Azul,G,2,281.48,56.3,506.66,Cartão de Débito,Física,12.0,19
5591,2026-08-04, 18:30 ,147,Calça Premium,Calça,Preta,P,4,176.07,0.0,704.28,Dinheiro,Física,80.0,8
5592,2026-03-05,11:00,34,Blusa Casual,Blusa,Preta,GG,3,206.43,30.96,588.33,Cartão de Crédito,Online,247.0,10
5593,2026-05-22,13:30,121,Acessório Básica,Acessório,Vermelha,GG,4,127.53,76.52,433.6,PIX,Online,99.0,21
5594,2026-06-03,10:15,99,Camiseta Slim,Camiseta,Rosa,G,2,178.5,53.55,303.45,cartão de crédito,Física,583.0,8
5595,2026-08-05, 17:30,30,Vestido Esporte,Vestido,Vermelha,G,3,244.92,73.48,661.28,Dinheiro,Física,185.0,3
5596,2026-08-02,12:15,66,Vestido Básica,Vestido,Preta,GG,2,195.93,39.19,352.67,Dinheiro,Física,403.0,18
5597,2026-09-29,21:45,164,Blusa Premium,Blusa,Preta,G,3,175.34,0.0,526.02,Cartão de Débito,Física,552.0,9
5598,2026-08-03,19:45,89,Acessório Premium,Acessório,Vermelha,GG,2,62.97,0.0,125.94,Dinheiro,Online,191.0,8
5599,2026-05-09,15:45,14,Bermuda Esporte,Bermuda,Verde,GG,1,113.16,0.0,113.16,Cartão de Débito,Física,125.0,11
5600,2026-08-18,11:15,148,Vestido Slim,Vestido,Rosa,G,1,213.53,10.68,202.85,Cartão de Débito,Online,538.0,24
5601,2026-09-04,11:45,126,Calça Casual,Calça,Vermelha,G,2,275.71,55.14,496.28,Cartão De Débito,Física,475.0,20
5602,2026-06-18,09:45,128,Acessório X,Acessório,Verde,G,4,38.26,7.65,145.39,Cartão de Débito,Online,506.0,7
5603,2026-09-09,18:00,6,Acessório Casual,Acessório,Rosa,GG,3,309.17,92.75,834.76,PIX,Online,409.0,12
5604,2026-04-17,15:00,90,Jaqueta Social,Jaqueta,Rosa,M,4,340.94,0.0,1363.76,Pix,Física,47.0,14
5605,2026-04-28,12:45,163,Blusa Esporte,Blusa,Rosa,GG,3,291.86,87.56,788.02,PIX,Física,146.0,15
5606,2026-06-28,13:30,34,Blusa Casual,Blusa,Preta,GG,3,206.43,61.93,557.36,Cartão de Crédito,Física,,17
5607,2026-04-08,19:15,89,Acessório Premium,Acessório,Vermelha,GG,2,62.97,0.0,125.94,Dinheiro,Física,215.0,15
5608,2026-06-12,17:00,2,Calça Casual,Calça,Verde,M,3,308.53,138.84,786.75,Cartão de Débito,Física,393.0,5
5609,2026-09-16,19:00,84,Blusa X,Blusa,Branca,M,2,91.15,27.35,154.95,Dinheiro,Física,14.0,19
5610,19-06-2026,16:15,85,Calça X,Calça,Cinza,G,2,287.08,0.0,574.16,PIX,Online,153.0,14
5611,2026-03-29,09:00,90,Jaqueta Social,Jaqueta,Rosa,M,3,340.94,51.14,971.68,Crediário,Online,102.0,5
5612,2026-08-03,16:15,82,Bermuda Social,Bermuda,Azul,M,3,325.21,48.78,926.85,Cartão de Débito,Física,446.0,21
5613,2026-09-24,21:30,94,Blusa X,Blusa,Azul,GG,3,310.47,0.0,931.41,Cartão de Débito,Online,399.0,12
5614,2026-06-29,15:30,150,Camiseta Casual,Camiseta,Cinza,GG,1,216.84,10.84,206.0,Cartão de Crédito,Online,480.0,11
5615,2026-03-16,11:45,51,Blusa Premium,Blusa,Branca,P,3,122.21,36.66,329.97,PIX,Física,94.0,2
5616,2026-03-13,15:15,115,Vestido Básica,Vestido,Vermelha,GG,1,108.11,0.0,108.11,Cartão de Crédito,Física,471.0,17
5617,2026-06-16,14:15,98,Acessório Básica,Acessório,Branca,G,2,254.79,0.0,509.58,PIX,Online,113.0,11
5618,2026-08-01,11:30,109,Camiseta Esporte,Camiseta,Branca,GG,1,227.45,11.37,216.08,PIX,Física,537.0,3
5619,2026-08-05,14:00,9256,Calça Social,Calça,Preta,GG,1,181.44,0.0,181.44,Cartão de Débito,Física,367.0,8
5620,2026-03-02,18:15,164,Blusa Premium,Blusa,Preta,G,1,175.34,8.77,166.57,cartão de débito,Física,257.0,25
5621,2026-09-17,15:15,1,Blusa Premium,Blusa,Cinza,G,1,318.6,47.79,270.81,Cartão de Crédito,Online,481.0,24
5622,2026-07-15,15:15,71,Acessório Premium,Acessório,Rosa,GG,3,227.52,0.0,682.56,Crediário,Física,339.0,23
5623,2026-08-02,20:30,71,Acessório Premium,Acessório,Rosa,GG,4,227.52,45.5,864.58,Cartão de Débito,Online,399.0,20
5624,2026-05-04,09:00,169,Camiseta Premium,Camiseta,Branca,GG,4,137.47,82.48,467.4,PIX,Física,545.0,20
5625,27-05-2026,14:15,105,Calça Premium,Calça,Vermelha,GG,4,53.58,21.43,192.89,Cartão de Crédito,Online,84.0,12
5626,2026-08-18,10:45,8,Bermuda Básica,Bermuda,Rosa,P,4,301.95,0.0,1207.8,Dinheiro,Online,400.0,10
5627,2026-08-01,20:00,93,Calça Slim,Calça,Azul,G,4,328.53,197.12,1117.0,Cartão de Débito,Online,323.0,18
5628,2026-05-15,19:15,140,Jaqueta Básica,Jaqueta,Cinza,P,4,275.21,165.13,935.71,Cartão de Débito,Física,402.0,3
5629,2026-04-03,14:30,15,Bermuda Básica,Bermuda,Cinza,G,3,52.05,15.61,140.54,Cartão de Crédito,Física,393.0,10
5630,2026-08-01,12:45,78,Acessório Básica,Acessório,Cinza,GG,1,138.63,0.0,138.63,Cartão de Crédito,Online,47.0,15
5631,2026-09-24,13:00,153,Bermuda Social,Bermuda,Cinza,G,2,75.2,0.0,150.4,Cartão de Débito,Online,154.0,9
5632,2026-08-13,16:15,76,Jaqueta X,Jaqueta,Cinza,P,3,291.87,0.0,875.61,PIX,Física,404.0,8
5633,2026-08-08,14:15,92,Vestido Básica,Vestido,Cinza,G,3,146.37,65.87,373.24,Cartão De Débito,Física,524.0,22
5634,2026-06-16,13:30,44,Acessório Esporte,Acessório,Preta,M,1,211.07,31.66,179.41,Cartão de Débito,Física,34.0,1
5635,2026-04-10,19:45,75,Bermuda Premium,Bermuda,Cinza,G,2,129.65,0.0,259.3,Cartão De Crédito,Online,428.0,16
5636,2026-06-14,21:00,25,Calça Básica,Calça,Rosa,GG,1,346.73,0.0,346.73,Cartão de Crédito,Online,419.0,24
5637,2026-07-14,17:00,74,Bermuda Esporte,Bermuda,Branca,M,4,290.34,58.07,1103.29,Dinheiro,Online,516.0,24
5638,2026-05-21,15:00,4,Acessório Básica,Acessório,Vermelha,G,2,81.82,0.0,163.64,Crediário,Física,482.0,18
5639,2026-08-24, 17:45,62,Jaqueta Social,Jaqueta,Rosa,M,2,66.35,0.0,132.7,Dinheiro,Física,341.0,9
5640,2026-04-11,11:30,24,Blusa Esporte,Blusa,Preta,M,1,315.76,31.58,284.18,PIX,Online,367.0,25
5641,2026-03-22,09:15,145,Bermuda Casual,Bermuda,Azul,GG,2,159.63,0.0,319.26,PIX,Online,46.0,20
5642,2026-08-27,19:30,174,Calça Slim,Calça,Cinza,M,2,34.1,0.0,68.2,Cartão de Débito,Física,505.0,10
5643,2026-04-10,13:15,92,Vestido Básica,Vestido,Cinza,G,3,146.37,576.1085947733515,417.15,Cartão de Débito,Física,195.0,4
5644,2026-09-06, 11:45,47,Blusa Esporte,Blusa,Vermelha,M,2,85.46,8.55,162.37,PIX,Física,339.0,1
5645,2026-04-14,16:00,159,Calça Social,Calça,Verde,G,3,166.81,50.04,450.39,Dinheiro,Física,311.0,12
5646,2026-05-25,15:30,25,Calça Básica,Calça,Rosa,GG,3,346.73,0.0,1040.19,Cartão de Débito,Online,364.0,16
5647,2026-04-05,14:45,55,Vestido Premium,Vestido,Branca,M,1,126.12,12.61,113.51,PIX,Física,298.0,23
5648,2026-04-23,16:45,11,Calça Básica,Calça,Verde,G,4,112.35,67.41,381.99,Dinheiro,Online,193.0,7
5649,2026-04-13,11:30,160,Vestido Básica,Vestido,Branca,G,1,38.68,0.0,38.68,Cartão de Crédito,Online,565.0,12
5650,2026-08-21,15:15,178,Blusa Slim,Blusa,Rosa,G,1,281.67,0.0,281.67,PIX,Online,475.0,15
5651,2026-04-17,20:00,34,Blusa Casual,Blusa,Preta,GG,4,206.43,0.0,825.72,Cartão de Débito,Online,358.0,14
5652,2026-09-09,11:15,55,Vestido Premium,Vestido,Branca,M,2,126.12,0.0,252.24,PIX,Física,168.0,6
5653,2026-04-29,16:45,114,Camiseta Social,Camiseta,Verde,GG,3,330.12,49.52,940.84,Cartão de Débito,Online,371.0,6
5654,2026-06-21,16:00,40,Jaqueta Premium,Jaqueta,Branca,G,1,59.14,0.0,59.14,Dinheiro,Online,374.0,7
5655,2026-06-03,21:00,166,Blusa Casual,Blusa,Cinza,P,3,25.41,11.43,64.8,Cartão de Débito,Online,14817.0,25
5656,2026-09-23,16:15,135,Bermuda Básica,Bermuda,Cinza,M,1,74.1,0.0,74.1,Dinheiro,Online,6.0,1
5657,2026-03-01,17:30,24,Blusa Esporte,Blusa,Preta,M,4,315.76,0.0,1263.04,PIX,Online,3.0,2
5658,2026-09-03,16:00,42,Calça Casual,Calça,Verde,G,3,245.94,0.0,"737,82",PIX,Online,378.0,13
5659,2026-09-19,18:15,171,Blusa Casual,Blusa,Verde,M,1,139.15,13.92,125.23,Cartão de Crédito,Online,243.0,8
5660,2026-04-04,18:15,81,Calça Básica,Calça,Rosa,G,4,188.91,0.0,755.64,PIX,Física,94.0,18
5661,2026-08-26,13:45,42,Calça Casual,Calça,Verde,G,1,245.94,12.3,233.64,Crediário,Física,518.0,6
5662,2026-03-16,18:30,137,Jaqueta Básica,Jaqueta,Cinza,GG,2,124.46,12.45,236.47,Cartão de Débito,Online,49.0,25
5663,2026-05-26,17:15,112,Bermuda Premium,Bermuda,Rosa,GG,1,93.18,9.32,83.86,Cartão de Débito,Física,531.0,11
5664,2026-05-04,14:15,123,Camiseta Básica,Camiseta,Preta,P,4,195.44,0.0,"781,76",Crediário,Física,,17
5665,2026-05-21,18:15,18,Acessório Básica,Acessório,Azul,M,4,242.78,145.67,825.45,Cartão de Crédito,Online,20.0,19
5666,2026-09-23,19:15,99,Camiseta Slim,Camiseta,Rosa,G,2,178.5,0.0,357.0,Crediário,Online,32.0,20
5667,2026-07-26,21:00,36,Jaqueta X,Jaqueta,Rosa,GG,4,109.13,43.65,392.87,Cartão de Crédito,Online,50.0,7
5668,2026-06-01,16:30,89,Acessório Premium,Acessório,Vermelha,GG,4,62.97,0.0,251.88,Cartão de Crédito,Física,158.0,5
5669,2026-07-14,09:00,64,Blusa Slim,Blusa,Cinza,G,2,307.95,92.38,523.52,Pix,Online,426.0,18
5670,2026-05-05,20:15,39,Blusa X,Blusa,Vermelha,P,4,80.38,32.15,289.37,PIX,Online,239.0,19
5671,2026-04-19, 17:45 ,29,Blusa Básica,Blusa,Azul,P,4,287.6,57.52,1092.88,Cartão de Crédito,Física,396.0,2
5672,2026-08-12,16:45,64,Blusa Slim,Blusa,Cinza,G,3,307.95,46.19,877.66,PIX,Física,332.0,13
5673,2026-07-11,18:00,162,Acessório Esporte,Acessório,Preta,P,3,314.53,141.54,802.05,Cartão de Débito,Física,572.0,20
5674,2026-04-11,19:45,77,Blusa Básica,Blusa,Preta,M,2,29.9,8.97,50.83,PIX,Física,284.0,6
5675,2026-07-10,11:45,146,Calça Premium,Calça,Branca,GG,2,343.66,0.0,687.32,Cartão de Débito,Online,90.0,5
5676,2026-04-23,11:30,135,Bermuda Básica,Bermuda,Cinza,M,3,74.1,22.23,200.07,PIX,Física,382.0,11
5677,2026-07-26,16:30,170,Bermuda Premium,Bermuda,Vermelha,GG,3,234.75,0.0,704.25,Cartão de Crédito,Física,283.0,15
5678,2026-06-11,18:15,10,Camiseta Social,Camiseta,Azul,G,-2,281.48,0.0,"844,44",Cartão de Débito,Física,356.0,14
5679,2026-05-20,15:45,141,Bermuda Slim,Bermuda,Vermelha,GG,3,162.9,0.0,488.7,Cartão de Crédito,Online,23.0,19
5680,2026-05-08,21:45,37,Acessório Premium,Acessório,Rosa,G,1,281.93,0.0,281.93,Cartão de Crédito,Online,382.0,12
5681,2026-09-16,18:45,115,Vestido Básica,Vestido,Vermelha,GG,1,108.11,16.22,91.89,Cartão de Débito,Online,487.0,13
5682,2026-06-07,20:15,41,Vestido X,Vestido,Verde,M,1,38.61,1.93,36.68,Cartão de Crédito,Física,587.0,1
5683,07/09/26,17:00,38,Acessório Esporte,Acessório,Rosa,P,4,113.5,22.7,431.3,PIX,Online,269.0,12
5684,2026-05-16,15:30,168,Camiseta Slim,Camiseta,Preta,GG,1,50.13,7.52,42.61,Cartão de Débito,Online,370.0,22
5685,2026-07-12,10:15,177,Camiseta Slim,Camiseta,Vermelha,G,2,63.08,6.31,119.85,Cartão de Débito,Online,133.0,18
5686,2026-07-31,09:00,107,Bermuda Slim,Bermuda,Rosa,M,3,304.94,0.0,914.82,Crediário,Online,597.0,11
5687,2026-08-30,10:00,34,Blusa Casual,Blusa,Preta,GG,4,206.43,82.57,743.15,Cartão de Crédito,Online,454.0,11
5688,2026-09-18,21:45,97,Jaqueta Premium,Jaqueta,Rosa,GG,4,161.24,96.74,548.22,Cartão de Débito,Online,96.0,8
5689,2026-06-28,16:15,112,Bermuda Premium,Bermuda,Rosa,GG,2,93.18,9.32,177.04,Cartão de Débito,Online,306.0,5
5690,2026-07-12,20:30,169,Camiseta Premium,Camiseta,Branca,GG,3,137.47,61.86,350.55,Cartão de Crédito,Física,513.0,6
5691,2026-08-19,12:45,5,Jaqueta Básica,Jaqueta,Preta,GG,2,235.61,23.56,447.66,Dinheiro,Física,205.0,25
5692,2026-08-20,19:15,130,Bermuda Slim,Bermuda,Verde,G,4,139.82,83.89,475.39,Cartão de Crédito,Física,265.0,6
5693,26-05-2026,14:30,114,Camiseta Social,Camiseta,Verde,GG,2,330.12,0.0,660.24,PIX,Online,37.0,1
5694,2026-03-09,09:00,16,Bermuda Esporte,Bermuda,Branca,M,2,242.53,0.0,485.06,Cartão de Crédito,Física,248.0,13
5695,2026-07-12,17:00,63,Bermuda Social,Bermuda,Azul,M,2,250.51,25.05,475.97,Cartão de Crédito,Online,130.0,23
5696,2026-09-02,11:45,179,Calça Social,Calça,Cinza,P,4,214.89,85.96,773.6,Crediário,Física,128.0,14
5697,2026-09-29,12:00,139,Jaqueta X,Jaqueta,Preta,M,2,172.53,0.0,345.06,Cartão de Débito,Física,126.0,3
5698,2026-05-08,11:45,137,Jaqueta Básica,Jaqueta,Cinza,GG,4,124.46,74.68,423.16,Dinheiro,Online,231.0,7
5699,2026-06-18,11:45,99,Camiseta Slim,Camiseta,Rosa,G,3,178.5,26.78,508.72,Cartão de Crédito,Online,523.0,23
5700,2026-09-20, 14:30,178,Blusa Slim,Blusa,Rosa,G,1,281.67,0.0,"281,67",Dinheiro,Física,363.0,7
5701,2026-07-25,20:30,109,Camiseta Esporte,Camiseta,Branca,GG,4,227.45,0.0,909.8,PIX,Online,288.0,8
5702,2026-09-14,21:45,43,Bermuda Premium,Bermuda,Preta,GG,4,144.6,0.0,578.4,Cartão de Débito,Física,153.0,14
5703,2026-05-24,14:30,19,Calça Casual,Calça,Rosa,P,3,165.92,0.0,497.76,Dinheiro,Online,329.0,14
5704,2026-06-08,09:45,78,Acessório Básica,Acessório,Cinza,GG,4,138.63,83.18,471.34,Crediário,Online,,22
5705,29-04-2026,12:15,9,Acessório X,Acessório,Preta,M,1,51.84,5.18,46.66,PIX,Física,600.0,24
5706,2026-07-28,09:15,58,Blusa X,Blusa,Branca,P,1,215.52,0.0,215.52,Cartão de Crédito,Online,18.0,23
5707,2026-09-30,18:00,160,Vestido Básica,Vestido,Branca,G,3,38.68,17.41,98.63,PIX,Online,137.0,17
5708,2026-03-25,11:00,81,Calça Básica,Calça,Rosa,G,1,188.91,18.89,170.02,dinheiro,Online,194.0,23
5709,2026-08-21,20:15,148,Vestido Slim,Vestido,Rosa,G,1,213.53,0.0,213.53,Cartão de Débito,Física,317.0,21
5710,2026-09-05,18:15,172,Camiseta Premium,Camiseta,Rosa,G,4,289.13,0.0,1156.52,Cartão de Débito,Física,304.0,19
5711,2026-06-06,11:00,35,Blusa Premium,Blusa,Preta,P,4,314.35,125.74,1131.66,PIX,Física,449.0,20
5712,2026-05-14,09:30,134,Bermuda Básica,Bermuda,Rosa,GG,1,59.5,0.0,59.5,PIX,Física,244.0,18
5713,2026-06-24,11:15,164,Blusa Premium,Blusa,Preta,G,3,175.34,0.0,526.02,Cartão de Crédito,Online,227.0,11
5714,2026-08-31,11:30,99,Camiseta Slim,Camiseta,Rosa,G,2,178.5,0.0,357.0,Cartão de Débito,Física,306.0,7
5715,2026-03-24,18:15,107,Bermuda Slim,Bermuda,Rosa,M,1,304.94,421.14000932562817,304.94,Cartão de Débito,Online,367.0,16
5716,2026-07-14,13:00  ,66,Vestido Básica,Vestido,Preta,GG,3,195.93,29.39,558.4,Crediário,Online,,11
5717,2026-03-17,11:00,157,Bermuda Básica,Bermuda,Azul,P,2,35.03,3.5,66.56,Crediário,Física,518.0,3
5718,2026-07-18,20:15,8,Bermuda Básica,Bermuda,Rosa,P,3,301.95,45.29,860.56,PIX,Online,528.0,1
5719,2026-06-28,18:45,131,Jaqueta X,Jaqueta,Azul,P,4,192.39,76.96,692.6,Cartão de Débito,Online,398.0,8
5720,2026-07-03,11:45,149,Vestido Básica,Vestido,Cinza,GG,3,67.2,0.0,201.6,Cartão de Crédito,Física,596.0,15
5721,2026-05-13,19:45,67,Vestido Premium,Vestido,Preta,G,2,60.66,6.07,115.25,PIX,Física,448.0,18
5722,2026-09-18,09:00,3,Vestido Esporte,Vestido,Azul,GG,2,51.13,0.0,102.26,Crediário,Online,563.0,23
5723,2026-03-07,21:45,95,Bermuda X,Bermuda,Cinza,G,1,275.07,0.0,275.07,Cartão de Débito,Física,,23
5724,2026-08-02,12:15,39,Blusa X,Blusa,Vermelha,P,2,80.38,0.0,160.76,Dinheiro,Online,593.0,16
5725,2026-06-16,19:30,83,Bermuda Básica,Bermuda,Cinza,M,2,344.51,0.0,"R$ 689,02",Dinheiro,Online,,18
5726,07/08/2026,09:00,170,Bermuda Premium,Bermuda,Vermelha,GG,3,234.75,0.0,704.25,Cartão de Débito,Física,184.0,3
5727,2026-05-13,21:45,162,Acessório Esporte,Acessório,Preta,P,2,314.53,0.0,629.06,PIX,Física,470.0,10
5728,2026-08-14,17:15,110,Bermuda Slim,Bermuda,Vermelha,G,4,158.66,0.0,634.64,Cartão de Crédito,Física,123.0,10
5729,2026-06-03,14:15,68,Acessório Casual,Acessório,Branca,P,3,212.83,31.92,606.57,Crediário,Física,339.0,18
5730,2026-07-20,09:30,178,Blusa Slim,Blusa,Rosa,G,3,281.67,84.5,760.51,PIX,Online,3146.0,22
5731,2026-03-15,16:30,106,Blusa Premium,Blusa,Azul,P,2,204.85,0.0,409.7,Crediário,Online,184.0,24
5732,2026-04-14,17:45,79,Vestido Slim,Vestido,Verde,GG,3,29.96,0.0,89.88,Cartão de Crédito,Online,324.0,10
5733,02/04/2026,13:45,168,Camiseta Slim,Camiseta,Preta,GG,1,50.13,0.0,50.13,PIX,Física,536.0,11
5734,2026-07-09,20:00,154,Bermuda Básica,Bermuda,Branca,P,3,240.69,72.21,649.86,Cartão de Crédito,Online,31.0,19
5735,2026-04-06,13:45,140,Jaqueta Básica,Jaqueta,Cinza,P,2,275.21,0.0,550.42,PIX,Online,532.0,12
5736,2026-06-06,10:45  ,44,Acessório Esporte,Acessório,Preta,M,4,211.07,126.64,717.64,Cartão de Crédito,Física,80.0,19
5737,2026-05-23,16:00,27,Camiseta Casual,Camiseta,Vermelha,P,2,287.37,0.0,574.74,Cartão de Crédito,Online,93.0,18
5738,2026-07-20,12:30,47,Blusa Esporte,Blusa,Vermelha,M,1,85.46,0.0,85.46,Cartão de Débito,Online,149.0,6
5739,2026-08-10,12:30,49,Calça Esporte,Calça,Preta,P,2,264.21,0.0,528.42,Cartão de Débito,Online,598.0,8
5740,2026-05-10,14:30,32,Acessório Social,Acessório,Azul,G,4,324.96,129.98,1169.86,Cartão de Débito,Online,581.0,10
5741,2026-07-03,09:00,127,Bermuda X,Bermuda,Azul,M,3,269.31,0.0,807.93,Cartão de Débito,Física,244.0,22
5742,2026-05-25,09:00,1,Blusa Premium,Blusa,Cinza,G,4,318.6,0.0,1274.4,PIX,Online,386.0,7
5743,2026-06-22,17:30,50,Blusa Básica,Blusa,Azul,G,3,124.43,37.33,335.96,Cartão de Crédito,Online,593.0,6
5744,2026-09-26,14:30,22,Bermuda Social,Bermuda,Vermelha,GG,1,213.75,0.0,213.75,Cartão de Débito,Online,,10
5745,2026-09-25,12:45,127,Bermuda X,Bermuda,Azul,M,1,269.31,0.0,269.31,Dinheiro,Física,306.0,20
5746,2026-05-25,14:30,46,Bermuda Social,Bermuda,Azul,P,1,46.54,2.33,44.21,Cartão de Crédito,Online,494.0,7
5747,2026-09-15,10:45,54,Bermuda Social,Bermuda,Cinza,G,4,115.21,0.0,460.84,PIX,Online,435.0,7
5748,2026-05-06,09:15,126,Calça Casual,Calça,Vermelha,G,2,275.71,27.57,523.85,Cartão de Débito,Física,197.0,20
5749,2026-05-13,10:45,39,Blusa X,Blusa,Vermelha,P,1,80.38,0.0,80.38,Cartão de Débito,Física,593.0,14
5750,2026-06-26,18:30,83,Bermuda Básica,Bermuda,Cinza,M,1,344.51,17.23,327.28,Dinheiro,Física,316.0,16
5751,2026-05-21,11:45,79,Vestido Slim,Vestido,Verde,GG,4,29.96,0.0,119.84,Cartão de Débito,Física,567.0,19
5752,2026-03-27,09:45,163,Blusa Esporte,Blusa,Rosa,GG,1,291.86,0.0,291.86,Cartão de Débito,Física,33.0,20
5753,2026-04-17,09:00,20,Blusa Básica,Blusa,Branca,M,2,212.5,0.0,425.0,PIX,Online,231.0,16
5754,2026-05-11,14:00,113,Jaqueta Premium,Jaqueta,Rosa,M,1,196.9,0.0,196.9,Dinheiro,Online,425.0,24
5755,2026-04-23,14:45,177,Camiseta Slim,Camiseta,Vermelha,G,1,63.08,0.0,63.08,PIX,Online,294.0,10
5756,2026-09-24,11:30,165,Calça Casual,Calça,Rosa,G,2,158.71,0.0,317.42,CARTÃO DE CRÉDITO,Online,217.0,23
5757,2026-05-15,16:30,153,Bermuda Social,Bermuda,Cinza,G,4,75.2,0.0,300.8,Cartão de Crédito,Online,453.0,24
5758,2026-05-19,18:30,73,Calça X,Calça,Azul,M,3,313.28,140.98,798.86,Cartão de Débito,Física,46.0,24
5759,2026-06-01,19:00,36,Jaqueta X,Jaqueta,Rosa,GG,3,109.13,32.74,294.65,Cartão de Débito,Online,159.0,11
5760,2026-07-29,16:45,85,Calça X,Calça,Cinza,G,3,287.08,129.19,732.05,Cartão de Débito,Online,175.0,15
5761,2026-03-15,11:30,73,Calça X,Calça,Azul,M,1,313.28,31.33,281.95,PIX,Online,570.0,8
5762,2026-05-04,16:15,25,Calça Básica,Calça,Rosa,GG,4,346.73,0.0,1386.92,Dinheiro,Online,561.0,8
5763,2026-08-26,16:00,57,Calça Casual,Calça,Verde,GG,4,86.79,0.0,347.16,Cartão de Crédito,Online,319.0,17
5764,2026-03-24,14:15,10,Camiseta Social,Camiseta,Azul,G,3,281.48,0.0,844.44,Crediário,Física,81758.0,7
5765,2026-08-07,09:00,3,Vestido Esporte,Vestido,Azul,GG,3,51.13,7.67,145.72,Cartão de Crédito,Online,,16
5766,2026-05-09,12:00,132,Acessório Esporte,Acessório,Rosa,P,2,45.67,0.0,91.34,Cartão de Crédito,Física,,5
5767,2026-06-15,10:15,48,Camiseta Básica,Camiseta,Cinza,GG,4,63.03,25.21,226.91,Cartão de Crédito,Online,368.0,10
5768,2026-04-03,21:00,130,Bermuda Slim,Bermuda,Verde,G,2,139.82,0.0,279.64,Cartão de Débito,Online,326.0,7
5769,2026-04-11,16:45,95,Bermuda X,Bermuda,Cinza,G,1,275.07,0.0,275.07,Cartão de Débito,Física,,18
5770,2026-08-25,12:00,97,Jaqueta Premium,Jaqueta,Rosa,GG,3,161.24,24.19,459.53,Cartão de Débito,Física,241.0,20
5771,2026-03-21,16:30,21,Bermuda Social,Bermuda,Branca,GG,4,301.4,0.0,1205.6,Cartão de Débito,Online,34.0,4
5772,2026-03-19,21:15,93,Calça Slim,Calça,Azul,G,4,328.53,0.0,1314.12,PIX,Física,88.0,25
5773,2026-03-31,19:45,151,Vestido Social,Vestido,Cinza,P,4,305.13,0.0,"1.220,52",PIX,Física,514.0,14
5774,2026-08-11,12:15,74,Bermuda Esporte,Bermuda,Branca,M,1,290.34,0.0,290.34,PIX,Física,83.0,18
5775,2026-09-07,14:45,151,Vestido Social,Vestido,Cinza,P,1,305.13,30.51,274.62,Cartão de Débito,Online,422.0,12
5776,2026-04-28,21:45,74,Bermuda Esporte,Bermuda,Branca,M,1,290.34,0.0,290.34,PIX,Física,168.0,4
5777,2026-03-26,21:30,58,Blusa X,Blusa,Branca,P,1,215.52,10.78,204.74,PIX,Online,115.0,1
5778,2026-08-01,11:15,135,Bermuda Básica,Bermuda,Cinza,M,1,74.1,11.11,62.99,Cartão de Crédito,Online,574.0,9
5779,2026-04-30,20:15,46,Bermuda Social,Bermuda,Azul,P,3,46.54,0.0,139.62,Cartão de Crédito,Física,214.0,15
5780,2026-06-25,16:15,10,Camiseta Social,Camiseta,Azul,G,2,281.48,0.0,562.96,PIX,Online,143.0,12
5781,2026-05-23,13:45,55,Vestido Premium,Vestido,Branca,M,1,126.12,0.0,126.12,Dinheiro,Online,88.0,18
5782,2026-09-25,13:00,28,Bermuda Premium,Bermuda,Vermelha,GG,1,57.16,5.72,51.44,CARTÃO DE DÉBITO,Online,35.0,19
5783,2026-06-18,14:30,62,Jaqueta Social,Jaqueta,Rosa,M,4,66.35,0.0,265.4,PIX,Física,402.0,25
5784,2026-08-06,12:15,141,Bermuda Slim,Bermuda,Vermelha,GG,1,162.9,0.0,162.9,Crediário,Online,50.0,21
5785,2026-06-08,19:15,117,Vestido Premium,Vestido,Cinza,M,1,81.36,12.2,69.16,Cartão de Débito,Online,,7
5786,2026-05-23,14:45,31,Vestido Social,Vestido,Azul,GG,2,28.24,2.82,53.66,Crediário,Física,146.0,5
5787,2026-06-16,10:45,37,Acessório Premium,Acessório,Rosa,G,2,281.93,56.39,507.47,Crediário,Online,463.0,19
5788,2026-06-01,09:30,41,Vestido X,Vestido,Verde,M,1,38.61,0.0,38.61,Dinheiro,Online,588.0,18
5789,2026-09-02,13:00,33,Camiseta Esporte,Camiseta,Verde,G,3,238.32,35.75,679.21,Cartão de Débito,Online,312.0,4
5790,2026-05-17,12:15,31,Vestido Social,Vestido,Azul,GG,1,28.24,4.24,24.0,Cartão de Débito,Online,230.0,15
5791,2026-04-26,13:45,22654,Blusa Básica,Blusa,Branca,M,3,212.5,0.0,637.5,Dinheiro,Online,1.0,2
5792,2026-08-30,11:15,137,Jaqueta Básica,Jaqueta,Cinza,GG,1,124.46,0.0,124.46,Cartão de Crédito,Online,243.0,9
5793,17/07/2026,19:00,109,Camiseta Esporte,Camiseta,Branca,GG,3,227.45,34.12,648.23,PIX,Física,177.0,5
5794,2026-07-01,12:45,143,Bermuda Casual,Bermuda,Rosa,G,1,113.47,17.02,96.45,Cartão de Débito,Online,84.0,21
5795,2026-09-20,19:30,130,Bermuda Slim,Bermuda,Verde,G,4,139.82,27.96,531.32,PIX,Online,176.0,4
5796,2026-03-20,21:30,53,Jaqueta Casual,Jaqueta,Branca,P,4,203.54,0.0,814.16,PIX,Online,253.0,7
5797,2026-08-07,18:30,54,Bermuda Social,Bermuda,Cinza,G,1,115.21,0.0,115.21,Cartão de Crédito,Física,488.0,15
5798,2026-04-12,14:45,109,Camiseta Esporte,Camiseta,Branca,GG,4,227.45,45.49,864.31,Dinheiro,Online,342.0,9
5799,2026-07-11,15:45,46,Bermuda Social,Bermuda,Azul,P,3,46.54,0.0,139.62,Cartão de Crédito,Online,9.0,25
5800,17-05-2026,12:45,31995,Blusa Social,Blusa,Preta,P,3,336.13,50.42,957.97,PIX,Física,33.0,24
5801,2026-05-21,15:15,116,Blusa Premium,Blusa,Branca,G,2,68.25,6.82,129.68,PIX,Física,500.0,24
5802,2026-09-10,12:00,163,Blusa Esporte,Blusa,Rosa,GG,2,291.86,29.19,554.53,Cartão de Débito,Online,453.0,6
5803,2026-09-19,10:15,97,Jaqueta Premium,Jaqueta,Rosa,GG,3,161.24,0.0,483.72,Dinheiro,Online,487.0,13
5804,2026-03-07,09:45,54,Bermuda Social,Bermuda,Cinza,G,1,115.21,0.0,115.21,Dinheiro,Física,26.0,18
5805,2026-06-20,19:00,115,Vestido Básica,Vestido,Vermelha,GG,1,108.11,16.22,91.89,PIX,Online,239.0,21
5806,2026-07-01,13:00,147,Calça Premium,Calça,Preta,P,1,176.07,8.8,167.27,Crediário,Física,,5
5807,2026-09-13,11:00,147,Calça Premium,Calça,Preta,P,4,176.07,0.0,704.28,PIX,Online,71.0,20
5808,2026-03-03, 19:00,115,Vestido Básica,Vestido,Vermelha,GG,4,108.11,21.62,410.82,Cartão de Débito,Física,309.0,21
5809,2026-06-06,15:15,165,Calça Casual,Calça,Rosa,G,1,158.71,0.0,158.71,PIX,Física,,18
5810,2026-03-09,18:00,115,Vestido Básica,Vestido,Vermelha,GG,3,108.11,0.0,324.33,Dinheiro,Online,560.0,3
5811,2026-07-25,09:45,34,Blusa Casual,Blusa,Preta,GG,1,206.43,20.64,185.79,Cartão de Débito,Online,205.0,15
5812,2026-07-27,10:15,95,Bermuda X,Bermuda,Cinza,G,1,275.07,0.0,275.07,PIX,Online,12.0,25
5813,2026-08-29,18:30,76,Jaqueta X,Jaqueta,Cinza,P,2,291.87,0.0,583.74,Crediário,Física,538.0,18
5814,2026-08-27,21:00,20,Blusa Básica,Blusa,Branca,M,3,212.5,95.62,541.88,Cartão de Crédito,Física,208.0,5
5815,2026-03-08,14:45,144,Blusa X,Blusa,Verde,G,4,297.99,59.6,1132.36,Cartão de Crédito,Física,581.0,12
5816,2026-08-08,10:30,72,Camiseta Casual,Camiseta,Rosa,P,2,280.68,84.2,477.16,Cartão de Débito,Online,122.0,19
5817,2026-03-17,17:30,179,Calça Social,Calça,Cinza,P,1,214.89,0.0,214.89,PIX,Física,53.0,2
5818,2026-04-22,13:45,178,Blusa Slim,Blusa,Rosa,G,4,281.67,112.67,1014.01,PIX,Online,502.0,17
5819,2026-05-23,13:30,7,Acessório X,Acessório,Vermelha,GG,3,160.81,0.0,482.43,Cartão de Débito,Física,,19
5820,2026-05-07,14:00,161,Camiseta X,Camiseta,Branca,GG,1,168.83,25.32,143.51,Dinheiro,Online,123.0,5
5821,28-08-2026,13:15,13,Blusa Básica,Blusa,Verde,G,4,276.45,0.0,1105.8,Cartão de Crédito,Online,516.0,8
5822,2026-05-05,11:45,158,Jaqueta Premium,Jaqueta,Rosa,GG,4,91.13,0.0,364.52,Cartão de Débito,Online,169.0,16
5823,2026-08-06,11:30,127,Bermuda X,Bermuda,Azul,M,1,269.31,13.47,255.84,PIX,Online,54.0,11
5824,2026-09-01,19:30,21,Bermuda Social,Bermuda,Branca,GG,4,301.4,0.0,1205.6,cartão de débito,Física,125.0,13
5825,2026-08-27,18:45,10,Camiseta Social,Camiseta,Azul,G,2,281.48,56.3,506.66,Cartão de Crédito,Online,261.0,19
5826,2026-08-09,12:30,67,Vestido Premium,Vestido,Preta,G,1,60.66,0.0,60.66,Cartão de Crédito,Física,247.0,20
5827,2026-08-12,21:45,173,Camiseta Esporte,Camiseta,Preta,P,2,183.66,18.37,348.95,PIX,Física,36.0,13
5828,2026-06-20,12:45,140,Jaqueta Básica,Jaqueta,Cinza,P,1,275.21,41.28,"R$ 233,93",Cartão de Débito,Online,536.0,16
5829,2026-04-18,17:30,146,Calça Premium,Calça,Branca,GG,1,343.66,0.0,343.66,Crediário,Online,15.0,22
5830,2026-09-21,13:45,99,Camiseta Slim,Camiseta,Rosa,G,2,178.5,0.0,357.0,Dinheiro,Física,563.0,8
5831,2026-08-20,09:45,112,Bermuda Premium,Bermuda,Rosa,GG,2,93.18,27.95,158.41,PIX,Online,253.0,21
5832,2026-03-11,09:15,155,Blusa X,Blusa,Rosa,GG,4,229.95,0.0,919.8,Dinheiro,Online,341.0,16
5833,2026-05-11,12:30,61,Blusa Social,Blusa,Preta,P,2,336.13,0.0,672.26,PIX,Online,28.0,6
5834,2026-08-09,19:00,157,Bermuda Básica,Bermuda,Azul,P,2,35.03,0.0,70.06,PIX,Física,156.0,9
5835,2026-05-28,15:00  ,121,Acessório Básica,Acessório,Vermelha,GG,4,127.53,76.52,433.6,Cartão de Crédito,Física,450.0,10
5836,2026-05-10,21:30,93,Calça Slim,Calça,Azul,G,4,328.53,131.41,1182.71,Dinheiro,Física,37.0,23
5837,2026-04-28,12:45,165,Calça Casual,Calça,Rosa,G,4,158.71,95.23,539.61,Cartão de Débito,Online,322.0,20
5838,2026-07-07,19:30,63,Bermuda Social,Bermuda,Azul,M,1,250.51,12.53,"237,98",Dinheiro,Física,464.0,7
5839,2026-06-25,12:15,98,Acessório Básica,Acessório,Branca,G,3,254.79,38.22,726.15,Dinheiro,Online,574.0,19
5840,2026-05-24,12:45,40,Jaqueta Premium,Jaqueta,Branca,G,2,59.14,0.0,118.28,Cartão de Débito,Online,490.0,18
5841,31-08-2026,16:30,121,Acessório Básica,Acessório,Vermelha,GG,1,127.53,19.13,108.4,PIX,Online,31.0,20
5842,2026-06-04,12:00,58,Blusa X,Blusa,Branca,P,1,215.52,21.55,193.97,Cartão de Crédito,Física,213.0,1
5843,2026-03-13,19:00,76,Jaqueta X,Jaqueta,Cinza,P,3,291.87,0.0,875.61,Cartão de Débito,Online,393.0,10
5844,2026-05-18,10:15,49,Calça Esporte,Calça,Preta,P,4,264.21,158.53,898.31,Crediário,Online,137.0,14
5845,2026-03-31,16:00,83,Bermuda Básica,Bermuda,Cinza,M,2,344.51,34.45,654.57,PIX,Online,350.0,18
5846,2026-09-05,14:00,71,Acessório Premium,Acessório,Rosa,GG,4,227.52,0.0,910.08,Cartão de Débito,Online,144.0,16
5847,2026-09-30,13:30,165,Calça Casual,Calça,Rosa,G,2,158.71,0.0,317.42,Cartão de Débito,Online,144.0,2
5848,2026-05-09,16:00,11,Calça Básica,Calça,Verde,G,3,112.35,0.0,337.05,Crediário,Online,484.0,15
5849,2026-03-02,10:15,72,Camiseta Casual,Camiseta,Rosa,P,3,280.68,126.31,715.73,PIX,Física,218.0,1
5850,2026-07-13,14:15,45,Jaqueta Social,Jaqueta,Preta,P,3,105.9,31.77,285.93,PIX,Física,592.0,15
5851,2026-06-02,14:15,22,Bermuda Social,Bermuda,Vermelha,GG,1,213.75,0.0,213.75,Dinheiro,Online,280.0,18
5852,2026-08-30,12:00,41,Vestido X,Vestido,Verde,M,2,38.61,0.0,77.22,Cartão de Débito,Física,347.0,22
5853,2026-06-01,19:15,131,Jaqueta X,Jaqueta,Azul,P,2,192.39,38.48,346.3,Dinheiro,Online,304.0,11
5854,2026-09-04,17:15,13,Blusa Básica,Blusa,Verde,G,4,276.45,0.0,1105.8,cartão de débito,Física,58.0,23
5855,2026-07-08,19:00,26,Jaqueta Esporte,Jaqueta,Verde,P,1,204.58,10.23,194.35,PIX,Física,54.0,10
5856,2026-03-20,14:15,103,Acessório Esporte,Acessório,Verde,M,4,142.1,56.84,511.56,Cartão de Débito,Física,71.0,14
5857,19/05/2026,12:30,135,Bermuda Básica,Bermuda,Cinza,M,2,74.1,7.41,140.79,Cartão de Débito,Online,326.0,24
5858,2026-04-13,18:15,7,Acessório X,Acessório,Vermelha,GG,4,160.81,0.0,643.24,Cartão de Débito,Física,318.0,2
5859,2026-03-20,20:30,50,Blusa Básica,Blusa,Azul,G,2,124.43,0.0,248.86,Dinheiro,Online,308.0,7
5860,2026-06-04,14:45,170,Bermuda Premium,Bermuda,Vermelha,GG,1,234.75,0.0,234.75,Crediário,Física,306.0,25
5861,2026-04-12,14:15,113,Jaqueta Premium,Jaqueta,Rosa,M,1,196.9,19.69,177.21,Cartão de Crédito,Online,3.0,1
5862,2026-04-10,12:00,76,Jaqueta X,Jaqueta,Cinza,P,2,291.87,29.19,554.55,Cartão de Débito,Online,466.0,24
5863,2026-04-11,19:15,58,Blusa X,Blusa,Branca,P,4,215.52,0.0,862.08,PIX,Online,10.0,5
5864,2026-07-18,09:15,9,Acessório X,Acessório,Preta,M,3,51.84,0.0,155.52,Cartão de Débito,Física,500.0,1
5865,2026-08-27,18:45,93,Calça Slim,Calça,Azul,G,3,328.53,147.84,837.75,Cartão de Crédito,Física,466.0,9
5866,2026-03-18,12:15,149,Vestido Básica,Vestido,Cinza,GG,3,67.2,10.08,191.52,Cartão de Crédito,Online,,20
5867,2026-08-08,20:15,5,Jaqueta Básica,Jaqueta,Preta,GG,1,235.61,0.0,235.61,Cartão de Crédito,Online,13.0,6
5868,30/06/2026,19:30,119,Calça Esporte,Calça,Branca,P,2,331.07,0.0,662.14,PIX,Online,405.0,1
5869,2026-06-02,13:00,174,Calça Slim,Calça,Cinza,M,3,34.1,5.12,97.18,Cartão de Crédito,Física,142.0,5
5870,2026-08-02,10:30,18,Acessório Básica,Acessório,Azul,M,3,242.78,0.0,728.34,Cartão de Crédito,Física,298.0,4
5871,2026-04-02,13:30,174,Calça Slim,Calça,Cinza,M,4,34.1,0.0,136.4,PIX,Física,124.0,16
5872,2026-07-19,20:45,180,Acessório X,Acessório,Verde,GG,4,108.79,0.0,435.16,Cartão de Débito,Online,498.0,23
5873,2026-03-23,17:30,75859,Bermuda Social,Bermuda,Vermelha,GG,3,213.75,64.12,577.13,PIX,Física,412.0,18
5874,2026-05-06,16:15,9,Acessório X,Acessório,Preta,M,3,51.84,0.0,155.52,Cartão de Crédito,Física,225.0,17
5875,2026-07-10,21:45,101,Jaqueta Casual,Jaqueta,Verde,M,4,263.03,0.0,1052.12,Cartão de Débito,Online,273.0,10
5876,2026-06-23,15:15  ,67,Vestido Premium,Vestido,Preta,G,3,60.66,0.0,181.98,Cartão de Crédito,Online,191.0,13
5877,2026-09-06,15:30,47,Blusa Esporte,Blusa,Vermelha,M,4,85.46,17.09,324.75,Dinheiro,Física,1.0,11
5878,2026-03-05,19:30,69,Camiseta Básica,Camiseta,Branca,M,4,71.3,0.0,285.2,cartão de crédito,Física,99.0,14
5879,2026-09-05,09:15,49,Calça Esporte,Calça,Preta,P,2,264.21,79.26,449.16,PIX,Física,571.0,7
5880,2026-04-30,10:15,150,Camiseta Casual,Camiseta,Cinza,GG,1,216.84,0.0,216.84,Dinheiro,Online,33.0,5
5881,2026-08-03,20:15,134,Bermuda Básica,Bermuda,Rosa,GG,4,59.5,0.0,238.0,Crediário,Física,291.0,7
5882,2026-05-21,19:45,155,Blusa X,Blusa,Rosa,GG,2,229.95,23.0,436.9,PIX,Física,,4
5883,2026-05-22,11:00,172,Camiseta Premium,Camiseta,Rosa,G,4,289.13,115.65,1040.87,PIX,Física,437.0,19
5884,2026-07-08,20:30,29,Blusa Básica,Blusa,Azul,P,1,287.6,0.0,287.6,Cartão de Débito,Física,60.0,14
5885,2026-03-10,12:00,98,Acessório Básica,Acessório,Branca,G,2,254.79,25.48,484.1,Cartão de Débito,Física,,18
5886,2026-05-22, 17:15 ,62,Jaqueta Social,Jaqueta,Rosa,M,1,66.35,0.0,66.35,Dinheiro,Online,512.0,11
5887,2026-06-28, 09:45 ,55,Vestido Premium,Vestido,Branca,M,3,126.12,0.0,378.36,Cartão de Crédito,Online,86.0,5
5888,2026-05-25,15:00,85,Calça X,Calça,Cinza,G,4,287.08,0.0,1148.32,Dinheiro,Online,592.0,7
5889,2026-09-17,10:15,25,Calça Básica,Calça,Rosa,GG,4,346.73,208.04,1178.88,PIX,Física,543.0,6
5890,2026-09-27,19:00,32,Acessório Social,Acessório,Azul,G,3,324.96,97.49,877.39,Cartão de Crédito,Online,58.0,21
5891,2026-08-05,10:00,164,Blusa Premium,Blusa,Preta,G,2,175.34,0.0,"R$ 350,68",Cartão de Crédito,Online,12.0,24
5892,2026-08-29,16:00,91,Acessório Casual,Acessório,Rosa,M,1,274.86,0.0,274.86,Cartão de Débito,Física,166.0,17
5893,2026-09-08,09:45,149,Vestido Básica,Vestido,Cinza,GG,4,67.2,0.0,268.8,Dinheiro,Online,103.0,2
5894,2026-05-17,09:30,141,Bermuda Slim,Bermuda,Vermelha,GG,3,162.9,0.0,488.7,Cartão de Débito,Física,542.0,15
5895,2026-09-23,19:30,179,Calça Social,Calça,Cinza,P,4,214.89,0.0,859.56,Crediário,Online,61.0,14
5896,2026-09-27, 15:45 ,177,Camiseta Slim,Camiseta,Vermelha,G,1,63.08,0.0,63.08,Dinheiro,Física,426.0,15
5897,2026-08-30,21:30,120,Camiseta Básica,Camiseta,Rosa,G,1,304.19,0.0,304.19,Cartão de Débito,Física,546.0,10
5898,2026-07-22,16:00,128,Acessório X,Acessório,Verde,G,-1,38.26,1.91,"R$ 36,35",PIX,Física,302.0,7
5899,2026-09-29,14:15,36,Jaqueta X,Jaqueta,Rosa,GG,2,109.13,0.0,218.26,Cartão de Débito,Online,212.0,4
5900,2026-05-06,09:15,71,Acessório Premium,Acessório,Rosa,GG,3,227.52,68.26,614.3,Cartão de Crédito,Física,191.0,13
5901,2026-03-13,13:30,35,Blusa Premium,Blusa,Preta,P,4,314.35,0.0,1257.4,Cartão de Crédito,Online,523.0,11
5902,2026-08-10,18:00,27,Camiseta Casual,Camiseta,Vermelha,P,3,287.37,0.0,862.11,Cartão de Débito,Física,35.0,13
5903,2026-04-04,13:15,47,Blusa Esporte,Blusa,Vermelha,M,4,85.46,0.0,341.84,Cartão de Crédito,Online,118.0,6
5904,2026-05-24,21:45,31,Vestido Social,Vestido,Azul,GG,4,28.24,0.0,112.96,Cartão de Débito,Online,284.0,23
5905,2026-08-05,10:30,128,Acessório X,Acessório,Verde,G,2,38.26,0.0,76.52,Cartão de Crédito,Física,543.0,16
5906,2026-09-05,12:45,40,Jaqueta Premium,Jaqueta,Branca,G,4,59.14,0.0,236.56,cartão de débito,Online,,21
5907,2026-08-15,19:45,85,Calça X,Calça,Cinza,G,3,287.08,129.19,732.05,PIX,Online,105.0,6
5908,2026-07-31,09:45,159,Calça Social,Calça,Verde,G,2,166.81,0.0,333.62,Cartão de Crédito,Física,518.0,19
5909,2026-08-07,21:15,108,Jaqueta X,Jaqueta,Azul,G,1,84.3,8.43,75.87,Dinheiro,Física,397.0,5
5910,2026-08-03,20:15,24,Blusa Esporte,Blusa,Preta,M,4,315.76,0.0,"R$ 1.263,04",Cartão de Crédito,Online,561.0,23
5911,2026-07-17,21:00,24,Blusa Esporte,Blusa,Preta,M,1,315.76,0.0,315.76,Dinheiro,Online,377.0,14
5912,2026-05-13,19:15,34,Blusa Casual,Blusa,Preta,GG,1,206.43,20.64,185.79,PIX,Online,311.0,14
5913,2026-03-07,12:30,86,Blusa Social,Blusa,Azul,P,1,56.25,0.0,56.25,Cartão de Débito,Física,254.0,6
5914,2026-04-19,17:30,18,Acessório Básica,Acessório,Azul,M,2,242.78,0.0,485.56,PIX,Física,411.0,5
5915,2026-08-15,17:30,98,Acessório Básica,Acessório,Branca,G,3,254.79,76.44,687.93,Cartão de Débito,Online,229.0,20
5916,2026-08-17, 20:00,38,Acessório Esporte,Acessório,Rosa,P,2,113.5,22.7,204.3,Cartão de Crédito,Online,440.0,25
5917,2026-06-15,21:15,107,Bermuda Slim,Bermuda,Rosa,M,1,304.94,30.49,"274,45",PIX,Física,585.0,19
5918,2026-05-13,17:00,159,Calça Social,Calça,Verde,G,4,166.81,0.0,667.24,Cartão de Crédito,Física,281.0,20
5919,2026-07-21,20:00,13,Blusa Básica,Blusa,Verde,G,1,276.45,27.64,248.81,Cartão de Débito,Física,168.0,9
5920,2026-09-14,17:30,160,Vestido Básica,Vestido,Branca,G,1,38.68,0.0,38.68,Cartão de Crédito,Online,106.0,13
5921,2026-09-01,17:15,140,Jaqueta Básica,Jaqueta,Cinza,P,3,275.21,0.0,825.63,Crediário,Física,249.0,11
5922,2026-03-26,15:00,158,Jaqueta Premium,Jaqueta,Rosa,GG,1,91.13,9.11,82.02,PIX,Física,15.0,12
5923,2026-04-08,21:45,119,Calça Esporte,Calça,Branca,P,2,331.07,99.32,562.82,Cartão de Débito,Online,520.0,24
5924,2026-07-05,10:00,99,Camiseta Slim,Camiseta,Rosa,G,4,178.5,71.4,642.6,PIX,Online,538.0,2
5925,2026-05-22,11:15,144,Blusa X,Blusa,Verde,G,3,297.99,0.0,893.97,Cartão de Débito,Física,474.0,17
5926,2026-09-27,14:00,16,Bermuda Esporte,Bermuda,Branca,M,3,242.53,0.0,727.59,Cartão de Débito,Online,576.0,12
5927,2026-03-13,16:30,173,Camiseta Esporte,Camiseta,Preta,P,4,183.66,0.0,734.64,PIX,Física,470.0,8
5928,2026-05-22,11:15,119,Calça Esporte,Calça,Branca,P,1,331.07,0.0,"331,07",Dinheiro,Física,365.0,22
5929,2026-05-30,14:15,175,Jaqueta Slim,Jaqueta,Branca,P,4,111.44,22.29,423.47,Crediário,Online,484.0,16
5930,2026-06-15,16:45,34,Blusa Casual,Blusa,Preta,GG,4,206.43,0.0,825.72,Crediário,Online,515.0,11
5931,2026-04-12,11:15,139,Jaqueta X,Jaqueta,Preta,M,4,172.53,69.01,621.11,Cartão de Débito,Física,175.0,15
5932,2026-06-22,13:45,24,Blusa Esporte,Blusa,Preta,M,4,315.76,0.0,1263.04,Cartão de Crédito,Física,,15
5933,2026-03-24,20:15,129,Acessório X,Acessório,Branca,M,4,84.81,16.96,322.28,Cartão de Débito,Física,345.0,15
5934,2026-04-11,20:15,159,Calça Social,Calça,Verde,G,3,166.81,25.02,475.41,PIX,Online,453.0,15
5935,2026-04-13,20:00,20,Blusa Básica,Blusa,Branca,M,2,212.5,0.0,425.0,Dinheiro,Online,74.0,10
5936,2026-07-13,15:30,170,Bermuda Premium,Bermuda,Vermelha,GG,4,234.75,46.95,892.05,Dinheiro,Online,43.0,7
5937,2026-07-08,15:15,154,Bermuda Básica,Bermuda,Branca,P,2,240.69,0.0,481.38,Cartão de Débito,Online,415.0,3
5938,2026-03-28,18:45,21,Bermuda Social,Bermuda,Branca,GG,4,301.4,0.0,1205.6,PIX,Online,174.0,8
5939,2026-03-12,10:45,40,Jaqueta Premium,Jaqueta,Branca,G,2,59.14,0.0,118.28,Dinheiro,Online,348.0,24
5940,2026-08-21,19:00,143,Bermuda Casual,Bermuda,Rosa,G,4,113.47,22.69,431.19,PIX,Online,441.0,12
5941,2026-09-07,14:15,109,Camiseta Esporte,Camiseta,Branca,GG,2,227.45,0.0,454.9,Crediário,Online,25.0,6
5942,2026-08-17,11:45,166,Blusa Casual,Blusa,Cinza,P,3,25.41,3.81,72.42,Crediário,Física,173.0,7
5943,2026-06-02,09:30,5,Jaqueta Básica,Jaqueta,Preta,GG,1,235.61,0.0,235.61,PIX,Online,293.0,4
5944,2026-05-08,09:30,149,Vestido Básica,Vestido,Cinza,GG,2,67.2,0.0,134.4,Cartão de Crédito,Online,458.0,13
5945,2026-05-15,16:45,166,Blusa Casual,Blusa,Cinza,P,2,25.41,5.08,45.74,PIX,Física,374.0,12
5946,18/07/2026,14:45,139,Jaqueta X,Jaqueta,Preta,M,1,172.53,0.0,172.53,PIX,Física,2.0,2
5947,2026-09-21,16:30,149,Vestido Básica,Vestido,Cinza,GG,4,67.2,13.44,255.36,Dinheiro,Física,421.0,3
5948,2026-03-12,18:30,100,Calça Social,Calça,Preta,M,1,133.29,13.33,119.96,PIX,Online,23.0,7
5949,2026-05-19,16:15,95,Bermuda X,Bermuda,Cinza,G,4,275.07,0.0,1100.28,PIX,Online,378.0,13
5950,2026-03-08,16:45,13,Blusa Básica,Blusa,Verde,G,1,276.45,27.64,248.81,Cartão de Crédito,Física,211.0,13
5951,2026-09-13,17:30,99,Camiseta Slim,Camiseta,Rosa,G,3,178.5,80.32,455.18,Cartão de Débito,Online,55.0,20
5952,21/06/26,14:30  ,3,Vestido Esporte,Vestido,Azul,GG,3,51.13,23.01,130.38,PIX,Física,,2
5953,02/05/26,13:15,94,Blusa X,Blusa,Azul,GG,3,310.47,139.71,791.7,Dinheiro,Física,514.0,14
5954,2026-06-26,17:00,54,Bermuda Social,Bermuda,Cinza,G,2,115.21,11.52,218.9,Crediário,Física,37.0,4
5955,2026-09-10,15:45,56,Camiseta Social,Camiseta,Verde,M,2,252.29,0.0,504.58,Crediário,Online,206.0,15
5956,2026-03-08,10:30,110,Bermuda Slim,Bermuda,Vermelha,G,4,158.66,0.0,634.64,Cartão de Débito,Online,230.0,19
5957,2026-08-24,17:30,161,Camiseta X,Camiseta,Branca,GG,4,168.83,0.0,675.32,Dinheiro,Física,271.0,25
5958,2026-09-19,14:30,155,Blusa X,Blusa,Rosa,GG,3,229.95,34.49,655.36,Cartão de Débito,Física,38.0,6
5959,2026-07-24,14:00,1,Blusa Premium,Blusa,Cinza,G,2,318.6,0.0,637.2,Cartão de Débito,Física,276.0,22
5960,2026-05-11, 21:30,114,Camiseta Social,Camiseta,Verde,GG,3,330.12,148.55,841.81,Dinheiro,Online,327.0,11
5961,2026-04-21,15:45,127,Bermuda X,Bermuda,Azul,M,2,269.31,0.0,538.62,Cartão de Débito,Online,528.0,18
5962,2026-07-26,21:30,17,Acessório Slim,Acessório,Azul,M,4,102.24,0.0,408.96,Dinheiro,Física,153.0,15
5963,2026-08-10,20:30,170,Bermuda Premium,Bermuda,Vermelha,GG,1,234.75,0.0,234.75,PIX,Física,149.0,21
5964,2026-08-30,11:00,129,Acessório X,Acessório,Branca,M,3,84.81,25.44,228.99,Dinheiro,Online,27.0,14
5965,2026-04-05,11:45,60,Blusa Premium,Blusa,Azul,GG,3,177.54,0.0,532.62,Cartão de Crédito,Online,398.0,1
5966,05/03/26,16:30,98,Acessório Básica,Acessório,Branca,G,2,254.79,0.0,509.58,Pix,Física,200.0,9
5967,2026-05-13,09:45,144,Blusa X,Blusa,Verde,G,3,297.99,89.4,804.57,Cartão de Débito,Online,453.0,8
5968,2026-05-30,11:45,154,Bermuda Básica,Bermuda,Branca,P,1,240.69,12.03,228.66,Cartão de Crédito,Física,152.0,15
5969,2026-03-13,12:00,7061,Camiseta Premium,Camiseta,Rosa,G,3,289.13,86.74,780.65,Cartão de Crédito,Física,456.0,23
5970,2026-08-22,16:30,14,Bermuda Esporte,Bermuda,Verde,GG,1,113.16,5.66,107.5,Cartão de Crédito,Física,304.0,14
5971,2026-04-24,20:00,82,Bermuda Social,Bermuda,Azul,M,3,325.21,0.0,975.63,Cartão de Crédito,Online,28.0,6
5972,2026-07-30,09:15,134,Bermuda Básica,Bermuda,Rosa,GG,4,59.5,0.0,"238,00",Cartão de Crédito,Física,582.0,4
5973,2026-06-18,09:30,149,Vestido Básica,Vestido,Cinza,GG,1,67.2,0.0,67.2,Cartão de Crédito,Física,384.0,17
5974,2026-07-24,14:00,48,Camiseta Básica,Camiseta,Cinza,GG,4,63.03,12.61,239.51,Cartão de Crédito,Online,7.0,19
5975,2026-03-07,20:30,50,Blusa Básica,Blusa,Azul,G,3,124.43,55.99,317.3,Crediário,Física,406.0,19
5976,2026-05-07,21:00,17,Acessório Slim,Acessório,Azul,M,3,102.24,15.34,291.38,Cartão de Crédito,Online,2.0,10
5977,2026-08-27,17:30,120,Camiseta Básica,Camiseta,Rosa,G,2,304.19,0.0,608.38,PIX,Online,,9
5978,2026-04-22,13:00,150,Camiseta Casual,Camiseta,Cinza,GG,2,216.84,0.0,433.68,Cartão de Débito,Online,468.0,21
5979,2026-09-17,17:15,123,Camiseta Básica,Camiseta,Preta,P,4,195.44,78.18,703.58,PIX,Online,594.0,20
5980,2026-08-30, 09:30,65,Jaqueta Casual,Jaqueta,Branca,G,2,232.93,69.88,"R$ 395,98",Cartão de Crédito,Online,296.0,22
5981,2026-09-15,18:15,160,Vestido Básica,Vestido,Branca,G,4,38.68,0.0,154.72,Cartão De Crédito,Online,130.0,2
5982,2026-03-31,21:30,14,Bermuda Esporte,Bermuda,Verde,GG,4,113.16,22.63,430.01,Cartão de Débito,Online,357.0,19
5983,2026-04-12,14:15,81,Calça Básica,Calça,Rosa,G,3,188.91,0.0,"566,73",PIX,Online,191.0,8
5984,2026-09-15,21:00,135,Bermuda Básica,Bermuda,Cinza,M,2,74.1,14.82,133.38,Cartão de Débito,Online,535.0,22
5985,2026-05-22,16:15  ,28,Bermuda Premium,Bermuda,Vermelha,GG,4,57.16,34.3,194.34,Cartão de Crédito,Online,214.0,6
5986,2026-07-10,13:45,67,Vestido Premium,Vestido,Preta,G,1,60.66,9.1,51.56,Cartão de Débito,Física,248.0,11
5987,2026-07-10,21:15,132,Acessório Esporte,Acessório,Rosa,P,2,45.67,9.13,82.21,PIX,Física,339.0,5
5988,30-08-2026,13:45,118,Bermuda Premium,Bermuda,Verde,G,4,289.27,0.0,1157.08,Dinheiro,Online,,13
5989,2026-07-08,20:30,9,Acessório X,Acessório,Preta,M,2,51.84,0.0,103.68,Cartão de Débito,Online,532.0,24
5990,2026-04-01,19:30,42,Calça Casual,Calça,Verde,G,1,245.94,0.0,245.94,Dinheiro,Física,582.0,22
5991,2026-04-11,15:30,104,Acessório Premium,Acessório,Rosa,M,2,240.9,0.0,481.8,PIX,Online,288.0,13
5992,2026-04-30,17:00,171,Blusa Casual,Blusa,Verde,M,1,139.15,0.0,139.15,Cartão de Débito,Online,594.0,23
5993,2026-09-26,20:30,170,Bermuda Premium,Bermuda,Vermelha,GG,2,234.75,46.95,422.55,Cartão de Crédito,Online,391.0,3
5994,2026-09-15,15:45,41,Vestido X,Vestido,Verde,M,2,38.61,0.0,77.22,Dinheiro,Online,34.0,13
5995,2026-04-21,16:15,160,Vestido Básica,Vestido,Branca,G,3,38.68,5.8,110.24,Cartão de Crédito,Física,79312.0,14
5996,2026-03-29,11:15,42,Calça Casual,Calça,Verde,G,2,245.94,0.0,491.88,PIX,Online,378.0,1
5997,2026-09-26,17:45,164,Blusa Premium,Blusa,Preta,G,3,175.34,26.3,499.72,Cartão de Crédito,Online,90.0,22
5998,2026-03-28,21:15,88,Bermuda X,Bermuda,Rosa,G,3,55.13,8.27,157.12,Cartão de Débito,Física,561.0,14
5999,2026-03-08,17:00,107,Bermuda Slim,Bermuda,Rosa,M,1,304.94,15.25,289.69,Cartão de Crédito,Online,45.0,11
6000,2026-07-09,18:00,110,Bermuda Slim,Bermuda,Vermelha,G,1,158.66,7.93,150.73,PIX,Física,445.0,1
6001,2026-09-03,11:00,118,Bermuda Premium,Bermuda,Verde,G,1,289.27,28.93,260.34,Dinheiro,Física,587.0,3
6002,2026-08-16,18:30,121,Acessório Básica,Acessório,Vermelha,GG,3,127.53,38.26,344.33,Crediário,Física,350.0,21
6003,2026-05-25,16:45,19,Calça Casual,Calça,Rosa,P,3,165.92,74.66,423.1,Crediário,Física,391.0,12
6004,2026-05-08,12:45,159,Calça Social,Calça,Verde,G,3,166.81,50.04,450.39,PIX,Online,470.0,23
6005,2026-05-01,18:15,17,Acessório Slim,Acessório,Azul,M,1,102.24,0.0,102.24,Cartão de Débito,Física,,14
6006,2026-04-13,11:00,69,Camiseta Básica,Camiseta,Branca,M,4,71.3,42.78,242.42,Cartão de Débito,Física,,12
6007,2026-06-25,21:15,55,Vestido Premium,Vestido,Branca,M,3,126.12,0.0,378.36,Cartão de Débito,Física,,16
6008,2026-07-12,20:00,115,Vestido Básica,Vestido,Vermelha,GG,4,108.11,43.24,389.2,Cartão de Crédito,Física,347.0,20
6009,2026-09-05,17:30,40,Jaqueta Premium,Jaqueta,Branca,G,1,59.14,8.87,50.27,Crediário,Online,499.0,23
6010,2026-09-18,17:00,43,Bermuda Premium,Bermuda,Preta,GG,1,144.6,0.0,"144,60",PIX,Física,186.0,22
6011,2026-07-03,18:15,73,Calça X,Calça,Azul,M,4,313.28,187.97,1065.15,Cartão De Crédito,Online,83.0,9
6012,23/08/2026,10:30,158,Jaqueta Premium,Jaqueta,Rosa,GG,3,91.13,41.01,232.38,Crediário,Física,328.0,8
6013,2026-09-29,11:15,116,Blusa Premium,Blusa,Branca,G,1,68.25,0.0,68.25,Dinheiro,Online,532.0,1
6014,2026-06-04, 10:00 ,62,Jaqueta Social,Jaqueta,Rosa,M,2,66.35,0.0,132.7,Crediário,Física,195.0,2
6015,2026-03-20,16:00,117,Vestido Premium,Vestido,Cinza,M,3,81.36,24.41,"219,67",cartão de crédito,Física,287.0,14
6016,2026-06-02,09:15,42,Calça Casual,Calça,Verde,G,2,245.94,24.59,467.29,PIX,Física,184.0,6
6017,2026-09-15,12:00,12,Blusa X,Blusa,Rosa,P,1,258.15,25.82,232.33,Crediário,Física,460.0,22
6018,2026-09-05,21:15,9,Acessório X,Acessório,Preta,M,4,51.84,0.0,207.36,Dinheiro,Física,127.0,23
6019,2026-04-02,13:00,134,Bermuda Básica,Bermuda,Rosa,GG,3,59.5,17.85,160.65,Cartão de Débito,Online,326.0,20
6020,2026-05-22,15:00,32,Acessório Social,Acessório,Azul,G,2,324.96,0.0,649.92,Cartão de Crédito,Online,265.0,4
6021,2026-05-05,20:15,100,Calça Social,Calça,Preta,M,-2,133.29,0.0,133.29,PIX,Online,155.0,1
6022,2026-04-23,19:30,160,Vestido Básica,Vestido,Branca,G,1,38.68,1.93,36.75,PIX,Física,413.0,12
6023,2026-07-08,09:15,174,Calça Slim,Calça,Cinza,M,1,34.1,1.7,32.4,Cartão de Débito,Física,,1
6024,2026-03-27,21:45,78,Acessório Básica,Acessório,Cinza,GG,1,138.63,13.86,124.77,Cartão de Débito,Física,328.0,19
6025,2026-04-05,16:45,25,Calça Básica,Calça,Rosa,GG,1,346.73,17.34,329.39,PIX,Online,291.0,8
6026,2026-05-05,19:00,168,Camiseta Slim,Camiseta,Preta,GG,3,50.13,0.0,150.39,Crediário,Online,541.0,8
6027,2026-08-23,16:00,49,Calça Esporte,Calça,Preta,P,3,264.21,118.89,673.74,Cartão de Débito,Física,48.0,14
6028,2026-06-30,19:30,62,Jaqueta Social,Jaqueta,Rosa,M,4,66.35,0.0,265.4,PIX,Física,145.0,7
6029,2026-03-09,13:45,78,Acessório Básica,Acessório,Cinza,GG,2,138.63,13.86,263.4,Dinheiro,Física,359.0,16
6030,2026-06-03,15:15,158,Jaqueta Premium,Jaqueta,Rosa,GG,4,91.13,0.0,364.52,Crediário,Online,265.0,17
6031,2026-09-20,13:30,130,Bermuda Slim,Bermuda,Verde,G,2,139.82,41.95,237.69,Cartão de Débito,Física,512.0,9
6032,2026-07-29,19:15,93,Calça Slim,Calça,Azul,G,3,328.53,0.0,985.59,Dinheiro,Física,140.0,1
6033,2026-03-25,20:30,160,Vestido Básica,Vestido,Branca,G,4,38.68,0.0,154.72,Crediário,Física,496.0,10
6034,2026-08-02,21:30,42,Calça Casual,Calça,Verde,G,3,245.94,110.67,627.15,Cartão de Crédito,Física,267.0,22
6035,2026-06-12,21:45,150,Camiseta Casual,Camiseta,Cinza,GG,4,216.84,130.1,737.26,Cartão de Débito,Online,510.0,21
6036,2026-08-06,21:30,63,Bermuda Social,Bermuda,Azul,M,3,250.51,0.0,"751,53",Cartão de Crédito,Online,207.0,17
6037,2026-04-17,20:15,39,Blusa X,Blusa,Vermelha,P,4,80.38,32.15,289.37,Cartão de Débito,Física,559.0,17
6038,2026-06-15,16:00,106,Blusa Premium,Blusa,Azul,P,2,204.85,0.0,409.7,PIX,Online,415.0,25
6039,2026-09-02,13:30,49,Calça Esporte,Calça,Preta,P,2,264.21,0.0,528.42,PIX,Online,150.0,4
6040,2026-06-09,10:30,138,Jaqueta Social,Jaqueta,Branca,P,3,257.25,0.0,771.75,PIX,Online,575.0,12
6041,09/09/2026,20:45,149,Vestido Básica,Vestido,Cinza,GG,1,67.2,0.0,67.2,Dinheiro,Online,198.0,9
6042,2026-03-26,18:45,53,Jaqueta Casual,Jaqueta,Branca,P,3,203.54,30.53,580.09,PIX,Online,455.0,1
6043,2026-08-21,21:15,80,Camiseta Básica,Camiseta,Cinza,M,3,179.41,26.91,511.32,Cartão de Crédito,Online,342.0,10
6044,2026-09-29,19:15,44,Acessório Esporte,Acessório,Preta,M,4,211.07,0.0,844.28,Cartão de Débito,Física,557.0,23
6045,2026-08-21,11:30,36,Jaqueta X,Jaqueta,Rosa,GG,4,109.13,65.48,371.04,Dinheiro,Online,459.0,10
6046,2026-06-02,13:30,101,Jaqueta Casual,Jaqueta,Verde,M,1,263.03,26.3,236.73,Cartão de Crédito,Física,55.0,4
6047,2026-06-06,15:00,82,Bermuda Social,Bermuda,Azul,M,2,325.21,0.0,650.42,Cartão de Crédito,Online,298.0,9
6048,2026-05-17,15:30,85,Calça X,Calça,Cinza,G,2,287.08,0.0,"574,16",Cartão de Débito,Física,401.0,13
6049,2026-05-22,16:00,121,Acessório Básica,Acessório,Vermelha,GG,3,127.53,38.26,344.33,Dinheiro,Física,21.0,22
6050,01/05/26,09:00,114,Camiseta Social,Camiseta,Verde,GG,3,330.12,0.0,990.36,Cartão de Débito,Física,31.0,13
6051,2026-09-06,18:30,52,Vestido Básica,Vestido,Vermelha,G,4,334.95,200.97,1138.83,Cartão de Crédito,Física,335.0,9
6052,2026-05-20,18:15,109,Camiseta Esporte,Camiseta,Branca,GG,1,227.45,0.0,227.45,PIX,Física,,15
6053,2026-06-20,17:15,40,Jaqueta Premium,Jaqueta,Branca,G,3,59.14,26.61,150.81,Cartão de Débito,Física,183.0,14
6054,2026-07-03,10:45,78,Acessório Básica,Acessório,Cinza,GG,4,138.63,0.0,554.52,Cartão de Débito,Física,95.0,3
6055,2026-09-21,21:45,166,Blusa Casual,Blusa,Cinza,P,4,25.41,10.16,91.48,Cartão de Crédito,Física,253.0,20
6056,2026-04-09,10:30,3,Vestido Esporte,Vestido,Azul,GG,2,51.13,0.0,102.26,Cartão de Crédito,Física,348.0,18
6057,2026-09-14,12:15,113,Jaqueta Premium,Jaqueta,Rosa,M,2,196.9,59.07,334.73,Cartão de Débito,Online,,17
6058,2026-08-20,13:45,22,Bermuda Social,Bermuda,Vermelha,GG,1,213.75,0.0,213.75,Dinheiro,Física,,11
6059,2026-04-07,14:15,22,Bermuda Social,Bermuda,Vermelha,GG,1,213.75,10.69,203.06,Cartão de Crédito,Física,198.0,20
6060,2026-08-22,21:15,15,Bermuda Básica,Bermuda,Cinza,G,2,52.05,0.0,104.1,Crediário,Online,337.0,5
6061,2026-05-08,16:45,14,Bermuda Esporte,Bermuda,Verde,GG,3,113.16,50.92,"288,56",Cartão de Crédito,Física,486.0,22
6062,2026-04-27,20:00,78,Acessório Básica,Acessório,Cinza,GG,2,138.63,0.0,277.26,Cartão de Crédito,Online,54.0,11
6063,2026-04-22,17:00,160,Vestido Básica,Vestido,Branca,G,4,38.68,0.0,154.72,Crediário,Física,79.0,10
6064,2026-07-06,19:00,171,Blusa Casual,Blusa,Verde,M,4,139.15,0.0,556.6,cartão de débito,Física,399.0,20
6065,2026-09-04,20:15,170,Bermuda Premium,Bermuda,Vermelha,GG,3,234.75,70.42,633.83,Dinheiro,Física,35.0,16
6066,13/06/26,10:00,143,Bermuda Casual,Bermuda,Rosa,G,1,113.47,11.35,102.12,PIX,Física,96732.0,23
6067,2026-04-29,16:00,68,Acessório Casual,Acessório,Branca,P,3,212.83,0.0,638.49,PIX,Online,202.0,22
6068,2026-08-06,20:45,37,Acessório Premium,Acessório,Rosa,G,1,281.93,0.0,281.93,Crediário,Online,,15
6069,2026-07-15,11:45,7,Acessório X,Acessório,Vermelha,GG,3,160.81,48.24,434.19,Cartão de Crédito,Física,259.0,21
6070,2026-05-09,13:00,78,Acessório Básica,Acessório,Cinza,GG,1,138.63,0.0,138.63,Cartão de Crédito,Física,123.0,25
6071,22/03/26,09:30,162,Acessório Esporte,Acessório,Preta,P,3,314.53,0.0,943.59,pix,Física,109.0,4
6072,2026-07-21,18:30,99,Camiseta Slim,Camiseta,Rosa,G,4,178.5,71.4,642.6,Cartão de Débito,Online,,22
6073,2026-06-30,10:00,69,Camiseta Básica,Camiseta,Branca,M,1,71.3,0.0,71.3,Cartão de Crédito,Física,223.0,8
6074,2026-05-20,15:45,84,Blusa X,Blusa,Branca,M,4,91.15,36.46,328.14,Cartão de Crédito,Online,535.0,18
6075,2026-03-01,10:15,126,Calça Casual,Calça,Vermelha,G,2,275.71,0.0,551.42,Cartão de Débito,Física,543.0,7
6076,2026-06-11,12:15,166,Blusa Casual,Blusa,Cinza,P,4,25.41,5.08,96.56,Cartão de Débito,Física,164.0,2
6077,2026-06-23,11:15,50,Blusa Básica,Blusa,Azul,G,2,124.43,0.0,248.86,Cartão de Débito,Online,448.0,17
6078,2026-04-02,11:15,159,Calça Social,Calça,Verde,G,1,166.81,8.34,158.47,PIX,Física,367.0,13
6079,2026-05-13,18:30,18,Acessório Básica,Acessório,Azul,M,2,242.78,0.0,485.56,Cartão de Débito,Online,443.0,14
6080,2026-03-29,16:30,144,Blusa X,Blusa,Verde,G,4,297.99,0.0,1191.96,CARTÃO DE CRÉDITO,Online,549.0,15
6081,2026-08-11,09:45,54,Bermuda Social,Bermuda,Cinza,G,2,115.21,23.04,207.38,Dinheiro,Física,319.0,7
6082,2026-09-06,17:30,92,Vestido Básica,Vestido,Cinza,G,4,146.37,87.82,497.66,Cartão de Débito,Online,97.0,10
6083,2026-03-01,12:45,19,Calça Casual,Calça,Rosa,P,1,165.92,24.89,141.03,PIX,Física,139.0,15
6084,2026-05-17,16:00,42,Calça Casual,Calça,Verde,G,2,245.94,73.78,418.1,Cartão de Débito,Online,415.0,15
6085,2026-09-23,10:30,149,Vestido Básica,Vestido,Cinza,GG,4,67.2,13.44,255.36,Cartão de Crédito,Física,96.0,20
6086,2026-09-09,10:30,16,Bermuda Esporte,Bermuda,Branca,M,2,242.53,602.901131603276,436.55,Cartão de Débito,Física,556.0,13
6087,2026-07-09,18:30,15,Bermuda Básica,Bermuda,Cinza,G,4,52.05,0.0,208.2,Dinheiro,Física,523.0,7
6088,2026-04-16,19:15,162,Acessório Esporte,Acessório,Preta,P,4,314.53,0.0,1258.12,Cartão de Crédito,Física,188.0,2
6089,2026-05-11,20:30,141,Bermuda Slim,Bermuda,Vermelha,GG,2,162.9,16.29,309.51,Cartão de Débito,Física,103.0,8
6090,15/05/2026,12:00,56,Camiseta Social,Camiseta,Verde,M,3,252.29,75.69,681.18,Cartão de Débito,Online,280.0,22
6091,2026-05-13,14:45,91,Acessório Casual,Acessório,Rosa,M,2,274.86,54.97,494.75,PIX,Online,225.0,22
6092,2026-08-23,17:15,137,Jaqueta Básica,Jaqueta,Cinza,GG,3,124.46,0.0,"373,38",Cartão de Crédito,Online,112.0,14
6093,2026-06-29,16:30,58,Blusa X,Blusa,Branca,P,4,215.52,129.31,732.77,PIX,Física,,14
6094,2026-06-07,09:00,18,Acessório Básica,Acessório,Azul,M,3,242.78,0.0,728.34,PIX,Física,203.0,15
6095,2026-04-26,09:15,24,Blusa Esporte,Blusa,Preta,M,3,315.76,0.0,947.28,Cartão de Débito,Física,511.0,19
6096,2026-06-12,17:30,9,Acessório X,Acessório,Preta,M,1,51.84,0.0,51.84,PIX,Online,5.0,3
6097,2026-03-27,17:45,66,Vestido Básica,Vestido,Preta,GG,2,195.93,0.0,391.86,PIX,Física,448.0,6
6098,2026-09-19,21:00,57,Calça Casual,Calça,Verde,GG,4,86.79,0.0,"R$ 347,16",Crediário,Física,178.0,22
6099,2026-03-18,16:30,51,Blusa Premium,Blusa,Branca,P,4,122.21,0.0,488.84,Crediário,Online,176.0,3
6100,2026-07-13,15:00,103,Acessório Esporte,Acessório,Verde,M,1,142.1,0.0,142.1,Dinheiro,Física,169.0,22
6101,2026-07-15,15:15,10,Camiseta Social,Camiseta,Azul,G,4,281.48,168.89,957.03,PIX,Online,528.0,10
6102,27-03-2026,14:30,13,Blusa Básica,Blusa,Verde,G,4,276.45,55.29,1050.51,PIX,Online,250.0,2
6103,2026-07-09,11:15,157,Bermuda Básica,Bermuda,Azul,P,1,35.03,0.0,35.03,PIX,Física,590.0,14
6104,2026-08-25,10:45,121,Acessório Básica,Acessório,Vermelha,GG,3,127.53,0.0,382.59,Cartão de Crédito,Online,333.0,7
6105,2026-07-08,13:00,124,Camiseta Social,Camiseta,Branca,M,4,31.01,0.0,124.04,PIX,Física,249.0,6
6106,2026-08-04,09:45,114,Camiseta Social,Camiseta,Verde,GG,4,330.12,132.05,1188.43,PIX,Física,108.0,2
6107,2026-09-07,17:00,74,Bermuda Esporte,Bermuda,Branca,M,3,290.34,87.1,783.92,Cartão de Crédito,Online,45.0,1
6108,2026-05-29,11:00,119,Calça Esporte,Calça,Branca,P,1,331.07,16.55,314.52,Cartão de Débito,Física,384.0,3
6109,11/04/2026,13:30,8,Bermuda Básica,Bermuda,Rosa,P,1,301.95,15.1,286.85,Cartão de Débito,Física,208.0,11
6110,2026-09-06,20:15,144,Blusa X,Blusa,Verde,G,4,297.99,119.2,1072.76,Cartão de Crédito,Física,182.0,14
6111,2026-05-28,10:00,93,Calça Slim,Calça,Azul,G,3,328.53,147.84,837.75,Cartão de Débito,Online,228.0,15
6112,2026-09-05, 18:45,118,Bermuda Premium,Bermuda,Verde,G,3,289.27,86.78,781.03,PIX,Online,23.0,5
6113,2026-04-04,09:00,153,Bermuda Social,Bermuda,Cinza,G,1,75.2,11.28,63.92,Crediário,Online,1.0,15
6114,2026-03-16,10:30,128,Acessório X,Acessório,Verde,G,2,38.26,0.0,76.52,Cartão de Débito,Online,143.0,13
6115,2026-09-04,20:45,82,Bermuda Social,Bermuda,Azul,M,2,325.21,0.0,650.42,PIX,Online,109.0,16
6116,2026-06-02,13:00,36,Jaqueta X,Jaqueta,Rosa,GG,4,109.13,0.0,436.52,Cartão de Débito,Física,172.0,2
6117,2026-08-01,09:00,135,Bermuda Básica,Bermuda,Cinza,M,2,74.1,0.0,148.2,Cartão de Crédito,Online,570.0,7
6118,2026-05-13,09:30,55,Vestido Premium,Vestido,Branca,M,4,126.12,0.0,504.48,Cartão de Crédito,Física,154.0,1
6119,2026-07-10,09:15,171,Blusa Casual,Blusa,Verde,M,4,139.15,0.0,556.6,PIX,Online,30.0,15
6120,2026-07-02,19:30,32,Acessório Social,Acessório,Azul,G,4,324.96,0.0,1299.84,Cartão de Crédito,Online,66.0,9
6121,2026-05-06,18:30,15,Bermuda Básica,Bermuda,Cinza,G,3,52.05,15.61,140.54,PIX,Física,472.0,9
6122,2026-08-31,12:15,43,Bermuda Premium,Bermuda,Preta,GG,3,144.6,0.0,"R$ 433,80",Cartão de Débito,Online,109.0,9
6123,2026-07-12,21:30,46,Bermuda Social,Bermuda,Azul,P,3,46.54,13.96,125.66,PIX,Online,55.0,21
6124,2026-09-30,15:15,123,Camiseta Básica,Camiseta,Preta,P,1,195.44,29.32,"166,12",Cartão de Crédito,Online,70.0,11
6125,2026-09-25,15:15,164,Blusa Premium,Blusa,Preta,G,3,175.34,52.6,473.42,Cartão de Crédito,Física,519.0,15
6126,28/04/26,15:15,157,Bermuda Básica,Bermuda,Azul,P,3,35.03,0.0,105.09,PIX,Online,55.0,7
6127,2026-06-28,20:30,80,Camiseta Básica,Camiseta,Cinza,M,1,179.41,0.0,179.41,Cartão de Débito,Online,115.0,15
6128,2026-09-24,17:15,77,Blusa Básica,Blusa,Preta,M,2,29.9,2.99,56.81,Cartão de Débito,Física,449.0,23
6129,2026-07-23,19:45,116,Blusa Premium,Blusa,Branca,G,3,68.25,0.0,204.75,Dinheiro,Física,391.0,17
6130,2026-06-05,19:15,107,Bermuda Slim,Bermuda,Rosa,M,4,304.94,121.98,1097.78,Cartão de Crédito,Física,267.0,19
6131,2026-08-18,19:30,116,Blusa Premium,Blusa,Branca,G,4,68.25,0.0,"R$ 273,00",Cartão de Débito,Online,400.0,6
6132,2026-07-27,20:45,117,Vestido Premium,Vestido,Cinza,M,1,81.36,4.07,"77,29",Cartão de Crédito,Online,596.0,8
6133,2026-08-08,10:30,131,Jaqueta X,Jaqueta,Azul,P,4,192.39,0.0,769.56,Cartão de Débito,Online,359.0,23
6134,2026-06-18,17:30,97,Jaqueta Premium,Jaqueta,Rosa,GG,2,161.24,0.0,322.48,Cartão de Crédito,Online,319.0,6
6135,2026-04-18,17:15,57,Calça Casual,Calça,Verde,GG,1,86.79,4.34,82.45,PIX,Física,195.0,2
6136,2026-05-30,15:30,21,Bermuda Social,Bermuda,Branca,GG,1,301.4,30.14,271.26,Crediário,Física,340.0,18
6137,2026-07-20,19:45,39,Blusa X,Blusa,Vermelha,P,1,80.38,0.0,80.38,Cartão de Crédito,Online,418.0,8
6138,2026-04-12,17:00,69,Camiseta Básica,Camiseta,Branca,M,4,71.3,28.52,256.68,Cartão de Crédito,Online,46.0,13
6139,2026-06-17,13:15,27,Camiseta Casual,Camiseta,Vermelha,P,2,287.37,28.74,546.0,Cartão de Débito,Física,77.0,8
6140,2026-08-15,10:15,26,Jaqueta Esporte,Jaqueta,Verde,P,2,204.58,20.46,388.7,Crediário,Física,535.0,13
6141,2026-08-25,15:00,130,Bermuda Slim,Bermuda,Verde,G,2,139.82,27.96,251.68,PIX,Online,138.0,10
6142,2026-08-22,16:00,131,Jaqueta X,Jaqueta,Azul,P,2,192.39,0.0,384.78,Cartão de Débito,Online,239.0,23
6143,2026-09-28,15:30,20,Blusa Básica,Blusa,Branca,M,3,212.5,0.0,637.5,Cartão de Débito,Online,395.0,19
6144,2026-03-08,19:00,141,Bermuda Slim,Bermuda,Vermelha,GG,4,162.9,97.74,553.86,Cartão de Crédito,Online,426.0,22
6145,2026-06-21,11:30,107,Bermuda Slim,Bermuda,Rosa,M,2,304.94,0.0,609.88,Cartão de Débito,Física,,16
6146,2026-08-23,21:45,128,Acessório X,Acessório,Verde,G,3,38.26,0.0,114.78,Cartão de Crédito,Física,376.0,3
6147,2026-09-09,12:00,1,Blusa Premium,Blusa,Cinza,G,2,318.6,95.58,541.62,Dinheiro,Online,319.0,9
6148,2026-04-17,18:00,31,Vestido Social,Vestido,Azul,GG,1,28.24,0.0,28.24,PIX,Online,504.0,24
6149,2026-09-08,20:45,127,Bermuda X,Bermuda,Azul,M,1,269.31,0.0,269.31,Cartão de Crédito,Física,539.0,2
6150,2026-07-24,17:00,154,Bermuda Básica,Bermuda,Branca,P,3,240.69,0.0,722.07,PIX,Online,344.0,24
6151,2026-04-05,19:45,53,Jaqueta Casual,Jaqueta,Branca,P,4,203.54,40.71,773.45,PIX,Física,546.0,14
6152,2026-09-20,13:30,180,Acessório X,Acessório,Verde,GG,1,108.79,0.0,108.79,Cartão de Crédito,Física,123.0,10
6153,2026-08-31,17:30,123,Camiseta Básica,Camiseta,Preta,P,4,195.44,117.26,664.5,Cartão de Débito,Online,210.0,22
6154,2026-05-22,21:00  ,82,Bermuda Social,Bermuda,Azul,M,3,325.21,97.56,878.07,Cartão de Crédito,Física,52.0,23
6155,2026-09-06,15:00,20,Blusa Básica,Blusa,Branca,M,3,212.5,31.88,605.62,Cartão de Débito,Física,183.0,16
6156,2026-09-03,18:30,179,Calça Social,Calça,Cinza,P,1,214.89,21.49,193.4,PIX,Online,,3
6157,2026-06-07,17:30,146,Calça Premium,Calça,Branca,GG,1,343.66,34.37,309.29,Crediário,Online,39.0,19
6158,2026-05-04,12:45,72,Camiseta Casual,Camiseta,Rosa,P,4,280.68,112.27,1010.45,Cartão De Crédito,Online,220.0,20
6159,2026-04-29,14:15,117,Vestido Premium,Vestido,Cinza,M,2,81.36,24.41,138.31,Cartão de Crédito,Online,259.0,17
6160,2026-04-10,15:30,30,Vestido Esporte,Vestido,Vermelha,G,3,244.92,110.21,624.55,PIX,Online,352.0,16
6161,2026-03-06,14:30,118,Bermuda Premium,Bermuda,Verde,G,2,289.27,28.93,549.61,Crediário,Física,530.0,4
6162,2026-03-18,11:00,126,Calça Casual,Calça,Vermelha,G,4,275.71,0.0,1102.84,Crediário,Online,459.0,6
6163,2026-09-05,11:15,108,Jaqueta X,Jaqueta,Azul,G,1,84.3,4.22,80.08,PIX,Online,266.0,25
6164,2026-04-16,09:45,95,Bermuda X,Bermuda,Cinza,G,4,275.07,110.03,990.25,PIX,Física,170.0,14
6165,2026-05-24,12:30,119,Calça Esporte,Calça,Branca,P,2,331.07,99.32,562.82,Cartão de Débito,Online,203.0,17
6166,2026-09-03,18:30,111,Blusa Esporte,Blusa,Verde,M,2,279.57,27.96,531.18,Cartão de Débito,Física,600.0,1
6167,2026-05-11,16:00,6,Acessório Casual,Acessório,Rosa,GG,1,309.17,0.0,309.17,Cartão de Crédito,Física,468.0,1
6168,2026-08-20,11:30,172,Camiseta Premium,Camiseta,Rosa,G,2,289.13,0.0,578.26,Dinheiro,Online,399.0,10
6169,2026-09-20,16:15,138,Jaqueta Social,Jaqueta,Branca,P,3,257.25,77.18,694.57,PIX,Online,37.0,5
6170,2026-08-17, 18:45,103,Acessório Esporte,Acessório,Verde,M,2,142.1,14.21,269.99,Cartão de Débito,Física,,3
6171,2026-08-28,17:15,6,Acessório Casual,Acessório,Rosa,GG,4,309.17,0.0,1236.68,Cartão de Crédito,Física,298.0,3
6172,2026-09-26,16:00,82,Bermuda Social,Bermuda,Azul,M,2,325.21,0.0,650.42,Cartão de Crédito,Física,539.0,25
6173,2026-06-01,20:30,58,Blusa X,Blusa,Branca,P,4,215.52,43.1,818.98,Cartão de Crédito,Física,324.0,4
6174,2026-03-05,21:00,166,Blusa Casual,Blusa,Cinza,P,3,25.41,0.0,76.23,PIX,Online,101.0,10
6175,2026-03-01,13:45,141,Bermuda Slim,Bermuda,Vermelha,GG,2,162.9,0.0,325.8,Crediário,Online,298.0,5
6176,2026-06-01,16:00,16,Bermuda Esporte,Bermuda,Branca,M,2,242.53,0.0,485.06,Cartão de Crédito,Online,32.0,3
6177,2026-04-10,18:15,38,Acessório Esporte,Acessório,Rosa,P,4,113.5,0.0,454.0,Cartão de Débito,Online,245.0,4
6178,2026-04-18,21:30,11,Calça Básica,Calça,Verde,G,1,112.35,0.0,112.35,Crediário,Online,146.0,25
6179,2026-07-07,14:00,179,Calça Social,Calça,Cinza,P,3,214.89,0.0,644.67,Dinheiro,Física,389.0,19
6180,2026-06-20,20:15,85,Calça X,Calça,Cinza,G,4,287.08,0.0,1148.32,Cartão de Débito,Online,88.0,6
6181,2026-06-01,21:45,7,Acessório X,Acessório,Vermelha,GG,4,160.81,96.49,546.75,Crediário,Física,398.0,21
6182,2026-05-31,12:45,161,Camiseta X,Camiseta,Branca,GG,3,168.83,50.65,455.84,Crediário,Online,269.0,24
6183,2026-03-04,09:30,44,Acessório Esporte,Acessório,Preta,M,4,211.07,42.21,802.07,Cartão de Débito,Física,235.0,25
6184,2026-05-21,11:00,168,Camiseta Slim,Camiseta,Preta,GG,3,50.13,0.0,150.39,Cartão de Crédito,Física,402.0,1
6185,2026-03-03,15:00,63,Bermuda Social,Bermuda,Azul,M,4,250.51,0.0,1002.04,Crediário,Online,375.0,14
6186,2026-04-05,11:15,85,Calça X,Calça,Cinza,G,3,287.08,0.0,861.24,Crediário,Online,407.0,3
6187,2026-06-10,20:45,27,Camiseta Casual,Camiseta,Vermelha,P,3,287.37,129.32,732.79,Cartão de Crédito,Online,590.0,22
6188,2026-08-05,20:00,175,Jaqueta Slim,Jaqueta,Branca,P,3,111.44,50.15,284.17,PIX,Online,415.0,16
6189,2026-07-04,14:15,51,Blusa Premium,Blusa,Branca,P,3,122.21,36.66,329.97,Cartão de Débito,Online,445.0,21
6190,2026-07-05,20:45,120,Camiseta Básica,Camiseta,Rosa,G,1,304.19,0.0,304.19,Cartão de Débito,Online,284.0,15
6191,2026-05-27,18:45,103,Acessório Esporte,Acessório,Verde,M,2,142.1,28.42,255.78,Cartão de Débito,Online,80.0,19
6192,2026-06-07,16:15,40,Jaqueta Premium,Jaqueta,Branca,G,2,59.14,11.83,106.45,Cartão de Débito,Física,151.0,21
6193,2026-07-14,16:15,74,Bermuda Esporte,Bermuda,Branca,M,3,290.34,0.0,871.02,Dinheiro,Online,,7
6194,2026-06-21,09:45,107,Bermuda Slim,Bermuda,Rosa,M,4,304.94,0.0,1219.76,CARTÃO DE CRÉDITO,Online,386.0,21
6195,2026-03-09,09:15,141,Bermuda Slim,Bermuda,Vermelha,GG,2,162.9,0.0,325.8,Crediário,Online,276.0,3
6196,2026-05-22,09:30,43,Bermuda Premium,Bermuda,Preta,GG,1,144.6,21.69,122.91,Dinheiro,Online,397.0,10
6197,2026-07-12,19:30,77,Blusa Básica,Blusa,Preta,M,4,29.9,0.0,119.6,Cartão de Crédito,Online,211.0,17
6198,2026-03-14, 21:00 ,22331,Blusa Premium,Blusa,Branca,P,3,122.21,18.33,348.3,PIX,Online,204.0,25
6199,2026-03-06,10:15,100,Calça Social,Calça,Preta,M,4,133.29,79.97,453.19,Cartão de Crédito,Física,,25
6200,2026-07-08,09:15,176,Vestido Esporte,Vestido,Vermelha,M,1,227.13,22.71,204.42,Dinheiro,Física,444.0,22
6201,2026-05-31,13:30,79,Vestido Slim,Vestido,Verde,GG,3,29.96,8.99,80.89,Pix,Física,5.0,17
6202,2026-04-15,21:30,74912,Camiseta Básica,Camiseta,Cinza,M,1,179.41,26.91,152.5,Cartão De Débito,Online,488.0,2
6203,2026-03-30,14:00,68,Acessório Casual,Acessório,Branca,P,3,212.83,31.92,606.57,Cartão de Débito,Online,133.0,9
6204,2026-09-18,13:30,116,Blusa Premium,Blusa,Branca,G,4,68.25,0.0,273.0,Cartão de Débito,Online,255.0,5
6205,2026-08-04,19:30,127,Bermuda X,Bermuda,Azul,M,2,269.31,0.0,538.62,Cartão de Débito,Física,407.0,3
6206,2026-09-18,20:45,152,Jaqueta Premium,Jaqueta,Verde,M,1,208.59,10.43,198.16,PIX,Física,211.0,20
6207,2026-07-18,19:00,35,Blusa Premium,Blusa,Preta,P,2,314.35,0.0,628.7,Cartão De Crédito,Online,455.0,5
6208,2026-03-09,10:00,46,Bermuda Social,Bermuda,Azul,P,2,46.54,9.31,83.77,Crediário,Online,408.0,11
6209,2026-09-28,18:00,103,Acessório Esporte,Acessório,Verde,M,3,142.1,0.0,426.3,Dinheiro,Online,102.0,2
6210,2026-05-07,15:45,132,Acessório Esporte,Acessório,Rosa,P,4,45.67,9.13,173.55,Cartão de Crédito,Online,249.0,23
6211,2026-07-22,15:00,14,Bermuda Esporte,Bermuda,Verde,GG,1,113.16,0.0,113.16,Cartão de Crédito,Física,,5
6212,2026-06-23,18:30,72,Camiseta Casual,Camiseta,Rosa,P,1,280.68,28.07,252.61,dinheiro,Física,260.0,24
6213,2026-04-30,13:00,151,Vestido Social,Vestido,Cinza,P,4,305.13,61.03,1159.49,PIX,Física,331.0,20
6214,2026-09-16,09:15,113,Jaqueta Premium,Jaqueta,Rosa,M,1,196.9,29.54,167.36,Cartão de Crédito,Online,,1
6215,2026-06-23,20:15,168,Camiseta Slim,Camiseta,Preta,GG,1,50.13,0.0,50.13,Dinheiro,Física,416.0,8
6216,2026-08-22,16:00,57,Calça Casual,Calça,Verde,GG,2,86.79,26.04,147.54,Cartão de Débito,Física,345.0,20
6217,2026-06-12,09:45,147,Calça Premium,Calça,Preta,P,4,176.07,35.21,669.07,PIX,Online,321.0,10
6218,2026-09-17,14:30,59,Blusa Social,Blusa,Verde,M,1,202.64,20.26,182.38,Dinheiro,Online,40.0,1
6219,2026-06-21,09:30,167,Jaqueta Slim,Jaqueta,Branca,G,3,219.14,0.0,"657,42",Cartão de Débito,Física,27.0,1
6220,2026-07-29,14:00,147,Calça Premium,Calça,Preta,P,1,176.07,17.61,158.46,Cartão de Débito,Física,355.0,22
6221,2026-06-08,12:45,29,Blusa Básica,Blusa,Azul,P,2,287.6,0.0,575.2,Cartão de Crédito,Física,593.0,5
6222,2026-06-03,11:15,95,Bermuda X,Bermuda,Cinza,G,2,275.07,27.51,522.63,Cartão De Débito,Física,76.0,8
6223,2026-03-12,11:45,14,Bermuda Esporte,Bermuda,Verde,GG,1,113.16,0.0,113.16,PIX,Física,89.0,25
6224,2026-06-16,20:30,97,Jaqueta Premium,Jaqueta,Rosa,GG,4,161.24,32.25,612.71,Dinheiro,Online,539.0,25
6225,2026-06-05,17:45,126,Calça Casual,Calça,Vermelha,G,4,275.71,110.28,"992,56",Cartão de Débito,Física,80.0,10
6226,2026-04-15,20:30,144,Blusa X,Blusa,Verde,G,1,297.99,29.8,268.19,PIX,Online,411.0,4
6227,2026-05-15,16:45,114,Camiseta Social,Camiseta,Verde,GG,2,330.12,0.0,660.24,Cartão de Crédito,Online,65.0,19
6228,2026-06-11,11:30,2,Calça Casual,Calça,Verde,M,1,308.53,30.85,277.68,Cartão de Débito,Física,144.0,5
6229,2026-03-19,15:15,168,Camiseta Slim,Camiseta,Preta,GG,2,50.13,5.01,95.25,PIX,Física,448.0,5
6230,2026-06-08,09:45,133,Jaqueta Social,Jaqueta,Branca,P,3,168.42,0.0,505.26,Crediário,Online,430.0,5
6231,2026-03-26,09:45,164,Blusa Premium,Blusa,Preta,G,1,175.34,0.0,175.34,Cartão de Débito,Física,87.0,11
6232,14-04-2026,18:30,145,Bermuda Casual,Bermuda,Azul,GG,4,159.63,31.93,606.59,Cartão de Crédito,Online,357.0,1
6233,2026-04-07,14:00,115,Vestido Básica,Vestido,Vermelha,GG,4,108.11,43.24,389.2,Cartão de Débito,Física,,20
6234,2026-07-16,12:45,26,Jaqueta Esporte,Jaqueta,Verde,P,4,204.58,0.0,818.32,Cartão de Débito,Online,,20
6235,2026-08-03,12:15,133,Jaqueta Social,Jaqueta,Branca,P,1,168.42,8.42,160.0,Crediário,Física,329.0,13
6236,2026-07-19,20:00,117,Vestido Premium,Vestido,Cinza,M,3,81.36,0.0,244.08,Cartão de Débito,Física,,24
6237,2026-06-06,17:00,9,Acessório X,Acessório,Preta,M,3,51.84,23.33,132.19,Cartão de Débito,Física,255.0,2
6238,2026-05-01,17:30,147,Calça Premium,Calça,Preta,P,1,176.07,0.0,176.07,PIX,Online,311.0,14
6239,2026-06-19,10:00,176,Vestido Esporte,Vestido,Vermelha,M,2,227.13,45.43,408.83,PIX,Online,292.0,25
6240,2026-09-04,09:45,74,Bermuda Esporte,Bermuda,Branca,M,3,290.34,0.0,871.02,Pix,Online,513.0,25
6241,2026-03-31,09:15,174,Calça Slim,Calça,Cinza,M,4,34.1,6.82,129.58,PIX,Online,537.0,5
6242,2026-04-26,20:15,39,Blusa X,Blusa,Vermelha,P,3,80.38,12.06,"229,08",Cartão de Débito,Física,74.0,25
6243,2026-04-13,10:45,1,Blusa Premium,Blusa,Cinza,G,3,318.6,0.0,955.8,Cartão de Crédito,Online,318.0,13
6244,12/08/26,17:15,145,Bermuda Casual,Bermuda,Azul,GG,2,159.63,0.0,319.26,Crediário,Física,275.0,17
6245,2026-03-12,12:00,22,Bermuda Social,Bermuda,Vermelha,GG,2,213.75,0.0,427.5,Cartão de Crédito,Online,,12
6246,2026-09-24,14:15,126,Calça Casual,Calça,Vermelha,G,1,275.71,0.0,275.71,Cartão de Débito,Física,127.0,14
6247,2026-05-13,16:00,136,Bermuda Slim,Bermuda,Verde,P,4,232.34,92.94,836.42,PIX,Física,562.0,1
6248,2026-04-17,19:45,13,Blusa Básica,Blusa,Verde,G,1,276.45,13.82,262.63,PIX,Física,502.0,12
6249,2026-04-11, 17:00,89,Acessório Premium,Acessório,Vermelha,GG,4,62.97,0.0,251.88,Cartão de Débito,Online,26.0,22
6250,2026-03-25,14:00  ,57,Calça Casual,Calça,Verde,GG,4,86.79,17.36,329.8,Crediário,Física,562.0,4
6251,2026-03-08,16:45,8,Bermuda Básica,Bermuda,Rosa,P,3,301.95,45.29,"860,56",Dinheiro,Física,23.0,24
6252,2026-04-30,17:00,35,Blusa Premium,Blusa,Preta,P,3,314.35,0.0,943.05,Cartão de Débito,Online,271.0,3
6253,2026-08-19,14:30,158,Jaqueta Premium,Jaqueta,Rosa,GG,1,91.13,9.11,82.02,PIX,Online,520.0,14
6254,2026-08-19,15:45,25,Calça Básica,Calça,Rosa,GG,1,346.73,0.0,346.73,CARTÃO DE DÉBITO,Online,235.0,14
6255,2026-09-30,19:30,128,Acessório X,Acessório,Verde,G,3,38.26,0.0,114.78,Cartão de Crédito,Física,245.0,6
6256,2026-06-15,17:45,10,Camiseta Social,Camiseta,Azul,G,1,281.48,0.0,281.48,Crediário,Física,475.0,16
6257,2026-06-21,19:30,106,Blusa Premium,Blusa,Azul,P,3,204.85,92.18,522.37,Cartão de Crédito,Física,163.0,13
6258,2026-08-05,11:30,77,Blusa Básica,Blusa,Preta,M,1,29.9,2.99,26.91,Crediário,Física,574.0,19
6259,2026-04-01,10:15,133,Jaqueta Social,Jaqueta,Branca,P,2,168.42,0.0,336.84,Cartão de Débito,Online,564.0,13
6260,29/06/2026,13:30,71,Acessório Premium,Acessório,Rosa,GG,3,227.52,0.0,682.56,Cartão de Crédito,Física,306.0,8
6261,2026-09-08,14:00,141,Bermuda Slim,Bermuda,Vermelha,GG,3,162.9,48.87,439.83,Dinheiro,Online,387.0,20
6262,2026-09-01,21:30,90,Jaqueta Social,Jaqueta,Rosa,M,1,340.94,17.05,323.89,Cartão de Débito,Física,441.0,7
6263,2026-08-05,10:45,52,Vestido Básica,Vestido,Vermelha,G,1,334.95,50.24,284.71,Dinheiro,Online,339.0,8
6264,2026-09-13,14:15,149,Vestido Básica,Vestido,Cinza,GG,1,67.2,0.0,67.2,PIX,Física,195.0,10
6265,2026-03-05,15:45,43,Bermuda Premium,Bermuda,Preta,GG,1,144.6,21.69,122.91,Crediário,Física,263.0,25
6266,2026-04-24,11:30,165,Calça Casual,Calça,Rosa,G,1,158.71,0.0,158.71,Dinheiro,Física,584.0,6
6267,2026-04-28,10:30,79,Vestido Slim,Vestido,Verde,GG,1,29.96,0.0,29.96,PIX,Física,81.0,12
6268,2026-06-28,21:45,121,Acessório Básica,Acessório,Vermelha,GG,2,127.53,25.51,229.55,PIX,Física,516.0,11
6269,2026-08-18,14:45,144,Blusa X,Blusa,Verde,G,2,297.99,59.6,536.38,Cartão de Crédito,Online,365.0,22
6270,2026-08-16, 12:30,114,Camiseta Social,Camiseta,Verde,GG,1,330.12,0.0,330.12,Cartão de Crédito,Física,172.0,8
6271,2026-03-07,15:30,111,Blusa Esporte,Blusa,Verde,M,2,279.57,27.96,531.18,Cartão de Crédito,Online,469.0,8
6272,2026-06-29,11:15,87,Camiseta Casual,Camiseta,Cinza,P,3,273.14,81.94,737.48,Cartão de Débito,Física,150.0,5
6273,2026-04-26,15:45,119,Calça Esporte,Calça,Branca,P,3,331.07,0.0,993.21,Cartão de Débito,Online,570.0,10
6274,2026-05-12,09:30,5,Jaqueta Básica,Jaqueta,Preta,GG,2,235.61,70.68,400.54,PIX,Física,118.0,7
6275,2026-06-14,17:15,143,Bermuda Casual,Bermuda,Rosa,G,3,113.47,0.0,340.41,Cartão de Débito,Online,,8
6276,2026-08-10,17:00,164,Blusa Premium,Blusa,Preta,G,3,175.34,0.0,526.02,Crediário,Física,6741.0,16
6277,2026-09-06,11:00,8,Bermuda Básica,Bermuda,Rosa,P,4,301.95,181.17,1026.63,Cartão de Crédito,Online,260.0,7
6278,2026-09-09,21:45,145,Bermuda Casual,Bermuda,Azul,GG,1,159.63,0.0,159.63,Cartão de Crédito,Física,155.0,21
6279,2026-04-09,13:00,7,Acessório X,Acessório,Vermelha,GG,1,160.81,0.0,160.81,Crediário,Física,,4
6280,2026-07-08,21:30,65,Jaqueta Casual,Jaqueta,Branca,G,2,232.93,69.88,395.98,Cartão de Débito,Física,213.0,3
6281,2026-05-23,19:00,47,Blusa Esporte,Blusa,Vermelha,M,3,85.46,0.0,"R$ 256,38",Cartão de Crédito,Online,560.0,1
6282,2026-05-23,10:00,119,Calça Esporte,Calça,Branca,P,2,331.07,0.0,662.14,PIX,Online,325.0,5
6283,2026-05-19,10:00,174,Calça Slim,Calça,Cinza,M,3,34.1,0.0,102.3,Cartão de Crédito,Online,557.0,17
6284,2026-09-28,09:00,173,Camiseta Esporte,Camiseta,Preta,P,1,183.66,18.37,165.29,PIX,Física,335.0,3
6285,2026-07-10,12:15,46,Bermuda Social,Bermuda,Azul,P,2,46.54,4.65,88.43,PIX,Física,192.0,2
6286,2026-09-01,19:00,22,Bermuda Social,Bermuda,Vermelha,GG,4,213.75,85.5,769.5,Cartão de Crédito,Online,525.0,15
6287,2026-05-23,18:45,129,Acessório X,Acessório,Branca,M,2,84.81,25.44,144.18,Cartão de Débito,Online,466.0,8
6288,2026-05-25,19:00,168,Camiseta Slim,Camiseta,Preta,GG,1,50.13,0.0,50.13,Cartão de Crédito,Física,172.0,11
6289,2026-05-09,09:45,19,Calça Casual,Calça,Rosa,P,2,165.92,33.18,298.66,Cartão de Crédito,Física,590.0,23
6290,2026-03-29,10:00,163,Blusa Esporte,Blusa,Rosa,GG,1,291.86,0.0,291.86,Cartão de Crédito,Física,79.0,8
6291,2026-08-09,21:30,119,Calça Esporte,Calça,Branca,P,1,331.07,0.0,331.07,Dinheiro,Física,130.0,3
6292,2026-03-10,18:00,37,Acessório Premium,Acessório,Rosa,G,4,281.93,0.0,1127.72,PIX,Física,386.0,2
6293,2026-04-17,16:45,27,Camiseta Casual,Camiseta,Vermelha,P,1,287.37,0.0,287.37,PIX,Online,94.0,12
6294,2026-04-04,20:00,78,Acessório Básica,Acessório,Cinza,GG,4,138.63,0.0,554.52,Crediário,Online,481.0,5
6295,2026-05-02,19:45,77,Blusa Básica,Blusa,Preta,M,1,29.9,2.99,26.91,Crediário,Online,536.0,5
6296,2026-06-26,15:45,62,Jaqueta Social,Jaqueta,Rosa,M,3,66.35,0.0,199.05,PIX,Física,364.0,7
6297,2026-04-04,16:30,139,Jaqueta X,Jaqueta,Preta,M,2,172.53,0.0,345.06,Dinheiro,Online,164.0,23
6298,2026-08-11,17:00,152,Jaqueta Premium,Jaqueta,Verde,M,1,208.59,0.0,208.59,Cartão de Débito,Física,327.0,8
6299,2026-05-20,12:45,134,Bermuda Básica,Bermuda,Rosa,GG,0,59.5,0.0,59.5,Cartão de Débito,Física,30.0,4
6300,2026-05-19,21:00,147,Calça Premium,Calça,Preta,P,3,176.07,26.41,501.8,PIX,Online,553.0,6
6301,2026-08-23,15:00,57,Calça Casual,Calça,Verde,GG,2,86.79,0.0,173.58,Cartão de Débito,Online,393.0,24
6302,2026-03-21,11:45,132,Acessório Esporte,Acessório,Rosa,P,0,45.67,0.0,91.34,Cartão de Débito,Física,544.0,11
6303,2026-08-13,19:00,116,Blusa Premium,Blusa,Branca,G,1,68.25,0.0,68.25,PIX,Física,473.0,18
6304,27-08-2026,20:15,165,Calça Casual,Calça,Rosa,G,2,158.71,0.0,317.42,Cartão de Débito,Física,348.0,17
6305,2026-05-31,10:45,155,Blusa X,Blusa,Rosa,GG,2,229.95,0.0,459.9,Dinheiro,Física,485.0,19
6306,2026-06-10,18:45,121,Acessório Básica,Acessório,Vermelha,GG,1,127.53,12.75,114.78,cartão de débito,Online,151.0,11
6307,2026-08-22,14:45,91,Acessório Casual,Acessório,Rosa,M,3,274.86,123.69,700.89,Dinheiro,Física,580.0,14
6308,2026-03-04,16:45,11626,Vestido Básica,Vestido,Cinza,GG,1,67.2,0.0,67.2,Dinheiro,Física,284.0,23
6309,2026-08-21,20:45,164,Blusa Premium,Blusa,Preta,G,1,175.34,8.77,166.57,Cartão de Crédito,Física,387.0,24
6310,2026-07-03,18:30,54,Bermuda Social,Bermuda,Cinza,G,3,115.21,34.56,311.07,PIX,Online,31.0,2
6311,24/07/2026,20:30,47,Blusa Esporte,Blusa,Vermelha,M,4,85.46,17.09,324.75,Cartão de Crédito,Física,313.0,11
6312,2026-03-19,10:30,109,Camiseta Esporte,Camiseta,Branca,GG,4,227.45,136.47,773.33,Cartão de Crédito,Física,333.0,2
6313,2026-03-18,09:30,34,Blusa Casual,Blusa,Preta,GG,2,206.43,20.64,392.22,Crediário,Física,544.0,4
6314,2026-03-29,14:45  ,6,Acessório Casual,Acessório,Rosa,GG,3,309.17,0.0,927.51,Cartão de Crédito,Online,418.0,7
6315,2026-09-10,15:15,17,Acessório Slim,Acessório,Azul,M,1,102.24,10.22,92.02,PIX,Física,599.0,11
6316,2026-03-31,16:30,28,Bermuda Premium,Bermuda,Vermelha,GG,3,57.16,0.0,171.48,Cartão de Crédito,Física,376.0,16
6317,2026-04-18,09:30,126,Calça Casual,Calça,Vermelha,G,4,275.71,165.43,937.41,PIX,Física,210.0,2
6318,2026-05-03,13:00,23,Calça Social,Calça,Preta,GG,4,181.44,36.29,"689,47",Cartão de Débito,Física,148.0,5
6319,2026-04-30,13:30,130,Bermuda Slim,Bermuda,Verde,G,1,139.82,0.0,139.82,Cartão de Débito,Online,425.0,20
6320,2026-03-05,17:45,71,Acessório Premium,Acessório,Rosa,GG,3,227.52,0.0,682.56,Cartão de Débito,Física,375.0,1
6321,2026-05-15,17:15,132,Acessório Esporte,Acessório,Rosa,P,4,45.67,27.4,155.28,PIX,Física,219.0,14
6322,2026-09-28,15:30,11,Calça Básica,Calça,Verde,G,1,112.35,11.24,101.11,Cartão de Crédito,Física,338.0,6
6323,2026-06-30,21:30,156,Calça Esporte,Calça,Cinza,P,3,179.11,0.0,537.33,PIX,Física,205.0,2
6324,2026-03-01,19:15,135,Bermuda Básica,Bermuda,Cinza,M,4,74.1,29.64,266.76,Cartão de Débito,Online,581.0,21
6325,2026-09-06,09:45,115,Vestido Básica,Vestido,Vermelha,GG,2,108.11,0.0,216.22,Cartão de Crédito,Física,280.0,21
6326,2026-07-31,11:00,134,Bermuda Básica,Bermuda,Rosa,GG,2,59.5,0.0,119.0,Cartão de Crédito,Física,,9
6327,2026-03-03,20:15,132,Acessório Esporte,Acessório,Rosa,P,1,45.67,0.0,45.67,Cartão de Crédito,Online,108.0,24
6328,2026-09-30,21:15  ,6,Acessório Casual,Acessório,Rosa,GG,1,309.17,0.0,309.17,Cartão de Crédito,Online,215.0,22
6329,05-05-2026,14:00,132,Acessório Esporte,Acessório,Rosa,P,2,45.67,0.0,91.34,Cartão de Crédito,Física,224.0,8
6330,2026-04-28,16:30,135,Bermuda Básica,Bermuda,Cinza,M,1,74.1,0.0,74.1,PIX,Física,548.0,23
6331,2026-04-19,19:30,56,Camiseta Social,Camiseta,Verde,M,3,252.29,113.53,"R$ 643,34",PIX,Online,348.0,16
6332,2026-09-08,19:00,138,Jaqueta Social,Jaqueta,Branca,P,2,257.25,0.0,514.5,Dinheiro,Online,493.0,8
6333,2026-04-24,20:00,180,Acessório X,Acessório,Verde,GG,4,108.79,0.0,435.16,Cartão de Débito,Física,442.0,4
6334,2026-09-17,20:15,58,Blusa X,Blusa,Branca,P,1,215.52,0.0,215.52,Cartão de Crédito,Online,107.0,15
6335,2026-06-25,16:15,165,Calça Casual,Calça,Rosa,G,4,158.71,0.0,634.84,Cartão de Débito,Online,206.0,5
6336,2026-03-23,17:15,128,Acessório X,Acessório,Verde,G,3,38.26,0.0,114.78,Cartão de Débito,Física,158.0,19
6337,2026-09-11,19:00,4,Acessório Básica,Acessório,Vermelha,G,4,81.82,0.0,327.28,Cartão de Débito,Física,270.0,5
6338,29/05/26,14:15,139,Jaqueta X,Jaqueta,Preta,M,3,172.53,25.88,491.71,Cartão de Débito,Física,292.0,5
6339,2026-09-07,12:45,6,Acessório Casual,Acessório,Rosa,GG,2,309.17,92.75,525.59,PIX,Física,285.0,22
6340,2026-06-24,21:30,154,Bermuda Básica,Bermuda,Branca,P,1,240.69,0.0,240.69,Cartão de Débito,Física,369.0,21
6341,2026-03-29,11:00,25,Calça Básica,Calça,Rosa,GG,3,346.73,104.02,936.17,Cartão de Débito,Online,534.0,20
6342,2026-06-25,19:45,9,Acessório X,Acessório,Preta,M,3,51.84,15.55,139.97,Dinheiro,Online,394.0,1
6343,2026-07-17,17:30,142,Vestido Esporte,Vestido,Branca,GG,1,142.68,7.13,135.55,Dinheiro,Física,575.0,1
6344,2026-07-30,19:30,110,Bermuda Slim,Bermuda,Vermelha,G,3,158.66,0.0,475.98,Dinheiro,Física,326.0,19
6345,2026-09-22,18:00,1,Blusa Premium,Blusa,Cinza,G,1,318.6,47.79,270.81,PIX,Física,291.0,22
6346,2026-05-21,11:15,80,Camiseta Básica,Camiseta,Cinza,M,3,179.41,0.0,538.23,Cartão de Débito,Física,377.0,8
6347,2026-08-16,12:30,39,Blusa X,Blusa,Vermelha,P,4,80.38,0.0,321.52,Cartão de Débito,Online,395.0,23
6348,2026-06-05,16:30,33,Camiseta Esporte,Camiseta,Verde,G,4,238.32,47.66,905.62,dinheiro,Física,341.0,20
6349,2026-08-02,14:30,90,Jaqueta Social,Jaqueta,Rosa,M,4,340.94,68.19,1295.57,Dinheiro,Online,99.0,15
6350,2026-09-10,11:45,71,Acessório Premium,Acessório,Rosa,GG,4,227.52,0.0,910.08,Cartão de Crédito,Física,445.0,16
6351,2026-07-03,11:30,86,Blusa Social,Blusa,Azul,P,1,56.25,0.0,56.25,Cartão de Débito,Física,393.0,8
6352,2026-04-10,19:45,136,Bermuda Slim,Bermuda,Verde,P,1,232.34,11.62,220.72,PIX,Física,373.0,8
6353,2026-09-26,20:45,78,Acessório Básica,Acessório,Cinza,GG,2,138.63,13.86,263.4,Cartão de Crédito,Física,229.0,9
6354,2026-07-29,13:00,20,Blusa Básica,Blusa,Branca,M,1,212.5,0.0,212.5,Cartão de Crédito,Física,133.0,23
6355,13-08-2026,18:15  ,6,Acessório Casual,Acessório,Rosa,GG,1,309.17,15.46,293.71,Cartão de Débito,Física,14.0,17
6356,2026-08-17,15:45,50,Blusa Básica,Blusa,Azul,G,3,124.43,0.0,373.29,Cartão de Crédito,Online,63.0,25
6357,2026-05-24,17:15,29,Blusa Básica,Blusa,Azul,P,3,287.6,129.42,733.38,PIX,Física,220.0,6
6358,2026-09-21,17:30,171,Blusa Casual,Blusa,Verde,M,2,139.15,0.0,278.3,Cartão de Crédito,Online,569.0,6
6359,2026-03-23,18:00,20751,Bermuda Slim,Bermuda,Verde,P,1,232.34,0.0,232.34,Cartão de Débito,Online,,4
6360,2026-05-03,16:45,152,Jaqueta Premium,Jaqueta,Verde,M,1,208.59,10.43,198.16,Crediário,Física,241.0,5
6361,2026-05-19,13:00,122,Calça Social,Calça,Azul,M,1,77.6,11.64,65.96,Cartão de Crédito,Online,179.0,10
6362,2026-08-08, 09:30 ,122,Calça Social,Calça,Azul,M,1,77.6,0.0,77.6,Crediário,Online,148.0,14
6363,2026-07-17,12:15,22,Bermuda Social,Bermuda,Vermelha,GG,3,213.75,0.0,641.25,Crediário,Online,356.0,2
6364,2026-08-28,14:00,46,Bermuda Social,Bermuda,Azul,P,2,46.54,0.0,93.08,PIX,Física,389.0,8
6365,2026-05-21,15:15,1,Blusa Premium,Blusa,Cinza,G,2,318.6,0.0,637.2,Cartão de Crédito,Online,467.0,4
6366,2026-09-17,17:30,78,Acessório Básica,Acessório,Cinza,GG,4,138.63,27.73,526.79,PIX,Online,391.0,10
6367,2026-05-30,10:15,28,Bermuda Premium,Bermuda,Vermelha,GG,3,57.16,17.15,154.33,PIX,Física,282.0,2
6368,2026-03-31,12:30,1,Blusa Premium,Blusa,Cinza,G,3,318.6,143.37,812.43,Cartão de Crédito,Física,305.0,12
6369,2026-04-15,21:15,41,Vestido X,Vestido,Verde,M,1,38.61,3.86,34.75,PIX,Física,117.0,21
6370,2026-04-08,15:30,75,Bermuda Premium,Bermuda,Cinza,G,2,129.65,12.97,246.33,Cartão de Débito,Online,559.0,22
6371,2026-04-19,20:00,133,Jaqueta Social,Jaqueta,Branca,P,4,168.42,0.0,673.68,Crediário,Online,264.0,1
6372,2026-04-24,17:45,15,Bermuda Básica,Bermuda,Cinza,G,4,52.05,0.0,208.2,Dinheiro,Online,441.0,1
6373,2026-07-22,21:00,98,Acessório Básica,Acessório,Branca,G,2,254.79,50.96,458.62,PIX,Online,143.0,19
6374,2026-04-15,17:45,115,Vestido Básica,Vestido,Vermelha,GG,2,108.11,0.0,216.22,Cartão de Crédito,Física,485.0,22
6375,2026-06-06,13:00,105,Calça Premium,Calça,Vermelha,GG,4,53.58,0.0,214.32,Cartão de Débito,Física,507.0,7
6376,2026-04-24, 11:30 ,155,Blusa X,Blusa,Rosa,GG,3,229.95,0.0,689.85,Cartão de Débito,Online,137.0,13
6377,2026-06-13,14:15,21,Bermuda Social,Bermuda,Branca,GG,3,301.4,45.21,858.99,Cartão de Débito,Física,231.0,24
6378,2026-05-20,17:45,21,Bermuda Social,Bermuda,Branca,GG,4,301.4,0.0,1205.6,Dinheiro,Online,524.0,3
6379,2026-03-11,14:15,108,Jaqueta X,Jaqueta,Azul,G,2,84.3,0.0,168.6,PIX,Online,515.0,5
6380,2026-03-12,19:00,68,Acessório Casual,Acessório,Branca,P,4,212.83,85.13,766.19,PIX,Online,8.0,19
6381,2026-07-16,17:45,45,Jaqueta Social,Jaqueta,Preta,P,1,105.9,0.0,105.9,Crediário,Online,489.0,11
6382,2026-05-18,10:45,104,Acessório Premium,Acessório,Rosa,M,2,240.9,0.0,481.8,Crediário,Online,125.0,2
6383,2026-06-16,10:15,64,Blusa Slim,Blusa,Cinza,G,4,307.95,184.77,"R$ 1.047,03",Cartão de Débito,Física,,10
6384,2026-07-16,11:15,104,Acessório Premium,Acessório,Rosa,M,4,240.9,48.18,915.42,Crediário,Online,318.0,25
6385,2026-05-21,10:00,140,Jaqueta Básica,Jaqueta,Cinza,P,1,275.21,27.52,247.69,Cartão de Débito,Física,585.0,4
6386,2026-09-29,14:45,105,Calça Premium,Calça,Vermelha,GG,3,53.58,0.0,160.74,Cartão de Crédito,Física,331.0,10
6387,2026-05-26,15:15,166,Blusa Casual,Blusa,Cinza,P,1,25.41,0.0,25.41,PIX,Online,140.0,10
6388,2026-06-12,20:30,51,Blusa Premium,Blusa,Branca,P,1,122.21,0.0,122.21,Cartão de Débito,Online,390.0,5
6389,2026-05-13,18:45,131,Jaqueta X,Jaqueta,Azul,P,1,192.39,0.0,192.39,Cartão de Débito,Física,254.0,13
6390,2026-05-25,20:30,151,Vestido Social,Vestido,Cinza,P,2,305.13,0.0,610.26,Cartão de Débito,Online,98.0,16
6391,2026-07-04,19:45,154,Bermuda Básica,Bermuda,Branca,P,4,240.69,0.0,962.76,Crediário,Online,578.0,22
6392,2026-09-08,18:00,31,Vestido Social,Vestido,Azul,GG,3,28.24,12.71,72.01,Cartão de Crédito,Online,204.0,18
6393,2026-07-29,18:00,38,Acessório Esporte,Acessório,Rosa,P,1,113.5,11.35,102.15,Cartão de Crédito,Online,310.0,13
6394,2026-07-20,19:45,145,Bermuda Casual,Bermuda,Azul,GG,3,159.63,23.94,454.95,Cartão de Débito,Online,87.0,10
6395,2026-05-16,09:15,138,Jaqueta Social,Jaqueta,Branca,P,3,257.25,0.0,771.75,Cartão de Débito,Física,483.0,23
6396,2026-08-06,12:45,161,Camiseta X,Camiseta,Branca,GG,2,168.83,0.0,337.66,Cartão de Débito,Online,162.0,17
6397,2026-09-12,17:00,66,Vestido Básica,Vestido,Preta,GG,2,195.93,0.0,391.86,Dinheiro,Física,,12
6398,2026-09-07,18:15  ,142,Vestido Esporte,Vestido,Branca,GG,1,142.68,7.13,135.55,Cartão de Crédito,Física,402.0,7
6399,2026-07-31,17:00,116,Blusa Premium,Blusa,Branca,G,4,68.25,0.0,273.0,Cartão de Crédito,Online,241.0,16
6400,2026-06-10,16:00,106,Blusa Premium,Blusa,Azul,P,2,204.85,20.48,389.22,PIX,Física,34.0,23
6401,2026-06-17,09:30,78,Acessório Básica,Acessório,Cinza,GG,4,138.63,55.45,499.07,Cartão de Débito,Online,184.0,11
6402,2026-08-11,13:30,150,Camiseta Casual,Camiseta,Cinza,GG,3,216.84,0.0,650.52,Cartão de Débito,Online,396.0,5
6403,2026-04-28,19:30,107,Bermuda Slim,Bermuda,Rosa,M,3,304.94,0.0,914.82,Cartão de Crédito,Física,87.0,7
6404,2026-08-19,20:00,72,Camiseta Casual,Camiseta,Rosa,P,3,280.68,0.0,842.04,Dinheiro,Online,13329.0,2
6405,2026-06-24,09:15,146,Calça Premium,Calça,Branca,GG,2,343.66,34.37,652.95,Cartão de Débito,Física,505.0,24
6406,2026-08-24,18:45,62,Jaqueta Social,Jaqueta,Rosa,M,3,66.35,0.0,199.05,Dinheiro,Física,546.0,13
6407,2026-04-12,10:30,111,Blusa Esporte,Blusa,Verde,M,3,279.57,0.0,838.71,Crediário,Física,432.0,22
6408,2026-05-21,15:30,93,Calça Slim,Calça,Azul,G,3,328.53,98.56,887.03,Dinheiro,Online,562.0,8
6409,2026-06-07,17:00,8,Bermuda Básica,Bermuda,Rosa,P,4,301.95,0.0,1207.8,Cartão de Débito,Online,96.0,5
6410,2026-06-03,14:00,67,Vestido Premium,Vestido,Preta,G,-2,60.66,18.2,103.12,Cartão de Débito,Física,469.0,2
6411,2026-09-22,09:30,87,Camiseta Casual,Camiseta,Cinza,P,1,273.14,13.66,259.48,Cartão de Débito,Online,50.0,7
6412,2026-03-21,10:30,61,Blusa Social,Blusa,Preta,P,1,336.13,0.0,336.13,Cartão de Crédito,Física,575.0,15
6413,2026-06-29,11:45,118,Bermuda Premium,Bermuda,Verde,G,1,289.27,0.0,289.27,Dinheiro,Online,,23
6414,2026-03-27,15:45,129,Acessório X,Acessório,Branca,M,1,84.81,12.72,"72,09",Cartão de Débito,Online,328.0,2
6415,2026-05-12,12:30,7,Acessório X,Acessório,Vermelha,GG,2,160.81,16.08,305.54,PIX,Online,,11
6416,2026-08-16,20:45,29,Blusa Básica,Blusa,Azul,P,4,287.6,0.0,1150.4,PIX,Física,489.0,13
6417,2026-03-17,09:30,33,Camiseta Esporte,Camiseta,Verde,G,2,238.32,71.5,405.14,PIX,Física,556.0,22
6418,2026-06-22,14:30,158,Jaqueta Premium,Jaqueta,Rosa,GG,2,91.13,0.0,182.26,PIX,Física,324.0,25
6419,2026-05-22,20:45,94,Blusa X,Blusa,Azul,GG,1,310.47,15.52,294.95,Crediário,Física,289.0,20
6420,2026-06-18,14:00,78,Acessório Básica,Acessório,Cinza,GG,2,138.63,13.86,263.4,PIX,Online,285.0,11
6421,2026-05-20,20:15,23,Calça Social,Calça,Preta,GG,2,181.44,0.0,362.88,Cartão de Crédito,Online,361.0,25
6422,2026-03-31,20:00,140,Jaqueta Básica,Jaqueta,Cinza,P,3,275.21,0.0,825.63,PIX,Física,389.0,23
6423,2026-06-25,11:00,177,Camiseta Slim,Camiseta,Vermelha,G,3,63.08,0.0,"189,24",PIX,Física,161.0,23
6424,2026-05-18,19:00,167,Jaqueta Slim,Jaqueta,Branca,G,1,219.14,0.0,"R$ 219,14",Cartão de Crédito,Online,294.0,16
6425,2026-07-08,12:30,155,Blusa X,Blusa,Rosa,GG,4,229.95,45.99,873.81,PIX,Física,599.0,23
6426,2026-04-03,09:15,127,Bermuda X,Bermuda,Azul,M,4,269.31,0.0,1077.24,Cartão de Débito,Física,457.0,4
6427,2026-09-08,20:00,176,Vestido Esporte,Vestido,Vermelha,M,1,227.13,0.0,"R$ 227,13",Crediário,Física,470.0,17
6428,2026-06-06,20:00,81,Calça Básica,Calça,Rosa,G,3,188.91,85.01,481.72,Cartão de Débito,Física,136.0,5
6429,2026-07-29,09:15,107,Bermuda Slim,Bermuda,Rosa,M,2,304.94,91.48,518.4,Cartão de Crédito,Online,285.0,3
6430,2026-06-06,13:45,25,Calça Básica,Calça,Rosa,GG,2,346.73,34.67,658.79,Cartão de Débito,Online,431.0,18
6431,20/06/2026,14:30,136,Bermuda Slim,Bermuda,Verde,P,2,232.34,0.0,464.68,Cartão de Débito,Física,400.0,2
6432,02/07/26,16:00,145,Bermuda Casual,Bermuda,Azul,GG,3,159.63,23.94,454.95,CARTÃO DE CRÉDITO,Online,579.0,7
6433,2026-04-26,21:00,68,Acessório Casual,Acessório,Branca,P,2,212.83,63.85,361.81,Cartão de Débito,Online,305.0,12
6434,2026-04-26,20:45,106,Blusa Premium,Blusa,Azul,P,2,204.85,0.0,409.7,PIX,Física,350.0,16
6435,16/04/26,12:30,165,Calça Casual,Calça,Rosa,G,4,158.71,0.0,634.84,Dinheiro,Física,224.0,25
6436,2026-06-29,16:45,107,Bermuda Slim,Bermuda,Rosa,M,4,304.94,182.96,1036.8,Cartão de Débito,Online,360.0,15
6437,2026-05-01,13:30,3,Vestido Esporte,Vestido,Azul,GG,1,51.13,7.67,43.46,PIX,Online,121.0,11
6438,2026-07-11,11:00,107,Bermuda Slim,Bermuda,Rosa,M,1,304.94,0.0,304.94,Cartão de Débito,Online,520.0,18
6439,2026-09-20,10:15,71,Acessório Premium,Acessório,Rosa,GG,3,227.52,0.0,682.56,Crediário,Online,159.0,20
6440,2026-09-26,14:15,98,Acessório Básica,Acessório,Branca,G,4,254.79,0.0,1019.16,PIX,Física,144.0,11
6441,2026-08-08,14:15,7,Acessório X,Acessório,Vermelha,GG,4,160.81,64.32,578.92,PIX,Online,196.0,10
6442,2026-09-13,20:45,63,Bermuda Social,Bermuda,Azul,M,2,250.51,75.15,425.87,Cartão de Débito,Física,391.0,16
6443,2026-05-24,10:15,31,Vestido Social,Vestido,Azul,GG,2,28.24,8.47,48.01,PIX,Online,196.0,25
6444,2026-05-04,09:45,108,Jaqueta X,Jaqueta,Azul,G,4,84.3,0.0,337.2,Dinheiro,Online,499.0,6
6445,26-04-2026,13:15,169,Camiseta Premium,Camiseta,Branca,GG,2,137.47,0.0,274.94,PIX,Física,266.0,5
6446,2026-05-15,15:30,57,Calça Casual,Calça,Verde,GG,4,86.79,0.0,347.16,PIX,Física,581.0,16
6447,2026-06-16,12:15,104,Acessório Premium,Acessório,Rosa,M,1,240.9,12.05,228.85,Dinheiro,Física,349.0,8
6448,2026-05-05,19:30,102,Vestido Premium,Vestido,Vermelha,GG,2,250.72,25.07,476.37,Dinheiro,Online,429.0,5
6449,2026-03-19,21:00,160,Vestido Básica,Vestido,Branca,G,1,38.68,53.41934662791138,38.68,Cartão de Débito,Física,,7
6450,2026-05-11,11:30,180,Acessório X,Acessório,Verde,GG,2,108.79,0.0,217.58,Cartão de Débito,Física,118.0,9
6451,2026-08-10,10:00,50,Blusa Básica,Blusa,Azul,G,2,124.43,24.89,223.97,Cartão de Crédito,Online,426.0,22
6452,2026-09-18,09:15,174,Calça Slim,Calça,Cinza,M,4,34.1,20.46,115.94,PIX,Online,85.0,2
6453,2026-05-13,18:15,151,Vestido Social,Vestido,Cinza,P,1,305.13,0.0,305.13,PIX,Física,593.0,13
6454,2026-08-19,18:45,20,Blusa Básica,Blusa,Branca,M,3,212.5,95.62,541.88,Cartão de Débito,Física,123.0,22
6455,2026-07-22,12:30,97,Jaqueta Premium,Jaqueta,Rosa,GG,4,161.24,0.0,644.96,PIX,Física,97.0,17
6456,06/05/26,11:45,83,Bermuda Básica,Bermuda,Cinza,M,3,344.51,155.03,878.5,PIX,Online,212.0,3
6457,2026-08-24,14:45,168,Camiseta Slim,Camiseta,Preta,GG,1,50.13,0.0,50.13,Crediário,Online,448.0,24
6458,2026-08-19,13:15,64,Blusa Slim,Blusa,Cinza,G,3,307.95,138.58,785.27,Dinheiro,Física,392.0,22
6459,2026-09-27,21:15,115,Vestido Básica,Vestido,Vermelha,GG,4,108.11,0.0,432.44,Cartão de Débito,Física,549.0,2
6460,2026-08-27,21:00,155,Blusa X,Blusa,Rosa,GG,4,229.95,0.0,919.8,Cartão de Débito,Online,415.0,18
6461,2026-07-30,20:45,106,Blusa Premium,Blusa,Azul,P,1,204.85,30.73,174.12,Cartão de Débito,Física,384.0,12
6462,2026-08-04,10:45,74,Bermuda Esporte,Bermuda,Branca,M,4,290.34,116.14,1045.22,Cartão de Crédito,Física,480.0,12
6463,2026-04-02,11:45,116,Blusa Premium,Blusa,Branca,G,1,68.25,6.82,"R$ 61,43",Crediário,Física,62.0,7
6464,2026-08-09,16:30,23,Calça Social,Calça,Preta,GG,2,181.44,36.29,326.59,Cartão de Débito,Física,498.0,11
6465,2026-08-29,10:30,92,Vestido Básica,Vestido,Cinza,G,1,146.37,7.32,139.05,Dinheiro,Online,585.0,6
6466,2026-08-01,20:15,165,Calça Casual,Calça,Rosa,G,1,158.71,23.81,134.9,Cartão de Débito,Física,405.0,13
6467,2026-08-22,17:30,101,Jaqueta Casual,Jaqueta,Verde,M,3,263.03,0.0,789.09,Cartão de Crédito,Física,118.0,11
6468,2026-03-03,20:45,100,Calça Social,Calça,Preta,M,4,133.29,0.0,533.16,PIX,Física,108.0,16
6469,2026-03-13,20:30,46,Bermuda Social,Bermuda,Azul,P,4,46.54,0.0,186.16,Cartão de Crédito,Física,222.0,23
6470,2026-05-15,18:15,10,Camiseta Social,Camiseta,Azul,G,3,281.48,0.0,844.44,Cartão de Crédito,Online,265.0,18
6471,2026-09-25,12:15,35,Blusa Premium,Blusa,Preta,P,3,314.35,94.3,848.75,Cartão de Crédito,Online,4.0,1
6472,2026-05-27,14:15,117,Vestido Premium,Vestido,Cinza,M,4,81.36,32.54,292.9,PIX,Física,278.0,11
6473,2026-06-19,09:45,141,Bermuda Slim,Bermuda,Vermelha,GG,2,162.9,0.0,325.8,Cartão de Crédito,Física,82.0,22
6474,2026-09-04,11:45,33,Camiseta Esporte,Camiseta,Verde,G,3,238.32,0.0,714.96,PIX,Online,82.0,18
6475,2026-09-17,13:15,160,Vestido Básica,Vestido,Branca,G,2,38.68,7.74,69.62,PIX,Física,35.0,10
6476,2026-06-19,13:30,8,Bermuda Básica,Bermuda,Rosa,P,1,301.95,30.2,271.75,Dinheiro,Física,145.0,9
6477,2026-04-01,12:15,102,Vestido Premium,Vestido,Vermelha,GG,1,250.72,25.07,225.65,Dinheiro,Física,367.0,5
6478,2026-09-26,15:30,50,Blusa Básica,Blusa,Azul,G,1,124.43,18.66,105.77,Cartão de Débito,Física,154.0,16
6479,2026-08-08,14:15,17,Acessório Slim,Acessório,Azul,M,3,102.24,0.0,306.72,PIX,Online,259.0,13
6480,2026-03-25,09:45,28,Bermuda Premium,Bermuda,Vermelha,GG,1,57.16,0.0,57.16,Cartão de Débito,Online,178.0,21
6481,2026-09-09,21:15,104,Acessório Premium,Acessório,Rosa,M,1,240.9,36.14,204.76,CARTÃO DE CRÉDITO,Física,501.0,6
6482,2026-06-11,20:15,137,Jaqueta Básica,Jaqueta,Cinza,GG,4,124.46,49.78,448.06,Cartão de Débito,Online,567.0,2
6483,2026-09-20,17:30,158,Jaqueta Premium,Jaqueta,Rosa,GG,4,91.13,36.45,328.07,PIX,Online,210.0,5
6484,2026-08-27,09:30,139,Jaqueta X,Jaqueta,Preta,M,3,172.53,77.64,439.95,Cartão de Débito,Física,509.0,8
6485,2026-03-17,12:45,165,Calça Casual,Calça,Rosa,G,3,158.71,0.0,476.13,cartao credito,Física,52.0,20
6486,2026-08-17,13:45,100,Calça Social,Calça,Preta,M,1,133.29,0.0,133.29,Dinheiro,Online,151.0,22
6487,2026-04-24,11:00,143,Bermuda Casual,Bermuda,Rosa,G,1,113.47,17.02,96.45,Crediário,Física,331.0,3
6488,2026-05-01,18:30,65,Jaqueta Casual,Jaqueta,Branca,G,2,232.93,0.0,465.86,Cartão de Crédito,Online,415.0,11
6489,2026-03-20,17:30,70,Vestido Slim,Vestido,Verde,G,4,304.38,0.0,1217.52,Cartão de Crédito,Física,501.0,9
6490,2026-09-26,12:45,120,Camiseta Básica,Camiseta,Rosa,G,2,304.19,0.0,608.38,PIX,Online,586.0,21
6491,2026-06-09,12:00,172,Camiseta Premium,Camiseta,Rosa,G,3,289.13,86.74,780.65,Cartão de Débito,Online,367.0,15
6492,2026-03-31,17:30,24,Blusa Esporte,Blusa,Preta,M,1,315.76,0.0,315.76,Crediário,Física,389.0,5
6493,2026-04-16,15:30,137,Jaqueta Básica,Jaqueta,Cinza,GG,4,124.46,49.78,448.06,Cartão de Crédito,Física,273.0,12
6494,2026-04-05,15:45,118,Bermuda Premium,Bermuda,Verde,G,1,289.27,0.0,289.27,Cartão de Débito,Online,341.0,14
6495,2026-08-01,16:00,137,Jaqueta Básica,Jaqueta,Cinza,GG,2,124.46,0.0,248.92,Cartão de Crédito,Online,318.0,21
6496,2026-08-04,14:30,176,Vestido Esporte,Vestido,Vermelha,M,2,227.13,68.14,386.12,Cartão de Crédito,Física,262.0,8
6497,2026-08-31,19:45,125,Vestido X,Vestido,Verde,M,2,114.2,0.0,228.4,Crediário,Física,164.0,19
6498,2026-03-04,09:00,63,Bermuda Social,Bermuda,Azul,M,2,250.51,50.1,450.92,Dinheiro,Online,444.0,20
6499,2026-09-02,15:45,160,Vestido Básica,Vestido,Branca,G,3,38.68,0.0,116.04,cartão de débito,Online,367.0,12
6500,2026-03-03,15:00,82,Bermuda Social,Bermuda,Azul,M,3,325.21,97.56,878.07,Dinheiro,Física,455.0,23
6501,2026-06-05,18:45,68,Acessório Casual,Acessório,Branca,P,3,212.83,31.92,606.57,PIX,Online,308.0,9
6502,2026-09-30,16:15,60,Blusa Premium,Blusa,Azul,GG,3,177.54,0.0,532.62,PIX,Online,105.0,5
6503,2026-03-10,19:15,153,Bermuda Social,Bermuda,Cinza,G,3,75.2,22.56,203.04,Cartão de Débito,Online,91.0,14
6504,2026-07-09,16:15,34,Blusa Casual,Blusa,Preta,GG,2,206.43,0.0,412.86,PIX,Online,61.0,20
6505,2026-05-14,13:30,144,Blusa X,Blusa,Verde,G,2,297.99,89.4,506.58,PIX,Física,159.0,10
6506,2026-03-10,21:15,121,Acessório Básica,Acessório,Vermelha,GG,2,127.53,0.0,255.06,Cartão de Débito,Física,517.0,14
6507,2026-05-22,19:15,1,Blusa Premium,Blusa,Cinza,G,4,318.6,63.72,1210.68,Crediário,Física,257.0,3
6508,2026-09-30,19:00,142,Vestido Esporte,Vestido,Branca,GG,3,142.68,0.0,428.04,PIX,Física,166.0,17
6509,2026-03-10,12:45,165,Calça Casual,Calça,Rosa,G,2,158.71,0.0,317.42,Cartão de Crédito,Física,357.0,3
6510,2026-07-25,10:45,135,Bermuda Básica,Bermuda,Cinza,M,2,74.1,22.23,125.97,Cartão de Débito,Online,249.0,10
6511,2026-08-02,15:15,164,Blusa Premium,Blusa,Preta,G,3,175.34,0.0,526.02,Cartão de Débito,Online,84.0,20
6512,2026-05-14,16:00,24,Blusa Esporte,Blusa,Preta,M,3,315.76,0.0,947.28,Cartão de Débito,Online,295.0,19
6513,2026-08-02,13:45,98,Acessório Básica,Acessório,Branca,G,2,254.79,25.48,484.1,Cartão de Crédito,Física,350.0,6
6514,2026-08-06,18:15,80,Camiseta Básica,Camiseta,Cinza,M,1,179.41,26.91,152.5,dinheiro,Física,570.0,21
6515,2026-05-30,19:30,102,Vestido Premium,Vestido,Vermelha,GG,1,250.72,0.0,250.72,Dinheiro,Online,,14
6516,2026-06-20, 09:30,86,Blusa Social,Blusa,Azul,P,3,56.25,0.0,168.75,Cartão de Crédito,Online,70.0,9
6517,2026-04-09,18:15,168,Camiseta Slim,Camiseta,Preta,GG,1,50.13,0.0,50.13,PIX,Online,36.0,24
6518,2026-04-16,10:30,103,Acessório Esporte,Acessório,Verde,M,3,142.1,63.94,362.36,Cartão de Crédito,Online,194.0,22
6519,2026-06-18,21:45,76,Jaqueta X,Jaqueta,Cinza,P,2,291.87,0.0,583.74,PIX,Online,539.0,5
6520,2026-06-04,16:15,6,Acessório Casual,Acessório,Rosa,GG,1,309.17,0.0,309.17,PIX,Online,407.0,4
6521,2026-07-30,18:15,137,Jaqueta Básica,Jaqueta,Cinza,GG,3,124.46,0.0,373.38,PIX,Física,458.0,10
6522,2026-04-22,20:45,54,Bermuda Social,Bermuda,Cinza,G,1,115.21,5.76,109.45,Cartão de Débito,Física,536.0,6
6523,2026-04-02,13:30,180,Acessório X,Acessório,Verde,GG,4,108.79,0.0,435.16,Dinheiro,Física,277.0,7
6524,2026-07-04,21:45,118,Bermuda Premium,Bermuda,Verde,G,4,289.27,173.56,983.52,PIX,Física,507.0,12
6525,2026-07-08,09:45,132,Acessório Esporte,Acessório,Rosa,P,2,45.67,0.0,91.34,Cartão de Débito,Online,373.0,17
6526,2026-04-25,13:00,135,Bermuda Básica,Bermuda,Cinza,M,3,74.1,22.23,200.07,PIX,Online,208.0,23
6527,2026-03-15,14:30,129,Acessório X,Acessório,Branca,M,3,84.81,25.44,228.99,Cartão de Débito,Online,477.0,15
6528,2026-07-03,11:15,127,Bermuda X,Bermuda,Azul,M,3,269.31,0.0,807.93,Cartão de Crédito,Física,372.0,20
6529,2026-05-11,12:15,26,Jaqueta Esporte,Jaqueta,Verde,P,4,204.58,81.83,736.49,Dinheiro,Física,,17
6530,2026-05-23,16:15,28,Bermuda Premium,Bermuda,Vermelha,GG,1,57.16,8.57,48.59,Cartão de Débito,Online,508.0,21
6531,2026-05-14,09:30,104,Acessório Premium,Acessório,Rosa,M,1,240.9,12.05,228.85,Cartão de Crédito,Física,253.0,24
6532,2026-08-28,18:45,111,Blusa Esporte,Blusa,Verde,M,1,279.57,0.0,279.57,PIX,Física,596.0,12
6533,2026-06-23,14:00,27,Camiseta Casual,Camiseta,Vermelha,P,4,287.37,57.47,1092.01,PIX,Online,74.0,15
6534,2026-03-27,16:45,30,Vestido Esporte,Vestido,Vermelha,G,3,244.92,36.74,698.02,Crediário,Online,542.0,9
6535,2026-05-25,20:15,11,Calça Básica,Calça,Verde,G,4,112.35,44.94,404.46,PIX,Física,599.0,3
6536,2026-09-27,14:30,139,Jaqueta X,Jaqueta,Preta,M,3,172.53,0.0,517.59,PIX,Física,173.0,6
6537,2026-06-17,11:00,137,Jaqueta Básica,Jaqueta,Cinza,GG,2,124.46,0.0,248.92,Cartão de Débito,Física,365.0,15
6538,2026-03-12,11:00,12,Blusa X,Blusa,Rosa,P,1,258.15,12.91,"245,24",Dinheiro,Online,235.0,4
6539,2026-08-01,14:45,106,Blusa Premium,Blusa,Azul,P,2,204.85,20.48,389.22,Cartão de Débito,Física,52.0,14
6540,2026-09-01,13:30,43,Bermuda Premium,Bermuda,Preta,GG,2,144.6,0.0,289.2,Cartão de Crédito,Física,95.0,11
6541,2026-08-09,11:30,103,Acessório Esporte,Acessório,Verde,M,4,142.1,0.0,568.4,PIX,Online,11.0,12
6542,2026-06-12,19:00,111,Blusa Esporte,Blusa,Verde,M,3,279.57,0.0,838.71,PIX,Online,454.0,13
6543,2026-04-22,20:15,26,Jaqueta Esporte,Jaqueta,Verde,P,3,204.58,0.0,613.74,cartao credito,Física,63.0,24
6544,2026-09-11,16:45,49,Calça Esporte,Calça,Preta,P,4,264.21,0.0,1056.84,Cartão de Crédito,Física,245.0,11
6545,2026-05-20,10:15,39,Blusa X,Blusa,Vermelha,P,3,80.38,36.17,204.97,Dinheiro,Online,173.0,23
6546,2026-08-26,10:00,167,Jaqueta Slim,Jaqueta,Branca,G,4,219.14,0.0,876.56,Cartão de Crédito,Física,394.0,7
6547,2026-03-06,15:30,132,Acessório Esporte,Acessório,Rosa,P,4,45.67,0.0,182.68,Cartão de Débito,Online,475.0,8
6548,03-06-2026,10:30,162,Acessório Esporte,Acessório,Preta,P,3,314.53,94.36,849.23,Cartão de Débito,Online,122.0,5
6549,2026-03-20,16:45,109,Camiseta Esporte,Camiseta,Branca,GG,1,227.45,0.0,227.45,Cartão de Crédito,Física,119.0,23
6550,2026-08-18,09:00,37,Acessório Premium,Acessório,Rosa,G,1,281.93,28.19,253.74,Cartão de Crédito,Física,393.0,14
6551,2026-07-28,20:15,98,Acessório Básica,Acessório,Branca,G,4,254.79,0.0,1019.16,PIX,Online,357.0,15
6552,2026-06-24,15:15,111,Blusa Esporte,Blusa,Verde,M,1,279.57,0.0,279.57,Crediário,Física,439.0,11
6553,2026-05-22,11:15,56,Camiseta Social,Camiseta,Verde,M,1,252.29,25.23,"227,06",PIX,Física,138.0,20
6554,2026-06-10,20:45,95,Bermuda X,Bermuda,Cinza,G,1,275.07,27.51,247.56,Cartão de Crédito,Física,355.0,20
6555,2026-05-24,16:30,11,Calça Básica,Calça,Verde,G,3,112.35,50.56,286.49,Dinheiro,Física,192.0,10
6556,2026-03-07,12:00,27,Camiseta Casual,Camiseta,Vermelha,P,4,287.37,0.0,1149.48,Cartão de Débito,Online,297.0,23
6557,2026-07-03,20:00,143,Bermuda Casual,Bermuda,Rosa,G,4,113.47,0.0,453.88,Dinheiro,Online,,7
6558,2026-09-11,13:45,96,Camiseta Casual,Camiseta,Verde,P,4,307.93,184.76,1046.96,Dinheiro,Física,259.0,7
6559,2026-06-07,14:15,47,Blusa Esporte,Blusa,Vermelha,M,1,85.46,0.0,85.46,Cartão de Débito,Física,126.0,6
6560,2026-03-10,13:45,49,Calça Esporte,Calça,Preta,P,2,264.21,79.26,449.16,Cartão de Crédito,Online,588.0,22
6561,2026-04-12,12:30,176,Vestido Esporte,Vestido,Vermelha,M,3,227.13,0.0,681.39,Cartão de Débito,Online,292.0,13
6562,2026-04-24,16:00,1,Blusa Premium,Blusa,Cinza,G,3,318.6,0.0,955.8,Cartão de Crédito,Física,528.0,14
6563,2026-06-01,14:45,62,Jaqueta Social,Jaqueta,Rosa,M,2,66.35,13.27,119.43,Cartão de Débito,Online,142.0,12
6564,2026-06-12,13:30,146,Calça Premium,Calça,Branca,GG,1,343.66,17.18,326.48,Dinheiro,Online,556.0,24
6565,2026-08-23,12:15,13,Blusa Básica,Blusa,Verde,G,1,276.45,41.47,234.98,Dinheiro,Física,29.0,4
6566,2026-05-27,11:15,138,Jaqueta Social,Jaqueta,Branca,P,1,257.25,12.86,244.39,Cartão de Crédito,Online,43.0,1
6567,2026-08-28,13:00,62,Jaqueta Social,Jaqueta,Rosa,M,3,66.35,9.95,189.1,PIX,Online,560.0,13
6568,2026-05-30,18:45,171,Blusa Casual,Blusa,Verde,M,2,139.15,0.0,278.3,PIX,Online,148.0,10
6569,2026-07-27,17:15,126,Calça Casual,Calça,Vermelha,G,3,275.71,0.0,827.13,cartão de crédito,Online,22.0,14
6570,2026-05-04,13:30,73,Calça X,Calça,Azul,M,4,313.28,0.0,1253.12,PIX,Física,457.0,20
6571,2026-03-17,09:45,13,Blusa Básica,Blusa,Verde,G,3,276.45,124.4,704.95,Dinheiro,Online,273.0,11
6572,2026-03-03,16:30,12,Blusa X,Blusa,Rosa,P,2,258.15,77.44,438.86,Cartão de Débito,Online,550.0,3
6573,2026-07-19,16:00,135,Bermuda Básica,Bermuda,Cinza,M,3,74.1,0.0,222.3,Cartão de Débito,Online,45.0,21
6574,2026-04-25,17:00,42,Calça Casual,Calça,Verde,G,3,245.94,0.0,737.82,Cartão de Débito,Online,495.0,18
6575,2026-06-24,18:00,75,Bermuda Premium,Bermuda,Cinza,G,2,129.65,0.0,259.3,PIX,Física,435.0,14
6576,2026-07-24,17:15,91,Acessório Casual,Acessório,Rosa,M,2,274.86,82.46,467.26,PIX,Física,516.0,4
6577,2026-06-01,18:45,99,Camiseta Slim,Camiseta,Rosa,G,4,178.5,0.0,714.0,Dinheiro,Física,344.0,17
6578,2026-08-23,15:30,132,Acessório Esporte,Acessório,Rosa,P,2,45.67,4.57,86.77,Dinheiro,Física,285.0,24
6579,2026-08-21,12:30,32,Acessório Social,Acessório,Azul,G,3,324.96,0.0,974.88,Cartão de Crédito,Online,182.0,11
6580,2026-04-26,16:45,115,Vestido Básica,Vestido,Vermelha,GG,3,108.11,32.43,291.9,PIX,Online,117.0,5
6581,2026-03-21,11:30,74,Bermuda Esporte,Bermuda,Branca,M,2,290.34,58.07,522.61,Crediário,Online,423.0,7
6582,2026-08-09,19:00,146,Calça Premium,Calça,Branca,GG,3,343.66,0.0,1030.98,Cartão de Débito,Física,220.0,25
6583,2026-07-17,16:45,157,Bermuda Básica,Bermuda,Azul,P,1,35.03,1.75,33.28,Cartão de Débito,Física,100.0,12
6584,2026-03-09,12:45,15,Bermuda Básica,Bermuda,Cinza,G,4,52.05,0.0,208.2,Cartão de Crédito,Online,135.0,10
6585,2026-06-06,09:30,123,Camiseta Básica,Camiseta,Preta,P,3,195.44,0.0,586.32,PIX,Online,,6
6586,2026-06-16,17:00,142,Vestido Esporte,Vestido,Branca,GG,2,142.68,0.0,285.36,PIX,Online,25.0,1
6587,2026-08-23,19:30,72,Camiseta Casual,Camiseta,Rosa,P,4,280.68,0.0,1122.72,cartao credito,Online,518.0,25
6588,2026-03-28,10:45,88,Bermuda X,Bermuda,Rosa,G,4,55.13,0.0,220.52,PIX,Física,481.0,11
6589,2026-08-05,13:00,76,Jaqueta X,Jaqueta,Cinza,P,4,291.87,116.75,1050.73,Cartão de Débito,Física,391.0,6
6590,2026-09-11,09:45,157,Bermuda Básica,Bermuda,Azul,P,3,35.03,5.25,99.84,Cartão de Crédito,Online,110.0,1
6591,2026-06-16, 18:30,135,Bermuda Básica,Bermuda,Cinza,M,2,74.1,7.41,"140,79",Dinheiro,Online,235.0,5
6592,18/09/2026,10:15,129,Acessório X,Acessório,Branca,M,3,84.81,12.72,241.71,Cartão de Débito,Online,402.0,12
6593,2026-05-02,18:45,109,Camiseta Esporte,Camiseta,Branca,GG,4,227.45,90.98,818.82,Cartão de Débito,Online,242.0,2
6594,2026-03-01,11:00,81,Calça Básica,Calça,Rosa,G,4,188.91,0.0,755.64,Cartão de Crédito,Física,91.0,21
6595,2026-09-20,09:30,25,Calça Básica,Calça,Rosa,GG,3,346.73,156.03,884.16,Cartão de Crédito,Física,373.0,5
6596,2026-03-06,20:30,62,Jaqueta Social,Jaqueta,Rosa,M,2,66.35,19.9,112.8,Crediário,Física,503.0,9
6597,2026-07-21,10:30,89,Acessório Premium,Acessório,Vermelha,GG,3,62.97,0.0,188.91,Cartão de Débito,Física,448.0,11
6598,08/08/2026,19:00,101,Jaqueta Casual,Jaqueta,Verde,M,2,263.03,0.0,526.06,Dinheiro,Online,482.0,3
6599,2026-04-19,15:00,115,Vestido Básica,Vestido,Vermelha,GG,1,108.11,10.81,97.3,Cartão de Débito,Física,121.0,23
6600,2026-05-29,17:45,125,Vestido X,Vestido,Verde,M,1,114.2,17.13,97.07,Cartão de Débito,Física,245.0,20
6601,06-07-2026,19:00,65,Jaqueta Casual,Jaqueta,Branca,G,3,232.93,34.94,663.85,Cartão de Débito,Física,301.0,1
6602,2026-07-16,19:45,99,Camiseta Slim,Camiseta,Rosa,G,3,178.5,0.0,535.5,Cartão de Crédito,Física,291.0,22
6603,2026-06-18,21:00,79,Vestido Slim,Vestido,Verde,GG,2,29.96,0.0,59.92,PIX,Online,,10
6604,2026-05-15,20:30,89,Acessório Premium,Acessório,Vermelha,GG,4,62.97,12.59,239.29,PIX,Física,451.0,2
6605,2026-06-02,21:30,118,Bermuda Premium,Bermuda,Verde,G,2,289.27,0.0,578.54,Cartão de Crédito,Física,24.0,21
6606,2026-04-07,10:15,158,Jaqueta Premium,Jaqueta,Rosa,GG,1,91.13,4.56,86.57,PIX,Online,307.0,19
6607,2026-04-24,21:00,71,Acessório Premium,Acessório,Rosa,GG,1,227.52,22.75,204.77,Crediário,Física,582.0,21
6608,2026-08-31,09:30,7,Acessório X,Acessório,Vermelha,GG,1,160.81,8.04,152.77,Cartão de Débito,Física,364.0,23
6609,2026-03-26,10:30,66,Vestido Básica,Vestido,Preta,GG,4,195.93,0.0,783.72,Dinheiro,Física,43.0,5
6610,2026-08-04,14:45,28,Bermuda Premium,Bermuda,Vermelha,GG,2,57.16,0.0,114.32,PIX,Física,491.0,4
6611,2026-09-23,15:15,173,Camiseta Esporte,Camiseta,Preta,P,1,183.66,9.18,174.48,PIX,Online,571.0,11
6612,2026-07-06,14:15,10,Camiseta Social,Camiseta,Azul,G,4,281.48,112.59,1013.33,Cartão de Crédito,Física,193.0,4
6613,2026-08-16,16:00,83,Bermuda Básica,Bermuda,Cinza,M,4,344.51,206.71,1171.33,Cartão de Crédito,Física,382.0,24
6614,2026-04-29,20:30,86,Blusa Social,Blusa,Azul,P,3,56.25,16.88,151.87,Cartão de Crédito,Física,324.0,18
6615,2026-05-10,14:30,15,Bermuda Básica,Bermuda,Cinza,G,3,52.05,23.42,132.73,Cartão de Débito,Física,301.0,20
6616,03/07/26,16:15,119,Calça Esporte,Calça,Branca,P,3,331.07,49.66,943.55,Dinheiro,Online,136.0,14
6617,2026-06-13,17:15,161,Camiseta X,Camiseta,Branca,GG,2,168.83,16.88,320.78,Cartão de Débito,Online,377.0,17
6618,2026-05-16,12:00,142,Vestido Esporte,Vestido,Branca,GG,2,142.68,14.27,271.09,Dinheiro,Online,86863.0,13
6619,2026-06-28,21:45,58,Blusa X,Blusa,Branca,P,4,215.52,86.21,775.87,PIX,Física,272.0,25
6620,2026-03-09,17:30,82,Bermuda Social,Bermuda,Azul,M,3,325.21,0.0,975.63,Cartão de Crédito,Física,290.0,4
6621,2026-07-11,12:30,140,Jaqueta Básica,Jaqueta,Cinza,P,1,275.21,13.76,261.45,Cartão de Crédito,Online,69.0,17
6622,2026-08-04,15:45,42,Calça Casual,Calça,Verde,G,4,245.94,0.0,983.76,Cartão de Débito,Online,481.0,6
6623,2026-09-09,19:45,54129,Calça Slim,Calça,Cinza,M,3,34.1,0.0,102.3,PIX,Física,411.0,6
6624,2026-04-26,13:15,16,Bermuda Esporte,Bermuda,Branca,M,2,242.53,0.0,485.06,PIX,Física,525.0,22
6625,25/05/2026, 15:15,65,Jaqueta Casual,Jaqueta,Branca,G,2,232.93,0.0,465.86,Cartão de Débito,Física,594.0,8
6626,2026-03-22,09:00,108,Jaqueta X,Jaqueta,Azul,G,2,84.3,0.0,168.6,PIX,Física,,24
6627,2026-04-22,12:00,136,Bermuda Slim,Bermuda,Verde,P,1,232.34,34.85,197.49,Dinheiro,Física,2.0,22
6628,2026-09-07,13:00,166,Blusa Casual,Blusa,Cinza,P,4,25.41,5.08,96.56,Dinheiro,Física,319.0,13
6629,2026-03-05,16:00,131,Jaqueta X,Jaqueta,Azul,P,3,192.39,57.72,519.45,Cartão de Débito,Física,573.0,18
6630,2026-03-06,11:45,95,Bermuda X,Bermuda,Cinza,G,2,275.07,82.52,467.62,Cartão de Débito,Online,353.0,8
6631,2026-09-03,17:30,148,Vestido Slim,Vestido,Rosa,G,2,213.53,0.0,427.06,Crediário,Online,338.0,9
6632,2026-06-24,18:15,67,Vestido Premium,Vestido,Preta,G,-2,60.66,0.0,181.98,PIX,Online,51.0,16
6633,2026-06-26,13:00,148,Vestido Slim,Vestido,Rosa,G,4,213.53,0.0,854.12,Crediário,Física,487.0,24
6634,2026-04-26,11:00,56,Camiseta Social,Camiseta,Verde,M,1,252.29,0.0,252.29,Cartão de Débito,Online,502.0,25
6635,2026-06-11,17:00,161,Camiseta X,Camiseta,Branca,GG,4,168.83,67.53,607.79,PIX,Física,188.0,15
6636,2026-08-12,21:15,126,Calça Casual,Calça,Vermelha,G,1,275.71,27.57,248.14,Cartão de Crédito,Física,493.0,1
6637,16-07-2026,16:45,67,Vestido Premium,Vestido,Preta,G,3,60.66,18.2,163.78,Cartão de Crédito,Física,,2
6638,2026-04-17,14:15,112,Bermuda Premium,Bermuda,Rosa,GG,4,93.18,55.91,316.81,Cartão de Crédito,Física,,25
6639,2026-03-23,10:30,89,Acessório Premium,Acessório,Vermelha,GG,2,62.97,12.59,113.35,Cartão de Crédito,Online,246.0,25
6640,30/06/2026,11:00,9,Acessório X,Acessório,Preta,M,4,51.84,0.0,207.36,Cartão de Débito,Online,205.0,7
6641,2026-09-27,20:15,120,Camiseta Básica,Camiseta,Rosa,G,4,304.19,0.0,1216.76,Cartão de Crédito,Online,568.0,6
6642,2026-03-02,15:30,140,Jaqueta Básica,Jaqueta,Cinza,P,2,275.21,55.04,495.38,Crediário,Física,94.0,17
6643,2026-07-28,17:30,132,Acessório Esporte,Acessório,Rosa,P,4,45.67,0.0,182.68,Cartão de Débito,Online,140.0,9
6644,2026-04-13,09:30,141,Bermuda Slim,Bermuda,Vermelha,GG,4,162.9,65.16,"R$ 586,44",Cartão de Crédito,Online,538.0,16
6645,2026-04-30, 12:45 ,92,Vestido Básica,Vestido,Cinza,G,3,146.37,65.87,373.24,Dinheiro,Online,214.0,23
6646,2026-08-26,10:00,164,Blusa Premium,Blusa,Preta,G,1,175.34,26.3,149.04,Cartão de Crédito,Online,169.0,25
6647,2026-05-16, 11:45,63,Bermuda Social,Bermuda,Azul,M,4,250.51,0.0,1002.04,Cartão de Crédito,Online,366.0,11
6648,2026-09-23,13:15,98,Acessório Básica,Acessório,Branca,G,4,254.79,152.87,866.29,Cartão de Débito,Física,175.0,11
6649,2026-04-14,11:15,23,Calça Social,Calça,Preta,GG,4,181.44,36.29,689.47,Cartão de Débito,Online,547.0,19
6650,2026-08-04,21:30,18,Acessório Básica,Acessório,Azul,M,1,242.78,0.0,242.78,Cartão de Débito,Online,364.0,4
6651,2026-08-12,09:15,163,Blusa Esporte,Blusa,Rosa,GG,2,291.86,87.56,496.16,PIX,Física,338.0,14
6652,2026-04-15,16:45,60421,Camiseta Social,Camiseta,Verde,M,2,252.29,0.0,"504,58",Cartão de Débito,Física,188.0,12
6653,2026-05-26,13:15,31,Vestido Social,Vestido,Azul,GG,3,28.24,0.0,84.72,Dinheiro,Online,365.0,5
6654,2026-05-05,19:15,63,Bermuda Social,Bermuda,Azul,M,1,250.51,12.53,237.98,Cartão de Débito,Online,26162.0,13
6655,2026-03-29,20:45,176,Vestido Esporte,Vestido,Vermelha,M,3,227.13,0.0,681.39,PIX,Online,13.0,21
6656,2026-06-27,19:45,102,Vestido Premium,Vestido,Vermelha,GG,1,250.72,37.61,213.11,PIX,Online,494.0,17
6657,2026-07-28,15:15,38,Acessório Esporte,Acessório,Rosa,P,3,113.5,0.0,340.5,Crediário,Física,150.0,6
6658,2026-07-01,15:15,34,Blusa Casual,Blusa,Preta,GG,4,206.43,0.0,825.72,Cartão de Débito,Física,535.0,23
6659,2026-09-23,15:45,48,Camiseta Básica,Camiseta,Cinza,GG,4,63.03,0.0,252.12,Dinheiro,Física,136.0,1
6660,2026-08-22,11:45,126,Calça Casual,Calça,Vermelha,G,2,275.71,0.0,551.42,PIX,Física,44.0,3
6661,31/08/26,21:15,137,Jaqueta Básica,Jaqueta,Cinza,GG,4,124.46,49.78,448.06,Cartão de Crédito,Online,26.0,19
6662,2026-07-25,20:45,61,Blusa Social,Blusa,Preta,P,2,336.13,0.0,672.26,Cartão de Débito,Física,,25
6663,2026-05-21,10:45,56,Camiseta Social,Camiseta,Verde,M,-1,252.29,25.23,479.35,Crediário,Física,151.0,6
6664,2026-07-22,18:30,167,Jaqueta Slim,Jaqueta,Branca,G,4,219.14,43.83,832.73,Cartão de Débito,Online,138.0,25
6665,2026-07-12,18:00,109,Camiseta Esporte,Camiseta,Branca,GG,2,227.45,0.0,454.9,PIX,Física,522.0,10
6666,2026-04-21,16:15,27,Camiseta Casual,Camiseta,Vermelha,P,1,287.37,43.11,244.26,Cartão de Débito,Online,166.0,12
6667,07-08-2026,12:15,173,Camiseta Esporte,Camiseta,Preta,P,4,183.66,0.0,734.64,Cartão de Débito,Online,185.0,10
6668,25/05/26,21:00,131,Jaqueta X,Jaqueta,Azul,P,3,192.39,0.0,577.17,Cartão de Crédito,Online,585.0,24
6669,2026-05-25,09:30,146,Calça Premium,Calça,Branca,GG,4,343.66,0.0,1374.64,Cartão de Débito,Online,367.0,8
6670,28-06-2026,10:15,131,Jaqueta X,Jaqueta,Azul,P,1,192.39,19.24,173.15,Cartão de Débito,Online,584.0,10
6671,2026-08-28,10:00,94,Blusa X,Blusa,Azul,GG,2,310.47,93.14,527.8,Cartão de Crédito,Online,,16
6672,2026-09-14,15:45,114,Camiseta Social,Camiseta,Verde,GG,2,330.12,0.0,660.24,Dinheiro,Online,307.0,11
6673,2026-08-03,16:30,158,Jaqueta Premium,Jaqueta,Rosa,GG,4,91.13,36.45,328.07,PIX,Online,48.0,20
6674,2026-03-11,10:30,180,Acessório X,Acessório,Verde,GG,3,108.79,32.64,293.73,Cartão de Débito,Física,464.0,10
6675,2026-08-30, 17:30,90,Jaqueta Social,Jaqueta,Rosa,M,1,340.94,0.0,340.94,Cartão de Crédito,Online,,12
6676,2026-09-03,09:30,106,Blusa Premium,Blusa,Azul,P,3,204.85,0.0,614.55,PIX,Física,407.0,18
6677,2026-07-08,11:45,67,Vestido Premium,Vestido,Preta,G,1,60.66,0.0,60.66,Dinheiro,Online,108.0,5
6678,2026-08-25,09:30,91,Acessório Casual,Acessório,Rosa,M,4,274.86,164.92,934.52,Cartão de Crédito,Online,202.0,3
6679,2026-07-12,19:30,16,Bermuda Esporte,Bermuda,Branca,M,1,242.53,0.0,242.53,Cartão de Débito,Online,216.0,9
6680,2026-06-19,18:00,38,Acessório Esporte,Acessório,Rosa,P,2,113.5,0.0,227.0,PIX,Online,,24
6681,2026-09-25,21:15,169,Camiseta Premium,Camiseta,Branca,GG,3,137.47,0.0,412.41,Cartão de Débito,Física,,6
6682,2026-08-17,13:45,2,Calça Casual,Calça,Verde,M,1,308.53,0.0,308.53,Cartão de Crédito,Física,174.0,23
6683,2026-09-03,17:30,23,Calça Social,Calça,Preta,GG,2,181.44,0.0,362.88,Cartão de Crédito,Física,555.0,3
6684,2026-08-17,11:15,73,Calça X,Calça,Azul,M,1,313.28,0.0,313.28,PIX,Online,489.0,21
6685,2026-03-02,12:15,24,Blusa Esporte,Blusa,Preta,M,4,315.76,0.0,1263.04,Dinheiro,Online,400.0,22
6686,2026-04-06,14:30,69,Camiseta Básica,Camiseta,Branca,M,1,71.3,0.0,71.3,Dinheiro,Online,528.0,8
6687,2026-07-25,11:00,103,Acessório Esporte,Acessório,Verde,M,2,142.1,0.0,284.2,PIX,Online,123.0,23
6688,2026-08-27,11:45,169,Camiseta Premium,Camiseta,Branca,GG,2,137.47,0.0,274.94,CARTÃO DE DÉBITO,Online,298.0,20
6689,2026-06-26,17:15,139,Jaqueta X,Jaqueta,Preta,M,3,172.53,77.64,439.95,cartão de crédito,Física,408.0,25
6690,2026-08-04,15:30,41,Vestido X,Vestido,Verde,M,1,38.61,0.0,38.61,Cartão de Débito,Online,481.0,3
6691,2026-06-30,12:00,124,Camiseta Social,Camiseta,Branca,M,4,31.01,6.2,117.84,Crediário,Física,296.0,1
6692,2026-03-14,12:15,119,Calça Esporte,Calça,Branca,P,2,331.07,66.21,595.93,Crediário,Física,,2
6693,2026-08-20,17:30,144,Blusa X,Blusa,Verde,G,3,297.99,0.0,893.97,PIX,Online,154.0,2
6694,2026-07-27,14:15,50,Blusa Básica,Blusa,Azul,G,4,124.43,74.66,423.06,Cartão de Crédito,Online,583.0,23
6695,2026-04-07,17:30,59,Blusa Social,Blusa,Verde,M,4,202.64,81.06,729.5,Cartão de Débito,Online,446.0,23
6696,2026-09-13,20:45,120,Camiseta Básica,Camiseta,Rosa,G,1,304.19,45.63,258.56,Crediário,Online,488.0,22
6697,2026-07-05,15:30,43,Bermuda Premium,Bermuda,Preta,GG,4,144.6,0.0,578.4,PIX,Física,405.0,15
6698,2026-08-05,20:30,92,Vestido Básica,Vestido,Cinza,G,4,146.37,0.0,585.48,Dinheiro,Física,319.0,13
6699,2026-05-27, 12:15 ,163,Blusa Esporte,Blusa,Rosa,GG,1,291.86,29.19,262.67,Dinheiro,Online,64.0,6
6700,2026-06-04,14:30  ,33,Camiseta Esporte,Camiseta,Verde,G,2,238.32,0.0,476.64,Cartão de Débito,Física,47.0,2
6701,2026-09-05,16:00,11,Calça Básica,Calça,Verde,G,3,112.35,33.7,303.35,Cartão de Débito,Online,58.0,20
6702,03/06/26,13:15,84,Blusa X,Blusa,Branca,M,2,91.15,0.0,182.3,Cartão de Crédito,Física,19.0,17
6703,2026-07-05,18:45,7,Acessório X,Acessório,Vermelha,GG,1,160.81,8.04,152.77,Cartão de Débito,Física,195.0,14
6704,2026-09-01,09:45,120,Camiseta Básica,Camiseta,Rosa,G,2,304.19,0.0,608.38,Cartão de Crédito,Física,41.0,10
6705,2026-09-27,14:30,42,Calça Casual,Calça,Verde,G,1,245.94,0.0,245.94,Crediário,Online,,12
6706,2026-08-13,09:30,41,Vestido X,Vestido,Verde,M,2,38.61,0.0,77.22,Cartão de Crédito,Online,232.0,6
6707,2026-06-12,18:30,91,Acessório Casual,Acessório,Rosa,M,1,274.86,0.0,274.86,Dinheiro,Física,337.0,4
6708,2026-05-13,11:30,40,Jaqueta Premium,Jaqueta,Branca,G,1,59.14,2.96,56.18,Cartão de Débito,Online,132.0,10
6709,2026-08-13,10:45,7,Acessório X,Acessório,Vermelha,GG,3,160.81,0.0,482.43,Dinheiro,Online,258.0,2
6710,2026-06-29,09:15,60,Blusa Premium,Blusa,Azul,GG,1,177.54,8.88,168.66,PIX,Online,70.0,12
6711,2026-07-12,20:00,43,Bermuda Premium,Bermuda,Preta,GG,4,144.6,0.0,578.4,Cartão de Débito,Online,42.0,18
6712,09/03/26,14:15,6,Acessório Casual,Acessório,Rosa,GG,1,309.17,0.0,309.17,PIX,Online,17.0,14
6713,2026-08-05,20:00,94,Blusa X,Blusa,Azul,GG,4,310.47,0.0,1241.88,Cartão de Débito,Online,257.0,4
6714,2026-09-30,11:45,148,Vestido Slim,Vestido,Rosa,G,1,213.53,0.0,213.53,Cartão de Crédito,Online,71.0,19
6715,2026-04-16,13:00,58,Blusa X,Blusa,Branca,P,3,215.52,64.66,581.9,PIX,Física,42.0,21
6716,2026-09-17,16:30,94,Blusa X,Blusa,Azul,GG,2,310.47,0.0,620.94,Cartão de Débito,Online,176.0,23
6717,2026-06-18,15:00,156,Calça Esporte,Calça,Cinza,P,1,179.11,0.0,179.11,PIX,Online,455.0,11
6718,2026-06-19,19:45,166,Blusa Casual,Blusa,Cinza,P,4,25.41,0.0,101.64,Cartão de Crédito,Física,71.0,1
6719,2026-06-07,10:45,123,Camiseta Básica,Camiseta,Preta,P,1,195.44,29.32,166.12,Crediário,Física,133.0,10
6720,2026-05-19,13:15,21,Bermuda Social,Bermuda,Branca,GG,4,301.4,120.56,1085.04,Cartão de Débito,Online,456.0,6
6721,2026-08-05,21:15,37,Acessório Premium,Acessório,Rosa,G,1,281.93,0.0,281.93,PIX,Física,45.0,1
6722,2026-03-31,21:30,43,Bermuda Premium,Bermuda,Preta,GG,3,144.6,21.69,412.11,Cartão de Débito,Online,89.0,16
6723,2026-09-21,19:15,27,Camiseta Casual,Camiseta,Vermelha,P,3,287.37,0.0,862.11,PIX,Física,277.0,10
6724,2026-08-29,15:00,34,Blusa Casual,Blusa,Preta,GG,2,206.43,20.64,392.22,Cartão de Débito,Online,516.0,24
6725,2026-08-08,09:30,23,Calça Social,Calça,Preta,GG,4,181.44,108.86,616.9,Dinheiro,Online,429.0,14
6726,2026-04-07,19:45,148,Vestido Slim,Vestido,Rosa,G,0,213.53,0.0,213.53,Dinheiro,Física,125.0,19
6727,2026-03-13,15:00,75,Bermuda Premium,Bermuda,Cinza,G,2,129.65,0.0,"R$ 259,30",Cartão de Débito,Online,158.0,9
6728,2026-06-05,14:30,137,Jaqueta Básica,Jaqueta,Cinza,GG,1,124.46,18.67,105.79,Cartão de Crédito,Online,409.0,18
6729,2026-06-07,20:30,120,Camiseta Básica,Camiseta,Rosa,G,4,304.19,0.0,1216.76,Crediário,Online,395.0,6
6730,2026-09-18,17:00,76,Jaqueta X,Jaqueta,Cinza,P,1,291.87,43.78,248.09,Cartão de Débito,Física,,18
6731,2026-05-17, 10:45,74,Bermuda Esporte,Bermuda,Branca,M,2,290.34,87.1,493.58,Cartão de Crédito,Física,18.0,12
6732,2026-09-01,13:00,98,Acessório Básica,Acessório,Branca,G,4,254.79,152.87,866.29,Dinheiro,Física,588.0,22
6733,2026-06-30,18:30,67,Vestido Premium,Vestido,Preta,G,3,60.66,0.0,181.98,Dinheiro,Online,348.0,23
6734,2026-04-13,14:15,64,Blusa Slim,Blusa,Cinza,G,3,307.95,46.19,877.66,Cartão de Crédito,Física,368.0,20
6735,2026-07-10,20:00,8,Bermuda Básica,Bermuda,Rosa,P,3,301.95,135.88,769.97,Cartão de Débito,Online,264.0,22
6736,2026-09-22,15:00,145,Bermuda Casual,Bermuda,Azul,GG,4,159.63,0.0,638.52,Crediário,Física,481.0,9
6737,2026-06-22,11:00  ,22,Bermuda Social,Bermuda,Vermelha,GG,3,213.75,64.12,577.13,Cartão De Débito,Física,536.0,2
6738,2026-03-11,15:30,117,Vestido Premium,Vestido,Cinza,M,2,81.36,0.0,162.72,Cartão de Débito,Física,532.0,10
6739,2026-07-20,20:45,123,Camiseta Básica,Camiseta,Preta,P,4,195.44,0.0,"R$ 781,76",Cartão de Débito,Online,591.0,6
6740,2026-03-16,10:30,135,Bermuda Básica,Bermuda,Cinza,M,1,74.1,0.0,74.1,Cartão de Crédito,Física,263.0,3
6741,2026-03-31, 16:00,110,Bermuda Slim,Bermuda,Vermelha,G,3,158.66,23.8,452.18,Cartão de Débito,Online,116.0,2
6742,2026-03-09,09:00,131,Jaqueta X,Jaqueta,Azul,P,4,192.39,115.43,654.13,Dinheiro,Física,,2
6743,2026-03-14,19:45,55,Vestido Premium,Vestido,Branca,M,4,126.12,0.0,504.48,Crediário,Física,125.0,2
6744,2026-04-24,13:15,37,Acessório Premium,Acessório,Rosa,G,4,281.93,0.0,1127.72,Dinheiro,Online,72.0,6
6745,2026-05-12,16:45,18,Acessório Básica,Acessório,Azul,M,1,242.78,12.14,"230,64",Dinheiro,Online,510.0,16
6746,2026-08-28,18:15,154,Bermuda Básica,Bermuda,Branca,P,1,240.69,0.0,240.69,cartão de crédito,Online,589.0,16
6747,2026-04-16,16:30,138,Jaqueta Social,Jaqueta,Branca,P,1,257.25,38.59,218.66,PIX,Online,179.0,24
6748,2026-04-08,15:30,13,Blusa Básica,Blusa,Verde,G,2,276.45,82.93,469.97,Cartão de Débito,Online,137.0,23
6749,2026-09-20,13:30,31,Vestido Social,Vestido,Azul,GG,4,28.24,16.94,96.02,Cartão de Débito,Física,522.0,6
6750,2026-06-05,19:30,171,Blusa Casual,Blusa,Verde,M,2,139.15,13.92,264.38,PIX,Física,147.0,10
6751,2026-09-29,14:00,144,Blusa X,Blusa,Verde,G,3,297.99,0.0,893.97,PIX,Física,,17
6752,2026-03-07,10:30,88,Bermuda X,Bermuda,Rosa,G,4,55.13,0.0,220.52,PIX,Online,,16
6753,2026-06-11,17:00,67,Vestido Premium,Vestido,Preta,G,2,60.66,12.13,109.19,Cartão de Débito,Física,90.0,14
6754,2026-07-10,14:15,137,Jaqueta Básica,Jaqueta,Cinza,GG,3,124.46,0.0,373.38,Dinheiro,Online,408.0,18
6755,2026-07-09,16:30,80,Camiseta Básica,Camiseta,Cinza,M,2,179.41,35.88,322.94,Cartão de Débito,Online,233.0,9
6756,2026-03-01,19:30,65,Jaqueta Casual,Jaqueta,Branca,G,3,232.93,0.0,698.79,Cartão de Crédito,Online,561.0,9
6757,2026-09-05,20:30,143,Bermuda Casual,Bermuda,Rosa,G,4,113.47,0.0,453.88,Cartão de Débito,Online,526.0,25
6758,2026-09-27,13:00,152,Jaqueta Premium,Jaqueta,Verde,M,3,208.59,0.0,625.77,Cartão de Crédito,Física,408.0,7
6759,2026-06-19,19:00,71124,Camiseta Casual,Camiseta,Cinza,GG,1,216.84,0.0,216.84,Cartão de Crédito,Online,394.0,25
6760,2026-09-07,13:30,138,Jaqueta Social,Jaqueta,Branca,P,4,257.25,0.0,1029.0,Crediário,Física,345.0,24
6761,2026-03-30,18:00,85,Calça X,Calça,Cinza,G,3,287.08,0.0,861.24,PIX,Física,468.0,24
6762,2026-09-06,10:45,10803,Bermuda Social,Bermuda,Azul,M,2,250.51,50.1,450.92,Cartão de Débito,Online,593.0,12
6763,2026-07-09,13:30,114,Camiseta Social,Camiseta,Verde,GG,1,330.12,16.51,313.61,cartao credito,Online,461.0,2
6764,2026-04-18, 11:30,111,Blusa Esporte,Blusa,Verde,M,4,279.57,55.91,1062.37,Dinheiro,Física,558.0,25
6765,2026-07-30,11:15,93,Calça Slim,Calça,Azul,G,3,328.53,0.0,985.59,Cartão de Débito,Física,156.0,18
6766,2026-08-17,19:30,40,Jaqueta Premium,Jaqueta,Branca,G,4,59.14,0.0,236.56,Cartão de Débito,Online,272.0,8
6767,2026-03-10,13:15,132,Acessório Esporte,Acessório,Rosa,P,1,45.67,4.57,41.1,PIX,Física,131.0,14
6768,2026-04-28,17:15,35,Blusa Premium,Blusa,Preta,P,1,314.35,31.44,282.91,PIX,Online,41.0,18
6769,04/09/26,15:15,164,Blusa Premium,Blusa,Preta,G,1,175.34,0.0,175.34,PIX,Online,,1
6770,2026-07-26, 09:15,11,Calça Básica,Calça,Verde,G,3,112.35,33.7,303.35,Cartão de Débito,Online,151.0,18
6771,2026-08-27,20:15,18,Acessório Básica,Acessório,Azul,M,4,242.78,145.67,825.45,Cartão de Débito,Física,483.0,13
6772,2026-06-21,12:45,68,Acessório Casual,Acessório,Branca,P,3,212.83,63.85,574.64,Cartão de Crédito,Física,412.0,15
6773,2026-06-08, 13:30 ,162,Acessório Esporte,Acessório,Preta,P,1,314.53,0.0,314.53,PIX,Física,27.0,13
6774,2026-06-07,20:45,75,Bermuda Premium,Bermuda,Cinza,G,2,129.65,12.97,246.33,Cartão de Crédito,Física,136.0,9
6775,2026-09-12,17:45,168,Camiseta Slim,Camiseta,Preta,GG,-1,50.13,0.0,50.13,Cartão de Crédito,Física,325.0,21
6776,2026-03-16,17:30,131,Jaqueta X,Jaqueta,Azul,P,2,192.39,0.0,384.78,Cartão de Débito,Online,128.0,21
6777,2026-05-15,17:45,37,Acessório Premium,Acessório,Rosa,G,3,281.93,42.29,803.5,Cartão de Crédito,Online,440.0,20
6778,2026-08-20,20:45,159,Calça Social,Calça,Verde,G,2,166.81,0.0,333.62,Cartão de Débito,Física,600.0,11
6779,2026-05-01,19:30,115,Vestido Básica,Vestido,Vermelha,GG,3,108.11,48.65,275.68,Cartão de Débito,Online,30.0,10
6780,2026-09-29,21:15,142,Vestido Esporte,Vestido,Branca,GG,2,142.68,42.8,242.56,Crediário,Física,274.0,20
6781,2026-07-28,14:00,124,Camiseta Social,Camiseta,Branca,M,1,31.01,1.55,29.46,Cartão de Débito,Física,17.0,10
6782,2026-03-17,14:15,12,Blusa X,Blusa,Rosa,P,1,258.15,25.82,232.33,Cartão de Crédito,Física,453.0,13
6783,2026-04-25,21:00,97,Jaqueta Premium,Jaqueta,Rosa,GG,3,161.24,0.0,483.72,Cartão de Débito,Física,184.0,20
6784,2026-06-25,14:00,155,Blusa X,Blusa,Rosa,GG,1,229.95,0.0,229.95,PIX,Física,324.0,17
6785,2026-04-01,09:30,149,Vestido Básica,Vestido,Cinza,GG,3,67.2,20.16,181.44,Cartão de Crédito,Online,418.0,10
6786,2026-09-12,10:45,113,Jaqueta Premium,Jaqueta,Rosa,M,2,196.9,0.0,393.8,Cartão De Crédito,Online,269.0,3
6787,2026-06-07,09:45,137,Jaqueta Básica,Jaqueta,Cinza,GG,4,124.46,0.0,497.84,PIX,Online,19.0,21
6788,02/04/26,17:30,126,Calça Casual,Calça,Vermelha,G,4,275.71,55.14,1047.7,Dinheiro,Física,563.0,17
6789,2026-06-05,15:00,56,Camiseta Social,Camiseta,Verde,M,4,252.29,151.37,857.79,Dinheiro,Online,423.0,2
6790,2026-04-06,16:15,31,Vestido Social,Vestido,Azul,GG,4,28.24,16.94,96.02,Cartão de Crédito,Física,186.0,6
6791,2026-05-28,09:45,64,Blusa Slim,Blusa,Cinza,G,2,307.95,30.8,585.1,PIX,Online,460.0,13
6792,2026-07-08,11:00,67,Vestido Premium,Vestido,Preta,G,2,60.66,6.07,115.25,Crediário,Física,531.0,16
6793,2026-06-22,21:00,152,Jaqueta Premium,Jaqueta,Verde,M,3,208.59,0.0,625.77,Cartão de Débito,Online,226.0,14
6794,2026-05-31,09:15,6016,Camiseta Slim,Camiseta,Rosa,G,2,178.5,35.7,321.3,PIX,Física,587.0,15
6795,2026-07-14,09:00,3,Vestido Esporte,Vestido,Azul,GG,1,51.13,7.67,43.46,Crediário,Física,211.0,3
6796,2026-09-27,14:45,8,Bermuda Básica,Bermuda,Rosa,P,3,301.95,0.0,905.85,Cartão de Crédito,Física,398.0,24
6797,2026-03-04,21:15,103,Acessório Esporte,Acessório,Verde,M,3,142.1,0.0,426.3,Cartão de Débito,Física,431.0,23
6798,2026-03-29, 09:45 ,97,Jaqueta Premium,Jaqueta,Rosa,GG,1,161.24,0.0,161.24,Crediário,Física,346.0,5
6799,2026-04-12,19:30,112,Bermuda Premium,Bermuda,Rosa,GG,3,93.18,13.98,265.56,PIX,Online,35.0,22
6800,2026-05-26,10:00,163,Blusa Esporte,Blusa,Rosa,GG,2,291.86,29.19,554.53,Cartão de Débito,Online,270.0,24
6801,2026-06-15,17:30,46,Bermuda Social,Bermuda,Azul,P,1,46.54,4.65,41.89,Dinheiro,Online,197.0,24
6802,2026-05-02,11:00,47,Blusa Esporte,Blusa,Vermelha,M,2,85.46,25.64,145.28,PIX,Online,516.0,9
6803,2026-04-25,16:15,14,Bermuda Esporte,Bermuda,Verde,GG,3,113.16,16.97,322.51,Cartão de Crédito,Online,390.0,13
6804,2026-09-02,18:00,53,Jaqueta Casual,Jaqueta,Branca,P,4,203.54,0.0,814.16,Cartão de Débito,Online,361.0,6
6805,2026-07-11,16:45,157,Bermuda Básica,Bermuda,Azul,P,2,35.03,0.0,70.06,PIX,Online,505.0,21
6806,2026-07-24,16:15,38,Acessório Esporte,Acessório,Rosa,P,4,113.5,45.4,408.6,Cartão de Crédito,Física,39.0,21
6807,2026-05-01,18:00,57,Calça Casual,Calça,Verde,GG,-1,86.79,0.0,173.58,PIX,Online,47.0,8
6808,2026-04-17,18:15,94,Blusa X,Blusa,Azul,GG,1,310.47,31.05,279.42,Crediário,Física,146.0,6
6809,2026-04-13, 11:30,121,Acessório Básica,Acessório,Vermelha,GG,4,127.53,0.0,510.12,Dinheiro,Online,92.0,3
6810,2026-06-02,20:45,154,Bermuda Básica,Bermuda,Branca,P,3,240.69,36.1,685.97,Cartão de Crédito,Online,257.0,9
6811,2026-06-22,18:30,123,Camiseta Básica,Camiseta,Preta,P,3,195.44,58.63,527.69,Crediário,Física,,24
6812,2026-06-04,21:00,67,Vestido Premium,Vestido,Preta,G,2,60.66,0.0,121.32,Cartão de Débito,Física,550.0,3
6813,2026-07-21,20:15,16,Bermuda Esporte,Bermuda,Branca,M,4,242.53,0.0,970.12,PIX,Física,98.0,5
6814,2026-05-09,17:45,22,Bermuda Social,Bermuda,Vermelha,GG,4,213.75,0.0,855.0,Cartão de Débito,Online,360.0,5
6815,2026-04-16,19:30,86,Blusa Social,Blusa,Azul,P,2,56.25,16.88,95.62,Dinheiro,Física,558.0,5
6816,2026-09-04,20:45  ,123,Camiseta Básica,Camiseta,Preta,P,4,195.44,39.09,742.67,Cartão de Débito,Online,275.0,2
6817,2026-08-13,19:30,43,Bermuda Premium,Bermuda,Preta,GG,3,144.6,0.0,433.8,Cartão de Débito,Física,138.0,20
6818,2026-06-03,11:15,134,Bermuda Básica,Bermuda,Rosa,GG,2,59.5,11.9,107.1,Cartão de Débito,Online,548.0,16
6819,2026-05-07,18:15,180,Acessório X,Acessório,Verde,GG,2,108.79,0.0,217.58,Cartão de Débito,Física,414.0,2
6820,2026-06-23,10:15,100,Calça Social,Calça,Preta,M,4,133.29,26.66,506.5,Crediário,Online,92.0,17
6821,2026-06-04,18:15,169,Camiseta Premium,Camiseta,Branca,GG,4,137.47,0.0,549.88,PIX,Física,404.0,3
6822,2026-09-29, 20:45,13,Blusa Básica,Blusa,Verde,G,0,276.45,55.29,497.61,PIX,Online,503.0,20
6823,2026-04-28,10:15,100,Calça Social,Calça,Preta,M,3,133.29,0.0,399.87,PIX,Online,491.0,1
6824,2026-08-17,12:00,163,Blusa Esporte,Blusa,Rosa,GG,3,291.86,0.0,875.58,Cartão de Débito,Online,63.0,23
6825,2026-09-30,13:15,142,Vestido Esporte,Vestido,Branca,GG,4,142.68,85.61,485.11,Cartão de Crédito,Online,481.0,16
6826,2026-08-26,16:30,17,Acessório Slim,Acessório,Azul,M,2,102.24,30.67,173.81,Cartão de Crédito,Online,389.0,15
6827,2026-07-12,20:30,107,Bermuda Slim,Bermuda,Rosa,M,2,304.94,91.48,518.4,Cartão de Crédito,Online,203.0,25
6828,2026-09-12,09:15,133,Jaqueta Social,Jaqueta,Branca,P,3,168.42,50.53,454.73,Cartão de Débito,Física,,21
6829,2026-09-28,11:45,102,Vestido Premium,Vestido,Vermelha,GG,1,250.72,0.0,250.72,PIX,Física,,13
6830,2026-09-11,12:15,13,Blusa Básica,Blusa,Verde,G,4,276.45,0.0,1105.8,Cartão de Débito,Física,196.0,21
6831,2026-06-24,11:00,129,Acessório X,Acessório,Branca,M,1,84.81,0.0,"84,81",Cartão de Crédito,Física,484.0,3
6832,2026-05-09,12:45,163,Blusa Esporte,Blusa,Rosa,GG,1,291.86,14.59,277.27,Cartão De Débito,Física,192.0,2
6833,2026-06-13,20:15,70,Vestido Slim,Vestido,Verde,G,3,304.38,136.97,776.17,Dinheiro,Física,264.0,12
6834,2026-05-30,11:30,16,Bermuda Esporte,Bermuda,Branca,M,1,242.53,0.0,242.53,Cartão de Débito,Física,93.0,15
6835,2026-08-26,18:45,58,Blusa X,Blusa,Branca,P,2,215.52,0.0,431.04,PIX,Física,438.0,1
6836,2026-04-29,11:30,175,Jaqueta Slim,Jaqueta,Branca,P,4,111.44,0.0,445.76,Cartão de Débito,Física,570.0,10
6837,2026-06-12,09:00,133,Jaqueta Social,Jaqueta,Branca,P,2,168.42,0.0,336.84,Cartão de Crédito,Online,126.0,17
6838,27/07/26,12:30,20,Blusa Básica,Blusa,Branca,M,4,212.5,85.0,765.0,Cartão de Crédito,Física,496.0,24
6839,2026-06-10,18:30,66,Vestido Básica,Vestido,Preta,GG,1,195.93,29.39,166.54,Dinheiro,Online,407.0,25
6840,2026-04-20,15:45,31,Vestido Social,Vestido,Azul,GG,3,28.24,0.0,"84,72",Cartão de Débito,Online,333.0,24
6841,2026-09-02,18:15,53,Jaqueta Casual,Jaqueta,Branca,P,2,203.54,0.0,407.08,Crediário,Física,123.0,11
6842,2026-09-12,13:00,120,Camiseta Básica,Camiseta,Rosa,G,3,304.19,0.0,912.57,Dinheiro,Online,52.0,1
6843,18-05-2026,13:45,70,Vestido Slim,Vestido,Verde,G,3,304.38,136.97,776.17,Crediário,Online,,8
6844,2026-09-25,10:15,101,Jaqueta Casual,Jaqueta,Verde,M,4,263.03,52.61,999.51,Cartão de Crédito,Física,570.0,4
6845,2026-04-18,10:45,46,Bermuda Social,Bermuda,Azul,P,4,46.54,0.0,186.16,Cartão de Débito,Física,542.0,4
6846,2026-07-29,12:30,159,Calça Social,Calça,Verde,G,3,166.81,25.02,475.41,Cartão de Débito,Online,348.0,5
6847,2026-08-15,18:15,82,Bermuda Social,Bermuda,Azul,M,2,325.21,65.04,585.38,Cartão de Débito,Online,150.0,7
6848,27/05/26,17:45,111,Blusa Esporte,Blusa,Verde,M,1,279.57,13.98,265.59,Cartão de Débito,Online,562.0,21
6849,2026-08-27,10:15,85,Calça X,Calça,Cinza,G,0,287.08,43.06,818.18,PIX,Física,221.0,25
6850,2026-07-02,12:00,131,Jaqueta X,Jaqueta,Azul,P,2,192.39,57.72,327.06,Dinheiro,Online,500.0,16
6851,2026-05-14,12:15,1,Blusa Premium,Blusa,Cinza,G,1,318.6,15.93,302.67,PIX,Física,110.0,16
6852,2026-09-21,14:45,61,Blusa Social,Blusa,Preta,P,2,336.13,0.0,672.26,Cartão de Crédito,Física,364.0,14
6853,2026-04-19,20:45,20,Blusa Básica,Blusa,Branca,M,1,212.5,0.0,212.5,PIX,Online,18.0,18
6854,2026-09-26,12:45,14,Bermuda Esporte,Bermuda,Verde,GG,3,113.16,0.0,339.48,Crediário,Física,307.0,13
6855,2026-05-21,20:15,179,Calça Social,Calça,Cinza,P,3,214.89,64.47,"580,20",Cartão de Débito,Online,179.0,18
6856,2026-07-01,10:15,137,Jaqueta Básica,Jaqueta,Cinza,GG,2,124.46,0.0,248.92,Dinheiro,Online,140.0,6
6857,2026-06-04,09:45,64,Blusa Slim,Blusa,Cinza,G,1,307.95,30.8,277.15,Cartão de Débito,Online,468.0,4
6858,2026-03-14,13:00,31,Vestido Social,Vestido,Azul,GG,2,28.24,0.0,56.48,PIX,Física,3.0,15
6859,2026-08-17,13:30,10,Camiseta Social,Camiseta,Azul,G,4,281.48,112.59,1013.33,Crediário,Física,370.0,5
6860,2026-09-20,11:45,144,Blusa X,Blusa,Verde,G,4,297.99,0.0,1191.96,Cartão de Crédito,Online,429.0,15
6861,2026-05-12,09:15,116,Blusa Premium,Blusa,Branca,G,1,68.25,94.25724941455408,68.25,Cartão de Débito,Física,361.0,19
6862,2026-09-25,13:15,109,Camiseta Esporte,Camiseta,Branca,GG,3,227.45,34.12,648.23,PIX,Online,288.0,10
6863,2026-06-17,09:00,43,Bermuda Premium,Bermuda,Preta,GG,4,144.6,0.0,578.4,Cartão de Débito,Física,,5
6864,2026-08-18, 14:30,56,Camiseta Social,Camiseta,Verde,M,4,252.29,151.37,857.79,PIX,Online,28.0,1
6865,2026-05-09,20:15,132,Acessório Esporte,Acessório,Rosa,P,1,45.67,0.0,45.67,PIX,Física,281.0,18
6866,2026-04-21,18:15,101,Jaqueta Casual,Jaqueta,Verde,M,1,263.03,0.0,263.03,Cartão de Débito,Online,370.0,24
6867,2026-04-22,10:30,148,Vestido Slim,Vestido,Rosa,G,2,213.53,0.0,427.06,Cartão de Débito,Online,533.0,14
6868,2026-08-26,20:15,137,Jaqueta Básica,Jaqueta,Cinza,GG,1,124.46,0.0,124.46,Dinheiro,Física,355.0,22
6869,2026-08-23,21:00,48,Camiseta Básica,Camiseta,Cinza,GG,3,63.03,28.36,160.73,Cartão de Crédito,Online,253.0,16
6870,2026-04-30,11:00,80,Camiseta Básica,Camiseta,Cinza,M,1,179.41,247.77572333282268,179.41,Cartão de Débito,Física,333.0,23
6871,2026-07-01,18:15,62,Jaqueta Social,Jaqueta,Rosa,M,3,66.35,0.0,199.05,Crediário,Física,211.0,7
6872,2026-08-19,20:45,152,Jaqueta Premium,Jaqueta,Verde,M,3,208.59,93.87,531.9,Cartão de Débito,Física,,5
6873,2026-06-02,18:15,121,Acessório Básica,Acessório,Vermelha,GG,1,127.53,0.0,127.53,PIX,Online,,7
6874,2026-03-18,12:00,114,Camiseta Social,Camiseta,Verde,GG,3,330.12,148.55,841.81,PIX,Física,387.0,7
6875,2026-08-17,15:45,23,Calça Social,Calça,Preta,GG,4,181.44,0.0,725.76,Cartão de Débito,Física,,12
6876,2026-04-13,17:45,58,Blusa X,Blusa,Branca,P,1,215.52,0.0,215.52,Cartão de Débito,Física,202.0,25
6877,13/06/2026,18:30,74,Bermuda Esporte,Bermuda,Branca,M,1,290.34,14.52,275.82,Crediário,Online,95.0,1
6878,2026-03-20,15:45,112,Bermuda Premium,Bermuda,Rosa,GG,1,93.18,0.0,"93,18",PIX,Online,218.0,7
6879,2026-05-04,19:15,159,Calça Social,Calça,Verde,G,4,166.81,0.0,667.24,Cartão de Débito,Física,386.0,14
6880,2026-09-15,12:30,55,Vestido Premium,Vestido,Branca,M,4,126.12,0.0,504.48,Cartão de Crédito,Online,560.0,12
6881,2026-05-13,17:15,141,Bermuda Slim,Bermuda,Vermelha,GG,3,162.9,0.0,488.7,Cartão de Crédito,Online,426.0,12
6882,2026-06-05,11:30,133,Jaqueta Social,Jaqueta,Branca,P,4,168.42,67.37,606.31,Cartão de Débito,Física,536.0,8
6883,2026-08-22,09:30,83,Bermuda Básica,Bermuda,Cinza,M,1,344.51,0.0,344.51,Dinheiro,Física,94.0,11
6884,2026-07-05,15:45,164,Blusa Premium,Blusa,Preta,G,0,175.34,105.2,596.16,Cartão de Crédito,Online,554.0,15
6885,2026-05-07,15:30,28,Bermuda Premium,Bermuda,Vermelha,GG,1,57.16,0.0,57.16,Cartão de Débito,Online,553.0,14
6886,15/07/26,15:00,165,Calça Casual,Calça,Rosa,G,2,158.71,0.0,317.42,PIX,Online,275.0,13
6887,2026-05-26,11:15,112,Bermuda Premium,Bermuda,Rosa,GG,4,93.18,0.0,372.72,Cartão de Débito,Online,97.0,9
6888,2026-08-11,11:00,56,Camiseta Social,Camiseta,Verde,M,2,252.29,25.23,479.35,PIX,Física,579.0,22
6889,2026-03-08,09:15,170,Bermuda Premium,Bermuda,Vermelha,GG,4,234.75,0.0,939.0,Cartão de Débito,Online,548.0,4
6890,2026-03-13,11:30,54,Bermuda Social,Bermuda,Cinza,G,1,115.21,5.76,109.45,Dinheiro,Online,490.0,3
6891,2026-06-14,09:45,60,Blusa Premium,Blusa,Azul,GG,0,177.54,17.75,159.79,Cartão de Débito,Online,69.0,13
6892,2026-03-27,14:45,51,Blusa Premium,Blusa,Branca,P,3,122.21,0.0,366.63,Dinheiro,Física,399.0,15
6893,2026-08-29,09:15,174,Calça Slim,Calça,Cinza,M,1,34.1,0.0,34.1,dinheiro,Física,588.0,3
6894,2026-07-10,14:45,153,Bermuda Social,Bermuda,Cinza,G,4,75.2,15.04,285.76,PIX,Física,355.0,6
6895,2026-05-24,10:15,41,Vestido X,Vestido,Verde,M,4,38.61,0.0,154.44,Cartão de Crédito,Online,510.0,10
6896,2026-03-15,11:00,149,Vestido Básica,Vestido,Cinza,GG,2,67.2,6.72,127.68,PIX,Online,543.0,2
6897,2026-08-15,16:30,128,Acessório X,Acessório,Verde,G,4,38.26,0.0,153.04,Cartão de Crédito,Online,206.0,14
6898,2026-06-05,09:45,20,Blusa Básica,Blusa,Branca,M,4,212.5,42.5,"807,50",Cartão de Crédito,Física,,15
6899,2026-03-09,20:45,62,Jaqueta Social,Jaqueta,Rosa,M,4,66.35,39.81,225.59,Cartão de Débito,Online,362.0,13
6900,28/09/2026,20:45,30,Vestido Esporte,Vestido,Vermelha,G,1,244.92,36.74,208.18,Dinheiro,Física,168.0,12
6901,2026-07-09,14:30,106,Blusa Premium,Blusa,Azul,P,3,204.85,61.46,553.09,Cartão de Crédito,Física,548.0,15
6902,2026-06-22,17:00,43,Bermuda Premium,Bermuda,Preta,GG,2,144.6,43.38,245.82,Dinheiro,Física,461.0,16
6903,2026-03-31,15:15,140,Jaqueta Básica,Jaqueta,Cinza,P,4,275.21,0.0,1100.84,Dinheiro,Online,488.0,22
6904,2026-05-01,15:00,166,Blusa Casual,Blusa,Cinza,P,1,25.41,0.0,25.41,PIX,Física,301.0,19
6905,2026-03-19,17:30,22,Bermuda Social,Bermuda,Vermelha,GG,1,213.75,0.0,213.75,PIX,Física,119.0,14
6906,2026-08-28,13:30,120,Camiseta Básica,Camiseta,Rosa,G,3,304.19,0.0,912.57,Cartão de Crédito,Física,28.0,22
6907,2026-03-23,18:45,175,Jaqueta Slim,Jaqueta,Branca,P,4,111.44,0.0,445.76,PIX,Online,350.0,10
6908,2026-08-25,12:15,11,Calça Básica,Calça,Verde,G,1,112.35,0.0,112.35,Cartão de Crédito,Física,230.0,4
6909,2026-03-06,16:45,87,Camiseta Casual,Camiseta,Cinza,P,2,273.14,0.0,546.28,PIX,Física,487.0,9
6910,2026-03-11,21:15,84,Blusa X,Blusa,Branca,M,3,91.15,0.0,273.45,PIX,Online,36.0,23
6911,2026-04-16,14:00,75,Bermuda Premium,Bermuda,Cinza,G,4,129.65,51.86,466.74,Cartão de Crédito,Online,200.0,16
6912,2026-05-23,13:15,50,Blusa Básica,Blusa,Azul,G,4,124.43,24.89,472.83,Cartão de Débito,Online,200.0,11
6913,2026-06-25,14:45,25,Calça Básica,Calça,Rosa,GG,1,346.73,52.01,294.72,PIX,Física,,18
6914,2026-07-03,11:30,158,Jaqueta Premium,Jaqueta,Rosa,GG,2,91.13,0.0,"R$ 182,26",Cartão de Crédito,Física,127.0,12
6915,2026-07-15,14:00,11,Calça Básica,Calça,Verde,G,4,112.35,44.94,404.46,Cartão de Débito,Online,336.0,5
6916,2026-03-20,09:45,150,Camiseta Casual,Camiseta,Cinza,GG,3,216.84,97.58,552.94,Cartão de Crédito,Online,538.0,10
6917,2026-03-01,19:30,177,Camiseta Slim,Camiseta,Vermelha,G,4,63.08,37.85,214.47,Cartão de Débito,Online,143.0,23
6918,2026-06-22,16:30,39,Blusa X,Blusa,Vermelha,P,1,80.38,4.02,76.36,Cartão de Crédito,Física,45.0,2
6919,2026-06-30,15:15,104,Acessório Premium,Acessório,Rosa,M,4,240.9,144.54,819.06,Cartão de Crédito,Física,275.0,25
6920,2026-06-22, 17:30,78,Acessório Básica,Acessório,Cinza,GG,1,138.63,0.0,138.63,Cartão de Débito,Física,24.0,23
6921,2026-05-16,14:45,40,Jaqueta Premium,Jaqueta,Branca,G,2,59.14,0.0,118.28,Cartão de Crédito,Física,418.0,18
6922,2026-07-12,16:15,57,Calça Casual,Calça,Verde,GG,2,86.79,17.36,156.22,Cartão de Débito,Online,46406.0,16
6923,2026-09-16,15:15,67,Vestido Premium,Vestido,Preta,G,2,60.66,0.0,121.32,Crediário,Online,29.0,10
6924,2026-03-14,15:00,48,Camiseta Básica,Camiseta,Cinza,GG,3,63.03,0.0,189.09,Crediário,Online,305.0,17
6925,2026-06-24,14:45,48,Camiseta Básica,Camiseta,Cinza,GG,1,63.03,3.15,59.88,Cartão de Débito,Física,545.0,24
6926,2026-03-25,19:15,32,Acessório Social,Acessório,Azul,G,3,324.96,0.0,974.88,Cartão de Crédito,Física,506.0,18
6927,2026-04-30,20:30,17,Acessório Slim,Acessório,Azul,M,4,102.24,40.9,368.06,Cartão de Crédito,Física,118.0,20
6928,2026-09-17,20:15,144,Blusa X,Blusa,Verde,G,3,297.99,0.0,893.97,PIX,Online,210.0,18
6929,2026-06-17,14:30,124,Camiseta Social,Camiseta,Branca,M,1,31.01,3.1,27.91,Dinheiro,Online,74.0,15
6930,2026-08-01,19:15,133,Jaqueta Social,Jaqueta,Branca,P,3,168.42,0.0,505.26,Crediário,Online,415.0,1
6931,2026-09-10,12:15,30,Vestido Esporte,Vestido,Vermelha,G,1,244.92,36.74,208.18,PIX,Online,457.0,10
6932,2026-07-29,13:30,150,Camiseta Casual,Camiseta,Cinza,GG,4,216.84,86.74,780.62,Cartão de Débito,Online,413.0,4
6933,2026-05-16,11:00,62,Jaqueta Social,Jaqueta,Rosa,M,1,66.35,6.64,59.71,Dinheiro,Online,436.0,11
6934,2026-05-17,17:00,48,Camiseta Básica,Camiseta,Cinza,GG,3,63.03,0.0,189.09,Cartão de Crédito,Online,277.0,6
6935,2026-08-31,21:15,101,Jaqueta Casual,Jaqueta,Verde,M,4,263.03,0.0,1052.12,Cartão de Crédito,Física,18.0,16
6936,2026-08-11,11:15,56,Camiseta Social,Camiseta,Verde,M,3,252.29,75.69,681.18,Cartão de Crédito,Online,43.0,20
6937,2026-09-25,14:15,84,Blusa X,Blusa,Branca,M,4,91.15,54.69,309.91,Pix,Online,112.0,15
6938,2026-03-09,16:00,161,Camiseta X,Camiseta,Branca,GG,1,168.83,16.88,151.95,PIX,Online,,20
6939,2026-05-02,17:00,40,Jaqueta Premium,Jaqueta,Branca,G,1,59.14,0.0,59.14,PIX,Física,502.0,23
6940,2026-09-20,18:30,59,Blusa Social,Blusa,Verde,M,1,202.64,0.0,202.64,PIX,Física,97.0,1
6941,2026-09-02,10:00,90,Jaqueta Social,Jaqueta,Rosa,M,2,340.94,34.09,"647,79",Dinheiro,Online,136.0,25
6942,2026-06-22,12:00,126,Calça Casual,Calça,Vermelha,G,4,275.71,0.0,1102.84,Crediário,Física,63.0,22
6943,2026-04-16,11:45,58,Blusa X,Blusa,Branca,P,1,215.52,21.55,193.97,Cartão de Débito,Física,44.0,13
6944,2026-08-04,20:00,7,Acessório X,Acessório,Vermelha,GG,2,160.81,0.0,321.62,Cartão de Crédito,Física,241.0,2
6945,2026-03-01,21:00,136,Bermuda Slim,Bermuda,Verde,P,4,232.34,46.47,882.89,Cartão de Débito,Online,453.0,2
6946,2026-05-21,09:15,177,Camiseta Slim,Camiseta,Vermelha,G,4,63.08,0.0,252.32,pix,Online,431.0,11
6947,2026-07-10,19:30,168,Camiseta Slim,Camiseta,Preta,GG,4,50.13,10.03,190.49,Cartão de Crédito,Física,97.0,9
6948,2026-04-11,16:45,58,Blusa X,Blusa,Branca,P,3,215.52,0.0,646.56,Cartão de Crédito,Online,597.0,1
6949,2026-05-27,17:45,176,Vestido Esporte,Vestido,Vermelha,M,1,227.13,34.07,193.06,Cartão de Débito,Online,284.0,6
6950,2026-03-12, 18:30,28,Bermuda Premium,Bermuda,Vermelha,GG,4,57.16,0.0,228.64,Cartão de Débito,Física,158.0,22
6951,2026-08-25,15:15,80,Camiseta Básica,Camiseta,Cinza,M,4,179.41,0.0,717.64,Cartão de Crédito,Física,451.0,13
6952,2026-04-20,17:00,138,Jaqueta Social,Jaqueta,Branca,P,2,257.25,25.72,488.78,Cartão de Crédito,Física,338.0,4
6953,2026-07-08,11:00,7,Acessório X,Acessório,Vermelha,GG,4,160.81,64.32,578.92,Cartão de Crédito,Física,497.0,23
6954,2026-07-13,16:30,125,Vestido X,Vestido,Verde,M,3,114.2,51.39,291.21,Cartão de Débito,Física,373.0,24
6955,2026-09-19,17:30,164,Blusa Premium,Blusa,Preta,G,2,175.34,17.53,333.15,Cartão de Débito,Física,354.0,23
6956,2026-07-27,21:00,141,Bermuda Slim,Bermuda,Vermelha,GG,4,162.9,0.0,651.6,Cartão de Débito,Física,232.0,11
6957,2026-07-15,16:00,13,Blusa Básica,Blusa,Verde,G,2,276.45,27.64,525.26,Cartão de Crédito,Física,527.0,12
6958,2026-03-13,21:45,4,Acessório Básica,Acessório,Vermelha,G,1,81.82,0.0,81.82,PIX,Online,269.0,17
6959,2026-08-20,15:30,156,Calça Esporte,Calça,Cinza,P,3,179.11,0.0,537.33,Dinheiro,Física,58.0,17
6960,2026-06-29,17:30,36,Jaqueta X,Jaqueta,Rosa,GG,2,109.13,10.91,"R$ 207,35",Dinheiro,Física,283.0,4
6961,2026-07-21,15:00,80,Camiseta Básica,Camiseta,Cinza,M,2,179.41,35.88,322.94,Cartão de Débito,Física,291.0,20
6962,2026-05-07,13:45,173,Camiseta Esporte,Camiseta,Preta,P,2,183.66,0.0,367.32,Cartão de Crédito,Online,557.0,20
6963,2026-03-06,16:00,18,Acessório Básica,Acessório,Azul,M,4,242.78,48.56,922.56,Cartão de Débito,Física,426.0,3
6964,2026-08-24,09:00,163,Blusa Esporte,Blusa,Rosa,GG,4,291.86,0.0,"R$ 1.167,44",Cartão de Crédito,Online,186.0,13
6965,2026-03-17,17:45,129,Acessório X,Acessório,Branca,M,2,84.81,25.44,144.18,Dinheiro,Física,360.0,22
6966,2026-08-12,18:15,91,Acessório Casual,Acessório,Rosa,M,4,274.86,54.97,1044.47,Dinheiro,Física,250.0,13
6967,2026-08-22,21:30,3,Vestido Esporte,Vestido,Azul,GG,4,51.13,0.0,204.52,PIX,Online,205.0,1
6968,2026-07-01,20:00,129,Acessório X,Acessório,Branca,M,3,84.81,0.0,254.43,Dinheiro,Física,90.0,11
6969,2026-05-14,15:15,70,Vestido Slim,Vestido,Verde,G,2,304.38,60.88,547.88,Cartão de Crédito,Online,512.0,6
6970,2026-05-04,20:00,172,Camiseta Premium,Camiseta,Rosa,G,2,289.13,28.91,549.35,PIX,Física,259.0,15
6971,2026-07-19,14:45,106,Blusa Premium,Blusa,Azul,P,2,204.85,0.0,409.7,Crediário,Física,321.0,8
6972,07/05/2026,17:30,63,Bermuda Social,Bermuda,Azul,M,3,250.51,75.15,676.38,Cartão de Crédito,Física,180.0,7
6973,2026-05-23,12:30,173,Camiseta Esporte,Camiseta,Preta,P,1,183.66,0.0,183.66,Crediário,Física,575.0,15
6974,2026-04-17,20:30,26,Jaqueta Esporte,Jaqueta,Verde,P,1,204.58,30.69,173.89,Cartão de Crédito,Física,433.0,22
6975,2026-08-17,14:45,174,Calça Slim,Calça,Cinza,M,3,34.1,0.0,102.3,Cartão de Crédito,Online,166.0,3
6976,2026-09-01,12:45,91581,Calça Social,Calça,Verde,G,1,166.81,0.0,"R$ 166,81",PIX,Online,101.0,23
6977,2026-04-22,13:00,37,Acessório Premium,Acessório,Rosa,G,4,281.93,169.16,958.56,Cartão de Débito,Online,115.0,7
6978,2026-04-11,09:45,162,Acessório Esporte,Acessório,Preta,P,4,314.53,0.0,1258.12,Dinheiro,Física,62.0,10
6979,2026-05-17,12:00,88,Bermuda X,Bermuda,Rosa,G,1,55.13,2.76,52.37,Dinheiro,Física,497.0,14
6980,2026-07-07,10:45,14,Bermuda Esporte,Bermuda,Verde,GG,1,113.16,0.0,113.16,Cartão de Crédito,Online,111.0,4
6981,2026-04-03,14:00,54,Bermuda Social,Bermuda,Cinza,G,1,115.21,0.0,115.21,PIX,Física,362.0,13
6982,2026-07-05,15:30,58,Blusa X,Blusa,Branca,P,4,215.52,43.1,818.98,PIX,Física,455.0,15
6983,2026-06-01,11:45,171,Blusa Casual,Blusa,Verde,M,2,139.15,0.0,"278,30",Crediário,Online,114.0,6
6984,2026-09-06,13:00,69,Camiseta Básica,Camiseta,Branca,M,1,71.3,0.0,"R$ 71,30",Dinheiro,Online,502.0,4
6985,2026-03-26,17:00,92,Vestido Básica,Vestido,Cinza,G,3,146.37,65.87,373.24,Cartão de Débito,Online,298.0,24
6986,2026-07-26,13:30,49,Calça Esporte,Calça,Preta,P,3,264.21,0.0,792.63,Crediário,Física,475.0,25
6987,2026-08-18,12:15,112,Bermuda Premium,Bermuda,Rosa,GG,4,93.18,0.0,372.72,Cartão de Crédito,Física,,8
6988,2026-03-05,14:30,23,Calça Social,Calça,Preta,GG,2,181.44,0.0,362.88,Cartão de Débito,Online,17.0,22
6989,2026-05-08,17:00,61,Blusa Social,Blusa,Preta,P,2,336.13,0.0,672.26,PIX,Online,457.0,25
6990,2026-03-07,19:45,47,Blusa Esporte,Blusa,Vermelha,M,3,85.46,12.82,243.56,Crediário,Online,456.0,6
6991,2026-06-03,20:45,24,Blusa Esporte,Blusa,Preta,M,2,315.76,0.0,631.52,Cartão de Crédito,Online,75.0,14
6992,2026-07-03,17:00,41,Vestido X,Vestido,Verde,M,1,38.61,1.93,36.68,PIX,Física,574.0,14
6993,2026-06-02,16:45,156,Calça Esporte,Calça,Cinza,P,2,179.11,0.0,358.22,Cartão de Débito,Física,338.0,4
6994,11/05/2026,21:00,121,Acessório Básica,Acessório,Vermelha,GG,3,127.53,38.26,344.33,Cartão de Crédito,Online,543.0,11
6995,2026-08-17,16:00,134,Bermuda Básica,Bermuda,Rosa,GG,1,59.5,8.92,50.58,PIX,Online,120.0,5
6996,2026-06-11,14:15,119,Calça Esporte,Calça,Branca,P,4,331.07,66.21,1258.07,Cartão de Débito,Online,147.0,8
6997,2026-04-26,13:30,95,Bermuda X,Bermuda,Cinza,G,4,275.07,55.01,1045.27,Cartão de Débito,Física,,9
6998,2026-04-07,19:45  ,15,Bermuda Básica,Bermuda,Cinza,G,1,52.05,5.2,46.85,Cartão de Débito,Física,432.0,21
6999,2026-04-08,10:00,135,Bermuda Básica,Bermuda,Cinza,M,4,74.1,0.0,296.4,PIX,Online,261.0,5
7000,2026-06-03,18:00,172,Camiseta Premium,Camiseta,Rosa,G,1,289.13,14.46,274.67,Cartão de Crédito,Online,73.0,2
7001,2026-05-21,18:30,16,Bermuda Esporte,Bermuda,Branca,M,4,242.53,97.01,873.11,Crediário,Física,98921.0,13
7002,2026-08-25,17:30,69,Camiseta Básica,Camiseta,Branca,M,2,71.3,7.13,135.47,Dinheiro,Física,207.0,19
7003,2026-04-20,19:15,75,Bermuda Premium,Bermuda,Cinza,G,3,129.65,19.45,369.5,Cartão de Débito,Online,,19
7004,2026-05-23,12:30,52,Vestido Básica,Vestido,Vermelha,G,1,334.95,0.0,334.95,Cartão de Crédito,Física,,14
7005,2026-05-15,14:45,56,Camiseta Social,Camiseta,Verde,M,1,252.29,0.0,252.29,Cartão de Crédito,Online,284.0,3
7006,2026-09-12,20:45,69,Camiseta Básica,Camiseta,Branca,M,2,71.3,21.39,121.21,Cartão de Crédito,Física,595.0,5
7007,2026-06-27,18:30,144,Blusa X,Blusa,Verde,G,1,297.99,0.0,297.99,Dinheiro,Online,,17
7008,2026-05-24,14:00,108,Jaqueta X,Jaqueta,Azul,G,4,84.3,0.0,337.2,Cartão de Crédito,Física,95.0,18
7009,2026-04-08,10:30,101,Jaqueta Casual,Jaqueta,Verde,M,3,263.03,118.36,670.73,Cartão de Débito,Online,226.0,9
7010,2026-08-28,18:30,77,Blusa Básica,Blusa,Preta,M,1,29.9,0.0,29.9,Cartão de Crédito,Física,404.0,20
7011,2026-07-29,17:30,159,Calça Social,Calça,Verde,G,3,166.81,0.0,500.43,Crediário,Física,525.0,5
7012,2026-05-03,14:30,80,Camiseta Básica,Camiseta,Cinza,M,3,179.41,0.0,538.23,Cartão de Crédito,Online,314.0,14
7013,2026-08-06,20:45,106,Blusa Premium,Blusa,Azul,P,2,204.85,20.48,389.22,Cartão de Crédito,Física,78841.0,20
7014,2026-08-25,11:30,170,Bermuda Premium,Bermuda,Vermelha,GG,3,234.75,0.0,704.25,Cartão de Débito,Física,,22
7015,2026-08-25,09:00,83,Bermuda Básica,Bermuda,Cinza,M,2,344.51,0.0,689.02,PIX,Online,282.0,11
7016,2026-08-08,11:30,3,Vestido Esporte,Vestido,Azul,GG,2,51.13,10.23,92.03,PIX,Física,438.0,12
7017,2026-08-09,15:00,122,Calça Social,Calça,Azul,M,2,77.6,203.62327990742642,147.44,Cartão de Débito,Online,511.0,9
7018,2026-04-10,15:30,30,Vestido Esporte,Vestido,Vermelha,G,3,244.92,0.0,734.76,Cartão de Crédito,Física,507.0,13
7019,2026-03-02,20:00,50,Blusa Básica,Blusa,Azul,G,2,124.43,37.33,211.53,Cartão de Crédito,Física,,3
7020,2026-04-04,15:45,170,Bermuda Premium,Bermuda,Vermelha,GG,2,234.75,23.48,446.02,Dinheiro,Física,166.0,2
7021,2026-07-28,15:30,21,Bermuda Social,Bermuda,Branca,GG,2,301.4,0.0,602.8,PIX,Online,20.0,6
7022,2026-03-19,15:15,9,Acessório X,Acessório,Preta,M,4,51.84,10.37,196.99,Cartão de Débito,Online,170.0,22
7023,2026-04-23,13:15,133,Jaqueta Social,Jaqueta,Branca,P,4,168.42,0.0,673.68,Dinheiro,Física,223.0,21
7024,2026-06-15,15:00,30,Vestido Esporte,Vestido,Vermelha,G,3,244.92,0.0,734.76,Cartão de Débito,Online,431.0,23
7025,2026-06-01,19:30,104,Acessório Premium,Acessório,Rosa,M,3,240.9,108.4,614.3,Cartão de Crédito,Física,246.0,2
7026,2026-07-01,21:45,117,Vestido Premium,Vestido,Cinza,M,3,81.36,0.0,244.08,PIX,Online,302.0,7
7027,2026-07-20,16:45,152,Jaqueta Premium,Jaqueta,Verde,M,1,208.59,0.0,208.59,PIX,Online,292.0,5
7028,2026-07-27,17:30,133,Jaqueta Social,Jaqueta,Branca,P,3,168.42,25.26,480.0,PIX,Online,320.0,15
7029,2026-08-19,21:30,35,Blusa Premium,Blusa,Preta,P,1,314.35,31.44,"282,91",Dinheiro,Online,45.0,18
7030,19/07/26,20:00,9,Acessório X,Acessório,Preta,M,3,51.84,0.0,155.52,Dinheiro,Física,144.0,8
7031,2026-07-14,10:15,38,Acessório Esporte,Acessório,Rosa,P,4,113.5,22.7,431.3,Cartão de Débito,Online,347.0,18
7032,2026-03-01,15:30,157,Bermuda Básica,Bermuda,Azul,P,2,35.03,0.0,70.06,Cartão de Débito,Física,288.0,20
7033,08/09/26,11:45,81,Calça Básica,Calça,Rosa,G,2,188.91,37.78,340.04,Dinheiro,Online,572.0,23
7034,2026-04-28,21:00,92,Vestido Básica,Vestido,Cinza,G,4,146.37,29.27,556.21,Cartão de Débito,Online,224.0,13
7035,2026-08-18,16:15  ,102,Vestido Premium,Vestido,Vermelha,GG,4,250.72,50.14,952.74,Cartão de Débito,Física,525.0,13
7036,2026-05-14,11:45,80,Camiseta Básica,Camiseta,Cinza,M,2,179.41,17.94,340.88,Crediário,Física,411.0,3
7037,2026-04-23,15:15,43,Bermuda Premium,Bermuda,Preta,GG,4,144.6,28.92,549.48,Cartão de Débito,Online,145.0,9
7038,2026-08-14,13:15,38,Acessório Esporte,Acessório,Rosa,P,1,113.5,0.0,113.5,Cartão de Débito,Física,37.0,7
7039,2026-08-24, 21:00,49,Calça Esporte,Calça,Preta,P,4,264.21,158.53,898.31,Dinheiro,Física,21386.0,8
7040,2026-06-28,10:30,157,Bermuda Básica,Bermuda,Azul,P,3,35.03,0.0,105.09,Cartão de Crédito,Física,56.0,25
7041,2026-07-14,18:00,147,Calça Premium,Calça,Preta,P,1,176.07,17.61,158.46,Dinheiro,Online,87.0,2
7042,2026-04-29,15:00,18,Acessório Básica,Acessório,Azul,M,4,242.78,97.11,874.01,Cartão de Débito,Online,431.0,20
7043,2026-06-03, 17:00 ,9,Acessório X,Acessório,Preta,M,1,51.84,5.18,46.66,Cartão de Débito,Física,522.0,21
7044,2026-05-12,11:30,62,Jaqueta Social,Jaqueta,Rosa,M,2,66.35,0.0,132.7,Cartão de Débito,Física,593.0,11
7045,2026-04-12,15:45,161,Camiseta X,Camiseta,Branca,GG,2,168.83,16.88,320.78,PIX,Online,225.0,17
7046,2026-04-29,18:00,53,Jaqueta Casual,Jaqueta,Branca,P,4,203.54,81.42,732.74,Cartão de Débito,Online,402.0,6
7047,2026-03-11,15:45,177,Camiseta Slim,Camiseta,Vermelha,G,3,63.08,28.39,160.85,Cartão de Débito,Online,360.0,10
7048,2026-04-30,20:00,163,Blusa Esporte,Blusa,Rosa,GG,1,291.86,29.19,262.67,PIX,Física,108.0,10
7049,2026-07-11,09:30,87,Camiseta Casual,Camiseta,Cinza,P,3,273.14,0.0,819.42,PIX,Física,524.0,9
7050,2026-03-02,20:45,34,Blusa Casual,Blusa,Preta,GG,4,206.43,0.0,825.72,PIX,Física,460.0,21
7051,2026-08-09,21:45,116,Blusa Premium,Blusa,Branca,G,3,68.25,0.0,204.75,Cartão de Débito,Online,256.0,17
7052,2026-08-01,20:15,59,Blusa Social,Blusa,Verde,M,2,202.64,60.79,"R$ 344,49",PIX,Física,485.0,4
7053,2026-08-01,11:30,171,Blusa Casual,Blusa,Verde,M,1,139.15,13.92,125.23,Cartão de Crédito,Física,514.0,21
7054,2026-07-20,11:00,81,Calça Básica,Calça,Rosa,G,1,188.91,0.0,188.91,Cartão de Crédito,Online,169.0,21
7055,2026-05-18,14:30,73,Calça X,Calça,Azul,M,1,313.28,15.66,297.62,Cartão De Débito,Online,364.0,12
7056,2026-06-07,12:30,118,Bermuda Premium,Bermuda,Verde,G,3,289.27,130.17,737.64,Cartão de Crédito,Física,199.0,19
7057,2026-04-17,16:15,177,Camiseta Slim,Camiseta,Vermelha,G,4,63.08,37.85,214.47,Dinheiro,Física,525.0,25
7058,2026-07-22,18:30,78,Acessório Básica,Acessório,Cinza,GG,2,138.63,13.86,263.4,Cartão de Crédito,Online,462.0,13
7059,2026-05-12,12:30,66,Vestido Básica,Vestido,Preta,GG,1,195.93,19.59,176.34,PIX,Online,108.0,3
7060,2026-04-30,20:30,122,Calça Social,Calça,Azul,M,3,77.6,11.64,221.16,Cartão de Crédito,Física,131.0,15
7061,2026-06-13,12:00,112,Bermuda Premium,Bermuda,Rosa,GG,4,93.18,37.27,335.45,Cartão de Crédito,Física,459.0,13
7062,2026-09-16,16:00,104,Acessório Premium,Acessório,Rosa,M,1,240.9,0.0,240.9,Cartão de Crédito,Física,77.0,13
7063,2026-07-30,13:30,137,Jaqueta Básica,Jaqueta,Cinza,GG,3,124.46,0.0,373.38,Crediário,Online,511.0,4
7064,2026-04-22,15:00,88,Bermuda X,Bermuda,Rosa,G,3,55.13,8.27,157.12,Cartão de Débito,Online,25.0,12
7065,2026-09-08,10:15,166,Blusa Casual,Blusa,Cinza,P,3,25.41,0.0,76.23,Crediário,Física,506.0,14
7066,2026-07-21,20:15,44,Acessório Esporte,Acessório,Preta,M,4,211.07,84.43,759.85,PIX,Online,291.0,22
7067,2026-06-24,13:00  ,31,Vestido Social,Vestido,Azul,GG,1,28.24,4.24,24.0,PIX,Física,381.0,5
7068,2026-07-27,18:15,95,Bermuda X,Bermuda,Cinza,G,2,275.07,27.51,522.63,Cartão de Crédito,Física,240.0,23
7069,2026-06-04,19:15,158,Jaqueta Premium,Jaqueta,Rosa,GG,1,91.13,13.67,77.46,Cartão de Débito,Online,555.0,2
7070,2026-06-15,18:00,33605,Blusa Slim,Blusa,Rosa,G,1,281.67,14.08,267.59,Cartão de Débito,Online,,7
7071,2026-04-25,14:00,39,Blusa X,Blusa,Vermelha,P,2,80.38,24.11,136.65,Cartão de Crédito,Física,117.0,18
7072,2026-08-19,20:30,51,Blusa Premium,Blusa,Branca,P,2,122.21,12.22,232.2,PIX,Online,8.0,1
7073,2026-08-06,13:15,16,Bermuda Esporte,Bermuda,Branca,M,1,242.53,0.0,242.53,Cartão de Crédito,Online,313.0,13
7074,2026-09-15,18:45,35,Blusa Premium,Blusa,Preta,P,3,314.35,0.0,943.05,Dinheiro,Física,265.0,13
7075,2026-05-07,16:30,90,Jaqueta Social,Jaqueta,Rosa,M,3,340.94,51.14,971.68,Crediário,Física,413.0,4
7076,2026-04-18,13:15,25,Calça Básica,Calça,Rosa,GG,1,346.73,0.0,346.73,Cartão de Débito,Física,240.0,7
7077,2026-04-15,19:30,106,Blusa Premium,Blusa,Azul,P,1,204.85,0.0,204.85,PIX,Física,73.0,17
7078,2026-05-26,20:30,179,Calça Social,Calça,Cinza,P,2,214.89,0.0,429.78,Cartão de Débito,Online,235.0,15
7079,2026-03-05,10:30,125,Vestido X,Vestido,Verde,M,3,114.2,34.26,308.34,Crediário,Física,78.0,19
7080,2026-05-14,09:30,32,Acessório Social,Acessório,Azul,G,3,324.96,0.0,974.88,Crediário,Física,432.0,18
7081,2026-08-23,17:45,162,Acessório Esporte,Acessório,Preta,P,4,314.53,125.81,1132.31,Dinheiro,Online,245.0,22
7082,2026-04-08,19:15,31,Vestido Social,Vestido,Azul,GG,4,28.24,0.0,112.96,Dinheiro,Física,108.0,24
7083,2026-09-02,12:15,12,Blusa X,Blusa,Rosa,P,2,258.15,0.0,516.3,Crediário,Física,243.0,5
7084,2026-08-06,17:15,18,Acessório Básica,Acessório,Azul,M,1,242.78,12.14,230.64,Cartão de Débito,Física,397.0,4
7085,2026-05-05,21:30,82,Bermuda Social,Bermuda,Azul,M,3,325.21,0.0,975.63,PIX,Online,138.0,4
7086,2026-03-22,18:15,153,Bermuda Social,Bermuda,Cinza,G,4,75.2,45.12,255.68,Dinheiro,Física,202.0,19
7087,2026-05-18,21:45,1,Blusa Premium,Blusa,Cinza,G,2,318.6,95.58,541.62,Crediário,Online,575.0,7
7088,2026-08-03,17:45,131,Jaqueta X,Jaqueta,Azul,P,3,192.39,0.0,577.17,Cartão de Débito,Online,552.0,11
7089,2026-07-07,10:15,175,Jaqueta Slim,Jaqueta,Branca,P,3,111.44,0.0,334.32,PIX,Física,360.0,23
7090,2026-06-09,16:45,25,Calça Básica,Calça,Rosa,GG,2,346.73,0.0,693.46,Cartão de Débito,Física,39.0,17
7091,2026-06-19, 15:45 ,105,Calça Premium,Calça,Vermelha,GG,3,53.58,24.11,136.63,Cartão de Crédito,Online,207.0,17
7092,2026-06-03,09:45,52,Vestido Básica,Vestido,Vermelha,G,2,334.95,33.49,636.41,Cartão de Crédito,Online,531.0,1
7093,2026-07-25,20:15,17,Acessório Slim,Acessório,Azul,M,1,102.24,15.34,86.9,Cartão de Débito,Online,40.0,14
7094,2026-05-22,21:15,165,Calça Casual,Calça,Rosa,G,4,158.71,63.48,571.36,Cartão de Crédito,Online,,6
7095,2026-04-30,20:15,43,Bermuda Premium,Bermuda,Preta,GG,2,144.6,43.38,245.82,Crediário,Online,274.0,14
7096,09/05/2026,10:30,154,Bermuda Básica,Bermuda,Branca,P,1,240.69,12.03,228.66,PIX,Física,,1
7097,2026-04-30,18:30,42,Calça Casual,Calça,Verde,G,2,245.94,49.19,"R$ 442,69",Cartão de Crédito,Online,428.0,7
7098,2026-07-18,20:45,97,Jaqueta Premium,Jaqueta,Rosa,GG,4,161.24,0.0,644.96,Cartão de Débito,Física,186.0,15
7099,2026-08-18,21:15,180,Acessório X,Acessório,Verde,GG,1,108.79,10.88,97.91,Cartão de Crédito,Física,94.0,19
7100,2026-09-28,09:45,46,Bermuda Social,Bermuda,Azul,P,4,46.54,9.31,176.85,Cartão de Crédito,Física,73.0,13
7101,2026-08-27,11:15,103,Acessório Esporte,Acessório,Verde,M,2,142.1,0.0,284.2,Cartão de Débito,Física,476.0,9
7102,2026-07-23,21:30,43,Bermuda Premium,Bermuda,Preta,GG,2,144.6,43.38,245.82,Cartão de Crédito,Online,73.0,15
7103,2026-08-08,19:00,122,Calça Social,Calça,Azul,M,4,77.6,31.04,279.36,Cartão de Crédito,Física,96.0,21
7104,2026-08-14,11:30,46,Bermuda Social,Bermuda,Azul,P,3,46.54,13.96,125.66,Cartão de Crédito,Física,415.0,18
7105,2026-05-04,19:45,144,Blusa X,Blusa,Verde,G,3,297.99,0.0,893.97,Crediário,Física,135.0,12
7106,2026-05-09,09:30,164,Blusa Premium,Blusa,Preta,G,4,175.34,0.0,701.36,Pix,Online,,16
7107,2026-05-09,13:15,176,Vestido Esporte,Vestido,Vermelha,M,4,227.13,45.43,863.09,PIX,Online,183.0,21
7108,2026-07-02,19:30,33,Camiseta Esporte,Camiseta,Verde,G,4,238.32,142.99,810.29,Cartão de Débito,Online,141.0,1
7109,2026-03-03,10:30,172,Camiseta Premium,Camiseta,Rosa,G,2,289.13,57.83,520.43,Cartão de Débito,Online,108.0,8
7110,2026-06-14,19:30,103,Acessório Esporte,Acessório,Verde,M,1,142.1,0.0,142.1,Dinheiro,Online,19.0,21
7111,2026-08-04,17:00,54,Bermuda Social,Bermuda,Cinza,G,2,115.21,0.0,230.42,PIX,Online,215.0,4
7112,2026-06-29,21:30,57,Calça Casual,Calça,Verde,GG,4,86.79,17.36,329.8,Crediário,Online,446.0,1
7113,2026-09-27,12:00,6689,Calça Social,Calça,Verde,G,4,166.81,0.0,667.24,Cartão de Crédito,Online,561.0,19
7114,2026-04-27,13:45,124,Camiseta Social,Camiseta,Branca,M,3,31.01,128.4798815096845,93.03,Cartão de Crédito,Online,449.0,19
7115,2026-07-05,16:30,27,Camiseta Casual,Camiseta,Vermelha,P,4,287.37,172.42,977.06,Cartão de Crédito,Física,,13
7116,2026-04-09,10:30,46,Bermuda Social,Bermuda,Azul,P,2,46.54,13.96,79.12,Crediário,Física,283.0,18
7117,2026-04-06,20:45,28,Bermuda Premium,Bermuda,Vermelha,GG,3,57.16,0.0,171.48,PIX,Física,495.0,6
7118,2026-08-23, 09:15,21967,Blusa Esporte,Blusa,Vermelha,M,3,85.46,0.0,256.38,PIX,Física,371.0,23
7119,2026-09-27,14:00,10,Camiseta Social,Camiseta,Azul,G,4,281.48,112.59,1013.33,Cartão de Débito,Online,174.0,14
7120,2026-06-01,11:30,111,Blusa Esporte,Blusa,Verde,M,2,279.57,55.91,503.23,Cartão de Crédito,Física,110.0,18
7121,2026-03-05,14:30,159,Calça Social,Calça,Verde,G,4,166.81,0.0,667.24,Cartão de Débito,Física,197.0,12
7122,2026-04-29,21:15,15,Bermuda Básica,Bermuda,Cinza,G,1,52.05,5.2,46.85,Cartão de Débito,Física,64.0,10
7123,2026-04-01,16:30,34,Blusa Casual,Blusa,Preta,GG,1,206.43,0.0,206.43,PIX,Online,215.0,14
7124,2026-05-29,17:00,1,Blusa Premium,Blusa,Cinza,G,1,318.6,0.0,318.6,PIX,Física,47.0,15
7125,2026-08-20,18:15,31,Vestido Social,Vestido,Azul,GG,2,28.24,0.0,56.48,PIX,Online,562.0,1
7126,2026-09-21,21:30,171,Blusa Casual,Blusa,Verde,M,4,139.15,83.49,473.11,PIX,Online,515.0,20
7127,2026-08-12,17:45,100,Calça Social,Calça,Preta,M,2,133.29,26.66,239.92,PIX,Online,456.0,2
7128,2026-08-11,13:15,6,Acessório Casual,Acessório,Rosa,GG,3,309.17,0.0,927.51,Cartão de Crédito,Física,101.0,12
7129,2026-06-25,17:30,149,Vestido Básica,Vestido,Cinza,GG,1,67.2,10.08,57.12,Dinheiro,Online,414.0,10
7130,2026-03-29,15:45,142,Vestido Esporte,Vestido,Branca,GG,1,142.68,14.27,128.41,Cartão de Crédito,Online,90.0,8
7131,2026-08-22,18:45,58,Blusa X,Blusa,Branca,P,3,215.52,0.0,"R$ 646,56",Crediário,Física,,19
7132,2026-04-28,13:15,94,Blusa X,Blusa,Azul,GG,2,310.47,0.0,620.94,PIX,Online,360.0,15
7133,2026-05-31,17:15,37,Acessório Premium,Acessório,Rosa,G,4,281.93,0.0,1127.72,Dinheiro,Online,438.0,9
7134,2026-03-30,15:45,27,Camiseta Casual,Camiseta,Vermelha,P,4,287.37,0.0,1149.48,Cartão de Débito,Online,573.0,12
7135,2026-07-23,15:15,14,Bermuda Esporte,Bermuda,Verde,GG,3,113.16,50.92,288.56,Cartão de Débito,Física,19.0,5
7136,2026-04-03,13:45,151,Vestido Social,Vestido,Cinza,P,4,305.13,0.0,"R$ 1.220,52",Cartão de Débito,Física,351.0,11
7137,2026-06-17,17:45,122,Calça Social,Calça,Azul,M,2,77.6,15.52,139.68,Cartão de Débito,Online,258.0,3
7138,2026-03-27,18:15,108,Jaqueta X,Jaqueta,Azul,G,2,84.3,0.0,168.6,Dinheiro,Online,315.0,2
7139,2026-08-03,19:45,139,Jaqueta X,Jaqueta,Preta,M,1,172.53,0.0,172.53,Cartão de Débito,Online,157.0,6
7140,2026-07-17,10:15,113,Jaqueta Premium,Jaqueta,Rosa,M,1,196.9,0.0,196.9,Crediário,Online,596.0,21
7141,2026-08-26,12:45,67,Vestido Premium,Vestido,Preta,G,4,60.66,36.4,206.24,Cartão de Débito,Física,88.0,2
7142,2026-05-12,18:00,64,Blusa Slim,Blusa,Cinza,G,3,307.95,0.0,923.85,PIX,Online,590.0,11
7143,2026-07-04,10:30,171,Blusa Casual,Blusa,Verde,M,2,139.15,27.83,250.47,Cartão de Débito,Física,37.0,18
7144,2026-08-28,09:15,146,Calça Premium,Calça,Branca,GG,2,343.66,0.0,687.32,Cartão de Crédito,Física,47.0,8
7145,2026-06-20,13:45,130,Bermuda Slim,Bermuda,Verde,G,4,139.82,55.93,503.35,PIX,Online,223.0,7
7146,2026-05-10,10:45,80,Camiseta Básica,Camiseta,Cinza,M,2,179.41,495.55144666564536,358.82,Cartão de Débito,Física,38.0,8
7147,2026-06-06,16:30,59,Blusa Social,Blusa,Verde,M,2,202.64,503.7411241605656,"R$ 364,75",PIX,Física,339.0,10
7148,2026-09-12,17:30,51,Blusa Premium,Blusa,Branca,P,2,122.21,0.0,244.42,Crediário,Física,323.0,11
7149,2026-05-26,15:45,33,Camiseta Esporte,Camiseta,Verde,G,4,238.32,0.0,"R$ 953,28",Cartão de Crédito,Física,456.0,1
7150,2026-03-08,19:00,9,Acessório X,Acessório,Preta,M,4,51.84,20.74,186.62,Dinheiro,Física,554.0,16
7151,2026-03-01,21:45,95,Bermuda X,Bermuda,Cinza,G,1,275.07,13.75,261.32,Crediário,Online,,1
7152,2026-04-21,15:30,11,Calça Básica,Calça,Verde,G,1,112.35,11.24,"R$ 101,11",Cartão de Crédito,Física,142.0,17
7153,2026-08-09,20:45,4,Acessório Básica,Acessório,Vermelha,G,3,81.82,0.0,245.46,PIX,Online,256.0,9
7154,2026-06-25,12:45,47,Blusa Esporte,Blusa,Vermelha,M,4,85.46,17.09,324.75,PIX,Online,510.0,5
7155,2026-09-22,21:00,114,Camiseta Social,Camiseta,Verde,GG,2,330.12,0.0,660.24,Dinheiro,Online,237.0,11
7156,2026-09-10,11:15,102,Vestido Premium,Vestido,Vermelha,GG,2,250.72,0.0,501.44,Cartão de Crédito,Online,572.0,14
7157,2026-07-29,18:00,149,Vestido Básica,Vestido,Cinza,GG,1,67.2,10.08,57.12,PIX,Física,312.0,8
7158,2026-03-31,10:30,152,Jaqueta Premium,Jaqueta,Verde,M,4,208.59,0.0,834.36,PIX,Online,42.0,17
7159,2026-06-13,15:15,176,Vestido Esporte,Vestido,Vermelha,M,1,227.13,11.36,215.77,Cartão de Crédito,Física,198.0,14
7160,2026-07-15,13:15,66,Vestido Básica,Vestido,Preta,GG,2,195.93,39.19,352.67,Crediário,Online,593.0,17
7161,2026-05-16,14:30,76,Jaqueta X,Jaqueta,Cinza,P,2,291.87,0.0,583.74,Dinheiro,Física,245.0,22
7162,2026-07-10,10:30,21,Bermuda Social,Bermuda,Branca,GG,2,301.4,0.0,602.8,Cartão de Crédito,Física,290.0,10
7163,2026-06-19,13:15,86,Blusa Social,Blusa,Azul,P,2,56.25,16.88,95.62,Dinheiro,Online,403.0,22
7164,2026-06-17,11:30,161,Camiseta X,Camiseta,Branca,GG,4,168.83,0.0,675.32,Crediário,Física,508.0,11
7165,2026-04-11,21:30,170,Bermuda Premium,Bermuda,Vermelha,GG,4,234.75,93.9,845.1,Cartão de Crédito,Física,287.0,25
7166,2026-05-28,18:30,90,Jaqueta Social,Jaqueta,Rosa,M,1,340.94,0.0,340.94,Cartão de Débito,Online,260.0,2
7167,2026-07-20,20:45,41,Vestido X,Vestido,Verde,M,-2,38.61,0.0,115.83,Cartão de Débito,Física,,12
7168,2026-03-19,09:15,51,Blusa Premium,Blusa,Branca,P,2,122.21,0.0,244.42,Cartão de Débito,Física,44.0,20
7169,2026-09-15,13:15,24,Blusa Esporte,Blusa,Preta,M,3,315.76,47.36,"899,92",PIX,Física,445.0,16
7170,2026-09-25,10:00,148,Vestido Slim,Vestido,Rosa,G,2,213.53,0.0,427.06,PIX,Online,79.0,24
7171,2026-05-23,14:45,61,Blusa Social,Blusa,Preta,P,1,336.13,0.0,336.13,Cartão de Débito,Online,373.0,12
7172,2026-07-10,19:45,92798,Camiseta Básica,Camiseta,Cinza,M,2,179.41,17.94,340.88,Cartão de Débito,Online,48.0,10
7173,2026-03-01,09:15,39,Blusa X,Blusa,Vermelha,P,1,80.38,4.02,76.36,Dinheiro,Física,,19
7174,2026-07-13,20:30,78,Acessório Básica,Acessório,Cinza,GG,1,138.63,0.0,138.63,Crediário,Online,151.0,19
7175,2026-09-08,19:15,81,Calça Básica,Calça,Rosa,G,4,188.91,75.56,680.08,Dinheiro,Online,60.0,16
7176,2026-07-03,09:00,26,Jaqueta Esporte,Jaqueta,Verde,P,4,204.58,81.83,736.49,Cartão de Crédito,Online,80.0,13
7177,2026-08-09,09:45,154,Bermuda Básica,Bermuda,Branca,P,4,240.69,0.0,962.76,PIX,Online,132.0,15
7178,2026-03-21,11:00,87,Camiseta Casual,Camiseta,Cinza,P,2,273.14,641.280750082843,464.34,Cartão de Crédito,Online,436.0,13
7179,27/03/26,09:45,17,Acessório Slim,Acessório,Azul,M,4,102.24,0.0,408.96,PIX,Física,255.0,7
7180,2026-07-06,11:30,44,Acessório Esporte,Acessório,Preta,M,1,211.07,31.66,179.41,Dinheiro,Online,68.0,25
7181,2026-09-04,20:30,103,Acessório Esporte,Acessório,Verde,M,1,142.1,0.0,142.1,Dinheiro,Online,110.0,19
7182,2026-08-14,14:00,139,Jaqueta X,Jaqueta,Preta,M,1,172.53,25.88,146.65,Crediário,Física,502.0,20
7183,2026-08-02,17:15,110,Bermuda Slim,Bermuda,Vermelha,G,2,158.66,31.73,285.59,Cartão de Débito,Online,348.0,13
7184,2026-05-25,09:15,172,Camiseta Premium,Camiseta,Rosa,G,3,289.13,0.0,867.39,Dinheiro,Física,321.0,25
7185,2026-04-28,20:00,33,Camiseta Esporte,Camiseta,Verde,G,2,238.32,0.0,476.64,Cartão de Crédito,Online,592.0,24
7186,2026-07-31,14:30,12,Blusa X,Blusa,Rosa,P,1,258.15,38.72,219.43,Cartão de Débito,Online,13.0,9
7187,2026-09-24,18:30,57,Calça Casual,Calça,Verde,GG,2,86.79,0.0,173.58,Dinheiro,Online,147.0,24
7188,2026-08-14,10:30,49,Calça Esporte,Calça,Preta,P,2,264.21,26.42,502.0,Cartão de Débito,Física,513.0,16
7189,2026-07-09,18:15,112,Bermuda Premium,Bermuda,Rosa,GG,4,93.18,0.0,372.72,Cartão de Crédito,Física,305.0,1
7190,2026-08-08,20:30,165,Calça Casual,Calça,Rosa,G,3,158.71,0.0,476.13,PIX,Física,214.0,17
7191,2026-05-24,18:45,113,Jaqueta Premium,Jaqueta,Rosa,M,1,196.9,29.54,167.36,PIX,Física,,15
7192,2026-07-05,21:45,66,Vestido Básica,Vestido,Preta,GG,2,195.93,0.0,391.86,PIX,Online,251.0,13
7193,2026-09-23,16:30,167,Jaqueta Slim,Jaqueta,Branca,G,1,219.14,32.87,186.27,Cartão de Crédito,Física,135.0,25
7194,2026-05-17,12:00,122,Calça Social,Calça,Azul,M,4,77.6,31.04,279.36,PIX,Online,148.0,19
7195,2026-07-28,20:15,123,Camiseta Básica,Camiseta,Preta,P,3,195.44,0.0,586.32,Cartão de Débito,Online,67.0,21
7196,2026-09-16,11:30,22,Bermuda Social,Bermuda,Vermelha,GG,3,213.75,64.12,577.13,Cartão de Crédito,Online,389.0,15
7197,2026-08-07,14:00,163,Blusa Esporte,Blusa,Rosa,GG,2,291.86,29.19,554.53,Cartão de Crédito,Física,11.0,11
7198,2026-06-28,09:45,116,Blusa Premium,Blusa,Branca,G,1,68.25,3.41,64.84,Cartão de Crédito,Física,545.0,11
7199,2026-06-29,15:15,94,Blusa X,Blusa,Azul,GG,2,310.47,31.05,589.89,Cartão de Crédito,Online,293.0,24
7200,2026-05-01,21:30,44,Acessório Esporte,Acessório,Preta,M,2,211.07,42.21,379.93,Cartão de Débito,Online,66.0,20
7201,2026-03-15, 17:00,51036,Bermuda Slim,Bermuda,Vermelha,GG,1,162.9,16.29,146.61,Cartão de Débito,Física,416.0,3
7202,2026-07-10,20:00,120,Camiseta Básica,Camiseta,Rosa,G,4,304.19,0.0,1216.76,Crediário,Física,83.0,23
7203,2026-04-09,19:00,58,Blusa X,Blusa,Branca,P,4,215.52,0.0,862.08,Cartão de Débito,Online,91.0,5
7204,2026-08-01, 17:00 ,53,Jaqueta Casual,Jaqueta,Branca,P,4,203.54,40.71,773.45,Cartão de Crédito,Física,75.0,12
7205,2026-08-21,21:15,73,Calça X,Calça,Azul,M,1,313.28,46.99,266.29,Cartão de Crédito,Online,470.0,8
7206,2026-04-18,09:45,31,Vestido Social,Vestido,Azul,GG,2,28.24,0.0,56.48,Dinheiro,Online,552.0,25
7207,2026-09-20,19:45,179,Calça Social,Calça,Cinza,P,2,214.89,21.49,408.29,PIX,Online,415.0,15
7208,2026-03-26,15:30,154,Bermuda Básica,Bermuda,Branca,P,4,240.69,96.28,866.48,PIX,Online,370.0,13
7209,2026-03-23,17:15,103,Acessório Esporte,Acessório,Verde,M,1,142.1,0.0,142.1,Cartão de Débito,Online,296.0,13
7210,2026-07-12,18:45,60,Blusa Premium,Blusa,Azul,GG,1,177.54,0.0,177.54,Cartão de Crédito,Online,54.0,11
7211,2026-04-07,18:15,24,Blusa Esporte,Blusa,Preta,M,1,315.76,47.36,268.4,Cartão de Crédito,Online,214.0,18
7212,2026-04-25,17:15,153,Bermuda Social,Bermuda,Cinza,G,2,75.2,0.0,150.4,Cartão de Crédito,Online,381.0,17
7213,2026-07-23,16:15,126,Calça Casual,Calça,Vermelha,G,3,275.71,0.0,827.13,Cartão de Crédito,Online,546.0,1
7214,2026-08-05,12:30,4,Acessório Básica,Acessório,Vermelha,G,2,81.82,0.0,163.64,Dinheiro,Física,276.0,10
7215,2026-07-16,18:30,130,Bermuda Slim,Bermuda,Verde,G,1,139.82,20.97,118.85,PIX,Online,242.0,5
7216,2026-08-15,11:00,142,Vestido Esporte,Vestido,Branca,GG,1,142.68,0.0,142.68,PIX,Online,258.0,15
7217,2026-05-15,09:30,7,Acessório X,Acessório,Vermelha,GG,3,160.81,24.12,458.31,Cartão de Crédito,Online,446.0,1
7218,2026-09-09,20:30,16,Bermuda Esporte,Bermuda,Branca,M,4,242.53,0.0,970.12,Dinheiro,Online,524.0,22
7219,2026-07-11,09:30,3,Vestido Esporte,Vestido,Azul,GG,2,51.13,5.11,97.15,Dinheiro,Física,172.0,4
7220,2026-03-07,12:15,180,Acessório X,Acessório,Verde,GG,3,108.79,0.0,326.37,Cartão de Crédito,Online,457.0,23
7221,2026-08-01,12:30,15,Bermuda Básica,Bermuda,Cinza,G,1,52.05,0.0,52.05,Crediário,Física,190.0,23
7222,2026-03-14,11:45,114,Camiseta Social,Camiseta,Verde,GG,1,330.12,33.01,"297,11",Dinheiro,Online,468.0,9
7223,2026-07-07,20:00,6,Acessório Casual,Acessório,Rosa,GG,4,309.17,0.0,1236.68,Dinheiro,Física,595.0,19
7224,2026-06-18,17:15,109,Camiseta Esporte,Camiseta,Branca,GG,4,227.45,0.0,909.8,PIX,Online,4.0,25
7225,2026-09-13,14:00,177,Camiseta Slim,Camiseta,Vermelha,G,3,63.08,0.0,189.24,Cartão de Crédito,Online,548.0,5
7226,2026-09-27,20:15,89,Acessório Premium,Acessório,Vermelha,GG,3,62.97,0.0,188.91,Cartão De Débito,Online,232.0,12
7227,2026-03-01,11:45,79,Vestido Slim,Vestido,Verde,GG,4,29.96,0.0,119.84,Cartão de Débito,Física,583.0,17
7228,2026-08-28,10:30,74,Bermuda Esporte,Bermuda,Branca,M,1,290.34,0.0,290.34,Cartão de Débito,Online,205.0,13
7229,2026-09-18,16:15,135,Bermuda Básica,Bermuda,Cinza,M,2,74.1,7.41,140.79,PIX,Física,280.0,7
7230,2026-03-27,19:30,107,Bermuda Slim,Bermuda,Rosa,M,1,304.94,30.49,274.45,PIX,Online,265.0,22
7231,2026-07-20,19:15,156,Calça Esporte,Calça,Cinza,P,4,179.11,0.0,716.44,Crediário,Física,372.0,22
7232,2026-07-16,17:15,163,Blusa Esporte,Blusa,Rosa,GG,2,291.86,0.0,"R$ 583,72",Cartão de Crédito,Física,353.0,3
7233,2026-09-20,20:30,132,Acessório Esporte,Acessório,Rosa,P,3,45.67,13.7,123.31,Cartão de Crédito,Física,113.0,16
7234,2026-05-27,20:00,65,Jaqueta Casual,Jaqueta,Branca,G,1,232.93,34.94,197.99,Dinheiro,Física,98.0,3
7235,2026-09-01,19:00,67,Vestido Premium,Vestido,Preta,G,4,60.66,24.26,"R$ 218,38",Cartão de Débito,Física,273.0,20
7236,2026-08-08,14:15,121,Acessório Básica,Acessório,Vermelha,GG,2,127.53,38.26,216.8,Cartão de Crédito,Online,468.0,12
7237,2026-06-18,14:15,25,Calça Básica,Calça,Rosa,GG,2,346.73,34.67,658.79,Crediário,Online,71.0,18
7238,2026-04-12,17:00,159,Calça Social,Calça,Verde,G,1,166.81,25.02,141.79,Crediário,Física,35.0,7
7239,2026-03-20,11:15,69,Camiseta Básica,Camiseta,Branca,M,2,71.3,14.26,128.34,Crediário,Online,516.0,1
7240,2026-09-09,18:15,177,Camiseta Slim,Camiseta,Vermelha,G,4,63.08,12.62,239.7,PIX,Física,597.0,19
7241,2026-07-28,13:00,32,Acessório Social,Acessório,Azul,G,3,324.96,146.23,828.65,PIX,Online,476.0,9
7242,2026-07-24,11:15,35,Blusa Premium,Blusa,Preta,P,1,314.35,0.0,314.35,Cartão de Débito,Física,,13
7243,2026-05-19,12:45,64,Blusa Slim,Blusa,Cinza,G,2,307.95,0.0,615.9,Crediário,Física,370.0,20
7244,2026-05-20,18:15,152,Jaqueta Premium,Jaqueta,Verde,M,2,208.59,41.72,375.46,PIX,Online,,12
7245,2026-08-15,17:30,6,Acessório Casual,Acessório,Rosa,GG,3,309.17,0.0,927.51,Cartão de Débito,Física,,10
7246,2026-03-21,09:00,78,Acessório Básica,Acessório,Cinza,GG,1,138.63,0.0,138.63,PIX,Física,339.0,10
7247,2026-09-09,11:00,46,Bermuda Social,Bermuda,Azul,P,2,46.54,0.0,93.08,Crediário,Online,159.0,3
7248,2026-03-09,15:15,7,Acessório X,Acessório,Vermelha,GG,2,160.81,16.08,305.54,Cartão de Débito,Física,564.0,5
7249,2026-04-18,21:15,111,Blusa Esporte,Blusa,Verde,M,1,279.57,0.0,279.57,Cartão de Débito,Online,46.0,19
7250,2026-05-07, 13:30 ,152,Jaqueta Premium,Jaqueta,Verde,M,2,208.59,20.86,396.32,Cartão de Crédito,Online,46.0,11
7251,2026-05-14,13:15,135,Bermuda Básica,Bermuda,Cinza,M,2,74.1,14.82,133.38,Dinheiro,Física,1.0,9
7252,2026-09-15,15:00,117,Vestido Premium,Vestido,Cinza,M,4,81.36,16.27,309.17,Cartão de Crédito,Física,517.0,11
7253,2026-08-25,21:30,159,Calça Social,Calça,Verde,G,2,166.81,0.0,333.62,Cartão de Crédito,Online,527.0,1
7254,2026-05-16,15:45,28,Bermuda Premium,Bermuda,Vermelha,GG,3,57.16,17.15,154.33,PIX,Online,240.0,16
7255,2026-06-10,17:30,20,Blusa Básica,Blusa,Branca,M,2,212.5,63.75,361.25,Cartão de Crédito,Online,105.0,24
7256,2026-03-22,10:00,35,Blusa Premium,Blusa,Preta,P,2,314.35,0.0,628.7,Cartão de Débito,Física,466.0,20
7257,2026-06-20,21:15,83,Bermuda Básica,Bermuda,Cinza,M,2,344.51,0.0,689.02,crediário,Física,588.0,22
7258,2026-04-17,18:00,122,Calça Social,Calça,Azul,M,4,77.6,0.0,310.4,Cartão de Crédito,Física,224.0,3
7259,2026-05-13,18:45,19,Calça Casual,Calça,Rosa,P,2,165.92,0.0,331.84,PIX,Física,214.0,23
7260,2026-08-27,13:30,164,Blusa Premium,Blusa,Preta,G,1,175.34,8.77,166.57,Crediário,Física,436.0,7
7261,2026-07-16,14:30  ,65,Jaqueta Casual,Jaqueta,Branca,G,1,232.93,0.0,232.93,Cartão de Débito,Online,363.0,10
7262,2026-07-02,14:30,156,Calça Esporte,Calça,Cinza,P,3,179.11,704.9751726908905,510.46,PIX,Física,352.0,8
7263,2026-09-24,20:30,31,Vestido Social,Vestido,Azul,GG,1,28.24,0.0,28.24,Crediário,Física,332.0,21
7264,08/04/2026,11:00,84,Blusa X,Blusa,Branca,M,1,91.15,0.0,91.15,Cartão de Débito,Online,421.0,5
7265,2026-03-03,18:00,93,Calça Slim,Calça,Azul,G,4,328.53,65.71,1248.41,Dinheiro,Física,592.0,17
7266,2026-07-15,16:00,41,Vestido X,Vestido,Verde,M,4,38.61,0.0,154.44,PIX,Física,442.0,13
7267,2026-08-30,12:30,65,Jaqueta Casual,Jaqueta,Branca,G,1,232.93,0.0,232.93,cartão de crédito,Física,123.0,13
7268,2026-04-11,18:45,36,Jaqueta X,Jaqueta,Rosa,GG,2,109.13,10.91,207.35,pix,Online,350.0,11
7269,2026-03-11,12:30,8,Bermuda Básica,Bermuda,Rosa,P,3,301.95,135.88,"769,97",Cartão de Débito,Online,116.0,5
7270,2026-07-05,09:45,14,Bermuda Esporte,Bermuda,Verde,GG,3,113.16,0.0,339.48,Dinheiro,Física,489.0,21
7271,2026-08-11,15:45,87,Camiseta Casual,Camiseta,Cinza,P,1,273.14,40.97,232.17,Cartão de Débito,Online,505.0,21
7272,08-09-2026,21:15,78,Acessório Básica,Acessório,Cinza,GG,4,138.63,0.0,554.52,Cartão De Crédito,Online,530.0,11
7273,2026-05-19,10:00,109,Camiseta Esporte,Camiseta,Branca,GG,3,227.45,0.0,682.35,Cartão de Crédito,Física,430.0,18
7274,2026-05-26,20:00,26,Jaqueta Esporte,Jaqueta,Verde,P,1,204.58,0.0,204.58,Dinheiro,Online,378.0,7
7275,2026-07-18,21:30,136,Bermuda Slim,Bermuda,Verde,P,2,232.34,69.7,394.98,Cartão de Crédito,Física,436.0,20
7276,2026-07-16,14:00  ,91,Acessório Casual,Acessório,Rosa,M,2,274.86,54.97,494.75,Cartão de Crédito,Física,1.0,4
7277,2026-06-01,16:30,163,Blusa Esporte,Blusa,Rosa,GG,3,291.86,0.0,875.58,Cartão de Crédito,Física,3.0,5
7278,2026-04-22,19:30,12,Blusa X,Blusa,Rosa,P,4,258.15,0.0,1032.6,Cartão de Débito,Online,367.0,5
7279,2026-08-26,20:00,13,Blusa Básica,Blusa,Verde,G,2,276.45,0.0,552.9,Cartão de Débito,Online,146.0,5
7280,2026-09-08,09:30,36,Jaqueta X,Jaqueta,Rosa,GG,2,109.13,32.74,185.52,Dinheiro,Online,,18
7281,2026-06-27,18:30,101,Jaqueta Casual,Jaqueta,Verde,M,2,263.03,52.61,473.45,Cartão de Débito,Online,174.0,14
7282,2026-03-01,14:45,125,Vestido X,Vestido,Verde,M,1,114.2,0.0,114.2,Cartão de Crédito,Online,545.0,1
7283,2026-07-15,12:30,58,Blusa X,Blusa,Branca,P,1,215.52,21.55,193.97,Cartão de Crédito,Online,489.0,7
7284,28-07-2026,20:45,112,Bermuda Premium,Bermuda,Rosa,GG,1,93.18,0.0,93.18,Cartão de Débito,Física,210.0,17
7285,2026-08-02,16:15,101,Jaqueta Casual,Jaqueta,Verde,M,1,263.03,0.0,263.03,Cartão de Crédito,Física,546.0,8
7286,2026-08-05,17:45,89,Acessório Premium,Acessório,Vermelha,GG,4,62.97,0.0,251.88,Cartão de Crédito,Física,187.0,13
7287,2026-08-14,19:00,168,Camiseta Slim,Camiseta,Preta,GG,4,50.13,10.03,190.49,Crediário,Física,488.0,14
7288,2026-09-22,13:15,19,Calça Casual,Calça,Rosa,P,3,165.92,74.66,423.1,Cartão de Crédito,Online,195.0,2
7289,2026-05-30,13:00,14,Bermuda Esporte,Bermuda,Verde,GG,2,113.16,22.63,203.69,PIX,Física,,22
7290,2026-05-05,16:15,78,Acessório Básica,Acessório,Cinza,GG,4,138.63,0.0,554.52,Cartão de Débito,Física,308.0,8
7291,2026-04-07,16:45,115,Vestido Básica,Vestido,Vermelha,GG,2,108.11,0.0,216.22,Dinheiro,Física,406.0,9
7292,2026-07-25,11:15,47,Blusa Esporte,Blusa,Vermelha,M,3,85.46,12.82,243.56,PIX,Online,483.0,13
7293,2026-07-11,11:15,94,Blusa X,Blusa,Azul,GG,3,310.47,93.14,838.27,PIX,Online,473.0,14
7294,2026-06-16,13:15,147,Calça Premium,Calça,Preta,P,4,176.07,105.64,598.64,Crediário,Física,43.0,16
7295,2026-03-13,14:00,28,Bermuda Premium,Bermuda,Vermelha,GG,2,57.16,0.0,114.32,PIX,Física,69.0,6
7296,2026-05-06,13:15,58,Blusa X,Blusa,Branca,P,3,215.52,96.98,549.58,PIX,Física,127.0,24
7297,2026-06-18,09:15,81,Calça Básica,Calça,Rosa,G,2,188.91,37.78,"340,04",Cartão de Débito,Física,337.0,13
7298,2026-04-27,18:45,171,Blusa Casual,Blusa,Verde,M,2,139.15,0.0,278.3,Cartão de Crédito,Física,493.0,12
7299,2026-05-30,20:15,63,Bermuda Social,Bermuda,Azul,M,3,250.51,75.15,676.38,Cartão de Débito,Online,246.0,18
7300,2026-06-11,10:15,90,Jaqueta Social,Jaqueta,Rosa,M,1,340.94,17.05,323.89,Dinheiro,Online,585.0,8
7301,2026-09-01,18:00,57,Calça Casual,Calça,Verde,GG,2,86.79,0.0,173.58,Cartão de Débito,Online,266.0,20
7302,12-07-2026,19:15,137,Jaqueta Básica,Jaqueta,Cinza,GG,3,124.46,0.0,373.38,PIX,Física,443.0,8
7303,2026-04-26,14:00,49,Calça Esporte,Calça,Preta,P,2,264.21,26.42,502.0,Cartão de Débito,Online,362.0,12
7304,2026-04-29,18:30,10,Camiseta Social,Camiseta,Azul,G,4,281.48,56.3,1069.62,Cartão de Crédito,Online,130.0,18
7305,2026-07-11,14:00,67,Vestido Premium,Vestido,Preta,G,3,60.66,27.3,154.68,Cartão de Débito,Física,158.0,22
7306,2026-04-21,21:00,86,Blusa Social,Blusa,Azul,P,4,56.25,0.0,225.0,Cartão de Débito,Online,73872.0,9
7307,2026-06-05,15:15,16,Bermuda Esporte,Bermuda,Branca,M,1,242.53,0.0,242.53,PIX,Online,582.0,22
7308,2026-07-09,16:15,55,Vestido Premium,Vestido,Branca,M,1,126.12,0.0,"R$ 126,12",Cartão de Débito,Física,245.0,12
7309,2026-07-04,18:15,23,Calça Social,Calça,Preta,GG,2,181.44,18.14,344.74,Cartão de Crédito,Online,551.0,3
7310,2026-06-16,18:30,49,Calça Esporte,Calça,Preta,P,1,264.21,39.63,224.58,Dinheiro,Física,192.0,10
7311,2026-07-17,19:00,105,Calça Premium,Calça,Vermelha,GG,3,53.58,0.0,160.74,PIX,Física,,12
7312,2026-03-06,09:45,137,Jaqueta Básica,Jaqueta,Cinza,GG,4,124.46,24.89,472.95,Dinheiro,Online,536.0,11
7313,2026-05-06,16:15,32,Acessório Social,Acessório,Azul,G,2,324.96,64.99,584.93,Cartão de Débito,Online,394.0,17
7314,2026-04-09,12:00,21,Bermuda Social,Bermuda,Branca,GG,2,301.4,60.28,542.52,Cartão de Débito,Online,571.0,9
7315,2026-05-23,14:45,104,Acessório Premium,Acessório,Rosa,M,1,240.9,0.0,240.9,PIX,Física,254.0,9
7316,2026-09-29, 15:45 ,8,Bermuda Básica,Bermuda,Rosa,P,2,301.95,0.0,603.9,Dinheiro,Física,153.0,9
7317,2026-04-07,21:30,17,Acessório Slim,Acessório,Azul,M,1,102.24,5.11,"R$ 97,13",Cartão de Débito,Física,247.0,9
7318,2026-05-28,19:00,148,Vestido Slim,Vestido,Rosa,G,4,213.53,42.71,811.41,Cartão de Crédito,Física,282.0,20
7319,2026-04-24,12:15,27,Camiseta Casual,Camiseta,Vermelha,P,1,287.37,43.11,244.26,Cartão de Crédito,Física,76.0,23
7320,2026-09-20,09:45,156,Calça Esporte,Calça,Cinza,P,2,179.11,53.73,304.49,Cartão de Crédito,Física,134.0,11
7321,2026-04-28,10:30,10,Camiseta Social,Camiseta,Azul,G,4,281.48,168.89,957.03,PIX,Online,,5
7322,2026-06-28,18:30,78,Acessório Básica,Acessório,Cinza,GG,2,138.63,0.0,277.26,PIX,Física,524.0,7
7323,2026-05-25,21:15,70633,Jaqueta Premium,Jaqueta,Rosa,GG,2,91.13,27.34,154.92,Cartão de Débito,Física,148.0,4
7324,2026-08-26,21:45,132,Acessório Esporte,Acessório,Rosa,P,3,45.67,0.0,137.01,Dinheiro,Física,119.0,23
7325,2026-04-19,09:15,148,Vestido Slim,Vestido,Rosa,G,2,213.53,21.35,405.71,Cartão de Crédito,Física,354.0,16
7326,2026-03-19,13:00,88,Bermuda X,Bermuda,Rosa,G,4,55.13,0.0,220.52,Cartão de Crédito,Física,223.0,21
7327,2026-07-09,12:15,9,Acessório X,Acessório,Preta,M,4,51.84,31.1,176.26,crediário,Online,307.0,21
7328,2026-03-04,17:45,101,Jaqueta Casual,Jaqueta,Verde,M,1,263.03,26.3,236.73,Cartão de Crédito,Física,220.0,25
7329,2026-09-14,16:30,57381,Bermuda Premium,Bermuda,Vermelha,GG,2,234.75,0.0,469.5,Cartão de Crédito,Online,264.0,10
7330,2026-03-21,11:00  ,149,Vestido Básica,Vestido,Cinza,GG,3,67.2,0.0,201.6,Cartão de Débito,Online,3.0,4
7331,2026-04-01,12:15,162,Acessório Esporte,Acessório,Preta,P,3,314.53,0.0,943.59,Cartão de Crédito,Online,465.0,8
7332,2026-03-21,19:30,137,Jaqueta Básica,Jaqueta,Cinza,GG,4,124.46,0.0,497.84,Cartão de Crédito,Online,116.0,14
7333,2026-09-20,21:30,16,Bermuda Esporte,Bermuda,Branca,M,4,242.53,145.52,824.6,Cartão de Débito,Física,130.0,6
7334,2026-03-14,20:00,172,Camiseta Premium,Camiseta,Rosa,G,4,289.13,115.65,1040.87,Cartão de Crédito,Online,438.0,22
7335,2026-05-27,10:30,89,Acessório Premium,Acessório,Vermelha,GG,3,62.97,0.0,188.91,Cartão de Crédito,Física,214.0,22
7336,2026-06-23,13:30,8,Bermuda Básica,Bermuda,Rosa,P,3,301.95,45.29,860.56,DINHEIRO,Online,114.0,17
7337,2026-08-11,18:45,138,Jaqueta Social,Jaqueta,Branca,P,3,257.25,77.18,694.57,PIX,Física,191.0,23
7338,2026-03-21,14:00,161,Camiseta X,Camiseta,Branca,GG,3,168.83,25.32,481.17,PIX,Física,316.0,16
7339,2026-08-21,21:30,102,Vestido Premium,Vestido,Vermelha,GG,1,250.72,0.0,250.72,Cartão de Débito,Online,501.0,13
7340,2026-07-28, 09:30 ,83,Bermuda Básica,Bermuda,Cinza,M,3,344.51,0.0,1033.53,PIX,Física,443.0,17
7341,2026-08-16,20:30,159,Calça Social,Calça,Verde,G,3,166.81,0.0,500.43,Cartão de Débito,Física,400.0,19
7342,2026-07-13,18:00,77,Blusa Básica,Blusa,Preta,M,1,29.9,0.0,29.9,Cartão de Crédito,Física,190.0,13
7343,2026-08-25,21:45,132,Acessório Esporte,Acessório,Rosa,P,1,45.67,0.0,"R$ 45,67",Dinheiro,Física,92.0,9
7344,2026-04-08,15:00,119,Calça Esporte,Calça,Branca,P,3,331.07,0.0,993.21,Dinheiro,Física,205.0,18
7345,2026-08-28,20:00,151,Vestido Social,Vestido,Cinza,P,4,305.13,0.0,1220.52,Cartão de Débito,Online,101.0,4
7346,27-06-2026,11:45,85,Calça X,Calça,Cinza,G,4,287.08,172.25,976.07,Cartão de Débito,Online,525.0,15
7347,2026-06-24, 14:00,147,Calça Premium,Calça,Preta,P,1,176.07,26.41,149.66,PIX,Online,147.0,18
7348,2026-09-14,15:15,177,Camiseta Slim,Camiseta,Vermelha,G,2,63.08,18.92,107.24,Cartão de Débito,Física,512.0,23
7349,2026-07-21,10:45,163,Blusa Esporte,Blusa,Rosa,GG,3,291.86,1088.3017975627386,788.02,Cartão de Débito,Online,398.0,17
7350,2026-03-02,13:00,3,Vestido Esporte,Vestido,Azul,GG,3,51.13,7.67,145.72,PIX,Online,170.0,22
7351,2026-09-30,18:15,176,Vestido Esporte,Vestido,Vermelha,M,4,227.13,0.0,908.52,PIX,Física,380.0,20
7352,2026-06-23,14:15,48,Camiseta Básica,Camiseta,Cinza,GG,1,63.03,3.15,59.88,Cartão de Crédito,Online,111.0,13
7353,2026-09-23,15:30,149,Vestido Básica,Vestido,Cinza,GG,3,67.2,10.08,191.52,PIX,Online,470.0,24
7354,2026-09-11,10:00,3,Vestido Esporte,Vestido,Azul,GG,3,51.13,0.0,153.39,Cartão de Crédito,Online,534.0,8
7355,2026-09-17,17:15,118,Bermuda Premium,Bermuda,Verde,G,4,289.27,115.71,1041.37,PIX,Online,494.0,24
7356,2026-03-15,19:30,5,Jaqueta Básica,Jaqueta,Preta,GG,4,235.61,141.37,801.07,Cartão de Crédito,Física,379.0,6
7357,2026-07-14,16:15,104,Acessório Premium,Acessório,Rosa,M,4,240.9,0.0,963.6,PIX,Física,431.0,12
7358,2026-05-28,13:30,177,Camiseta Slim,Camiseta,Vermelha,G,4,63.08,12.62,239.7,Dinheiro,Física,246.0,23
7359,2026-07-04,09:00,38,Acessório Esporte,Acessório,Rosa,P,4,113.5,68.1,385.9,Crediário,Online,323.0,6
7360,2026-08-10,14:45,78,Acessório Básica,Acessório,Cinza,GG,2,138.63,41.59,235.67,Dinheiro,Física,497.0,17
7361,2026-05-10,16:45,118,Bermuda Premium,Bermuda,Verde,G,3,289.27,0.0,867.81,Dinheiro,Física,119.0,25
7362,2026-05-03,21:45,160,Vestido Básica,Vestido,Branca,G,2,38.68,3.87,73.49,PIX,Física,7.0,9
7363,2026-09-03,10:45,159,Calça Social,Calça,Verde,G,1,166.81,25.02,141.79,PIX,Online,436.0,12
7364,2026-05-10,11:00,115,Vestido Básica,Vestido,Vermelha,GG,2,108.11,0.0,216.22,cartão de débito,Online,517.0,6
7365,20/05/26,15:15,58,Blusa X,Blusa,Branca,P,4,215.52,86.21,775.87,Cartão de Crédito,Online,321.0,19
7366,2026-04-14,21:15,12,Blusa X,Blusa,Rosa,P,3,258.15,0.0,774.45,Cartão de Débito,Online,594.0,2
7367,2026-04-11,12:30,125,Vestido X,Vestido,Verde,M,2,114.2,0.0,228.4,Dinheiro,Física,429.0,25
7368,2026-04-21,16:00,2,Calça Casual,Calça,Verde,M,3,308.53,92.56,833.03,Cartão de Crédito,Online,382.0,7
7369,2026-08-26,18:15,28,Bermuda Premium,Bermuda,Vermelha,GG,2,57.16,5.72,108.6,Cartão de Crédito,Física,296.0,23
7370,2026-04-17,12:30  ,32,Acessório Social,Acessório,Azul,G,2,324.96,97.49,552.43,Cartão de Débito,Online,408.0,8
7371,2026-08-23,21:00,149,Vestido Básica,Vestido,Cinza,GG,3,67.2,0.0,201.6,Cartão de Crédito,Física,18.0,19
7372,2026-08-19,19:00,11,Calça Básica,Calça,Verde,G,3,112.35,50.56,286.49,PIX,Física,14.0,21
7373,2026-04-12,20:30,179,Calça Social,Calça,Cinza,P,1,214.89,0.0,214.89,PIX,Física,364.0,3
7374,2026-03-10,19:30,171,Blusa Casual,Blusa,Verde,M,2,139.15,0.0,278.3,Cartão de Débito,Online,100.0,23
7375,2026-08-10,19:15,27,Camiseta Casual,Camiseta,Vermelha,P,3,287.37,0.0,862.11,Cartão de Débito,Online,118.0,20
7376,2026-07-22,11:45,163,Blusa Esporte,Blusa,Rosa,GG,4,291.86,175.12,992.32,PIX,Física,435.0,5
7377,2026-03-22,12:15,6,Acessório Casual,Acessório,Rosa,GG,3,309.17,139.13,788.38,Cartão de Débito,Física,428.0,1
7378,2026-05-10,14:15,32,Acessório Social,Acessório,Azul,G,4,324.96,0.0,"R$ 1.299,84",Cartão de Débito,Física,270.0,10
7379,2026-07-29,20:45,113,Jaqueta Premium,Jaqueta,Rosa,M,3,196.9,0.0,590.7,PIX,Online,110.0,16
7380,2026-03-04,14:45,71,Acessório Premium,Acessório,Rosa,GG,4,227.52,0.0,910.08,Dinheiro,Física,523.0,1
7381,2026-05-14,12:15,108,Jaqueta X,Jaqueta,Azul,G,3,84.3,0.0,252.9,PIX,Online,320.0,22
7382,2026-04-20,19:00,91451,Blusa Premium,Blusa,Azul,P,1,204.85,20.48,184.37,Dinheiro,Online,10.0,3
7383,2026-03-08,14:15,39,Blusa X,Blusa,Vermelha,P,2,80.38,0.0,160.76,Cartão de Débito,Física,541.0,16
7384,2026-08-22,17:45,63,Bermuda Social,Bermuda,Azul,M,1,250.51,0.0,250.51,PIX,Física,459.0,6
7385,2026-09-10,17:45,157,Bermuda Básica,Bermuda,Azul,P,4,35.03,0.0,140.12,PIX,Física,28.0,8
7386,2026-09-30,14:15,143,Bermuda Casual,Bermuda,Rosa,G,3,113.47,17.02,323.39,PIX,Online,45.0,17
7387,2026-03-09,10:00,100,Calça Social,Calça,Preta,M,4,133.29,79.97,453.19,Cartão de Crédito,Física,521.0,1
7388,2026-05-18,17:15,52,Vestido Básica,Vestido,Vermelha,G,1,334.95,0.0,334.95,Cartão de Débito,Online,43.0,3
7389,2026-06-28,12:15,91,Acessório Casual,Acessório,Rosa,M,4,274.86,109.94,989.5,Cartão de Débito,Online,47.0,17
7390,2026-06-07,11:45,111,Blusa Esporte,Blusa,Verde,M,2,279.57,0.0,559.14,Cartão de Débito,Online,45.0,20
7391,2026-09-15,16:00,38,Acessório Esporte,Acessório,Rosa,P,1,113.5,17.02,96.48,Crediário,Online,470.0,15
7392,2026-03-31,12:00,150,Camiseta Casual,Camiseta,Cinza,GG,1,216.84,299.4687467113833,216.84,Cartão de Débito,Física,122.0,11
7393,2026-07-03,20:30,72,Camiseta Casual,Camiseta,Rosa,P,3,280.68,84.2,757.84,PIX,Física,565.0,11
7394,2026-06-04,11:45,70,Vestido Slim,Vestido,Verde,G,1,304.38,30.44,273.94,Cartão de Débito,Online,518.0,15
7395,2026-09-12,10:15,34,Blusa Casual,Blusa,Preta,GG,3,206.43,61.93,557.36,PIX,Física,,7
7396,2026-03-26,21:30,147,Calça Premium,Calça,Preta,P,1,176.07,17.61,158.46,PIX,Física,390.0,11
7397,2026-04-25,19:30,47,Blusa Esporte,Blusa,Vermelha,M,3,85.46,12.82,243.56,PIX,Online,84.0,12
7398,2026-03-24,12:15,178,Blusa Slim,Blusa,Rosa,G,3,281.67,42.25,802.76,dinheiro,Física,456.0,15
7399,2026-09-05,10:45,35,Blusa Premium,Blusa,Preta,P,3,314.35,47.15,895.9,Cartão de Crédito,Online,429.0,6
7400,2026-08-31,13:00,130,Bermuda Slim,Bermuda,Verde,G,3,139.82,0.0,419.46,Cartão de Débito,Física,375.0,6
7401,2026-07-26,15:15,67,Vestido Premium,Vestido,Preta,G,4,60.66,0.0,242.64,Cartão de Débito,Online,9.0,15
7402,2026-07-20,13:15,49,Calça Esporte,Calça,Preta,P,3,264.21,0.0,792.63,PIX,Online,420.0,8
7403,2026-07-09,11:45,2,Calça Casual,Calça,Verde,M,3,308.53,46.28,879.31,Cartão de Débito,Física,262.0,24
7404,2026-03-01,18:30,5,Jaqueta Básica,Jaqueta,Preta,GG,2,235.61,70.68,"400,54",Cartão de Débito,Física,582.0,10
7405,2026-07-23,11:45,145,Bermuda Casual,Bermuda,Azul,GG,3,159.63,23.94,454.95,PIX,Física,469.0,6
7406,2026-07-20,12:30,8,Bermuda Básica,Bermuda,Rosa,P,2,301.95,0.0,603.9,Cartão de Crédito,Online,536.0,10
7407,2026-08-22,17:15,79,Vestido Slim,Vestido,Verde,GG,4,29.96,11.98,107.86,Dinheiro,Online,228.0,14
7408,2026-08-01,18:00,108,Jaqueta X,Jaqueta,Azul,G,3,84.3,0.0,252.9,Cartão de Crédito,Física,375.0,10
7409,2026-06-15,10:15,36,Jaqueta X,Jaqueta,Rosa,GG,3,109.13,16.37,311.02,PIX,Online,21.0,6
7410,24/07/26,21:45,74,Bermuda Esporte,Bermuda,Branca,M,3,290.34,0.0,871.02,Crediário,Física,399.0,25
7411,2026-05-05,20:30,92,Vestido Básica,Vestido,Cinza,G,3,146.37,0.0,439.11,Crediário,Online,29.0,22
7412,2026-03-10,10:30,133,Jaqueta Social,Jaqueta,Branca,P,4,168.42,0.0,673.68,Cartão de Crédito,Física,20.0,4
7413,2026-08-30,20:30,111,Blusa Esporte,Blusa,Verde,M,2,279.57,0.0,559.14,PIX,Física,176.0,15
7414,2026-05-24,16:45,56,Camiseta Social,Camiseta,Verde,M,4,252.29,50.46,958.7,Dinheiro,Online,19.0,15
7415,2026-03-08,21:00,164,Blusa Premium,Blusa,Preta,G,3,175.34,0.0,526.02,PIX,Online,,17
7416,27/08/2026,10:00,176,Vestido Esporte,Vestido,Vermelha,M,2,227.13,0.0,454.26,PIX,Online,128.0,1
7417,2026-05-03,10:15,109,Camiseta Esporte,Camiseta,Branca,GG,1,227.45,0.0,227.45,Dinheiro,Online,588.0,19
7418,2026-03-25,10:15,154,Bermuda Básica,Bermuda,Branca,P,1,240.69,0.0,"240,69",PIX,Física,89.0,10
7419,2026-04-19,17:45,96,Camiseta Casual,Camiseta,Verde,P,1,307.93,0.0,307.93,PIX,Online,309.0,9
7420,2026-07-06,12:00,91,Acessório Casual,Acessório,Rosa,M,3,274.86,0.0,824.58,Cartão de Débito,Online,425.0,20
7421,2026-04-12,20:30,80752,Jaqueta X,Jaqueta,Cinza,P,3,291.87,43.78,831.83,Crediário,Física,244.0,23
7422,2026-04-07,16:30,39,Blusa X,Blusa,Vermelha,P,2,80.38,0.0,160.76,Dinheiro,Online,160.0,8
7423,2026-09-08,11:30,115,Vestido Básica,Vestido,Vermelha,GG,2,108.11,10.81,205.41,Cartão de Crédito,Online,391.0,22
7424,14/09/26,09:45,58,Blusa X,Blusa,Branca,P,3,215.52,0.0,646.56,Crediário,Física,537.0,24
7425,2026-05-08,09:15,95,Bermuda X,Bermuda,Cinza,G,-2,275.07,41.26,"233,81",Cartão de Crédito,Física,109.0,12
7426,2026-06-22,15:00,123,Camiseta Básica,Camiseta,Preta,P,4,195.44,78.18,703.58,Cartão de Crédito,Física,574.0,2
7427,2026-09-04,20:45,96,Camiseta Casual,Camiseta,Verde,P,2,307.93,0.0,615.86,Crediário,Física,48.0,10
7428,25-04-2026,11:15,117,Vestido Premium,Vestido,Cinza,M,1,81.36,0.0,81.36,CARTÃO DE CRÉDITO,Online,281.0,13
7429,2026-04-29,20:00,73,Calça X,Calça,Azul,M,1,313.28,0.0,313.28,PIX,Física,306.0,4
7430,09/03/26,13:15,115,Vestido Básica,Vestido,Vermelha,GG,1,108.11,10.81,97.3,Cartão de Débito,Física,365.0,1
7431,2026-09-04,16:45,88,Bermuda X,Bermuda,Rosa,G,2,55.13,0.0,"110,26",Crediário,Física,258.0,18
7432,2026-05-04,17:45,156,Calça Esporte,Calça,Cinza,P,3,179.11,0.0,537.33,Cartão de Débito,Física,,18
7433,2026-05-14,17:45,130,Bermuda Slim,Bermuda,Verde,G,1,139.82,0.0,139.82,Cartão de Crédito,Física,533.0,2
7434,2026-04-18,12:15,34,Blusa Casual,Blusa,Preta,GG,3,206.43,0.0,619.29,Cartão de Crédito,Física,283.0,15
7435,2026-06-15,15:30,178,Blusa Slim,Blusa,Rosa,G,2,281.67,0.0,563.34,PIX,Física,128.0,18
7436,2026-03-17,18:45,51,Blusa Premium,Blusa,Branca,P,1,122.21,18.33,103.88,Cartão de Crédito,Online,83.0,14
7437,2026-07-27,17:00,4,Acessório Básica,Acessório,Vermelha,G,3,81.82,12.27,233.19,Cartão de Crédito,Física,93.0,18
7438,2026-04-17,10:15,67,Vestido Premium,Vestido,Preta,G,1,60.66,6.07,"R$ 54,59",PIX,Online,91.0,25
7439,2026-04-26,11:15,74,Bermuda Esporte,Bermuda,Branca,M,1,290.34,43.55,246.79,Dinheiro,Física,225.0,15
7440,2026-06-24,12:00,41,Vestido X,Vestido,Verde,M,4,38.61,15.44,139.0,Cartão de Crédito,Online,586.0,25
7441,2026-09-20,20:30,167,Jaqueta Slim,Jaqueta,Branca,G,1,219.14,21.91,197.23,Cartão de Débito,Física,540.0,9
7442,2026-04-26,19:30,42,Calça Casual,Calça,Verde,G,2,245.94,0.0,491.88,Cartão de Crédito,Online,582.0,6
7443,2026-09-02,11:30,123,Camiseta Básica,Camiseta,Preta,P,1,195.44,29.32,166.12,Cartão de Crédito,Física,254.0,24
7444,2026-04-08,21:00,56,Camiseta Social,Camiseta,Verde,M,1,252.29,0.0,252.29,Cartão de Crédito,Física,336.0,4
7445,2026-07-21,19:00,135,Bermuda Básica,Bermuda,Cinza,M,2,74.1,0.0,148.2,PIX,Online,564.0,19
7446,2026-08-15,11:00,51,Blusa Premium,Blusa,Branca,P,3,122.21,0.0,366.63,Cartão de Crédito,Online,159.0,7
7447,2026-04-08,15:15,134,Bermuda Básica,Bermuda,Rosa,GG,4,59.5,11.9,226.1,Cartão de Débito,Física,316.0,10
7448,2026-03-16,20:00,180,Acessório X,Acessório,Verde,GG,1,108.79,0.0,108.79,Dinheiro,Física,436.0,16
7449,2026-04-27,20:45,11,Calça Básica,Calça,Verde,G,1,112.35,0.0,112.35,PIX,Física,337.0,14
7450,2026-07-23,13:15,11,Calça Básica,Calça,Verde,G,3,112.35,0.0,337.05,Crediário,Online,318.0,23
7451,2026-05-03, 12:15 ,50,Blusa Básica,Blusa,Azul,G,4,124.43,74.66,423.06,Crediário,Física,,17
7452,2026-07-14,17:15,90,Jaqueta Social,Jaqueta,Rosa,M,4,340.94,0.0,1363.76,Cartão de Débito,Física,349.0,3
7453,2026-07-26,11:00,118,Bermuda Premium,Bermuda,Verde,G,3,289.27,0.0,867.81,Cartão de Crédito,Online,2.0,7
7454,2026-08-22,10:00,156,Calça Esporte,Calça,Cinza,P,1,179.11,0.0,179.11,Cartão de Débito,Física,125.0,21
7455,2026-09-16,11:45,81,Calça Básica,Calça,Rosa,G,1,188.91,28.34,160.57,PIX,Física,23.0,13
7456,2026-05-13,13:15,19,Calça Casual,Calça,Rosa,P,3,165.92,0.0,497.76,Cartão de Débito,Física,117.0,7
7457,2026-08-04,19:15,107,Bermuda Slim,Bermuda,Rosa,M,2,304.94,30.49,579.39,PIX,Física,457.0,20
7458,2026-03-21,21:00,145,Bermuda Casual,Bermuda,Azul,GG,3,159.63,71.83,407.06,Cartão de Crédito,Física,241.0,20
7459,2026-05-23,09:00,10,Camiseta Social,Camiseta,Azul,G,2,281.48,0.0,562.96,Cartão de Débito,Física,92.0,7
7460,2026-06-23,11:45,101,Jaqueta Casual,Jaqueta,Verde,M,4,263.03,157.82,"R$ 894,30",Dinheiro,Online,557.0,13
7461,2026-06-23,11:30,11,Calça Básica,Calça,Verde,G,3,112.35,0.0,337.05,Cartão de Débito,Online,300.0,8
7462,2026-05-03,16:45,26,Jaqueta Esporte,Jaqueta,Verde,P,2,204.58,61.37,347.79,PIX,Online,484.0,8
7463,2026-03-16,18:45,90,Jaqueta Social,Jaqueta,Rosa,M,3,340.94,0.0,1022.82,Cartão de Débito,Online,311.0,13
7464,2026-06-14,19:15,145,Bermuda Casual,Bermuda,Azul,GG,2,159.63,0.0,319.26,Cartão de Débito,Física,,16
7465,2026-08-25, 11:15 ,27,Camiseta Casual,Camiseta,Vermelha,P,4,287.37,114.95,1034.53,PIX,Física,553.0,16
7466,2026-06-12,17:15,126,Calça Casual,Calça,Vermelha,G,2,275.71,0.0,551.42,Crediário,Física,417.0,24
7467,2026-07-25,09:15,3,Vestido Esporte,Vestido,Azul,GG,4,51.13,0.0,204.52,PIX,Física,,10
7468,2026-08-26,11:00,79,Vestido Slim,Vestido,Verde,GG,1,29.96,0.0,29.96,Crediário,Física,207.0,19
7469,2026-08-03,09:15,32,Acessório Social,Acessório,Azul,G,3,324.96,0.0,974.88,Cartão de Crédito,Online,536.0,8
7470,2026-06-25,13:15,80,Camiseta Básica,Camiseta,Cinza,M,2,179.41,0.0,358.82,PIX,Física,324.0,21
7471,2026-03-10,18:00,88,Bermuda X,Bermuda,Rosa,G,1,55.13,5.51,49.62,Crediário,Física,71.0,16
7472,2026-06-27,10:15,132,Acessório Esporte,Acessório,Rosa,P,3,45.67,0.0,137.01,Dinheiro,Online,443.0,6
7473,2026-06-17,17:30,10,Camiseta Social,Camiseta,Azul,G,4,281.48,112.59,1013.33,PIX,Física,394.0,24
7474,2026-06-26,11:30,154,Bermuda Básica,Bermuda,Branca,P,2,240.69,72.21,409.17,PIX,Online,483.0,11
7475,2026-09-06,09:45,127,Bermuda X,Bermuda,Azul,M,4,269.31,161.59,915.65,PIX,Física,256.0,1
7476,2026-04-27,16:00,74,Bermuda Esporte,Bermuda,Branca,M,3,290.34,0.0,871.02,Cartão de Crédito,Online,80.0,1
7477,2026-09-25,09:15,61,Blusa Social,Blusa,Preta,P,3,336.13,0.0,1008.39,Dinheiro,Física,335.0,1
7478,2026-06-11,15:15,151,Vestido Social,Vestido,Cinza,P,1,305.13,0.0,"305,13",Cartão de Crédito,Online,226.0,13
7479,2026-07-18,18:00,98,Acessório Básica,Acessório,Branca,G,3,254.79,114.66,649.71,Dinheiro,Física,214.0,23
7480,2026-08-27,20:30,79,Vestido Slim,Vestido,Verde,GG,1,29.96,4.49,25.47,Cartão de Débito,Física,75.0,11
7481,2026-03-08,15:30,64,Blusa Slim,Blusa,Cinza,G,-1,307.95,0.0,923.85,Cartão de Crédito,Física,166.0,19
7482,2026-07-05,14:00,56,Camiseta Social,Camiseta,Verde,M,3,252.29,0.0,756.87,Cartão de Débito,Física,273.0,2
7483,2026-07-12,14:15,47,Blusa Esporte,Blusa,Vermelha,M,3,85.46,0.0,256.38,PIX,Física,183.0,4
7484,01/05/26,16:45,120,Camiseta Básica,Camiseta,Rosa,G,3,304.19,0.0,912.57,Cartão de Crédito,Física,256.0,6
7485,2026-04-17,12:15,159,Calça Social,Calça,Verde,G,1,166.81,0.0,166.81,Cartão de Crédito,Online,351.0,13
7486,2026-06-25,21:15,89,Acessório Premium,Acessório,Vermelha,GG,4,62.97,25.19,"226,69",Cartão de Crédito,Física,157.0,4
7487,2026-07-03,14:45,73,Calça X,Calça,Azul,M,2,313.28,0.0,626.56,Cartão de Débito,Online,351.0,24
7488,2026-03-24,16:15,165,Calça Casual,Calça,Rosa,G,1,158.71,23.81,134.9,Cartão de Crédito,Física,9.0,18
7489,2026-08-21,19:00,164,Blusa Premium,Blusa,Preta,G,2,175.34,17.53,333.15,Crediário,Online,516.0,14
7490,2026-03-26,10:30,115,Vestido Básica,Vestido,Vermelha,GG,1,108.11,10.81,97.3,PIX,Física,125.0,16
7491,2026-06-16,12:30,124,Camiseta Social,Camiseta,Branca,M,3,31.01,0.0,93.03,DINHEIRO,Física,,17
7492,2026-09-28,18:30,156,Calça Esporte,Calça,Cinza,P,1,179.11,8.96,170.15,PIX,Física,515.0,15
7493,2026-04-12,16:15,1,Blusa Premium,Blusa,Cinza,G,3,318.6,143.37,812.43,Crediário,Online,347.0,7
7494,2026-07-07,17:00,90,Jaqueta Social,Jaqueta,Rosa,M,4,340.94,0.0,1363.76,Cartão de Débito,Online,327.0,8
7495,2026-04-05,17:00,115,Vestido Básica,Vestido,Vermelha,GG,2,108.11,0.0,"R$ 216,22",PIX,Física,,6
7496,2026-07-16,11:15,6,Acessório Casual,Acessório,Rosa,GG,1,309.17,0.0,309.17,Cartão de Débito,Física,176.0,25
7497,2026-04-28,18:45  ,62,Jaqueta Social,Jaqueta,Rosa,M,2,66.35,6.64,126.06,Cartão de Crédito,Física,57.0,3
7498,2026-05-26,18:45,131,Jaqueta X,Jaqueta,Azul,P,1,192.39,9.62,182.77,Cartão de Débito,Física,498.0,10
7499,2026-06-28,18:30,37,Acessório Premium,Acessório,Rosa,G,4,281.93,112.77,1014.95,Cartão de Débito,Física,432.0,19
7500,2026-07-02,11:00,136,Bermuda Slim,Bermuda,Verde,P,3,232.34,34.85,662.17,CARTÃO DE CRÉDITO,Online,104.0,22
7501,2026-08-27,09:30,149,Vestido Básica,Vestido,Cinza,GG,3,67.2,30.24,171.36,Cartão de Crédito,Física,203.0,1
7502,2026-06-20,10:45,167,Jaqueta Slim,Jaqueta,Branca,G,2,219.14,65.74,"372,54",PIX,Online,29.0,7
7503,2026-08-10,10:15,7,Acessório X,Acessório,Vermelha,GG,3,160.81,0.0,482.43,PIX,Online,554.0,13
7504,2026-03-30,13:45,96,Camiseta Casual,Camiseta,Verde,P,2,307.93,61.59,554.27,Cartão de Débito,Física,457.0,15
7505,2026-04-29,21:15,150,Camiseta Casual,Camiseta,Cinza,GG,4,216.84,0.0,867.36,PIX,Física,434.0,20
7506,2026-06-21,15:15,92510,Bermuda Social,Bermuda,Azul,M,3,250.51,0.0,751.53,Cartão de Crédito,Física,529.0,18
7507,2026-07-31,14:45,142,Vestido Esporte,Vestido,Branca,GG,2,142.68,0.0,285.36,PIX,Online,280.0,9
7508,2026-06-16,15:15,152,Jaqueta Premium,Jaqueta,Verde,M,1,208.59,0.0,208.59,Crediário,Online,429.0,2
7509,2026-09-18, 12:45,97220,Acessório Básica,Acessório,Azul,M,4,242.78,0.0,971.12,Cartão de Crédito,Física,108.0,7
7510,2026-09-23,10:15,93,Calça Slim,Calça,Azul,G,0,328.53,49.28,279.25,Crediário,Física,579.0,10
7511,2026-06-05,18:30,48,Camiseta Básica,Camiseta,Cinza,GG,1,63.03,3.15,59.88,Crediário,Física,67.0,16
7512,2026-07-10, 16:30 ,114,Camiseta Social,Camiseta,Verde,GG,4,330.12,0.0,1320.48,PIX,Online,,21
7513,2026-08-21,21:15,4,Acessório Básica,Acessório,Vermelha,G,4,81.82,16.36,310.92,PIX,Online,558.0,8
7514,2026-06-19,12:15,55,Vestido Premium,Vestido,Branca,M,2,126.12,12.61,239.63,PIX,Física,,7
7515,2026-07-31,15:00,77,Blusa Básica,Blusa,Preta,M,4,29.9,0.0,119.6,Cartão de Crédito,Online,253.0,12
7516,2026-09-05,14:45,63,Bermuda Social,Bermuda,Azul,M,4,250.51,0.0,1002.04,Crediário,Online,232.0,12
7517,2026-09-08,13:30,70,Vestido Slim,Vestido,Verde,G,1,304.38,15.22,289.16,Cartão de Crédito,Física,480.0,12
7518,2026-04-13,13:15,142,Vestido Esporte,Vestido,Branca,GG,3,142.68,0.0,428.04,Cartão de Crédito,Online,329.0,22
7519,2026-07-31,21:30,87,Camiseta Casual,Camiseta,Cinza,P,2,273.14,0.0,546.28,Cartão de Crédito,Física,265.0,11
7520,2026-07-01,16:45,124,Camiseta Social,Camiseta,Branca,M,3,31.01,13.95,79.08,Dinheiro,Online,115.0,18
7521,2026-06-15,18:45,119,Calça Esporte,Calça,Branca,P,4,331.07,0.0,1324.28,Cartão de Débito,Online,387.0,18
7522,2026-09-07,20:15,169,Camiseta Premium,Camiseta,Branca,GG,1,137.47,13.75,123.72,Cartão de Débito,Física,494.0,25
7523,2026-06-21,13:30,100,Calça Social,Calça,Preta,M,2,133.29,13.33,253.25,Cartão de Crédito,Online,265.0,10
7524,2026-06-22,15:15,40,Jaqueta Premium,Jaqueta,Branca,G,2,59.14,0.0,118.28,Dinheiro,Online,379.0,8
7525,2026-08-23,18:45,143,Bermuda Casual,Bermuda,Rosa,G,2,113.47,11.35,215.59,Cartão De Débito,Online,407.0,11
7526,2026-04-21,16:30,140,Jaqueta Básica,Jaqueta,Cinza,P,3,275.21,41.28,784.35,Cartão de Crédito,Física,,15
7527,2026-06-30,17:15,55,Vestido Premium,Vestido,Branca,M,3,126.12,0.0,378.36,Cartão de Débito,Física,435.0,11
7528,2026-08-31,21:00,145,Bermuda Casual,Bermuda,Azul,GG,4,159.63,0.0,638.52,Dinheiro,Física,549.0,24
7529,2026-04-20,14:15,75,Bermuda Premium,Bermuda,Cinza,G,1,129.65,0.0,129.65,Cartão de Crédito,Online,244.0,21
7530,2026-06-24,09:30,127,Bermuda X,Bermuda,Azul,M,1,269.31,0.0,269.31,Cartão de Débito,Online,305.0,6
7531,2026-06-15,18:45,96,Camiseta Casual,Camiseta,Verde,P,2,307.93,0.0,615.86,DINHEIRO,Online,437.0,19
7532,2026-06-01,17:00,149,Vestido Básica,Vestido,Cinza,GG,3,67.2,20.16,181.44,Cartão de Débito,Online,561.0,1
7533,2026-08-24,09:30,110,Bermuda Slim,Bermuda,Vermelha,G,1,158.66,15.87,142.79,Cartão de Crédito,Física,70.0,19
7534,2026-03-02,18:15,25,Calça Básica,Calça,Rosa,GG,4,346.73,0.0,1386.92,PIX,Física,62.0,24
7535,2026-06-13,15:15,109,Camiseta Esporte,Camiseta,Branca,GG,3,227.45,0.0,682.35,Crediário,Física,59.0,4
7536,2026-09-22,20:00,70,Vestido Slim,Vestido,Verde,G,2,304.38,30.44,578.32,PIX,Online,19.0,1
7537,2026-04-28,11:30,37,Acessório Premium,Acessório,Rosa,G,4,281.93,112.77,1014.95,Cartão de Débito,Física,504.0,10
7538,2026-07-13,19:45,177,Camiseta Slim,Camiseta,Vermelha,G,2,63.08,6.31,119.85,Cartão de Crédito,Online,464.0,3
7539,2026-08-12,16:00,132,Acessório Esporte,Acessório,Rosa,P,2,45.67,0.0,91.34,PIX,Online,419.0,22
7540,2026-09-08,09:30,27,Camiseta Casual,Camiseta,Vermelha,P,4,287.37,0.0,1149.48,Cartão de Crédito,Online,423.0,8
7541,23-06-2026,15:15,125,Vestido X,Vestido,Verde,M,2,114.2,11.42,216.98,Cartão de Crédito,Online,291.0,10
7542,2026-07-17,14:30,98,Acessório Básica,Acessório,Branca,G,3,254.79,76.44,687.93,Cartão de Débito,Online,43.0,8
7543,2026-04-19,21:00,87,Camiseta Casual,Camiseta,Cinza,P,1,273.14,0.0,273.14,Dinheiro,Online,88.0,19
7544,2026-03-18,12:30,170,Bermuda Premium,Bermuda,Vermelha,GG,3,234.75,0.0,704.25,Dinheiro,Física,374.0,9
7545,2026-09-30,11:15,174,Calça Slim,Calça,Cinza,M,4,34.1,0.0,136.4,Cartão de Débito,Física,542.0,7
7546,2026-07-24,12:00,1,Blusa Premium,Blusa,Cinza,G,4,318.6,0.0,1274.4,PIX,Física,8.0,11
7547,2026-03-12,15:00,180,Acessório X,Acessório,Verde,GG,3,108.79,16.32,310.05,PIX,Física,153.0,3
7548,2026-05-15,12:30,104,Acessório Premium,Acessório,Rosa,M,4,240.9,96.36,867.24,Cartão de Crédito,Online,276.0,16
7549,2026-03-14,10:45,85,Calça X,Calça,Cinza,G,1,287.08,28.71,258.37,Cartão de Crédito,Online,468.0,9
7550,2026-05-05,12:30,94,Blusa X,Blusa,Azul,GG,3,310.47,139.71,791.7,PIX,Física,423.0,6
7551,2026-05-10,18:30,151,Vestido Social,Vestido,Cinza,P,2,305.13,61.03,549.23,Cartão de Crédito,Online,514.0,12
7552,2026-03-07,11:00,30,Vestido Esporte,Vestido,Vermelha,G,4,244.92,146.95,832.73,Cartão de Crédito,Física,232.0,6
7553,2026-08-11, 18:15 ,28,Bermuda Premium,Bermuda,Vermelha,GG,1,57.16,0.0,57.16,Cartão de Débito,Online,,8
7554,2026-03-01,15:30,116,Blusa Premium,Blusa,Branca,G,1,68.25,0.0,68.25,Dinheiro,Física,81.0,2
7555,2026-06-22,14:00,111,Blusa Esporte,Blusa,Verde,M,3,279.57,0.0,838.71,Crediário,Online,233.0,16
7556,2026-04-24,10:30,131,Jaqueta X,Jaqueta,Azul,P,1,192.39,0.0,192.39,Cartão De Débito,Física,,15
7557,2026-06-09,10:00,23,Calça Social,Calça,Preta,GG,1,181.44,27.22,154.22,Cartão de Crédito,Online,550.0,18
7558,2026-08-15,21:15,155,Blusa X,Blusa,Rosa,GG,1,229.95,0.0,229.95,Dinheiro,Física,544.0,1
7559,2026-05-11,15:30,10,Camiseta Social,Camiseta,Azul,G,3,281.48,42.22,802.22,PIX,Física,409.0,15
7560,2026-03-26, 18:45,162,Acessório Esporte,Acessório,Preta,P,4,314.53,0.0,1258.12,Cartão de Débito,Online,525.0,4
7561,2026-03-28,21:15,93,Calça Slim,Calça,Azul,G,4,328.53,131.41,1182.71,Dinheiro,Online,490.0,4
7562,2026-08-30,16:30,87,Camiseta Casual,Camiseta,Cinza,P,3,273.14,122.91,696.51,Cartão de Débito,Física,568.0,15
7563,2026-05-21,20:00,42,Calça Casual,Calça,Verde,G,3,245.94,73.78,664.04,Cartão de Débito,Física,163.0,14
7564,2026-03-06,21:15,43,Bermuda Premium,Bermuda,Preta,GG,1,144.6,7.23,137.37,PIX,Física,496.0,22
7565,2026-09-30,11:00,87,Camiseta Casual,Camiseta,Cinza,P,1,273.14,0.0,273.14,Cartão de Débito,Online,343.0,4
7566,2026-07-12,10:30,176,Vestido Esporte,Vestido,Vermelha,M,3,227.13,102.21,579.18,CARTÃO DE DÉBITO,Física,315.0,16
7567,2026-05-22,10:30,93,Calça Slim,Calça,Azul,G,2,328.53,0.0,657.06,Dinheiro,Online,307.0,25
7568,2026-07-01,21:45,143,Bermuda Casual,Bermuda,Rosa,G,3,113.47,0.0,340.41,Cartão de Débito,Física,110.0,18
7569,2026-04-27,18:00,151,Vestido Social,Vestido,Cinza,P,4,305.13,183.08,1037.44,Cartão de Débito,Online,567.0,10
7570,2026-09-10,11:00,62,Jaqueta Social,Jaqueta,Rosa,M,3,66.35,0.0,199.05,Cartão de Crédito,Online,436.0,8
7571,2026-06-20,20:15,146,Calça Premium,Calça,Branca,GG,3,343.66,0.0,1030.98,Cartão de Crédito,Online,439.0,16
7572,2026-08-24,14:15,155,Blusa X,Blusa,Rosa,GG,3,229.95,0.0,689.85,PIX,Física,214.0,15
7573,2026-03-09,11:00,145,Bermuda Casual,Bermuda,Azul,GG,1,159.63,0.0,159.63,Dinheiro,Online,166.0,24
7574,2026-07-20,09:30,12,Blusa X,Blusa,Rosa,P,2,258.15,0.0,516.3,Cartão de Crédito,Física,492.0,2
7575,25/06/26,15:45,50,Blusa Básica,Blusa,Azul,G,1,124.43,0.0,124.43,PIX,Online,576.0,17
7576,2026-07-04,12:30,101,Jaqueta Casual,Jaqueta,Verde,M,4,263.03,0.0,1052.12,Cartão de Débito,Física,564.0,4
7577,2026-05-18,20:15,31,Vestido Social,Vestido,Azul,GG,1,28.24,2.82,25.42,Cartão de Débito,Física,379.0,10
7578,2026-09-28,18:15,17,Acessório Slim,Acessório,Azul,M,3,102.24,0.0,306.72,Cartão de Débito,Online,,9
7579,2026-06-17,13:45,98,Acessório Básica,Acessório,Branca,G,4,254.79,152.87,866.29,Cartão de Crédito,Física,389.0,17
7580,2026-04-12,11:15,120,Camiseta Básica,Camiseta,Rosa,G,4,304.19,182.51,1034.25,Crediário,Física,97.0,1
7581,2026-04-18,21:45,103,Acessório Esporte,Acessório,Verde,M,2,142.1,0.0,284.2,cartao credito,Online,93.0,2
7582,2026-04-09,21:30,100,Calça Social,Calça,Preta,M,2,133.29,0.0,266.58,Dinheiro,Física,93.0,21
7583,2026-08-24,14:45,115,Vestido Básica,Vestido,Vermelha,GG,1,108.11,5.41,102.7,PIX,Física,14.0,13
7584,2026-05-27,19:15,119,Calça Esporte,Calça,Branca,P,1,331.07,16.55,314.52,Cartão de Crédito,Física,50.0,6
7585,2026-08-15,13:15,8,Bermuda Básica,Bermuda,Rosa,P,3,301.95,45.29,860.56,Dinheiro,Física,284.0,23
7586,2026-07-15,20:30,117,Vestido Premium,Vestido,Cinza,M,3,81.36,12.2,231.88,Cartão de Crédito,Física,122.0,25
7587,2026-06-12,15:45  ,109,Camiseta Esporte,Camiseta,Branca,GG,3,227.45,0.0,682.35,PIX,Online,216.0,12
7588,2026-08-26,17:15,66,Vestido Básica,Vestido,Preta,GG,3,195.93,0.0,587.79,Dinheiro,Física,216.0,4
7589,2026-07-23,15:45,88,Bermuda X,Bermuda,Rosa,G,1,55.13,0.0,55.13,Crediário,Física,233.0,20
7590,2026-05-17,21:45,29,Blusa Básica,Blusa,Azul,P,1,287.6,0.0,287.6,PIX,Física,499.0,6
7591,2026-03-02,13:00,9,Acessório X,Acessório,Preta,M,2,51.84,5.18,98.5,Dinheiro,Física,473.0,21
7592,2026-05-21,13:45,9,Acessório X,Acessório,Preta,M,4,51.84,0.0,207.36,PIX,Física,313.0,14
7593,2026-04-15,12:30,85,Calça X,Calça,Cinza,G,1,287.08,0.0,287.08,Dinheiro,Física,169.0,9
7594,2026-09-16,14:15,38,Acessório Esporte,Acessório,Rosa,P,1,113.5,17.02,96.48,PIX,Física,30.0,6
7595,2026-07-15,11:30,1,Blusa Premium,Blusa,Cinza,G,1,318.6,47.79,270.81,Cartão de Crédito,Física,396.0,21
7596,2026-07-13,17:45,39,Blusa X,Blusa,Vermelha,P,3,80.38,36.17,204.97,PIX,Física,145.0,18
7597,2026-07-19,20:00,154,Bermuda Básica,Bermuda,Branca,P,1,240.69,12.03,228.66,PIX,Física,210.0,1
7598,11/07/26,12:15,51,Blusa Premium,Blusa,Branca,P,1,122.21,0.0,122.21,Cartão de Débito,Física,481.0,18
7599,2026-05-07,09:30,82,Bermuda Social,Bermuda,Azul,M,4,325.21,0.0,1300.84,Cartão de Débito,Online,531.0,20
7600,2026-03-28,18:00,17,Acessório Slim,Acessório,Azul,M,3,102.24,0.0,306.72,Cartão de Débito,Física,507.0,24
7601,2026-09-03,19:00,83,Bermuda Básica,Bermuda,Cinza,M,2,344.51,103.35,585.67,Cartão de Débito,Online,329.0,1
7602,2026-06-27,14:00,79797,Bermuda Básica,Bermuda,Cinza,G,1,52.05,5.2,46.85,Cartão de Crédito,Física,55.0,13
7603,2026-03-24,09:15,117,Vestido Premium,Vestido,Cinza,M,-1,81.36,8.14,154.58,Cartão de Débito,Online,482.0,22
7604,2026-03-27,09:45,2,Calça Casual,Calça,Verde,M,3,308.53,0.0,"925,59",Crediário,Física,256.0,6
7605,2026-07-23,21:00,31,Vestido Social,Vestido,Azul,GG,3,28.24,8.47,76.25,Cartão de Crédito,Online,534.0,1
7606,2026-03-28,13:30,72,Camiseta Casual,Camiseta,Rosa,P,1,280.68,42.1,238.58,PIX,Física,108.0,18
7607,2026-09-26,18:15,2,Calça Casual,Calça,Verde,M,2,308.53,0.0,617.06,Cartão de Crédito,Física,250.0,10
7608,2026-09-14,17:00,16,Bermuda Esporte,Bermuda,Branca,M,4,242.53,48.51,921.61,Cartão de Crédito,Online,324.0,7
7609,2026-06-02,20:00,101,Jaqueta Casual,Jaqueta,Verde,M,2,263.03,78.91,447.15,Cartão de Crédito,Online,15.0,17
7610,2026-03-07,10:45,130,Bermuda Slim,Bermuda,Verde,G,4,139.82,0.0,559.28,Cartão de Crédito,Física,255.0,2
7611,2026-05-10,14:15,27,Camiseta Casual,Camiseta,Vermelha,P,1,287.37,14.37,273.0,Crediário,Online,371.0,1
7612,2026-03-21,14:45,47,Blusa Esporte,Blusa,Vermelha,M,4,85.46,0.0,341.84,PIX,Online,296.0,14
7613,2026-03-22,17:45,68,Acessório Casual,Acessório,Branca,P,4,212.83,0.0,851.32,Cartão de Crédito,Online,248.0,22
7614,2026-08-26,20:30,78,Acessório Básica,Acessório,Cinza,GG,4,138.63,0.0,554.52,Cartão de Crédito,Física,522.0,4
7615,2026-09-29,09:30,166,Blusa Casual,Blusa,Cinza,P,2,25.41,5.08,45.74,Cartão de Crédito,Física,145.0,19
7616,2026-08-23,18:30,35,Blusa Premium,Blusa,Preta,P,0,314.35,31.44,282.91,Cartão de Débito,Online,581.0,23
7617,2026-06-01,12:00,124,Camiseta Social,Camiseta,Branca,M,3,31.01,13.95,79.08,Cartão de Crédito,Física,234.0,3
7618,2026-03-04,12:15,164,Blusa Premium,Blusa,Preta,G,4,175.34,35.07,666.29,PIX,Online,598.0,6
7619,2026-06-13,19:15,95,Bermuda X,Bermuda,Cinza,G,4,275.07,0.0,1100.28,Cartão de Crédito,Online,192.0,13
7620,2026-05-16,09:30,22,Bermuda Social,Bermuda,Vermelha,GG,1,213.75,10.69,203.06,Cartão de Crédito,Online,373.0,17
7621,2026-07-06,15:00,88,Bermuda X,Bermuda,Rosa,G,2,55.13,0.0,110.26,Cartão de Débito,Física,422.0,1
7622,07/04/2026,17:30,175,Jaqueta Slim,Jaqueta,Branca,P,2,111.44,22.29,200.59,Crediário,Física,411.0,2
7623,2026-07-14,09:30,171,Blusa Casual,Blusa,Verde,M,2,139.15,27.83,250.47,Dinheiro,Online,423.0,7
7624,2026-06-01,13:15,67,Vestido Premium,Vestido,Preta,G,4,60.66,36.4,206.24,PIX,Física,,11
7625,2026-03-10,16:45,62,Jaqueta Social,Jaqueta,Rosa,M,4,66.35,39.81,225.59,Cartão de Débito,Online,588.0,23
7626,2026-09-25,13:15,81,Calça Básica,Calça,Rosa,G,2,188.91,37.78,340.04,Crediário,Física,243.0,17
7627,2026-06-19,21:00,61,Blusa Social,Blusa,Preta,P,4,336.13,134.45,1210.07,Cartão de Débito,Online,270.0,23
7628,2026-08-09,14:15,22,Bermuda Social,Bermuda,Vermelha,GG,4,213.75,0.0,855.0,PIX,Online,182.0,12
7629,2026-05-12,12:30,52,Vestido Básica,Vestido,Vermelha,G,2,334.95,0.0,669.9,Cartão de Débito,Online,84.0,19
7630,2026-07-03,11:30,135,Bermuda Básica,Bermuda,Cinza,M,3,74.1,0.0,222.3,Dinheiro,Física,156.0,9
7631,2026-06-27,18:30,33,Camiseta Esporte,Camiseta,Verde,G,3,238.32,0.0,714.96,Cartão de Débito,Online,412.0,18
7632,2026-07-29,17:30,114,Camiseta Social,Camiseta,Verde,GG,1,330.12,0.0,330.12,Cartão de Débito,Online,246.0,3
7633,2026-05-30,16:15,178,Blusa Slim,Blusa,Rosa,G,4,281.67,0.0,1126.68,Cartão de Débito,Online,273.0,1
7634,2026-05-17,16:30,102,Vestido Premium,Vestido,Vermelha,GG,3,250.72,75.22,676.94,Cartão de Débito,Física,476.0,24
7635,2026-06-14,14:15,141,Bermuda Slim,Bermuda,Vermelha,GG,4,162.9,0.0,651.6,Cartão de Débito,Online,442.0,5
7636,2026-05-31,11:45,119,Calça Esporte,Calça,Branca,P,2,331.07,33.11,629.03,Cartão de Crédito,Física,,4
7637,2026-06-08,10:00,88,Bermuda X,Bermuda,Rosa,G,1,55.13,0.0,55.13,PIX,Física,436.0,24
7638,2026-05-04,19:00,83,Bermuda Básica,Bermuda,Cinza,M,1,344.51,17.23,327.28,Dinheiro,Física,29.0,4
7639,2026-05-06,10:30,94,Blusa X,Blusa,Azul,GG,1,310.47,46.57,263.9,Cartão de Crédito,Online,,10
7640,2026-06-23,15:45,89,Acessório Premium,Acessório,Vermelha,GG,1,62.97,9.45,53.52,PIX,Online,157.0,14
7641,2026-09-11,10:45,112,Bermuda Premium,Bermuda,Rosa,GG,1,93.18,0.0,93.18,Dinheiro,Física,289.0,17
7642,2026-07-10,13:15,25,Calça Básica,Calça,Rosa,GG,1,346.73,0.0,346.73,PIX,Física,544.0,19
7643,2026-05-05,12:45,9,Acessório X,Acessório,Preta,M,2,51.84,0.0,103.68,PIX,Online,513.0,8
7644,2026-07-03,15:45,156,Calça Esporte,Calça,Cinza,P,2,179.11,53.73,304.49,Cartão de Débito,Online,283.0,8
7645,2026-06-14,19:45,156,Calça Esporte,Calça,Cinza,P,2,179.11,17.91,340.31,Cartão de Débito,Online,354.0,3
7646,2026-08-25,21:30,149,Vestido Básica,Vestido,Cinza,GG,2,67.2,20.16,114.24,Cartão de Crédito,Online,472.0,10
7647,2026-07-05,17:15,138,Jaqueta Social,Jaqueta,Branca,P,1,257.25,0.0,257.25,Cartão de Débito,Online,542.0,14
7648,2026-08-03,20:45,43,Bermuda Premium,Bermuda,Preta,GG,4,144.6,0.0,578.4,Crediário,Online,415.0,5
7649,2026-03-21,09:15,47,Blusa Esporte,Blusa,Vermelha,M,1,85.46,4.27,"R$ 81,19",Cartão de Crédito,Online,154.0,24
7650,2026-05-30,12:45,153,Bermuda Social,Bermuda,Cinza,G,1,75.2,0.0,75.2,Crediário,Online,37.0,9
7651,2026-07-18,17:15,94,Blusa X,Blusa,Azul,GG,1,310.47,15.52,294.95,Cartão de Crédito,Online,501.0,7
7652,2026-07-14,15:45,174,Calça Slim,Calça,Cinza,M,1,34.1,0.0,34.1,Dinheiro,Online,408.0,20
7653,2026-03-05,21:30,151,Vestido Social,Vestido,Cinza,P,4,305.13,0.0,1220.52,Cartão de Crédito,Física,127.0,21
7654,2026-08-02,16:00,81,Calça Básica,Calça,Rosa,G,4,188.91,0.0,755.64,Cartão de Crédito,Online,118.0,11
7655,2026-05-18,20:00  ,66,Vestido Básica,Vestido,Preta,GG,4,195.93,0.0,783.72,Cartão de Crédito,Online,285.0,2
7656,2026-04-08,20:30,99,Camiseta Slim,Camiseta,Rosa,G,1,178.5,8.93,169.57,Cartão de Débito,Física,412.0,4
7657,2026-04-20,17:15,43,Bermuda Premium,Bermuda,Preta,GG,2,144.6,43.38,245.82,Cartão de Crédito,Física,488.0,23
7658,2026-06-24,16:00,135,Bermuda Básica,Bermuda,Cinza,M,2,74.1,14.82,133.38,Crediário,Online,468.0,5
7659,2026-05-05,16:30,21,Bermuda Social,Bermuda,Branca,GG,4,301.4,180.84,1024.76,PIX,Online,412.0,6
7660,2026-04-28,10:00,140,Jaqueta Básica,Jaqueta,Cinza,P,4,275.21,0.0,1100.84,Cartão de Débito,Física,186.0,23
7661,2026-06-21,20:45,159,Calça Social,Calça,Verde,G,3,166.81,0.0,500.43,Cartão de Crédito,Física,158.0,15
7662,2026-05-23,15:15,18,Acessório Básica,Acessório,Azul,M,2,242.78,0.0,485.56,Crediário,Online,271.0,24
7663,2026-08-24,09:15,85,Calça X,Calça,Cinza,G,4,287.08,0.0,1148.32,PIX,Física,518.0,4
7664,2026-08-14, 19:15,51,Blusa Premium,Blusa,Branca,P,3,122.21,0.0,366.63,PIX,Física,235.0,15
7665,01-09-2026,11:00,41,Vestido X,Vestido,Verde,M,2,38.61,7.72,69.5,PIX,Física,224.0,24
7666,2026-09-19,10:30,180,Acessório X,Acessório,Verde,GG,2,108.79,32.64,184.94,Cartão de Crédito,Física,64.0,21
7667,2026-03-16,16:00,30,Vestido Esporte,Vestido,Vermelha,G,3,244.92,0.0,734.76,Cartão de Débito,Online,583.0,21
7668,2026-09-30,13:30,125,Vestido X,Vestido,Verde,M,3,114.2,402.1780747547589,291.21,Cartão de Débito,Física,81.0,18
7669,2026-07-18,11:15,94,Blusa X,Blusa,Azul,GG,2,310.47,0.0,620.94,Crediário,Online,133.0,1
7670,2026-09-28,20:15,179,Calça Social,Calça,Cinza,P,4,214.89,128.93,730.63,PIX,Online,568.0,1
7671,2026-04-20,15:15,132,Acessório Esporte,Acessório,Rosa,P,3,45.67,0.0,137.01,Dinheiro,Física,248.0,24
7672,2026-05-17,12:00,52,Vestido Básica,Vestido,Vermelha,G,4,334.95,0.0,1339.8,Cartão de Crédito,Física,353.0,12
7673,2026-06-11,09:00,84,Blusa X,Blusa,Branca,M,4,91.15,0.0,364.6,Cartão de Crédito,Online,574.0,12
7674,2026-06-13,19:30,51,Blusa Premium,Blusa,Branca,P,4,122.21,48.88,439.96,Cartão de Débito,Física,309.0,23
7675,2026-04-17,20:30,152,Jaqueta Premium,Jaqueta,Verde,M,4,208.59,125.15,709.21,Cartão de Crédito,Física,2.0,9
7676,2026-07-07,21:45,72,Camiseta Casual,Camiseta,Rosa,P,1,280.68,0.0,280.68,Cartão de Débito,Física,56.0,24
7677,2026-07-20,09:30,37,Acessório Premium,Acessório,Rosa,G,2,281.93,56.39,507.47,Cartão de Débito,Online,284.0,15
7678,23/05/26,10:00,30,Vestido Esporte,Vestido,Vermelha,G,4,244.92,97.97,881.71,Dinheiro,Online,563.0,5
7679,2026-07-03,10:45,116,Blusa Premium,Blusa,Branca,G,2,68.25,6.82,129.68,Crediário,Física,317.0,7
7680,2026-04-17,18:00,173,Camiseta Esporte,Camiseta,Preta,P,4,183.66,110.2,624.44,Cartão de Débito,Física,244.0,25
7681,2026-04-05,21:30,29,Blusa Básica,Blusa,Azul,P,3,287.6,86.28,776.52,Cartão de Débito,Online,444.0,24
7682,2026-09-04,12:45,149,Vestido Básica,Vestido,Cinza,GG,4,67.2,13.44,255.36,PIX,Física,,15
7683,2026-08-01,14:15,30,Vestido Esporte,Vestido,Vermelha,G,2,244.92,48.98,440.86,Dinheiro,Física,146.0,12
7684,2026-05-11,20:15,30,Vestido Esporte,Vestido,Vermelha,G,4,244.92,97.97,881.71,PIX,Online,75.0,1
7685,2026-07-15,16:00,50,Blusa Básica,Blusa,Azul,G,2,124.43,0.0,248.86,Cartão de Crédito,Física,262.0,5
7686,2026-05-12,10:15,77,Blusa Básica,Blusa,Preta,M,4,29.9,0.0,119.6,Cartão de Débito,Online,145.0,17
7687,2026-07-10,15:00,103,Acessório Esporte,Acessório,Verde,M,4,142.1,85.26,483.14,Dinheiro,Física,477.0,11
7688,2026-07-02,15:00,19,Calça Casual,Calça,Rosa,P,2,165.92,0.0,331.84,PIX,Online,116.0,3
7689,2026-08-26,18:00,171,Blusa Casual,Blusa,Verde,M,4,139.15,0.0,"R$ 556,60",PIX,Física,193.0,24
7690,2026-06-11,12:00,79,Vestido Slim,Vestido,Verde,GG,3,29.96,0.0,89.88,Cartão de Crédito,Online,543.0,24
7691,2026-07-12,16:30,88,Bermuda X,Bermuda,Rosa,G,2,55.13,0.0,110.26,Cartão de Crédito,Física,280.0,11
7692,2026-09-18,12:30,95,Bermuda X,Bermuda,Cinza,G,3,275.07,123.78,701.43,Cartão de Crédito,Online,315.0,19
7693,2026-08-04, 21:45,76,Jaqueta X,Jaqueta,Cinza,P,1,291.87,43.78,248.09,PIX,Online,250.0,21
7694,2026-03-24,21:45,150,Camiseta Casual,Camiseta,Cinza,GG,2,216.84,0.0,433.68,Cartão de Débito,Física,338.0,8
7695,2026-09-15,16:45,8,Bermuda Básica,Bermuda,Rosa,P,1,301.95,15.1,286.85,PIX,Online,184.0,2
7696,2026-04-27,20:30,59,Blusa Social,Blusa,Verde,M,4,202.64,40.53,770.03,PIX,Online,79.0,14
7697,2026-08-07,09:30,152,Jaqueta Premium,Jaqueta,Verde,M,1,208.59,0.0,208.59,Cartão de Crédito,Online,261.0,25
7698,2026-05-23,15:15,171,Blusa Casual,Blusa,Verde,M,3,139.15,0.0,417.45,PIX,Online,114.0,11
7699,2026-06-25,09:45,110,Bermuda Slim,Bermuda,Vermelha,G,1,158.66,0.0,158.66,Dinheiro,Física,511.0,25
7700,2026-03-03,09:30,129,Acessório X,Acessório,Branca,M,2,84.81,25.44,144.18,Cartão de Crédito,Online,85.0,4
7701,2026-05-30,10:30,154,Bermuda Básica,Bermuda,Branca,P,2,240.69,0.0,481.38,PIX,Online,256.0,18
7702,2026-09-08,20:45,56,Camiseta Social,Camiseta,Verde,M,1,252.29,12.61,239.68,Cartão de Crédito,Física,561.0,6
7703,2026-07-09,10:00,31,Vestido Social,Vestido,Azul,GG,4,28.24,11.3,101.66,Cartão de Crédito,Física,106.0,21
7704,2026-07-19,16:15,111,Blusa Esporte,Blusa,Verde,M,2,279.57,27.96,531.18,Cartão de Débito,Física,390.0,21
7705,2026-07-03,15:45,132,Acessório Esporte,Acessório,Rosa,P,2,45.67,0.0,91.34,Cartão de Crédito,Física,150.0,25
7706,2026-08-06,21:45,20,Blusa Básica,Blusa,Branca,M,1,212.5,0.0,212.5,Dinheiro,Online,41.0,13
7707,2026-04-16,16:45,163,Blusa Esporte,Blusa,Rosa,GG,3,291.86,131.34,744.24,PIX,Online,,21
7708,2026-08-10,21:00,48,Camiseta Básica,Camiseta,Cinza,GG,4,63.03,0.0,252.12,Cartão de Crédito,Online,537.0,9
7709,2026-07-24,16:00,12,Blusa X,Blusa,Rosa,P,3,258.15,116.17,658.28,Dinheiro,Online,218.0,16
7710,2026-05-04,14:45,6,Acessório Casual,Acessório,Rosa,GG,3,309.17,0.0,927.51,Cartão de Crédito,Física,63.0,8
7711,2026-05-12,16:00,32,Acessório Social,Acessório,Azul,G,3,324.96,0.0,974.88,Dinheiro,Física,321.0,18
7712,2026-08-31,11:45,93,Calça Slim,Calça,Azul,G,2,328.53,32.85,624.21,Cartão de Crédito,Física,16.0,21
7713,2026-05-06,13:45,153,Bermuda Social,Bermuda,Cinza,G,1,75.2,7.52,67.68,Crediário,Física,192.0,19
7714,2026-05-17,21:00,137,Jaqueta Básica,Jaqueta,Cinza,GG,3,124.46,56.01,317.37,Cartão de Débito,Online,124.0,5
7715,2026-09-05,18:30  ,166,Blusa Casual,Blusa,Cinza,P,1,25.41,0.0,25.41,Cartão de Crédito,Física,34.0,7
7716,2026-06-01,16:45,15,Bermuda Básica,Bermuda,Cinza,G,2,52.05,10.41,93.69,Cartão de Crédito,Física,94300.0,16
7717,2026-04-06,17:30,118,Bermuda Premium,Bermuda,Verde,G,2,289.27,57.85,520.69,PIX,Física,144.0,13
7718,2026-03-24,17:30,84,Blusa X,Blusa,Branca,M,2,91.15,0.0,182.3,Cartão de Crédito,Online,246.0,23
7719,2026-05-02, 10:45 ,54,Bermuda Social,Bermuda,Cinza,G,4,115.21,0.0,460.84,Crediário,Online,251.0,1
7720,12/04/2026,11:15,127,Bermuda X,Bermuda,Azul,M,4,269.31,0.0,1077.24,PIX,Física,368.0,20
7721,12/04/26,19:45,30,Vestido Esporte,Vestido,Vermelha,G,3,244.92,36.74,698.02,PIX,Física,227.0,5
7722,2026-08-31,15:45,61,Blusa Social,Blusa,Preta,P,3,336.13,0.0,1008.39,PIX,Online,164.0,18
7723,2026-08-25,16:45,113,Jaqueta Premium,Jaqueta,Rosa,M,3,196.9,59.07,531.63,CARTÃO DE CRÉDITO,Física,341.0,7
7724,2026-09-09,17:15,29,Blusa Básica,Blusa,Azul,P,4,287.6,115.04,1035.36,Cartão de Débito,Online,460.0,1
7725,2026-07-30, 09:45 ,179,Calça Social,Calça,Cinza,P,2,214.89,0.0,429.78,Cartão de Crédito,Online,60681.0,24
7726,2026-04-11,15:00,95,Bermuda X,Bermuda,Cinza,G,3,275.07,123.78,701.43,Crediário,Online,3.0,22
7727,14/06/26,16:30,98,Acessório Básica,Acessório,Branca,G,3,254.79,0.0,764.37,Cartão de Débito,Online,101.0,24
7728,2026-09-01,19:30,37,Acessório Premium,Acessório,Rosa,G,1,281.93,0.0,281.93,CARTÃO DE DÉBITO,Física,515.0,12
7729,2026-06-03,17:45,75,Bermuda Premium,Bermuda,Cinza,G,2,129.65,0.0,259.3,PIX,Física,205.0,15
7730,2026-09-26,09:30,23,Calça Social,Calça,Preta,GG,3,181.44,0.0,544.32,PIX,Física,321.0,9
7731,2026-05-15,21:45,88,Bermuda X,Bermuda,Rosa,G,4,55.13,0.0,220.52,Dinheiro,Online,562.0,18
7732,2026-06-29,17:30,29,Blusa Básica,Blusa,Azul,P,3,287.6,0.0,862.8,Crediário,Online,485.0,25
7733,2026-08-01,19:30,129,Acessório X,Acessório,Branca,M,2,84.81,0.0,169.62,Cartão de Débito,Online,520.0,22
7734,2026-08-15,14:45,90,Jaqueta Social,Jaqueta,Rosa,M,4,340.94,0.0,1363.76,Cartão de Crédito,Online,580.0,21
7735,2026-08-19,17:45,118,Bermuda Premium,Bermuda,Verde,G,2,289.27,0.0,578.54,Cartão de Crédito,Online,465.0,17
7736,2026-06-26, 09:45 ,21,Bermuda Social,Bermuda,Branca,GG,2,301.4,0.0,602.8,Cartão de Débito,Física,527.0,16
7737,2026-04-05,14:00,100,Calça Social,Calça,Preta,M,3,133.29,0.0,399.87,Cartão de Débito,Online,434.0,23
7738,2026-04-28,20:00,165,Calça Casual,Calça,Rosa,G,3,158.71,47.61,428.52,Crediário,Online,271.0,21
7739,2026-06-14,18:00,77,Blusa Básica,Blusa,Preta,M,4,29.9,0.0,119.6,PIX,Física,315.0,8
7740,2026-07-04,20:45,79,Vestido Slim,Vestido,Verde,GG,4,29.96,0.0,119.84,Crediário,Online,257.0,7
7741,2026-04-23,18:15,49,Calça Esporte,Calça,Preta,P,3,264.21,0.0,792.63,Cartão de Débito,Física,12.0,8
7742,15/06/2026,12:00,36,Jaqueta X,Jaqueta,Rosa,GG,2,109.13,10.91,207.35,Crediário,Física,307.0,9
7743,2026-03-30,10:15,31,Vestido Social,Vestido,Azul,GG,4,28.24,0.0,112.96,Cartão de Débito,Física,,20
7744,04/08/2026,12:15,136,Bermuda Slim,Bermuda,Verde,P,4,232.34,0.0,929.36,Dinheiro,Online,544.0,2
7745,2026-04-17,14:15,84446,Camiseta Casual,Camiseta,Cinza,P,3,273.14,0.0,819.42,Cartão de Crédito,Física,597.0,12
7746,2026-07-18,18:30,42,Calça Casual,Calça,Verde,G,2,245.94,73.78,418.1,PIX,Física,146.0,4
7747,2026-06-28,16:30,145,Bermuda Casual,Bermuda,Azul,GG,3,159.63,47.89,431.0,PIX,Física,270.0,3
7748,2026-03-30,09:30  ,46006,Vestido Premium,Vestido,Preta,G,-2,60.66,36.4,206.24,Crediário,Online,419.0,9
7749,2026-03-24,09:45,130,Bermuda Slim,Bermuda,Verde,G,3,139.82,62.92,356.54,Cartão de Crédito,Online,492.0,9
7750,2026-07-11,11:30,4,Acessório Básica,Acessório,Vermelha,G,1,81.82,8.18,73.64,CARTÃO DE CRÉDITO,Online,519.0,6
7751,2026-08-08,15:30,117,Vestido Premium,Vestido,Cinza,M,2,81.36,0.0,162.72,Cartão de Crédito,Online,82.0,3
7752,2026-07-02,16:30,114,Camiseta Social,Camiseta,Verde,GG,3,330.12,148.55,841.81,Cartão De Crédito,Online,386.0,13
7753,2026-07-11,11:30,180,Acessório X,Acessório,Verde,GG,1,108.79,0.0,108.79,Cartão de Débito,Online,527.0,18
7754,2026-08-26,18:15,91,Acessório Casual,Acessório,Rosa,M,1,274.86,41.23,233.63,Crediário,Online,468.0,20
7755,2026-08-07,12:45,23,Calça Social,Calça,Preta,GG,1,181.44,0.0,181.44,Cartão de Débito,Online,318.0,5
7756,2026-07-03, 15:30,52,Vestido Básica,Vestido,Vermelha,G,4,334.95,0.0,1339.8,Cartão de Crédito,Física,,1
7757,2026-08-22,11:30,169,Camiseta Premium,Camiseta,Branca,GG,4,137.47,27.49,522.39,PIX,Online,388.0,1
7758,2026-05-07,14:00,30,Vestido Esporte,Vestido,Vermelha,G,4,244.92,0.0,979.68,Dinheiro,Física,93.0,25
7759,2026-07-18,16:30,137,Jaqueta Básica,Jaqueta,Cinza,GG,1,124.46,0.0,124.46,Dinheiro,Online,549.0,5
7760,2026-03-15,10:00,19,Calça Casual,Calça,Rosa,P,3,165.92,0.0,497.76,Crediário,Física,154.0,7
7761,2026-03-16,10:30,1,Blusa Premium,Blusa,Cinza,G,4,318.6,127.44,1146.96,Cartão de Crédito,Física,11.0,2
7762,2026-07-15,12:45,1,Blusa Premium,Blusa,Cinza,G,2,318.6,63.72,573.48,Cartão de Crédito,Física,131.0,4
7763,2026-07-29,21:00,100,Calça Social,Calça,Preta,M,1,133.29,0.0,133.29,Cartão de Crédito,Online,502.0,11
7764,2026-07-27,16:45,34,Blusa Casual,Blusa,Preta,GG,2,206.43,41.29,371.57,Crediário,Online,142.0,24
7765,2026-09-04,20:15,72,Camiseta Casual,Camiseta,Rosa,P,1,280.68,0.0,280.68,PIX,Física,527.0,11
7766,2026-04-05,10:00,133,Jaqueta Social,Jaqueta,Branca,P,3,168.42,75.79,429.47,Crediário,Física,446.0,14
7767,2026-06-07,13:45,81,Calça Básica,Calça,Rosa,G,4,188.91,0.0,755.64,Pix,Física,223.0,3
7768,2026-05-04,11:00,88,Bermuda X,Bermuda,Rosa,G,3,55.13,8.27,157.12,Crediário,Física,576.0,5
7769,2026-09-19,13:15,104,Acessório Premium,Acessório,Rosa,M,4,240.9,96.36,867.24,cartão de débito,Online,395.0,23
7770,2026-08-14,10:15,24,Blusa Esporte,Blusa,Preta,M,3,315.76,0.0,947.28,Cartão De Débito,Online,464.0,11
7771,2026-04-06,12:15,132,Acessório Esporte,Acessório,Rosa,P,2,45.67,13.7,77.64,Dinheiro,Física,404.0,7
7772,2026-06-25,16:00,168,Camiseta Slim,Camiseta,Preta,GG,3,50.13,0.0,150.39,Dinheiro,Física,79.0,16
7773,2026-03-26,16:45,92,Vestido Básica,Vestido,Cinza,G,3,146.37,21.96,417.15,Cartão de Crédito,Online,101.0,11
7774,2026-03-10,18:45,143,Bermuda Casual,Bermuda,Rosa,G,2,113.47,22.69,204.25,Cartão de Crédito,Física,405.0,14
7775,2026-03-12,19:30,115,Vestido Básica,Vestido,Vermelha,GG,4,108.11,0.0,432.44,Cartão de Crédito,Física,157.0,25
7776,2026-05-02,10:15,85,Calça X,Calça,Cinza,G,0,287.08,86.12,775.12,Dinheiro,Online,567.0,24
7777,2026-05-07,18:15,24,Blusa Esporte,Blusa,Preta,M,3,315.76,0.0,947.28,Cartão de Débito,Online,472.0,10
7778,2026-03-04,10:45,50,Blusa Básica,Blusa,Azul,G,3,124.43,0.0,373.29,Cartão de Crédito,Física,179.0,15
7779,2026-08-27,19:30,28,Bermuda Premium,Bermuda,Vermelha,GG,3,57.16,0.0,171.48,Dinheiro,Física,311.0,4
7780,2026-05-07,17:00,124,Camiseta Social,Camiseta,Branca,M,4,31.01,6.2,117.84,PIX,Online,576.0,25
7781,2026-03-12,17:00,59,Blusa Social,Blusa,Verde,M,4,202.64,0.0,810.56,Cartão de Crédito,Online,206.0,5
7782,2026-09-17, 20:30,167,Jaqueta Slim,Jaqueta,Branca,G,3,219.14,65.74,591.68,Dinheiro,Física,293.0,2
7783,2026-03-25,16:30,134,Bermuda Básica,Bermuda,Rosa,GG,1,59.5,0.0,59.5,Cartão de Crédito,Online,486.0,6
7784,2026-08-15,19:00,62,Jaqueta Social,Jaqueta,Rosa,M,1,66.35,6.64,59.71,Dinheiro,Física,,16
7785,2026-09-03,15:30,109,Camiseta Esporte,Camiseta,Branca,GG,4,227.45,0.0,909.8,Cartão de Crédito,Física,104.0,4
7786,2026-09-28,13:15,22,Bermuda Social,Bermuda,Vermelha,GG,4,213.75,128.25,726.75,PIX,Online,567.0,13
7787,2026-03-24,14:00,57,Calça Casual,Calça,Verde,GG,4,86.79,0.0,347.16,PIX,Online,99.0,7
7788,2026-07-25,14:15,18,Acessório Básica,Acessório,Azul,M,4,242.78,0.0,971.12,PIX,Física,573.0,3
7789,2026-03-25,09:30,14,Bermuda Esporte,Bermuda,Verde,GG,2,113.16,11.32,215.0,Cartão de Débito,Online,366.0,17
7790,2026-08-04,15:45,87,Camiseta Casual,Camiseta,Cinza,P,2,273.14,81.94,464.34,Cartão de Débito,Física,503.0,24
7791,2026-07-11,09:45,5,Jaqueta Básica,Jaqueta,Preta,GG,4,235.61,94.24,848.2,Cartão de Débito,Online,301.0,10
7792,2026-05-30,12:15,22,Bermuda Social,Bermuda,Vermelha,GG,1,213.75,0.0,213.75,PIX,Online,,5
7793,2026-08-29,11:15,37,Acessório Premium,Acessório,Rosa,G,1,281.93,14.1,267.83,Cartão de Débito,Online,89.0,24
7794,2026-04-12,12:45,86,Blusa Social,Blusa,Azul,P,2,56.25,0.0,112.5,Cartão de Débito,Física,,17
7795,2026-05-01,19:15,20,Blusa Básica,Blusa,Branca,M,2,212.5,63.75,361.25,Cartão de Débito,Física,299.0,23
7796,2026-09-18,20:30,73,Calça X,Calça,Azul,M,3,313.28,0.0,939.84,Cartão de Débito,Física,142.0,4
7797,12/07/2026,09:30,102,Vestido Premium,Vestido,Vermelha,GG,3,250.72,0.0,752.16,Crediário,Física,509.0,16
7798,2026-07-13, 20:15,113,Jaqueta Premium,Jaqueta,Rosa,M,2,196.9,0.0,393.8,Cartão de Débito,Física,584.0,3
7799,2026-08-07,19:30,41,Vestido X,Vestido,Verde,M,1,38.61,0.0,38.61,Cartão de Débito,Online,243.0,17
7800,2026-08-06,12:30,71,Acessório Premium,Acessório,Rosa,GG,1,227.52,0.0,227.52,PIX,Online,567.0,22
7801,2026-06-27,10:45,142,Vestido Esporte,Vestido,Branca,GG,2,142.68,0.0,285.36,Cartão de Débito,Física,123.0,17
7802,2026-07-29,21:30,114,Camiseta Social,Camiseta,Verde,GG,2,330.12,66.02,"594,22",PIX,Física,526.0,19
7803,28/05/2026,18:00,66,Vestido Básica,Vestido,Preta,GG,4,195.93,0.0,783.72,PIX,Física,257.0,9
7804,2026-06-02,13:00,69,Camiseta Básica,Camiseta,Branca,M,4,71.3,0.0,285.2,Cartão de Crédito,Online,260.0,7
7805,2026-09-06, 19:15,54,Bermuda Social,Bermuda,Cinza,G,1,115.21,5.76,109.45,Cartão de Débito,Online,38.0,5
7806,2026-03-04,15:15,168,Camiseta Slim,Camiseta,Preta,GG,4,50.13,30.08,170.44,Crediário,Online,178.0,11
7807,2026-04-03,09:15,101,Jaqueta Casual,Jaqueta,Verde,M,2,263.03,52.61,473.45,Cartão de Crédito,Online,339.0,1
7808,26/05/26,09:45  ,160,Vestido Básica,Vestido,Branca,G,4,38.68,0.0,154.72,Crediário,Física,206.0,23
7809,2026-07-22,09:00,135,Bermuda Básica,Bermuda,Cinza,M,3,74.1,11.12,211.18,PIX,Online,155.0,2
7810,2026-08-19,15:00,18,Acessório Básica,Acessório,Azul,M,1,242.78,36.42,206.36,Cartão de Crédito,Online,556.0,13
7811,2026-07-27,21:00,160,Vestido Básica,Vestido,Branca,G,2,38.68,0.0,77.36,Cartão de Débito,Física,,13
7812,2026-07-22,19:45,167,Jaqueta Slim,Jaqueta,Branca,G,2,219.14,0.0,438.28,Cartão de Débito,Online,267.0,15
7813,2026-03-04,12:30,55,Vestido Premium,Vestido,Branca,M,4,126.12,50.45,454.03,PIX,Física,413.0,24
7814,2026-06-13,15:30,41,Vestido X,Vestido,Verde,M,-1,38.61,0.0,"77,22",Dinheiro,Física,585.0,7
7815,2026-08-21, 09:45 ,133,Jaqueta Social,Jaqueta,Branca,P,1,168.42,8.42,160.0,Dinheiro,Física,29.0,3
7816,2026-03-10,14:00,124,Camiseta Social,Camiseta,Branca,M,1,31.01,0.0,31.01,Crediário,Física,244.0,7
7817,2026-06-26,09:30,73,Calça X,Calça,Azul,M,4,313.28,62.66,1190.46,PIX,Online,299.0,11
7818,2026-05-15,19:45,74,Bermuda Esporte,Bermuda,Branca,M,4,290.34,0.0,1161.36,Cartão de Crédito,Física,314.0,9
7819,2026-08-08,19:15,12,Blusa X,Blusa,Rosa,P,1,258.15,12.91,245.24,PIX,Física,594.0,8
7820,2026-07-28,13:15,3,Vestido Esporte,Vestido,Azul,GG,1,51.13,5.11,46.02,Cartão de Débito,Online,72.0,10
7821,2026-03-06,17:15,24,Blusa Esporte,Blusa,Preta,M,4,315.76,189.46,1073.58,Cartão de Crédito,Online,422.0,6
7822,2026-09-20,11:00,136,Bermuda Slim,Bermuda,Verde,P,4,232.34,92.94,836.42,PIX,Física,127.0,2
7823,2026-09-21, 15:30 ,135,Bermuda Básica,Bermuda,Cinza,M,3,74.1,33.34,188.96,Dinheiro,Online,5.0,10
7824,2026-08-31,09:45,70,Vestido Slim,Vestido,Verde,G,3,304.38,0.0,913.14,Cartão de Débito,Online,493.0,20
7825,2026-07-14,19:45,102,Vestido Premium,Vestido,Vermelha,GG,4,250.72,50.14,952.74,Cartão de Crédito,Online,489.0,17
7826,2026-09-13,17:15,1,Blusa Premium,Blusa,Cinza,G,1,318.6,15.93,302.67,Cartão de Crédito,Física,290.0,18
7827,2026-04-29,13:30,54,Bermuda Social,Bermuda,Cinza,G,2,115.21,11.52,218.9,Dinheiro,Física,52.0,12
7828,2026-04-05,16:00,26931,Vestido Básica,Vestido,Vermelha,G,3,334.95,150.73,854.12,PIX,Física,65.0,12
7829,2026-06-03,12:45,27,Camiseta Casual,Camiseta,Vermelha,P,3,287.37,129.32,732.79,Cartão de Débito,Online,160.0,22
7830,2026-04-13,13:45,166,Blusa Casual,Blusa,Cinza,P,2,25.41,2.54,48.28,Crediário,Física,5.0,9
7831,2026-09-14,20:15,29,Blusa Básica,Blusa,Azul,P,3,287.6,86.28,776.52,PIX,Online,11.0,1
7832,2026-04-04,11:15,85,Calça X,Calça,Cinza,G,3,287.08,129.19,732.05,Cartão de Débito,Física,593.0,19
7833,2026-05-24,13:30,96,Camiseta Casual,Camiseta,Verde,P,2,307.93,30.79,585.07,Dinheiro,Física,289.0,14
7834,2026-09-16,19:00,107,Bermuda Slim,Bermuda,Rosa,M,4,304.94,60.99,1158.77,PIX,Online,560.0,4
7835,2026-08-04,12:15,60,Blusa Premium,Blusa,Azul,GG,4,177.54,35.51,674.65,Crediário,Física,86.0,19
7836,2026-03-29,11:30,98,Acessório Básica,Acessório,Branca,G,1,254.79,38.22,216.57,Dinheiro,Online,76697.0,21
7837,2026-08-23,13:30,149,Vestido Básica,Vestido,Cinza,GG,1,67.2,0.0,67.2,Crediário,Física,145.0,24
7838,2026-06-07,11:00,55,Vestido Premium,Vestido,Branca,M,2,126.12,37.84,214.4,Cartão de Crédito,Online,112.0,23
7839,2026-08-30,20:30,83,Bermuda Básica,Bermuda,Cinza,M,1,344.51,0.0,344.51,Cartão de Crédito,Online,109.0,12
7840,2026-03-24,12:45,8,Bermuda Básica,Bermuda,Rosa,P,2,301.95,30.2,573.7,PIX,Online,384.0,17
7841,04/05/2026,09:15,127,Bermuda X,Bermuda,Azul,M,3,269.31,0.0,807.93,PIX,Online,502.0,18
7842,2026-05-21,18:00,2,Calça Casual,Calça,Verde,M,3,308.53,92.56,833.03,Cartão de Crédito,Física,311.0,13
7843,2026-03-01,10:45,103,Acessório Esporte,Acessório,Verde,M,3,142.1,42.63,383.67,PIX,Física,109.0,23
7844,2026-04-26,17:15,124,Camiseta Social,Camiseta,Branca,M,2,31.01,0.0,62.02,PIX,Online,96.0,7
7845,2026-03-30,19:45,61,Blusa Social,Blusa,Preta,P,1,336.13,0.0,336.13,PIX,Online,15.0,23
7846,2026-09-28,09:15,53,Jaqueta Casual,Jaqueta,Branca,P,2,203.54,0.0,407.08,Cartão de Crédito,Online,557.0,2
7847,2026-03-24,12:30,89,Acessório Premium,Acessório,Vermelha,GG,4,62.97,0.0,251.88,Cartão de Débito,Online,589.0,18
7848,2026-03-27,21:30,30,Vestido Esporte,Vestido,Vermelha,G,2,244.92,48.98,440.86,PIX,Física,317.0,1
7849,2026-07-11,13:45,50,Blusa Básica,Blusa,Azul,G,3,124.43,55.99,"317,30",Dinheiro,Física,304.0,4
7850,2026-03-18,12:45,106,Blusa Premium,Blusa,Azul,P,2,204.85,0.0,409.7,Cartão de Crédito,Online,124.0,23
7851,2026-03-20,19:45,128,Acessório X,Acessório,Verde,G,1,38.26,0.0,38.26,Cartão de Crédito,Física,55.0,19
7852,2026-04-21,21:15,83,Bermuda Básica,Bermuda,Cinza,M,3,344.51,0.0,1033.53,Cartão de Débito,Física,342.0,12
7853,2026-09-20,10:45,82,Bermuda Social,Bermuda,Azul,M,1,325.21,0.0,"325,21",Cartão de Débito,Física,502.0,4
7854,2026-09-26,15:45,31,Vestido Social,Vestido,Azul,GG,3,28.24,0.0,84.72,Cartão de Débito,Online,534.0,6
7855,2026-08-19,17:00,123,Camiseta Básica,Camiseta,Preta,P,3,195.44,87.95,498.37,Cartão de Débito,Física,411.0,1
7856,2026-04-09,09:30,16,Bermuda Esporte,Bermuda,Branca,M,3,242.53,0.0,727.59,PIX,Física,154.0,11
7857,2026-09-01,11:15,166,Blusa Casual,Blusa,Cinza,P,3,25.41,0.0,76.23,Cartão de Crédito,Física,138.0,1
7858,2026-04-17,10:00,43,Bermuda Premium,Bermuda,Preta,GG,2,144.6,43.38,245.82,Cartão de Débito,Online,244.0,13
7859,2026-07-22,18:15,127,Bermuda X,Bermuda,Azul,M,4,269.31,0.0,1077.24,Cartão de Crédito,Online,,13
7860,2026-06-25,17:15,128,Acessório X,Acessório,Verde,G,2,38.26,0.0,76.52,PIX,Online,292.0,1
7861,14/06/26,12:00,122,Calça Social,Calça,Azul,M,3,77.6,34.92,197.88,PIX,Física,489.0,4
7862,2026-06-21,15:30,99,Camiseta Slim,Camiseta,Rosa,G,4,178.5,107.1,606.9,Cartão de Crédito,Física,543.0,11
7863,2026-03-05,17:45,105,Calça Premium,Calça,Vermelha,GG,4,53.58,0.0,214.32,Crediário,Física,430.0,5
7864,2026-09-28,18:30,119,Calça Esporte,Calça,Branca,P,2,331.07,0.0,662.14,Cartão de Crédito,Online,493.0,5
7865,2026-06-13,15:45,139,Jaqueta X,Jaqueta,Preta,M,3,172.53,0.0,517.59,PIX,Online,306.0,17
7866,2026-08-19,19:00,174,Calça Slim,Calça,Cinza,M,4,34.1,20.46,"R$ 115,94",Cartão de Crédito,Online,224.0,2
7867,2026-08-28,14:30,171,Blusa Casual,Blusa,Verde,M,3,139.15,0.0,417.45,Crediário,Online,284.0,22
7868,2026-08-11,16:00,135,Bermuda Básica,Bermuda,Cinza,M,4,74.1,409.3457688860634,296.4,PIX,Online,542.0,16
7869,2026-06-09,13:15,93,Calça Slim,Calça,Azul,G,3,328.53,98.56,887.03,Cartão de Débito,Física,389.0,12
7870,2026-09-19,18:45,174,Calça Slim,Calça,Cinza,M,3,34.1,0.0,102.3,Crediário,Física,257.0,20
7871,2026-05-18,12:45,73,Calça X,Calça,Azul,M,1,313.28,0.0,313.28,Cartão de Débito,Online,556.0,20
7872,2026-03-26, 20:30,64,Blusa Slim,Blusa,Cinza,G,1,307.95,0.0,307.95,PIX,Online,,9
7873,2026-05-21,19:15,89,Acessório Premium,Acessório,Vermelha,GG,4,62.97,25.19,226.69,Dinheiro,Online,598.0,18
7874,2026-05-28,19:30,98,Acessório Básica,Acessório,Branca,G,3,254.79,38.22,726.15,Cartão de Crédito,Física,82.0,20
7875,2026-03-28,16:45,164,Blusa Premium,Blusa,Preta,G,3,175.34,0.0,526.02,PIX,Física,8.0,22
7876,2026-07-09,11:30,110,Bermuda Slim,Bermuda,Vermelha,G,2,158.66,47.6,269.72,Cartão de Crédito,Online,125.0,1
7877,2026-08-29,15:15  ,75,Bermuda Premium,Bermuda,Cinza,G,2,129.65,0.0,259.3,Cartão de Débito,Online,462.0,23
7878,2026-09-09,14:00,25714,Camiseta Slim,Camiseta,Preta,GG,4,50.13,20.05,180.47,Dinheiro,Online,542.0,14
7879,2026-06-21,19:30,171,Blusa Casual,Blusa,Verde,M,1,139.15,0.0,139.15,Crediário,Física,382.0,8
7880,2026-09-12,09:30,29175,Camiseta Básica,Camiseta,Rosa,G,4,304.19,0.0,1216.76,Cartão de Débito,Física,191.0,5
7881,08-07-2026,19:15,105,Calça Premium,Calça,Vermelha,GG,1,53.58,0.0,53.58,Cartão de Débito,Física,167.0,13
7882,2026-09-28,11:30,139,Jaqueta X,Jaqueta,Preta,M,1,172.53,0.0,172.53,PIX,Física,400.0,20
7883,2026-06-23,18:15,105,Calça Premium,Calça,Vermelha,GG,4,53.58,21.43,192.89,PIX,Online,504.0,12
7884,2026-09-23,21:15,103,Acessório Esporte,Acessório,Verde,M,2,142.1,14.21,269.99,Dinheiro,Física,,9
7885,2026-06-12,15:15,117,Vestido Premium,Vestido,Cinza,M,2,81.36,8.14,154.58,Cartão de Débito,Física,573.0,24
7886,2026-03-18,21:00,116,Blusa Premium,Blusa,Branca,G,4,68.25,13.65,259.35,PIX,Física,42.0,21
7887,2026-07-13,17:45,47,Blusa Esporte,Blusa,Vermelha,M,4,85.46,0.0,"341,84",Cartão de Crédito,Online,173.0,12
7888,2026-08-02,20:45,85,Calça X,Calça,Cinza,G,2,287.08,0.0,574.16,Cartão de Crédito,Online,54788.0,6
7889,2026-09-27,15:15,164,Blusa Premium,Blusa,Preta,G,4,175.34,0.0,701.36,Cartão de Débito,Online,,1
7890,2026-03-24,18:15,164,Blusa Premium,Blusa,Preta,G,4,175.34,0.0,701.36,Dinheiro,Física,177.0,24
7891,2026-08-03,11:00,64,Blusa Slim,Blusa,Cinza,G,3,307.95,0.0,923.85,Cartão de Débito,Física,49.0,16
7892,2026-07-02,13:00  ,31,Vestido Social,Vestido,Azul,GG,3,28.24,0.0,84.72,Cartão de Débito,Física,478.0,22
7893,12-04-2026,11:00,70,Vestido Slim,Vestido,Verde,G,4,304.38,0.0,1217.52,Dinheiro,Online,115.0,10
7894,2026-06-22,19:15,3,Vestido Esporte,Vestido,Azul,GG,3,51.13,0.0,153.39,CARTÃO DE CRÉDITO,Online,433.0,16
7895,07/06/2026,14:00,47,Blusa Esporte,Blusa,Vermelha,M,3,85.46,0.0,256.38,PIX,Física,152.0,3
7896,2026-06-21,16:30,141,Bermuda Slim,Bermuda,Vermelha,GG,1,162.9,8.15,154.75,Crediário,Online,387.0,1
7897,2026-04-22,20:45,92,Vestido Básica,Vestido,Cinza,G,2,146.37,29.27,263.47,PIX,Online,,7
7898,2026-04-09,16:30,139,Jaqueta X,Jaqueta,Preta,M,2,172.53,17.25,327.81,PIX,Física,,18
7899,2026-04-12,09:30,179,Calça Social,Calça,Cinza,P,1,214.89,21.49,193.4,PIX,Física,23.0,22
7900,2026-03-15,10:45,136,Bermuda Slim,Bermuda,Verde,P,2,232.34,69.7,394.98,PIX,Física,418.0,24
7901,2026-08-08,13:00,165,Calça Casual,Calça,Rosa,G,3,158.71,47.61,428.52,Cartão de Crédito,Online,548.0,25
7902,2026-08-09,12:45,55,Vestido Premium,Vestido,Branca,M,1,126.12,6.31,119.81,Cartão de Débito,Online,519.0,2
7903,2026-05-05,16:15,68,Acessório Casual,Acessório,Branca,P,2,212.83,42.57,383.09,Cartão de Crédito,Online,205.0,5
7904,2026-08-28,21:30,134,Bermuda Básica,Bermuda,Rosa,GG,1,59.5,2.98,56.52,Cartão de Débito,Online,148.0,4
7905,2026-05-03,09:00,2,Calça Casual,Calça,Verde,M,4,308.53,0.0,1234.12,PIX,Online,3.0,22
7906,2026-05-10,13:45,54,Bermuda Social,Bermuda,Cinza,G,4,115.21,0.0,460.84,Crediário,Física,335.0,20
7907,2026-09-25,12:00,135,Bermuda Básica,Bermuda,Cinza,M,2,74.1,0.0,148.2,Crediário,Online,192.0,17
7908,2026-04-16,15:45,174,Calça Slim,Calça,Cinza,M,1,34.1,0.0,"34,10",Cartão de Débito,Física,323.0,1
7909,2026-06-14,15:45,153,Bermuda Social,Bermuda,Cinza,G,4,75.2,45.12,255.68,Cartão de Crédito,Física,113.0,25
7910,2026-07-17,21:30,124,Camiseta Social,Camiseta,Branca,M,1,31.01,0.0,31.01,Cartão de Crédito,Física,393.0,6
7911,2026-03-30,17:30,130,Bermuda Slim,Bermuda,Verde,G,3,139.82,62.92,356.54,Dinheiro,Online,348.0,23
7912,2026-06-20,09:30,5,Jaqueta Básica,Jaqueta,Preta,GG,3,235.61,106.02,600.81,Cartão de Crédito,Física,538.0,25
7913,2026-04-21,19:15,125,Vestido X,Vestido,Verde,M,1,114.2,0.0,114.2,Crediário,Física,,4
7914,2026-03-13,16:45,121,Acessório Básica,Acessório,Vermelha,GG,3,127.53,38.26,344.33,Crediário,Física,349.0,15
7915,10/04/2026,13:30,89,Acessório Premium,Acessório,Vermelha,GG,4,62.97,0.0,251.88,Cartão de Crédito,Online,194.0,5
7916,2026-04-13,15:00,77,Blusa Básica,Blusa,Preta,M,2,29.9,0.0,59.8,PIX,Online,325.0,22
7917,2026-03-20,17:30,101,Jaqueta Casual,Jaqueta,Verde,M,4,263.03,105.21,946.91,Cartão De Crédito,Física,376.0,5
7918,2026-09-14,20:00,10,Camiseta Social,Camiseta,Azul,G,4,281.48,56.3,1069.62,Dinheiro,Online,522.0,6
7919,2026-06-07,12:30,2,Calça Casual,Calça,Verde,M,4,308.53,123.41,1110.71,Cartão de Débito,Física,307.0,10
7920,2026-09-11,09:30,74,Bermuda Esporte,Bermuda,Branca,M,1,290.34,0.0,290.34,Crediário,Online,242.0,11
7921,2026-09-04,15:45,118,Bermuda Premium,Bermuda,Verde,G,1,289.27,14.46,274.81,Cartão de Débito,Física,492.0,10
7922,2026-08-20,09:30,87,Camiseta Casual,Camiseta,Cinza,P,4,273.14,0.0,1092.56,Dinheiro,Online,159.0,18
7923,2026-06-23,11:30,112,Bermuda Premium,Bermuda,Rosa,GG,3,93.18,0.0,279.54,PIX,Física,262.0,9
7924,2026-08-28,14:15,51,Blusa Premium,Blusa,Branca,P,3,122.21,18.33,348.3,Cartão de Crédito,Física,393.0,12
7925,2026-06-18,09:45,2,Calça Casual,Calça,Verde,M,2,308.53,92.56,524.5,Cartão de Débito,Física,567.0,21
7926,2026-06-12,14:00,16,Bermuda Esporte,Bermuda,Branca,M,2,242.53,72.76,412.3,Dinheiro,Online,,24
7927,2026-08-14,15:00,66,Vestido Básica,Vestido,Preta,GG,2,195.93,58.78,333.08,Pix,Física,370.0,19
7928,2026-07-31,11:15,79,Vestido Slim,Vestido,Verde,GG,4,29.96,0.0,119.84,Cartão de Débito,Física,145.0,5
7929,2026-09-11, 10:45,109,Camiseta Esporte,Camiseta,Branca,GG,4,227.45,0.0,909.8,PIX,Física,504.0,14
7930,2026-06-23,10:45,65,Jaqueta Casual,Jaqueta,Branca,G,4,232.93,0.0,931.72,Cartão de Débito,Física,180.0,24
7931,2026-07-22,15:30,128,Acessório X,Acessório,Verde,G,4,38.26,0.0,153.04,Cartão de Débito,Online,194.0,10
7932,2026-03-26,18:15,58,Blusa X,Blusa,Branca,P,2,215.52,64.66,366.38,Cartão de Crédito,Online,309.0,13
7933,2026-04-22,21:30,107,Bermuda Slim,Bermuda,Rosa,M,3,304.94,0.0,914.82,PIX,Online,33.0,2
7934,2026-09-29,12:45,34,Blusa Casual,Blusa,Preta,GG,2,206.43,41.29,371.57,Dinheiro,Online,380.0,8
7935,2026-09-24,21:30,36,Jaqueta X,Jaqueta,Rosa,GG,2,109.13,10.91,207.35,Cartão de Débito,Online,456.0,23
7936,2026-07-09,17:45,133,Jaqueta Social,Jaqueta,Branca,P,1,168.42,0.0,168.42,PIX,Online,154.0,24
7937,2026-08-07,14:30,177,Camiseta Slim,Camiseta,Vermelha,G,2,63.08,12.62,113.54,Cartão de Crédito,Online,177.0,22
7938,2026-03-15,13:00,101,Jaqueta Casual,Jaqueta,Verde,M,2,263.03,0.0,526.06,Cartão de Crédito,Física,336.0,3
7939,2026-09-07,11:00,91,Acessório Casual,Acessório,Rosa,M,2,274.86,0.0,549.72,Cartão de Débito,Física,173.0,8
7940,2026-09-12,20:45,42,Calça Casual,Calça,Verde,G,3,245.94,36.89,700.93,Dinheiro,Física,264.0,12
7941,2026-03-12,17:15,111,Blusa Esporte,Blusa,Verde,M,3,279.57,83.87,"754,84",Cartão de Crédito,Online,507.0,12
7942,2026-05-20,17:15,146,Calça Premium,Calça,Branca,GG,2,343.66,68.73,618.59,Cartão de Débito,Online,320.0,19
7943,2026-07-05,15:00,54,Bermuda Social,Bermuda,Cinza,G,4,115.21,0.0,460.84,PIX,Física,104.0,5
7944,2026-04-21,12:00,56,Camiseta Social,Camiseta,Verde,M,4,252.29,0.0,1009.16,Cartão de Crédito,Online,331.0,10
7945,2026-07-06,15:30,116,Blusa Premium,Blusa,Branca,G,2,68.25,20.47,"116,03",Cartão de Crédito,Online,313.0,11
7946,2026-08-11,17:15,12,Blusa X,Blusa,Rosa,P,3,258.15,116.17,658.28,Cartão De Débito,Física,147.0,5
7947,2026-08-08,15:30,3,Vestido Esporte,Vestido,Azul,GG,2,51.13,5.11,97.15,cartão de débito,Física,185.0,18
7948,2026-08-28,13:45,97,Jaqueta Premium,Jaqueta,Rosa,GG,2,161.24,32.25,290.23,Dinheiro,Física,129.0,23
7949,2026-05-12,10:00,25,Calça Básica,Calça,Rosa,GG,4,346.73,208.04,1178.88,PIX,Online,49.0,13
7950,2026-04-19,12:45,171,Blusa Casual,Blusa,Verde,M,4,139.15,0.0,556.6,cartão de débito,Online,47.0,2
7951,2026-07-15,11:30,164,Blusa Premium,Blusa,Preta,G,3,175.34,52.6,473.42,Cartão de Débito,Online,579.0,9
7952,2026-03-14,20:30,150,Camiseta Casual,Camiseta,Cinza,GG,2,216.84,0.0,433.68,PIX,Física,387.0,6
7953,2026-07-31,18:30,97,Jaqueta Premium,Jaqueta,Rosa,GG,2,161.24,48.37,274.11,Dinheiro,Física,327.0,22
7954,2026-06-19,09:00,18252,Vestido Premium,Vestido,Cinza,M,1,81.36,0.0,81.36,PIX,Física,356.0,10
7955,2026-03-02,21:45,164,Blusa Premium,Blusa,Preta,G,1,175.34,0.0,175.34,pix,Online,222.0,21
7956,2026-06-07,16:00,104,Acessório Premium,Acessório,Rosa,M,1,240.9,24.09,216.81,Crediário,Física,101.0,12
7957,2026-07-25,09:30,60,Blusa Premium,Blusa,Azul,GG,3,177.54,26.63,505.99,Cartão de Crédito,Online,73.0,15
7958,2026-05-14,13:00,55,Vestido Premium,Vestido,Branca,M,1,126.12,0.0,126.12,Cartão de Débito,Online,40.0,21
7959,2026-03-22,15:00,13,Blusa Básica,Blusa,Verde,G,1,276.45,0.0,276.45,Cartão de Débito,Online,386.0,21
7960,2026-04-01,18:00,87,Camiseta Casual,Camiseta,Cinza,P,1,273.14,0.0,273.14,Cartão de Crédito,Física,385.0,12
7961,2026-08-06,14:30,80,Camiseta Básica,Camiseta,Cinza,M,4,179.41,0.0,"R$ 717,64",Cartão de Crédito,Física,316.0,20
7962,2026-05-23,12:45,168,Camiseta Slim,Camiseta,Preta,GG,1,50.13,5.01,45.12,Cartão de Crédito,Física,461.0,25
7963,2026-08-11,18:00,125,Vestido X,Vestido,Verde,M,2,114.2,0.0,228.4,Cartão de Débito,Online,15.0,23
7964,2026-03-28,12:15,110,Bermuda Slim,Bermuda,Vermelha,G,4,158.66,0.0,634.64,Cartão de Débito,Física,28.0,6
7965,2026-05-04,10:30,32,Acessório Social,Acessório,Azul,G,1,324.96,16.25,308.71,Cartão de Crédito,Física,,4
7966,2026-07-23,12:00,8,Bermuda Básica,Bermuda,Rosa,P,3,301.95,45.29,860.56,Cartão de Crédito,Física,364.0,22
7967,2026-08-16,16:45,85,Calça X,Calça,Cinza,G,3,287.08,0.0,861.24,Dinheiro,Física,54.0,13
7968,2026-08-14,11:00,137,Jaqueta Básica,Jaqueta,Cinza,GG,4,124.46,49.78,448.06,Cartão de Crédito,Física,554.0,13
7969,2026-09-05,09:00,124,Camiseta Social,Camiseta,Branca,M,2,31.01,0.0,62.02,Cartão de Crédito,Online,136.0,13
7970,2026-04-02,13:45,107,Bermuda Slim,Bermuda,Rosa,M,2,304.94,60.99,548.89,Cartão de Débito,Online,236.0,14
7971,2026-08-27,19:15,76,Jaqueta X,Jaqueta,Cinza,P,4,291.87,0.0,1167.48,Crediário,Física,489.0,18
7972,2026-04-10,12:15,106,Blusa Premium,Blusa,Azul,P,1,204.85,0.0,204.85,PIX,Física,339.0,18
7973,2026-05-14,11:00,64,Blusa Slim,Blusa,Cinza,G,1,307.95,30.8,277.15,Cartão de Crédito,Física,326.0,13
7974,2026-09-17,20:00,171,Blusa Casual,Blusa,Verde,M,4,139.15,0.0,556.6,Cartão de Crédito,Física,245.0,8
7975,2026-07-25,16:00,48,Camiseta Básica,Camiseta,Cinza,GG,2,63.03,18.91,"R$ 107,15",Cartão De Crédito,Online,120.0,5
7976,2026-05-20,20:15,74,Bermuda Esporte,Bermuda,Branca,M,4,290.34,174.2,987.16,Cartão de Débito,Física,300.0,13
7977,2026-07-05,19:15,6,Acessório Casual,Acessório,Rosa,GG,2,309.17,0.0,618.34,Cartão de Crédito,Online,274.0,4
7978,2026-05-03,21:30,109,Camiseta Esporte,Camiseta,Branca,GG,1,227.45,0.0,227.45,Cartão de Débito,Online,98.0,5
7979,2026-03-21,13:30,50,Blusa Básica,Blusa,Azul,G,4,124.43,0.0,497.72,PIX,Física,240.0,9
7980,05/03/26,19:30,5,Jaqueta Básica,Jaqueta,Preta,GG,4,235.61,141.37,801.07,PIX,Online,,15
7981,2026-08-07,21:00,126,Calça Casual,Calça,Vermelha,G,4,275.71,0.0,1102.84,Cartão de Débito,Física,303.0,24
7982,2026-05-22,10:45,143,Bermuda Casual,Bermuda,Rosa,G,3,113.47,0.0,340.41,PIX,Online,471.0,9
7983,2026-05-14,15:00,58,Blusa X,Blusa,Branca,P,2,215.52,64.66,366.38,PIX,Física,444.0,7
7984,2026-08-09,18:45,179,Calça Social,Calça,Cinza,P,2,214.89,21.49,408.29,PIX,Online,,1
7985,2026-07-06,14:45,14,Bermuda Esporte,Bermuda,Verde,GG,2,113.16,22.63,203.69,PIX,Física,320.0,15
7986,2026-04-06,15:30,70,Vestido Slim,Vestido,Verde,G,3,304.38,45.66,867.48,Cartão de Crédito,Online,290.0,2
7987,2026-04-30,15:30,70,Vestido Slim,Vestido,Verde,G,2,304.38,91.31,517.45,Cartão de Débito,Física,221.0,7
7988,2026-03-15,18:45,111,Blusa Esporte,Blusa,Verde,M,1,279.57,0.0,279.57,Cartão de Crédito,Online,6.0,6
7989,2026-05-18,20:15,159,Calça Social,Calça,Verde,G,1,166.81,0.0,"166,81",Cartão de Crédito,Física,98022.0,7
7990,2026-09-05,09:00,28,Bermuda Premium,Bermuda,Vermelha,GG,3,57.16,0.0,171.48,cartão de crédito,Física,319.0,23
7991,2026-04-25,20:45,149,Vestido Básica,Vestido,Cinza,GG,2,67.2,0.0,134.4,PIX,Online,41.0,3
7992,2026-09-23,12:30,104,Acessório Premium,Acessório,Rosa,M,2,240.9,48.18,433.62,Cartão de Débito,Física,397.0,12
7993,03/03/2026,19:15,79,Vestido Slim,Vestido,Verde,GG,2,29.96,3.0,56.92,Cartão de Débito,Online,152.0,23
7994,2026-08-02,14:30,170,Bermuda Premium,Bermuda,Vermelha,GG,3,234.75,0.0,704.25,Cartão de Débito,Online,39.0,20
7995,2026-04-18,09:00,134,Bermuda Básica,Bermuda,Rosa,GG,4,59.5,11.9,226.1,Cartão de Crédito,Online,59.0,19
7996,2026-03-22,15:45,172,Camiseta Premium,Camiseta,Rosa,G,3,289.13,86.74,780.65,Crediário,Física,480.0,10
7997,2026-05-02,13:45,71,Acessório Premium,Acessório,Rosa,GG,2,227.52,0.0,455.04,PIX,Online,259.0,15
7998,2026-05-21,13:45,149,Vestido Básica,Vestido,Cinza,GG,3,67.2,0.0,"201,60",Cartão de Débito,Online,163.0,9
7999,2026-03-01,21:00,2,Calça Casual,Calça,Verde,M,4,308.53,0.0,1234.12,PIX,Física,163.0,6
8000,2026-04-03,20:15,36,Jaqueta X,Jaqueta,Rosa,GG,4,109.13,0.0,"436,52",Dinheiro,Física,308.0,19
8001,2026-03-30,19:30,83,Bermuda Básica,Bermuda,Cinza,M,4,344.51,0.0,1378.04,Cartão de Débito,Online,447.0,6
8002,2026-03-16,13:30,112,Bermuda Premium,Bermuda,Rosa,GG,1,93.18,13.98,79.2,Dinheiro,Física,18.0,11
8003,2026-03-04,14:00,109,Camiseta Esporte,Camiseta,Branca,GG,3,227.45,102.35,580.0,Cartão de Débito,Online,256.0,5
8004,2026-05-16,10:30,37,Acessório Premium,Acessório,Rosa,G,2,281.93,56.39,507.47,Dinheiro,Online,10.0,14
8005,2026-06-27,13:15,49,Calça Esporte,Calça,Preta,P,4,264.21,0.0,1056.84,Dinheiro,Física,541.0,13
8006,2026-07-25,11:00,29,Blusa Básica,Blusa,Azul,P,3,287.6,43.14,819.66,Crediário,Online,72.0,6
8007,2026-09-01,10:00,4,Acessório Básica,Acessório,Vermelha,G,3,81.82,12.27,233.19,Crediário,Física,372.0,2
8008,2026-09-29,20:30,2,Calça Casual,Calça,Verde,M,4,308.53,0.0,1234.12,Cartão de Débito,Online,25.0,20
8009,2026-06-04,18:45,66,Vestido Básica,Vestido,Preta,GG,1,195.93,9.8,186.13,Crediário,Online,245.0,14
8010,2026-06-15,09:30,3,Vestido Esporte,Vestido,Azul,GG,3,51.13,0.0,153.39,Cartão de Crédito,Online,94.0,10
8011,2026-09-26,19:30,89,Acessório Premium,Acessório,Vermelha,GG,3,62.97,18.89,170.02,Dinheiro,Física,501.0,6
8012,2026-08-12,14:45,70,Vestido Slim,Vestido,Verde,G,2,304.38,0.0,608.76,PIX,Física,533.0,7
8013,2026-07-28,09:45,94,Blusa X,Blusa,Azul,GG,4,310.47,62.09,"R$ 1.179,79",Dinheiro,Física,403.0,1
8014,2026-07-09,09:30,89,Acessório Premium,Acessório,Vermelha,GG,2,62.97,0.0,125.94,Cartão de Crédito,Física,341.0,21
8015,2026-03-13,14:00,156,Calça Esporte,Calça,Cinza,P,3,179.11,53.73,483.6,Cartão de Crédito,Física,369.0,9
8016,2026-09-23,14:00,129,Acessório X,Acessório,Branca,M,1,84.81,8.48,76.33,Cartão de Débito,Física,266.0,8
8017,08/07/26,12:00,23,Calça Social,Calça,Preta,GG,2,181.44,54.43,308.45,Cartão De Crédito,Física,266.0,9
8018,2026-03-26,21:00,143,Bermuda Casual,Bermuda,Rosa,G,1,113.47,5.67,107.8,Cartão de Crédito,Online,500.0,14
8019,2026-05-06,15:45,137,Jaqueta Básica,Jaqueta,Cinza,GG,2,124.46,37.34,211.58,Crediário,Física,435.0,3
8020,2026-08-18,13:30,150,Camiseta Casual,Camiseta,Cinza,GG,1,216.84,0.0,216.84,Cartão de Crédito,Física,518.0,15
8021,2026-07-01,13:00,67,Vestido Premium,Vestido,Preta,G,2,60.66,0.0,121.32,Cartão de Débito,Física,353.0,23
8022,2026-09-17,14:00,135,Bermuda Básica,Bermuda,Cinza,M,2,74.1,0.0,148.2,PIX,Online,44.0,20
8023,2026-09-11,19:00,94,Blusa X,Blusa,Azul,GG,4,310.47,0.0,"1.241,88",Cartão de Débito,Online,532.0,10
8024,2026-05-14,20:15,132,Acessório Esporte,Acessório,Rosa,P,2,45.67,0.0,91.34,Crediário,Online,,4
8025,2026-06-14,16:45,131,Jaqueta X,Jaqueta,Azul,P,3,192.39,0.0,577.17,PIX,Online,463.0,1
8026,2026-05-07,18:45,97,Jaqueta Premium,Jaqueta,Rosa,GG,2,161.24,0.0,322.48,Cartão de Crédito,Física,194.0,16
8027,2026-03-07,12:45,105,Calça Premium,Calça,Vermelha,GG,1,53.58,0.0,53.58,Cartão de Crédito,Online,113.0,6
8028,2026-03-10,21:00,159,Calça Social,Calça,Verde,G,0,166.81,50.04,450.39,Cartão de Crédito,Física,199.0,18
8029,2026-05-05,10:45,129,Acessório X,Acessório,Branca,M,4,84.81,0.0,339.24,Cartão de Crédito,Física,474.0,16
8030,2026-07-04,11:15,1,Blusa Premium,Blusa,Cinza,G,1,318.6,0.0,318.6,Crediário,Online,542.0,18
8031,2026-04-15,17:30,113,Jaqueta Premium,Jaqueta,Rosa,M,3,196.9,0.0,590.7,PIX,Online,75.0,3
8032,2026-07-16,14:45,154,Bermuda Básica,Bermuda,Branca,P,4,240.69,48.14,914.62,Cartão de Débito,Física,302.0,5
8033,2026-05-20,11:30,148,Vestido Slim,Vestido,Rosa,G,3,213.53,0.0,640.59,Cartão de Débito,Online,160.0,13
8034,2026-04-26,17:00,5,Jaqueta Básica,Jaqueta,Preta,GG,4,235.61,47.12,895.32,PIX,Física,,3
8035,2026-08-21,14:00,50,Blusa Básica,Blusa,Azul,G,1,124.43,6.22,118.21,Cartão de Débito,Online,377.0,12
8036,2026-05-20,14:30,14,Bermuda Esporte,Bermuda,Verde,GG,4,113.16,0.0,452.64,PIX,Física,328.0,10
8037,03/08/2026,21:00,177,Camiseta Slim,Camiseta,Vermelha,G,4,63.08,25.23,227.09,Crediário,Física,20.0,24
8038,2026-04-21,19:30,49,Calça Esporte,Calça,Preta,P,2,264.21,79.26,449.16,Cartão de Débito,Online,251.0,25
8039,2026-03-22,14:00,1,Blusa Premium,Blusa,Cinza,G,3,318.6,0.0,955.8,Dinheiro,Física,600.0,19
8040,2026-06-17,13:15,151,Vestido Social,Vestido,Cinza,P,4,305.13,61.03,1159.49,Cartão de Débito,Física,251.0,15
8041,2026-09-13,14:30,103,Acessório Esporte,Acessório,Verde,M,3,142.1,63.94,362.36,Dinheiro,Online,412.0,22
8042,28/06/26,10:15,100,Calça Social,Calça,Preta,M,4,133.29,0.0,533.16,PIX,Online,,18
8043,2026-07-28,14:15,108,Jaqueta X,Jaqueta,Azul,G,1,84.3,0.0,84.3,Dinheiro,Física,291.0,5
8044,2026-05-28,15:00  ,51,Blusa Premium,Blusa,Branca,P,2,122.21,36.66,207.76,Dinheiro,Física,250.0,1
8045,2026-03-24,21:30,126,Calça Casual,Calça,Vermelha,G,3,275.71,0.0,827.13,PIX,Física,116.0,18
8046,2026-03-30,20:30,89,Acessório Premium,Acessório,Vermelha,GG,4,62.97,0.0,251.88,PIX,Física,307.0,14
8047,2026-03-10,18:45,164,Blusa Premium,Blusa,Preta,G,1,175.34,0.0,175.34,Cartão de Débito,Online,548.0,8
8048,2026-03-26,20:00,37,Acessório Premium,Acessório,Rosa,G,3,281.93,0.0,845.79,Cartão de Débito,Física,63.0,17
8049,2026-06-30,13:00,86,Blusa Social,Blusa,Azul,P,1,56.25,0.0,56.25,PIX,Online,80.0,19
8050,2026-07-12,18:15,60,Blusa Premium,Blusa,Azul,GG,-2,177.54,53.26,479.36,Crediário,Física,82.0,12
8051,2026-07-04,14:45,44,Acessório Esporte,Acessório,Preta,M,0,211.07,0.0,422.14,Dinheiro,Online,,12
8052,2026-04-13,15:45,68,Acessório Casual,Acessório,Branca,P,2,212.83,42.57,383.09,Crediário,Online,413.0,11
8053,2026-08-23,12:00,157,Bermuda Básica,Bermuda,Azul,P,1,35.03,0.0,35.03,Cartão de Débito,Física,394.0,9
8054,2026-05-08,12:30,41,Vestido X,Vestido,Verde,M,1,38.61,3.86,34.75,Cartão de Crédito,Online,232.0,14
8055,2026-09-09,21:30,113,Jaqueta Premium,Jaqueta,Rosa,M,3,196.9,59.07,531.63,Cartão de Crédito,Física,381.0,9
8056,2026-06-06,09:00,56,Camiseta Social,Camiseta,Verde,M,2,252.29,0.0,504.58,Cartão de Débito,Física,158.0,16
8057,2026-03-01,13:45,134,Bermuda Básica,Bermuda,Rosa,GG,2,59.5,0.0,119.0,Cartão de Crédito,Física,464.0,10
8058,2026-07-22,13:30,101,Jaqueta Casual,Jaqueta,Verde,M,1,263.03,39.45,223.58,Cartão de Crédito,Física,312.0,8
8059,2026-09-16,14:15,165,Calça Casual,Calça,Rosa,G,1,158.71,0.0,158.71,Cartão de Crédito,Online,341.0,3
8060,2026-06-05,16:30,44,Acessório Esporte,Acessório,Preta,M,3,211.07,63.32,569.89,Cartão de Crédito,Física,529.0,8
8061,2026-08-22,10:15,10,Camiseta Social,Camiseta,Azul,G,4,281.48,168.89,957.03,Cartão de Crédito,Online,559.0,1
8062,2026-07-04,11:30,54,Bermuda Social,Bermuda,Cinza,G,4,115.21,23.04,437.8,Dinheiro,Física,,3
8063,2026-03-24, 18:00 ,51,Blusa Premium,Blusa,Branca,P,3,122.21,54.99,311.64,Dinheiro,Física,493.0,16
8064,2026-08-13,18:45,160,Vestido Básica,Vestido,Branca,G,2,38.68,0.0,77.36,Cartão de Débito,Online,317.0,11
8065,2026-06-12, 13:00 ,50,Blusa Básica,Blusa,Azul,G,0,124.43,24.89,472.83,Cartão de Débito,Online,379.0,7
8066,2026-05-28,19:15,90,Jaqueta Social,Jaqueta,Rosa,M,2,340.94,102.28,579.6,Cartão de Crédito,Online,564.0,1
8067,2026-05-14,12:30,130,Bermuda Slim,Bermuda,Verde,G,2,139.82,41.95,237.69,Dinheiro,Online,108.0,17
8068,29-09-2026,16:45,31,Vestido Social,Vestido,Azul,GG,1,28.24,2.82,25.42,Crediário,Física,483.0,2
8069,2026-05-28,10:00,149,Vestido Básica,Vestido,Cinza,GG,1,67.2,3.36,63.84,Crediário,Online,392.0,12
8070,2026-03-18,21:45,104,Acessório Premium,Acessório,Rosa,M,2,240.9,0.0,481.8,Cartão De Crédito,Física,325.0,11
8071,2026-07-13,09:00,74,Bermuda Esporte,Bermuda,Branca,M,4,290.34,0.0,1161.36,PIX,Física,562.0,8
8072,2026-08-11,11:45,123,Camiseta Básica,Camiseta,Preta,P,2,195.44,0.0,390.88,Cartão de Crédito,Online,,4
8073,2026-08-17,18:15,20,Blusa Básica,Blusa,Branca,M,3,212.5,63.75,573.75,Cartão de Crédito,Online,187.0,4
8074,2026-09-20,12:00,51,Blusa Premium,Blusa,Branca,P,4,122.21,73.33,415.51,Cartão de Débito,Online,508.0,10
8075,2026-08-28,12:30,126,Calça Casual,Calça,Vermelha,G,3,275.71,0.0,827.13,Crediário,Física,445.0,7
8076,2026-09-09,21:45,74,Bermuda Esporte,Bermuda,Branca,M,4,290.34,58.07,1103.29,CARTÃO DE CRÉDITO,Online,78.0,8
8077,2026-03-12,11:30,171,Blusa Casual,Blusa,Verde,M,1,139.15,13.92,125.23,Dinheiro,Física,53.0,8
8078,2026-05-07,14:15,162,Acessório Esporte,Acessório,Preta,P,1,314.53,31.45,283.08,Dinheiro,Física,,13
8079,2026-07-22,17:30,139,Jaqueta X,Jaqueta,Preta,M,1,172.53,0.0,172.53,PIX,Física,548.0,1
8080,2026-06-24,13:45,33,Camiseta Esporte,Camiseta,Verde,G,4,238.32,0.0,953.28,Cartão de Crédito,Online,416.0,7
8081,2026-05-25,13:45,127,Bermuda X,Bermuda,Azul,M,4,269.31,161.59,"915,65",Cartão de Crédito,Online,487.0,19
8082,2026-09-23,13:30,163,Blusa Esporte,Blusa,Rosa,GG,3,291.86,43.78,831.8,Cartão de Crédito,Online,505.0,9
8083,2026-04-12,14:15,172,Camiseta Premium,Camiseta,Rosa,G,3,289.13,130.11,737.28,Crediário,Online,267.0,24
8084,2026-08-16,13:00,37,Acessório Premium,Acessório,Rosa,G,1,281.93,28.19,253.74,Cartão de Débito,Física,239.0,4
8085,2026-04-01,15:45,110,Bermuda Slim,Bermuda,Vermelha,G,4,158.66,63.46,571.18,PIX,Física,44.0,13
8086,2026-03-30,19:00,28,Bermuda Premium,Bermuda,Vermelha,GG,2,57.16,11.43,"102,89",Cartão de Crédito,Online,33.0,25
8087,2026-08-25,10:00,77,Blusa Básica,Blusa,Preta,M,1,29.9,0.0,29.9,Cartão de Crédito,Física,128.0,9
8088,2026-09-06,15:00,97,Jaqueta Premium,Jaqueta,Rosa,GG,4,161.24,0.0,644.96,Cartão de Crédito,Online,454.0,16
8089,2026-04-22,12:00,23,Calça Social,Calça,Preta,GG,1,181.44,18.14,163.3,Cartão de Débito,Física,389.0,19
8090,2026-03-10,09:30,79,Vestido Slim,Vestido,Verde,GG,1,29.96,0.0,29.96,PIX,Física,48.0,18
8091,2026-04-07,12:00,15,Bermuda Básica,Bermuda,Cinza,G,4,52.05,10.41,197.79,PIX,Online,447.0,2
8092,2026-07-15,10:00,150,Camiseta Casual,Camiseta,Cinza,GG,3,216.84,97.58,552.94,Cartão de Crédito,Online,62.0,21
8093,2026-03-14,13:00,61,Blusa Social,Blusa,Preta,P,3,336.13,0.0,1008.39,Cartão de Débito,Física,229.0,7
8094,2026-04-18,14:30,17,Acessório Slim,Acessório,Azul,M,2,102.24,0.0,204.48,Cartão De Crédito,Física,367.0,1
8095,2026-09-03,14:15,32,Acessório Social,Acessório,Azul,G,2,324.96,0.0,649.92,Cartão de Débito,Física,160.0,23
8096,2026-09-26,16:15,15,Bermuda Básica,Bermuda,Cinza,G,4,52.05,0.0,208.2,Cartão de Crédito,Física,247.0,13
8097,2026-07-23,20:30,138,Jaqueta Social,Jaqueta,Branca,P,3,257.25,0.0,771.75,Cartão de Crédito,Física,158.0,11
8098,2026-09-21,15:45,78,Acessório Básica,Acessório,Cinza,GG,2,138.63,0.0,277.26,Dinheiro,Online,581.0,5
8099,2026-04-14,18:15,134,Bermuda Básica,Bermuda,Rosa,GG,2,59.5,17.85,101.15,Dinheiro,Online,170.0,18
8100,2026-08-03,19:00,125,Vestido X,Vestido,Verde,M,2,114.2,0.0,228.4,PIX,Física,540.0,23
8101,2026-05-27,09:15,38,Acessório Esporte,Acessório,Rosa,P,3,113.5,0.0,340.5,PIX,Online,211.0,11
8102,2026-07-04,11:00,69,Camiseta Básica,Camiseta,Branca,M,4,71.3,0.0,285.2,Cartão de Crédito,Online,207.0,6
8103,2026-03-02,14:30,42,Calça Casual,Calça,Verde,G,4,245.94,49.19,934.57,Cartão de Débito,Física,276.0,8
8104,2026-03-25,19:30,132,Acessório Esporte,Acessório,Rosa,P,4,45.67,0.0,182.68,Dinheiro,Física,28645.0,21
8105,16-05-2026,09:30,50011,Acessório Esporte,Acessório,Rosa,P,2,113.5,11.35,215.65,Cartão de Débito,Online,519.0,13
8106,2026-09-24,16:45,102,Vestido Premium,Vestido,Vermelha,GG,1,250.72,0.0,250.72,Cartão de Crédito,Física,424.0,21
8107,2026-08-21,17:30,63,Bermuda Social,Bermuda,Azul,M,2,250.51,0.0,501.02,Cartão de Débito,Online,84.0,3
8108,2026-08-17,13:45,167,Jaqueta Slim,Jaqueta,Branca,G,2,219.14,0.0,438.28,Cartão de Crédito,Online,32.0,22
8109,2026-08-04,13:15,9,Acessório X,Acessório,Preta,M,4,51.84,0.0,207.36,Dinheiro,Física,358.0,9
8110,2026-04-20,15:00,115,Vestido Básica,Vestido,Vermelha,GG,3,108.11,0.0,324.33,Cartão de Crédito,Física,543.0,13
8111,2026-05-04,16:30,35,Blusa Premium,Blusa,Preta,P,3,314.35,0.0,943.05,Dinheiro,Online,405.0,13
8112,2026-08-30,17:15,174,Calça Slim,Calça,Cinza,M,4,34.1,0.0,136.4,Cartão de Débito,Online,291.0,16
8113,2026-06-24,09:00,66,Vestido Básica,Vestido,Preta,GG,4,195.93,0.0,783.72,PIX,Online,447.0,3
8114,2026-04-03,13:15,8,Bermuda Básica,Bermuda,Rosa,P,2,301.95,60.39,543.51,Cartão de Crédito,Online,92.0,12
8115,2026-07-14,16:30,97,Jaqueta Premium,Jaqueta,Rosa,GG,4,161.24,0.0,644.96,Cartão de Crédito,Física,379.0,12
8116,2026-09-23,13:15,21,Bermuda Social,Bermuda,Branca,GG,3,301.4,135.63,768.57,PIX,Online,7.0,22
8117,2026-03-10,15:15,180,Acessório X,Acessório,Verde,GG,2,108.79,21.76,195.82,Dinheiro,Física,178.0,1
8118,2026-04-26,17:45,20,Blusa Básica,Blusa,Branca,M,2,212.5,21.25,403.75,Cartão de Crédito,Física,353.0,3
8119,2026-03-14,09:15,123,Camiseta Básica,Camiseta,Preta,P,2,195.44,0.0,390.88,Cartão de Crédito,Online,595.0,8
8120,2026-07-27,11:15,75,Bermuda Premium,Bermuda,Cinza,G,4,129.65,51.86,466.74,Dinheiro,Online,182.0,1
8121,2026-08-21,14:30,112,Bermuda Premium,Bermuda,Rosa,GG,1,93.18,4.66,88.52,Cartão de Débito,Online,307.0,14
8122,2026-07-12,19:30,96,Camiseta Casual,Camiseta,Verde,P,2,307.93,30.79,585.07,Cartão de Débito,Física,108.0,12
8123,2026-07-01,19:00,84,Blusa X,Blusa,Branca,M,1,91.15,9.12,82.03,Cartão de Débito,Física,272.0,10
8124,2026-07-20,09:15,60,Blusa Premium,Blusa,Azul,GG,3,177.54,26.63,505.99,Cartão de Crédito,Física,480.0,9
8125,2026-03-09,19:30,103,Acessório Esporte,Acessório,Verde,M,3,142.1,0.0,426.3,Cartão de Crédito,Física,196.0,21
8126,2026-08-25,10:00,83,Bermuda Básica,Bermuda,Cinza,M,3,344.51,51.68,981.85,Crediário,Física,140.0,4
8127,2026-08-02,12:15,9,Acessório X,Acessório,Preta,M,3,51.84,23.33,132.19,Cartão de Crédito,Física,58.0,4
8128,2026-04-09,11:30,41,Vestido X,Vestido,Verde,M,1,38.61,5.79,32.82,Cartão de Crédito,Física,583.0,18
8129,2026-03-27,14:45,90,Jaqueta Social,Jaqueta,Rosa,M,1,340.94,0.0,340.94,CREDIÁRIO,Física,36.0,14
8130,2026-06-11,10:00,101,Jaqueta Casual,Jaqueta,Verde,M,2,263.03,52.61,473.45,Crediário,Online,484.0,7
8131,2026-05-12,20:30,82,Bermuda Social,Bermuda,Azul,M,2,325.21,97.56,552.86,Dinheiro,Online,238.0,1
8132,2026-03-13,20:00,87,Camiseta Casual,Camiseta,Cinza,P,4,273.14,0.0,1092.56,PIX,Física,348.0,14
8133,2026-08-19,18:00,121,Acessório Básica,Acessório,Vermelha,GG,2,127.53,12.75,242.31,PIX,Online,6.0,12
8134,2026-06-25,20:30,27,Camiseta Casual,Camiseta,Vermelha,P,1,287.37,14.37,273.0,Cartão de Débito,Online,226.0,25
8135,2026-09-09,21:45,48,Camiseta Básica,Camiseta,Cinza,GG,4,63.03,25.21,226.91,Cartão de Crédito,Online,392.0,17
8136,2026-08-31,20:15,175,Jaqueta Slim,Jaqueta,Branca,P,1,111.44,0.0,111.44,Cartão de Débito,Online,265.0,7
8137,2026-03-01,19:15,33,Camiseta Esporte,Camiseta,Verde,G,1,238.32,0.0,238.32,PIX,Online,528.0,3
8138,2026-05-13,15:45,177,Camiseta Slim,Camiseta,Vermelha,G,3,63.08,9.46,"179,78",Crediário,Online,56.0,17
8139,2026-08-03,10:30,180,Acessório X,Acessório,Verde,GG,2,108.79,0.0,217.58,PIX,Física,464.0,12
8140,2026-06-01,11:30,31,Vestido Social,Vestido,Azul,GG,2,28.24,8.47,48.01,Crediário,Física,358.0,5
8141,2026-03-12,11:00,51,Blusa Premium,Blusa,Branca,P,1,122.21,0.0,122.21,Cartão de Crédito,Online,,1
8142,2026-07-29,19:45,127,Bermuda X,Bermuda,Azul,M,4,269.31,107.72,969.52,Crediário,Online,212.0,1
8143,2026-09-06,10:00,49,Calça Esporte,Calça,Preta,P,4,264.21,105.68,951.16,Cartão de Crédito,Física,594.0,1
8144,2026-08-31,11:15,104,Acessório Premium,Acessório,Rosa,M,2,240.9,0.0,481.8,Crediário,Física,41.0,16
8145,2026-08-29,19:30,179,Calça Social,Calça,Cinza,P,3,214.89,64.47,580.2,Crediário,Online,470.0,13
8146,2026-04-24,21:15,84,Blusa X,Blusa,Branca,M,4,91.15,36.46,328.14,Cartão de Crédito,Online,411.0,15
8147,2026-04-21,18:15,113,Jaqueta Premium,Jaqueta,Rosa,M,1,196.9,0.0,196.9,Cartão de Crédito,Física,362.0,20
8148,2026-03-19,20:30,120,Camiseta Básica,Camiseta,Rosa,G,4,304.19,0.0,1216.76,Cartão de Crédito,Online,596.0,20
8149,2026-09-01,20:45,44,Acessório Esporte,Acessório,Preta,M,1,211.07,31.66,179.41,Dinheiro,Física,6.0,3
8150,14/06/26,21:30  ,141,Bermuda Slim,Bermuda,Vermelha,GG,4,162.9,65.16,586.44,Cartão de Crédito,Online,60.0,1
8151,2026-03-07,13:30,35,Blusa Premium,Blusa,Preta,P,1,314.35,15.72,298.63,Crediário,Online,492.0,21
8152,2026-07-26,17:45,153,Bermuda Social,Bermuda,Cinza,G,4,75.2,0.0,300.8,PIX,Física,371.0,8
8153,2026-09-10,11:30,3,Vestido Esporte,Vestido,Azul,GG,3,51.13,0.0,153.39,PIX,Online,104.0,23
8154,2026-08-25,15:00,141,Bermuda Slim,Bermuda,Vermelha,GG,1,162.9,0.0,162.9,pix,Online,189.0,19
8155,2026-06-07,15:00,77,Blusa Básica,Blusa,Preta,M,2,29.9,2.99,56.81,Dinheiro,Online,261.0,9
8156,2026-08-14, 10:00,120,Camiseta Básica,Camiseta,Rosa,G,3,304.19,91.26,821.31,Cartão de Crédito,Física,408.0,16
8157,2026-08-22,14:45,75,Bermuda Premium,Bermuda,Cinza,G,2,129.65,0.0,259.3,Cartão de Crédito,Física,469.0,2
8158,2026-06-04,15:15,124,Camiseta Social,Camiseta,Branca,M,1,31.01,4.65,26.36,Cartão de Débito,Online,54.0,20
8159,2026-05-21,11:15,76,Jaqueta X,Jaqueta,Cinza,P,1,291.87,0.0,291.87,PIX,Física,17378.0,4
8160,2026-09-06,17:00,29,Blusa Básica,Blusa,Azul,P,3,287.6,0.0,862.8,Cartão de Débito,Online,194.0,1
8161,2026-09-02,12:30,87,Camiseta Casual,Camiseta,Cinza,P,4,273.14,109.26,983.3,Cartão de Crédito,Física,517.0,3
8162,2026-09-11,10:15,155,Blusa X,Blusa,Rosa,GG,1,229.95,0.0,229.95,PIX,Online,262.0,20
8163,2026-05-28,13:45,148,Vestido Slim,Vestido,Rosa,G,1,213.53,32.03,181.5,Cartão de Débito,Física,283.0,24
8164,2026-07-10,10:00,28,Bermuda Premium,Bermuda,Vermelha,GG,3,57.16,0.0,171.48,PIX,Física,405.0,21
8165,2026-03-14,13:00,66,Vestido Básica,Vestido,Preta,GG,2,195.93,19.59,372.27,Dinheiro,Física,496.0,23
8166,26/07/26,15:45,50,Blusa Básica,Blusa,Azul,G,2,124.43,37.33,211.53,Cartão de Débito,Física,82.0,15
8167,2026-05-20,16:15,84,Blusa X,Blusa,Branca,M,3,91.15,27.35,246.1,PIX,Física,404.0,18
8168,2026-03-25,14:45,119,Calça Esporte,Calça,Branca,P,3,331.07,49.66,943.55,Cartão de Débito,Online,423.0,21
8169,2026-08-05,21:15,157,Bermuda Básica,Bermuda,Azul,P,3,35.03,15.76,89.33,Cartão de Crédito,Online,239.0,18
8170,2026-07-13,09:15,36,Jaqueta X,Jaqueta,Rosa,GG,3,109.13,0.0,327.39,Pix,Física,119.0,5
8171,2026-04-19,15:30,20,Blusa Básica,Blusa,Branca,M,1,212.5,0.0,212.5,Cartão de Crédito,Física,317.0,9
8172,2026-06-08,21:15,104,Acessório Premium,Acessório,Rosa,M,3,240.9,0.0,722.7,Cartão de Crédito,Online,16.0,12
8173,2026-09-05,15:00,23,Calça Social,Calça,Preta,GG,4,181.44,108.86,616.9,Cartão de Débito,Online,557.0,24
8174,2026-07-18,12:00,139,Jaqueta X,Jaqueta,Preta,M,1,172.53,8.63,163.9,cartao credito,Física,397.0,18
8175,2026-08-24,19:00,129,Acessório X,Acessório,Branca,M,4,84.81,16.96,322.28,Cartão de Crédito,Física,123.0,10
8176,2026-07-31,16:00,58,Blusa X,Blusa,Branca,P,3,215.52,0.0,646.56,Crediário,Física,,16
8177,2026-07-28,17:15,2,Calça Casual,Calça,Verde,M,4,308.53,0.0,1234.12,PIX,Física,15.0,24
8178,2026-06-14,14:45,63,Bermuda Social,Bermuda,Azul,M,4,250.51,150.31,851.73,CARTÃO DE CRÉDITO,Online,419.0,25
8179,2026-05-13,10:30  ,102,Vestido Premium,Vestido,Vermelha,GG,1,250.72,0.0,250.72,Dinheiro,Física,500.0,7
8180,2026-06-03,13:45,94,Blusa X,Blusa,Azul,GG,2,310.47,62.09,558.85,Dinheiro,Física,26.0,2
8181,2026-07-10,15:00,94,Blusa X,Blusa,Azul,GG,1,310.47,31.05,279.42,Crediário,Física,151.0,12
8182,2026-08-11,19:30,126,Calça Casual,Calça,Vermelha,G,1,275.71,27.57,248.14,Cartão de Crédito,Física,579.0,10
8183,2026-06-09,11:15,38,Acessório Esporte,Acessório,Rosa,P,4,113.5,0.0,454.0,PIX,Online,228.0,16
8184,2026-03-30,13:15,156,Calça Esporte,Calça,Cinza,P,4,179.11,107.47,608.97,PIX,Física,412.0,13
8185,2026-08-09, 13:00 ,98,Acessório Básica,Acessório,Branca,G,4,254.79,1337.1409360171615,968.2,PIX,Online,469.0,20
8186,2026-08-03,13:15,119,Calça Esporte,Calça,Branca,P,3,331.07,49.66,943.55,Cartão de Débito,Online,177.0,2
8187,2026-03-15,16:45,42,Calça Casual,Calça,Verde,G,4,245.94,0.0,983.76,Crediário,Física,209.0,13
8188,2026-09-11,17:30,10,Camiseta Social,Camiseta,Azul,G,4,281.48,56.3,1069.62,Cartão de Crédito,Online,4.0,19
8189,2026-04-19,11:00,155,Blusa X,Blusa,Rosa,GG,2,229.95,68.98,390.92,PIX,Física,157.0,6
8190,2026-09-12,21:30,133,Jaqueta Social,Jaqueta,Branca,P,1,168.42,0.0,168.42,Cartão de Crédito,Online,132.0,2
8191,2026-05-27,15:30,10,Camiseta Social,Camiseta,Azul,G,4,281.48,56.3,1069.62,Cartão de Débito,Física,321.0,16
8192,2026-03-13,11:15,78,Acessório Básica,Acessório,Cinza,GG,3,138.63,0.0,415.89,Cartão de Débito,Física,114.0,23
8193,2026-06-29,13:15,143,Bermuda Casual,Bermuda,Rosa,G,3,113.47,34.04,306.37,Dinheiro,Física,565.0,8
8194,2026-07-02,15:15,65,Jaqueta Casual,Jaqueta,Branca,G,1,232.93,11.65,221.28,Cartão de Débito,Física,166.0,11
8195,2026-06-15,09:00,148,Vestido Slim,Vestido,Rosa,G,2,213.53,64.06,363.0,Cartão de Débito,Física,,10
8196,2026-08-04,16:00,65,Jaqueta Casual,Jaqueta,Branca,G,1,232.93,0.0,232.93,PIX,Física,446.0,22
8197,2026-05-12,19:15,123,Camiseta Básica,Camiseta,Preta,P,3,195.44,58.63,527.69,Dinheiro,Física,366.0,18
8198,2026-05-15,19:15,112,Bermuda Premium,Bermuda,Rosa,GG,3,93.18,13.98,265.56,Cartão de Crédito,Física,135.0,20
8199,2026-08-30,13:30,43,Bermuda Premium,Bermuda,Preta,GG,3,144.6,0.0,433.8,Cartão de Crédito,Online,295.0,22
8200,2026-04-02,14:15,96,Camiseta Casual,Camiseta,Verde,P,2,307.93,0.0,615.86,PIX,Online,8.0,11
8201,2026-09-02,12:30,14,Bermuda Esporte,Bermuda,Verde,GG,4,113.16,0.0,452.64,PIX,Online,364.0,5
8202,2026-09-11,17:15,54,Bermuda Social,Bermuda,Cinza,G,1,115.21,0.0,115.21,Cartão de Débito,Física,205.0,11
8203,2026-05-20,20:15,32,Acessório Social,Acessório,Azul,G,3,324.96,48.74,926.14,PIX,Física,166.0,17
8204,2026-04-08,09:00,58,Blusa X,Blusa,Branca,P,1,215.52,10.78,204.74,Dinheiro,Física,344.0,17
8205,2026-08-14,18:15,47,Blusa Esporte,Blusa,Vermelha,M,4,85.46,17.09,324.75,Cartão de Crédito,Física,398.0,24
8206,2026-08-23,16:15,54,Bermuda Social,Bermuda,Cinza,G,1,115.21,0.0,115.21,PIX,Física,117.0,11
8207,2026-03-10,19:45,108,Jaqueta X,Jaqueta,Azul,G,2,84.3,0.0,168.6,Dinheiro,Física,346.0,6
8208,2026-05-05,19:45,24,Blusa Esporte,Blusa,Preta,M,2,315.76,31.58,599.94,Cartão de Débito,Online,297.0,25
8209,2026-05-16,15:15,80,Camiseta Básica,Camiseta,Cinza,M,2,179.41,35.88,322.94,Dinheiro,Online,235.0,16
8210,2026-08-18,11:30,180,Acessório X,Acessório,Verde,GG,2,108.79,21.76,195.82,PIX,Física,193.0,8
8211,2026-03-01,20:00,38,Acessório Esporte,Acessório,Rosa,P,2,113.5,34.05,192.95,Cartão de Débito,Online,143.0,21
8212,2026-07-11,10:30,90,Jaqueta Social,Jaqueta,Rosa,M,3,340.94,51.14,971.68,PIX,Online,380.0,19
8213,2026-04-09,12:00,125,Vestido X,Vestido,Verde,M,1,114.2,11.42,102.78,Cartão de Débito,Online,288.0,12
8214,2026-07-08, 15:15,133,Jaqueta Social,Jaqueta,Branca,P,4,168.42,67.37,606.31,Cartão de Débito,Online,178.0,25
8215,2026-09-09,15:15,125,Vestido X,Vestido,Verde,M,3,114.2,0.0,342.6,Cartão de Crédito,Física,,8
8216,2026-06-04,10:45,131,Jaqueta X,Jaqueta,Azul,P,3,192.39,0.0,577.17,Dinheiro,Online,366.0,9
8217,2026-06-17,09:15,26,Jaqueta Esporte,Jaqueta,Verde,P,2,204.58,20.46,388.7,Cartão de Débito,Física,,6
8218,2026-08-31,17:30,151,Vestido Social,Vestido,Cinza,P,4,305.13,0.0,1220.52,Cartão de Crédito,Online,393.0,21
8219,2026-09-04,11:00,11,Calça Básica,Calça,Verde,G,2,112.35,22.47,202.23,Cartão de Débito,Física,11.0,9
8220,2026-07-28,20:30,45,Jaqueta Social,Jaqueta,Preta,P,3,105.9,0.0,317.7,PIX,Online,32.0,1
8221,2026-08-27,19:15,126,Calça Casual,Calça,Vermelha,G,1,275.71,0.0,275.71,PIX,Física,294.0,23
8222,2026-07-15,15:45,51,Blusa Premium,Blusa,Branca,P,4,122.21,48.88,439.96,Cartão de Débito,Física,142.0,1
8223,22/09/2026,11:30,125,Vestido X,Vestido,Verde,M,3,114.2,0.0,342.6,Cartão de Crédito,Física,218.0,12
8224,2026-06-14,11:45,60,Blusa Premium,Blusa,Azul,GG,1,177.54,17.75,159.79,Cartão De Débito,Online,541.0,6
8225,2026-07-22,15:30,153,Bermuda Social,Bermuda,Cinza,G,2,75.2,22.56,127.84,Cartão de Débito,Física,97.0,18
8226,2026-06-15, 10:30 ,109,Camiseta Esporte,Camiseta,Branca,GG,2,227.45,0.0,454.9,Cartão de Crédito,Online,587.0,11
8227,2026-08-01,16:15,56,Camiseta Social,Camiseta,Verde,M,4,252.29,0.0,1009.16,PIX,Online,359.0,2
8228,2026-07-17,17:30,180,Acessório X,Acessório,Verde,GG,4,108.79,21.76,413.4,Dinheiro,Física,,7
8229,2026-03-10,19:00,134,Bermuda Básica,Bermuda,Rosa,GG,1,59.5,0.0,59.5,Cartão de Crédito,Online,477.0,15
8230,2026-06-20,12:00,140,Jaqueta Básica,Jaqueta,Cinza,P,3,275.21,41.28,784.35,Cartão de Débito,Online,393.0,4
8231,2026-06-11,21:00,159,Calça Social,Calça,Verde,G,1,166.81,8.34,158.47,Cartão de Débito,Online,39.0,12
8232,2026-04-24,15:30,173,Camiseta Esporte,Camiseta,Preta,P,2,183.66,0.0,367.32,PIX,Física,337.0,9
8233,2026-09-30,17:30,104,Acessório Premium,Acessório,Rosa,M,2,240.9,48.18,433.62,Crediário,Online,592.0,17
8234,2026-07-25,16:00,174,Calça Slim,Calça,Cinza,M,3,34.1,0.0,102.3,Cartão de Crédito,Online,575.0,17
8235,2026-07-19,21:00,95,Bermuda X,Bermuda,Cinza,G,1,275.07,0.0,275.07,Cartão de Crédito,Física,298.0,10
8236,2026-09-18,11:15,6,Acessório Casual,Acessório,Rosa,GG,1,309.17,0.0,309.17,Cartão de Débito,Online,177.0,9
8237,2026-03-26,21:00,153,Bermuda Social,Bermuda,Cinza,G,2,75.2,22.56,127.84,PIX,Física,592.0,3
8238,2026-07-21,15:15,88,Bermuda X,Bermuda,Rosa,G,2,55.13,16.54,93.72,Cartão de Débito,Física,314.0,10
8239,2026-03-02,19:00,7,Acessório X,Acessório,Vermelha,GG,3,160.81,48.24,434.19,Crediário,Física,78.0,22
8240,2026-05-16,16:30,74,Bermuda Esporte,Bermuda,Branca,M,4,290.34,0.0,1161.36,Cartão de Débito,Online,237.0,25
8241,2026-06-22,17:30,124,Camiseta Social,Camiseta,Branca,M,2,31.01,6.2,55.82,Cartão de Crédito,Online,82.0,6
8242,2026-05-11,19:45,8,Bermuda Básica,Bermuda,Rosa,P,4,301.95,0.0,1207.8,Cartão de Crédito,Online,153.0,10
8243,26/08/2026,13:45,116,Blusa Premium,Blusa,Branca,G,1,68.25,0.0,68.25,Cartão de Crédito,Física,452.0,3
8244,2026-04-24, 15:45 ,80,Camiseta Básica,Camiseta,Cinza,M,1,179.41,17.94,161.47,Cartão de Crédito,Física,10.0,4
8245,2026-09-14,16:30,86,Blusa Social,Blusa,Azul,P,1,56.25,0.0,56.25,Crediário,Física,204.0,11
8246,2026-03-20,19:00,152,Jaqueta Premium,Jaqueta,Verde,M,1,208.59,0.0,208.59,Crediário,Física,405.0,5
8247,2026-04-11,20:15,32427,Bermuda Social,Bermuda,Azul,M,2,250.51,50.1,450.92,Crediário,Física,385.0,16
8248,2026-03-07,13:15,14,Bermuda Esporte,Bermuda,Verde,GG,1,113.16,0.0,113.16,Dinheiro,Online,388.0,23
8249,2026-04-12,19:45,76,Jaqueta X,Jaqueta,Cinza,P,1,291.87,0.0,291.87,cartao credito,Online,524.0,2
8250,2026-06-12,09:15,172,Camiseta Premium,Camiseta,Rosa,G,4,289.13,0.0,1156.52,Dinheiro,Física,183.0,15
8251,2026-05-24,09:30,85,Calça X,Calça,Cinza,G,3,287.08,86.12,775.12,Dinheiro,Física,342.0,16
8252,2026-07-07,11:45,74,Bermuda Esporte,Bermuda,Branca,M,3,290.34,0.0,871.02,Cartão de Débito,Física,418.0,5
8253,2026-03-13,19:15,102,Vestido Premium,Vestido,Vermelha,GG,1,250.72,25.07,225.65,Cartão de Crédito,Física,159.0,22
8254,2026-09-07,18:15,119,Calça Esporte,Calça,Branca,P,4,331.07,66.21,1258.07,Cartão de Crédito,Física,105.0,3
8255,2026-06-26,09:00,83,Bermuda Básica,Bermuda,Cinza,M,1,344.51,51.68,292.83,Cartão de Crédito,Física,321.0,1
8256,2026-03-27,11:30,37,Acessório Premium,Acessório,Rosa,G,1,281.93,14.1,267.83,PIX,Online,426.0,8
8257,2026-04-14,10:30,57,Calça Casual,Calça,Verde,GG,0,86.79,26.04,147.54,PIX,Física,86.0,3
8258,2026-09-05,10:15  ,95,Bermuda X,Bermuda,Cinza,G,1,275.07,13.75,261.32,cartao credito,Física,176.0,7
8259,2026-07-23,09:30,34,Blusa Casual,Blusa,Preta,GG,3,206.43,0.0,619.29,Cartão de Débito,Online,271.0,8
8260,2026-05-27,14:00,99,Camiseta Slim,Camiseta,Rosa,G,2,178.5,0.0,357.0,PIX,Online,231.0,1
8261,2026-06-28,18:00,147,Calça Premium,Calça,Preta,P,2,176.07,17.61,334.53,Cartão de Crédito,Online,187.0,25
8262,2026-08-28,16:15,66,Vestido Básica,Vestido,Preta,GG,2,195.93,0.0,391.86,Cartão de Débito,Online,406.0,24
8263,2026-06-21,12:30,112,Bermuda Premium,Bermuda,Rosa,GG,1,93.18,0.0,93.18,Dinheiro,Online,554.0,19
8264,2026-07-10,15:00,148,Vestido Slim,Vestido,Rosa,G,4,213.53,85.41,768.71,Cartão de Débito,Online,122.0,9
8265,2026-03-30,14:00,145,Bermuda Casual,Bermuda,Azul,GG,4,159.63,31.93,"R$ 606,59",Cartão de Crédito,Online,199.0,14
8266,2026-07-25,09:30,148,Vestido Slim,Vestido,Rosa,G,4,213.53,0.0,854.12,Cartão de Crédito,Física,159.0,9
8267,2026-03-04,10:45,48,Camiseta Básica,Camiseta,Cinza,GG,4,63.03,0.0,252.12,PIX,Física,518.0,18
8268,2026-04-25,11:45,138,Jaqueta Social,Jaqueta,Branca,P,2,257.25,51.45,463.05,PIX,Física,303.0,8
8269,2026-07-17,16:00,79,Vestido Slim,Vestido,Verde,GG,2,29.96,8.99,50.93,Cartão de Débito,Física,224.0,10
8270,2026-06-25,11:30,149,Vestido Básica,Vestido,Cinza,GG,3,67.2,0.0,201.6,Crediário,Física,396.0,4
8271,2026-05-28,18:45,4,Acessório Básica,Acessório,Vermelha,G,1,81.82,8.18,73.64,Cartão de Crédito,Física,507.0,6
8272,2026-09-02,10:15,102,Vestido Premium,Vestido,Vermelha,GG,2,250.72,0.0,501.44,Cartão de Débito,Online,517.0,12
8273,2026-09-19,16:30,69,Camiseta Básica,Camiseta,Branca,M,3,71.3,0.0,213.9,Cartão de Débito,Física,356.0,20
8274,2026-05-30,12:30,160,Vestido Básica,Vestido,Branca,G,4,38.68,7.74,146.98,Cartão de Crédito,Física,554.0,17
8275,2026-06-09,09:00,53,Jaqueta Casual,Jaqueta,Branca,P,1,203.54,0.0,203.54,Cartão de Crédito,Física,290.0,10
8276,10-03-2026,16:30,175,Jaqueta Slim,Jaqueta,Branca,P,3,111.44,0.0,334.32,Cartão de Crédito,Online,417.0,4
8277,2026-08-01,16:15,9,Acessório X,Acessório,Preta,M,4,51.84,20.74,186.62,PIX,Física,86.0,10
8278,2026-04-08,13:45,91,Acessório Casual,Acessório,Rosa,M,1,274.86,27.49,247.37,Dinheiro,Online,473.0,16
8279,2026-09-14,09:45,10,Camiseta Social,Camiseta,Azul,G,2,281.48,0.0,562.96,Cartão de Débito,Física,156.0,10
8280,09/03/26, 18:00,8,Bermuda Básica,Bermuda,Rosa,P,4,301.95,120.78,1087.02,PIX,Online,321.0,19
8281,2026-06-13,15:45,108,Jaqueta X,Jaqueta,Azul,G,2,84.3,16.86,151.74,PIX,Online,433.0,23
8282,20/04/26,20:00,1,Blusa Premium,Blusa,Cinza,G,4,318.6,191.16,1083.24,Cartão de Débito,Online,70.0,11
8283,2026-07-09,16:30,114,Camiseta Social,Camiseta,Verde,GG,1,330.12,0.0,330.12,PIX,Física,118.0,3
8284,2026-06-16,16:00,6,Acessório Casual,Acessório,Rosa,GG,2,309.17,0.0,618.34,Dinheiro,Física,101.0,20
8285,2026-06-02,09:30,79,Vestido Slim,Vestido,Verde,GG,1,29.96,0.0,"R$ 29,96",Cartão de Crédito,Física,165.0,17
8286,2026-05-23,19:00,103,Acessório Esporte,Acessório,Verde,M,3,142.1,0.0,426.3,PIX,Física,473.0,17
8287,2026-04-03,18:30,42,Calça Casual,Calça,Verde,G,2,245.94,0.0,491.88,Crediário,Online,207.0,24
8288,2026-05-30,21:30,64,Blusa Slim,Blusa,Cinza,G,3,307.95,46.19,877.66,Cartão de Débito,Online,430.0,24
8289,2026-09-16,20:15,51,Blusa Premium,Blusa,Branca,P,4,122.21,24.44,464.4,PIX,Física,160.0,12
8290,2026-09-28,20:45,148,Vestido Slim,Vestido,Rosa,G,2,213.53,21.35,405.71,PIX,Física,343.0,15
8291,2026-09-30,14:15,140,Jaqueta Básica,Jaqueta,Cinza,P,1,275.21,0.0,275.21,Cartão de Crédito,Online,557.0,4
8292,2026-06-02,10:00,51,Blusa Premium,Blusa,Branca,P,2,122.21,0.0,244.42,PIX,Física,568.0,19
8293,2026-03-14,15:00,55,Vestido Premium,Vestido,Branca,M,1,126.12,0.0,126.12,PIX,Online,222.0,2
8294,2026-05-18,12:30,2,Calça Casual,Calça,Verde,M,3,308.53,0.0,925.59,PIX,Online,243.0,21
8295,2026-05-29,09:30,17,Acessório Slim,Acessório,Azul,M,1,102.24,0.0,102.24,Dinheiro,Online,582.0,22
8296,2026-08-11,16:45,73,Calça X,Calça,Azul,M,1,313.28,0.0,313.28,Cartão de Débito,Online,110.0,3
8297,2026-09-06,19:15,26,Jaqueta Esporte,Jaqueta,Verde,P,3,204.58,0.0,613.74,Dinheiro,Física,41.0,3
8298,2026-05-23,13:45,173,Camiseta Esporte,Camiseta,Preta,P,3,183.66,0.0,550.98,Cartão de Débito,Online,599.0,9
8299,2026-04-11,21:45,119,Calça Esporte,Calça,Branca,P,4,331.07,198.64,1125.64,Cartão de Crédito,Física,251.0,10
8300,2026-06-30,13:45,149,Vestido Básica,Vestido,Cinza,GG,1,67.2,6.72,60.48,PIX,Física,215.0,7
8301,2026-03-11,16:45,170,Bermuda Premium,Bermuda,Vermelha,GG,4,234.75,0.0,939.0,Cartão de Débito,Física,437.0,5
8302,2026-06-26,13:30,158,Jaqueta Premium,Jaqueta,Rosa,GG,3,91.13,0.0,273.39,Cartão de Débito,Online,505.0,1
8303,2026-06-30,10:15,170,Bermuda Premium,Bermuda,Vermelha,GG,3,234.75,35.21,669.04,PIX,Online,110.0,2
8304,2026-04-25,13:15,126,Calça Casual,Calça,Vermelha,G,2,275.71,27.57,523.85,Dinheiro,Física,563.0,9
8305,2026-06-17,18:15,7,Acessório X,Acessório,Vermelha,GG,1,160.81,0.0,160.81,Dinheiro,Online,17.0,16
8306,2026-07-12,15:45,171,Blusa Casual,Blusa,Verde,M,3,139.15,41.74,375.71,Cartão de Débito,Física,155.0,13
8307,2026-07-16,14:45,134,Bermuda Básica,Bermuda,Rosa,GG,3,59.5,17.85,160.65,Cartão de Débito,Física,143.0,20
8308,2026-09-04,13:30,3,Vestido Esporte,Vestido,Azul,GG,3,51.13,7.67,145.72,Cartão de Crédito,Física,299.0,1
8309,2026-07-18,10:45,97,Jaqueta Premium,Jaqueta,Rosa,GG,4,161.24,0.0,644.96,PIX,Online,520.0,18
8310,2026-06-16,19:45,67,Vestido Premium,Vestido,Preta,G,4,60.66,0.0,242.64,Cartão de Débito,Física,540.0,13
8311,2026-07-10,11:30,107,Bermuda Slim,Bermuda,Rosa,M,4,304.94,0.0,1219.76,PIX,Física,229.0,6
8312,2026-04-29,13:30,39,Blusa X,Blusa,Vermelha,P,1,80.38,0.0,80.38,Cartão de Débito,Física,382.0,13
8313,2026-08-06,21:30,137,Jaqueta Básica,Jaqueta,Cinza,GG,3,124.46,0.0,373.38,Cartão de Débito,Física,443.0,1
8314,2026-07-19,17:00,88,Bermuda X,Bermuda,Rosa,G,4,55.13,22.05,198.47,Crediário,Física,268.0,14
8315,22-09-2026,16:15,126,Calça Casual,Calça,Vermelha,G,4,275.71,0.0,1102.84,Crediário,Física,32.0,4
8316,2026-07-30,21:15,2,Calça Casual,Calça,Verde,M,3,308.53,0.0,925.59,Cartão de Débito,Física,243.0,6
8317,2026-08-07,09:45,173,Camiseta Esporte,Camiseta,Preta,P,4,183.66,36.73,697.91,Dinheiro,Online,136.0,8
8318,2026-07-08,16:45,47,Blusa Esporte,Blusa,Vermelha,M,1,85.46,4.27,81.19,Cartão de Débito,Online,156.0,8
8319,2026-05-04,11:15,151,Vestido Social,Vestido,Cinza,P,4,305.13,122.05,1098.47,PIX,Física,60625.0,18
8320,2026-09-17,13:30,7,Acessório X,Acessório,Vermelha,GG,4,160.81,32.16,611.08,Crediário,Física,153.0,8
8321,2026-06-20,16:00,153,Bermuda Social,Bermuda,Cinza,G,2,75.2,0.0,150.4,Cartão de Débito,Online,188.0,21
8322,2026-05-21,10:45,131,Jaqueta X,Jaqueta,Azul,P,4,192.39,0.0,769.56,Cartão de Débito,Física,14.0,22
8323,2026-08-07,17:15,72,Camiseta Casual,Camiseta,Rosa,P,4,280.68,56.14,"R$ 1.066,58",Cartão de Crédito,Online,106.0,16
8324,02-07-2026,10:15,131,Jaqueta X,Jaqueta,Azul,P,4,192.39,115.43,654.13,Crediário,Online,342.0,17
8325,2026-09-24,16:15,132,Acessório Esporte,Acessório,Rosa,P,4,45.67,0.0,182.68,Cartão de Crédito,Física,583.0,19
8326,2026-09-16,15:30,180,Acessório X,Acessório,Verde,GG,4,108.79,0.0,435.16,Cartão de Débito,Online,201.0,16
8327,2026-05-02,16:15,90,Jaqueta Social,Jaqueta,Rosa,M,3,340.94,51.14,971.68,CARTÃO DE CRÉDITO,Online,343.0,17
8328,2026-07-14,12:15,138,Jaqueta Social,Jaqueta,Branca,P,3,257.25,0.0,771.75,Dinheiro,Online,598.0,18
8329,2026-06-09,21:15,155,Blusa X,Blusa,Rosa,GG,3,229.95,0.0,689.85,Cartão de Crédito,Online,578.0,22
8330,2026-09-07,09:15,147,Calça Premium,Calça,Preta,P,4,176.07,35.21,669.07,cartão de débito,Online,106.0,3
8331,2026-04-19,20:15,149,Vestido Básica,Vestido,Cinza,GG,4,67.2,0.0,268.8,Cartão de Crédito,Física,473.0,4
8332,2026-04-03,18:45,16,Bermuda Esporte,Bermuda,Branca,M,4,242.53,145.52,824.6,Cartão de Débito,Online,375.0,2
8333,2026-04-22,10:30,94,Blusa X,Blusa,Azul,GG,1,310.47,15.52,294.95,Cartão de Crédito,Online,223.0,13
8334,2026-07-03,20:15,112,Bermuda Premium,Bermuda,Rosa,GG,4,93.18,37.27,335.45,Dinheiro,Física,376.0,25
8335,2026-08-17,15:15,151,Vestido Social,Vestido,Cinza,P,4,305.13,183.08,1037.44,Cartão de Crédito,Online,496.0,21
8336,2026-07-28,21:45,148,Vestido Slim,Vestido,Rosa,G,1,213.53,32.03,181.5,Crediário,Online,247.0,24
8337,2026-06-30,10:45,57,Calça Casual,Calça,Verde,GG,2,86.79,0.0,173.58,Cartão de Crédito,Física,49.0,13
8338,2026-09-24,19:15,60,Blusa Premium,Blusa,Azul,GG,4,177.54,71.02,639.14,Cartão de Crédito,Física,227.0,3
8339,2026-03-24,21:00,138,Jaqueta Social,Jaqueta,Branca,P,3,257.25,0.0,771.75,Cartão de Débito,Física,,16
8340,10-04-2026,15:45,33,Camiseta Esporte,Camiseta,Verde,G,2,238.32,71.5,405.14,PIX,Física,326.0,4
8341,2026-07-02,12:45,163,Blusa Esporte,Blusa,Rosa,GG,2,291.86,29.19,554.53,Cartão de Débito,Online,,5
8342,2026-06-28,09:00,64,Blusa Slim,Blusa,Cinza,G,4,307.95,0.0,1231.8,Cartão de Débito,Física,260.0,8
8343,2026-03-16,17:45,5,Jaqueta Básica,Jaqueta,Preta,GG,3,235.61,106.02,600.81,Crediário,Física,124.0,11
8344,2026-07-16,11:00,109,Camiseta Esporte,Camiseta,Branca,GG,1,227.45,34.12,"R$ 193,33",Cartão de Débito,Online,265.0,6
8345,2026-03-03,21:30,52,Vestido Básica,Vestido,Vermelha,G,4,334.95,133.98,1205.82,PIX,Física,29.0,17
8346,2026-05-18,20:15,66,Vestido Básica,Vestido,Preta,GG,2,195.93,0.0,391.86,Cartão de Débito,Online,412.0,9
8347,2026-07-19,20:30,48,Camiseta Básica,Camiseta,Cinza,GG,2,63.03,12.61,113.45,Cartão de Débito,Física,219.0,16
8348,2026-09-27,14:00,98,Acessório Básica,Acessório,Branca,G,3,254.79,76.44,687.93,Cartão de Débito,Física,,23
8349,2026-09-25,21:30,104,Acessório Premium,Acessório,Rosa,M,2,240.9,72.27,409.53,Cartão de Débito,Online,426.0,22
8350,2026-09-06,18:30,72,Camiseta Casual,Camiseta,Rosa,P,3,280.68,0.0,842.04,Cartão de Débito,Online,96.0,7
8351,2026-06-30,19:00,169,Camiseta Premium,Camiseta,Branca,GG,4,137.47,0.0,549.88,Cartão de Crédito,Física,,8
8352,2026-07-25,18:15,85,Calça X,Calça,Cinza,G,1,287.08,0.0,287.08,Cartão de Débito,Online,550.0,2
8353,2026-05-21,17:45,157,Bermuda Básica,Bermuda,Azul,P,4,35.03,0.0,140.12,Cartão de Débito,Online,362.0,6
8354,2026-05-05,19:45,20,Blusa Básica,Blusa,Branca,M,4,212.5,0.0,850.0,PIX,Física,596.0,14
8355,2026-03-19,09:15,77,Blusa Básica,Blusa,Preta,M,2,29.9,0.0,59.8,Crediário,Física,70.0,23
8356,2026-08-28, 09:00 ,105,Calça Premium,Calça,Vermelha,GG,4,53.58,10.72,"203,60",Cartão de Débito,Física,123.0,16
8357,2026-06-15,15:30,53,Jaqueta Casual,Jaqueta,Branca,P,3,203.54,61.06,549.56,Cartão de Débito,Física,408.0,17
8358,2026-03-28,15:45,89,Acessório Premium,Acessório,Vermelha,GG,4,62.97,0.0,251.88,Cartão de Crédito,Online,330.0,18
8359,2026-05-19,11:30,150,Camiseta Casual,Camiseta,Cinza,GG,4,216.84,86.74,780.62,Cartão de Crédito,Física,465.0,2
8360,2026-05-16,17:45,156,Calça Esporte,Calça,Cinza,P,3,179.11,0.0,537.33,Dinheiro,Física,480.0,17
8361,2026-09-06,16:45,157,Bermuda Básica,Bermuda,Azul,P,4,35.03,7.01,133.11,PIX,Online,305.0,5
8362,2026-03-16,17:45,110,Bermuda Slim,Bermuda,Vermelha,G,3,158.66,0.0,475.98,Cartão de Débito,Online,470.0,22
8363,2026-05-20,18:45,156,Calça Esporte,Calça,Cinza,P,2,179.11,0.0,358.22,Cartão de Crédito,Online,144.0,17
8364,2026-08-10,11:15,17,Acessório Slim,Acessório,Azul,M,1,102.24,10.22,92.02,Cartão de Débito,Online,348.0,12
8365,2026-07-13,14:30,145,Bermuda Casual,Bermuda,Azul,GG,2,159.63,47.89,271.37,PIX,Física,359.0,1
8366,2026-06-01,13:45,100,Calça Social,Calça,Preta,M,1,133.29,0.0,133.29,Cartão de Crédito,Física,476.0,13
8367,2026-08-09,10:00,174,Calça Slim,Calça,Cinza,M,3,34.1,0.0,102.3,Crediário,Online,600.0,10
8368,2026-07-12,10:00,168,Camiseta Slim,Camiseta,Preta,GG,1,50.13,2.51,47.62,Cartão de Débito,Online,583.0,16
8369,2026-07-06,11:45,4,Acessório Básica,Acessório,Vermelha,G,1,81.82,8.18,73.64,Cartão de Débito,Online,467.0,7
8370,2026-09-05,20:15,98,Acessório Básica,Acessório,Branca,G,1,254.79,0.0,"R$ 254,79",Cartão de Débito,Física,475.0,7
8371,2026-03-26,10:45,154,Bermuda Básica,Bermuda,Branca,P,2,240.69,24.07,457.31,Dinheiro,Física,441.0,9
8372,2026-07-28,12:45,45,Jaqueta Social,Jaqueta,Preta,P,2,105.9,31.77,180.03,PIX,Online,92.0,15
8373,2026-05-17,12:45,130,Bermuda Slim,Bermuda,Verde,G,2,139.82,0.0,279.64,Cartão de Crédito,Física,464.0,12
8374,2026-06-11,18:00,89,Acessório Premium,Acessório,Vermelha,GG,1,62.97,0.0,62.97,Cartão de Débito,Física,336.0,24
8375,2026-07-01,16:45  ,20,Blusa Básica,Blusa,Branca,M,2,212.5,0.0,425.0,Cartão de Débito,Física,29.0,6
8376,2026-04-06,17:15,103,Acessório Esporte,Acessório,Verde,M,2,142.1,0.0,284.2,Cartão de Crédito,Online,10.0,23
8377,2026-09-02,19:30,17,Acessório Slim,Acessório,Azul,M,4,102.24,0.0,408.96,Cartão de Débito,Online,5.0,23
8378,2026-04-29,10:45,65,Jaqueta Casual,Jaqueta,Branca,G,4,232.93,0.0,931.72,crediário,Física,281.0,6
8379,2026-06-07,13:45,54,Bermuda Social,Bermuda,Cinza,G,2,115.21,34.56,195.86,Cartão de Débito,Física,67.0,25
8380,2026-07-30,09:15,68,Acessório Casual,Acessório,Branca,P,4,212.83,127.7,723.62,Crediário,Online,573.0,19
8381,2026-03-19,09:30,100,Calça Social,Calça,Preta,M,2,133.29,0.0,266.58,Cartão de Crédito,Física,121.0,4
8382,2026-07-17,17:45,155,Blusa X,Blusa,Rosa,GG,3,229.95,103.48,586.37,Dinheiro,Online,515.0,18
8383,2026-05-25,18:30,108,Jaqueta X,Jaqueta,Azul,G,2,84.3,0.0,168.6,Cartão de Débito,Física,162.0,20
8384,2026-07-02,18:45,66,Vestido Básica,Vestido,Preta,GG,3,195.93,0.0,587.79,Cartão de Débito,Física,130.0,25
8385,2026-07-21, 18:00,7,Acessório X,Acessório,Vermelha,GG,3,160.81,0.0,482.43,Dinheiro,Online,4.0,20
8386,2026-05-15,14:15,17,Acessório Slim,Acessório,Azul,M,3,102.24,0.0,306.72,Cartão de Débito,Física,367.0,20
8387,2026-03-07,14:30,6,Acessório Casual,Acessório,Rosa,GG,2,309.17,0.0,618.34,Crediário,Física,246.0,6
8388,2026-08-05,13:00,166,Blusa Casual,Blusa,Cinza,P,1,25.41,1.27,24.14,Cartão de Débito,Física,284.0,11
8389,2026-09-26,20:45,14,Bermuda Esporte,Bermuda,Verde,GG,4,113.16,45.26,407.38,Cartão de Crédito,Física,334.0,16
8390,2026-03-04,10:45,39,Blusa X,Blusa,Vermelha,P,3,80.38,0.0,241.14,Dinheiro,Online,346.0,12
8391,2026-07-22,15:45,49,Calça Esporte,Calça,Preta,P,3,264.21,0.0,792.63,Cartão de Débito,Física,189.0,23
8392,2026-05-09,18:30,53,Jaqueta Casual,Jaqueta,Branca,P,1,203.54,10.18,193.36,Crediário,Online,440.0,18
8393,2026-06-25,14:45,38,Acessório Esporte,Acessório,Rosa,P,3,113.5,0.0,340.5,Dinheiro,Online,126.0,10
8394,2026-08-02,19:15,165,Calça Casual,Calça,Rosa,G,2,158.71,15.87,301.55,Crediário,Online,133.0,10
8395,2026-03-03,21:00,124,Camiseta Social,Camiseta,Branca,M,4,31.01,0.0,124.04,Cartão de Crédito,Física,482.0,7
8396,2026-08-20,21:45,84,Blusa X,Blusa,Branca,M,3,91.15,0.0,273.45,cartão de crédito,Física,229.0,21
8397,2026-03-27,21:45,1,Blusa Premium,Blusa,Cinza,G,1,318.6,0.0,318.6,PIX,Online,29.0,3
8398,2026-07-24,18:00,48,Camiseta Básica,Camiseta,Cinza,GG,2,63.03,12.61,113.45,Cartão de Débito,Online,399.0,11
8399,2026-05-29,12:00,78,Acessório Básica,Acessório,Cinza,GG,4,138.63,0.0,554.52,Cartão de Crédito,Física,278.0,24
8400,2026-05-20,20:15,37,Acessório Premium,Acessório,Rosa,G,1,281.93,0.0,"281,93",Cartão de Débito,Física,554.0,9
8401,2026-05-09,14:30,69,Camiseta Básica,Camiseta,Branca,M,4,71.3,0.0,285.2,Cartão de Débito,Física,,9
8402,2026-08-22,18:45,6,Acessório Casual,Acessório,Rosa,GG,-1,309.17,0.0,618.34,Cartão de Crédito,Física,573.0,15
8403,2026-06-13,15:45,172,Camiseta Premium,Camiseta,Rosa,G,4,289.13,0.0,1156.52,PIX,Online,436.0,23
8404,2026-09-01,20:15,129,Acessório X,Acessório,Branca,M,4,84.81,0.0,339.24,Cartão de Crédito,Online,26.0,16
8405,2026-06-27, 20:45 ,173,Camiseta Esporte,Camiseta,Preta,P,4,183.66,0.0,734.64,PIX,Online,84.0,25
8406,2026-08-15,10:30,18,Acessório Básica,Acessório,Azul,M,4,242.78,48.56,922.56,Crediário,Online,123.0,1
8407,2026-04-02,15:00,10,Camiseta Social,Camiseta,Azul,G,2,281.48,56.3,506.66,Crediário,Online,111.0,7
8408,2026-06-17,21:00  ,147,Calça Premium,Calça,Preta,P,1,176.07,26.41,149.66,Cartão de Débito,Física,506.0,11
8409,2026-03-16,16:30,69,Camiseta Básica,Camiseta,Branca,M,2,71.3,0.0,142.6,PIX,Física,138.0,7
8410,2026-05-27,16:00,93,Calça Slim,Calça,Azul,G,2,328.53,32.85,624.21,PIX,Física,55.0,4
8411,2026-07-11,10:15,54,Bermuda Social,Bermuda,Cinza,G,2,115.21,23.04,207.38,PIX,Online,,7
8412,2026-09-16,16:00,71,Acessório Premium,Acessório,Rosa,GG,2,227.52,22.75,432.29,Cartão de Crédito,Física,358.0,11
8413,2026-07-05,20:00,109,Camiseta Esporte,Camiseta,Branca,GG,3,227.45,0.0,682.35,Dinheiro,Física,121.0,17
8414,2026-08-03,14:45,143,Bermuda Casual,Bermuda,Rosa,G,2,113.47,34.04,192.9,Dinheiro,Física,300.0,19
8415,2026-08-25,16:45,161,Camiseta X,Camiseta,Branca,GG,3,168.83,25.32,481.17,Cartão de Crédito,Online,180.0,11
8416,2026-05-27,10:45,179,Calça Social,Calça,Cinza,P,1,214.89,0.0,214.89,PIX,Física,440.0,23
8417,2026-09-07,14:30,51,Blusa Premium,Blusa,Branca,P,1,122.21,0.0,122.21,Cartão de Crédito,Online,50.0,25
8418,2026-08-22,12:15,121,Acessório Básica,Acessório,Vermelha,GG,2,127.53,0.0,255.06,Dinheiro,Online,441.0,4
8419,2026-07-07,11:30,22,Bermuda Social,Bermuda,Vermelha,GG,4,213.75,0.0,855.0,Cartão de Débito,Online,444.0,23
8420,2026-09-14,18:30,146,Calça Premium,Calça,Branca,GG,1,343.66,0.0,343.66,Cartão de Débito,Online,2.0,18
8421,2026-03-22,09:00,53,Jaqueta Casual,Jaqueta,Branca,P,2,203.54,61.06,346.02,PIX,Física,182.0,15
8422,2026-05-20,19:15,116,Blusa Premium,Blusa,Branca,G,2,68.25,0.0,136.5,Cartão de Débito,Online,122.0,12
8423,2026-09-07,10:45,24,Blusa Esporte,Blusa,Preta,M,2,315.76,94.73,536.79,PIX,Física,28.0,6
8424,2026-08-27,12:00,76,Jaqueta X,Jaqueta,Cinza,P,4,291.87,0.0,1167.48,pix,Online,19.0,23
8425,2026-03-29,12:00,53,Jaqueta Casual,Jaqueta,Branca,P,1,203.54,0.0,203.54,PIX,Online,315.0,3
8426,2026-05-10,14:15,165,Calça Casual,Calça,Rosa,G,2,158.71,47.61,269.81,Cartão de Crédito,Física,581.0,5
8427,2026-04-13,20:00,107,Bermuda Slim,Bermuda,Rosa,M,4,304.94,0.0,1219.76,PIX,Física,361.0,3
8428,2026-03-01,14:45,46,Bermuda Social,Bermuda,Azul,P,2,46.54,0.0,"R$ 93,08",Crediário,Online,141.0,18
8429,2026-08-22,14:45,127,Bermuda X,Bermuda,Azul,M,2,269.31,26.93,511.69,PIX,Física,83.0,25
8430,2026-07-27,20:15,170,Bermuda Premium,Bermuda,Vermelha,GG,3,234.75,0.0,704.25,Cartão de Débito,Online,366.0,7
8431,02/03/2026, 17:30 ,15,Bermuda Básica,Bermuda,Cinza,G,3,52.05,0.0,156.15,Dinheiro,Física,142.0,22
8432,2026-06-21,16:15,124,Camiseta Social,Camiseta,Branca,M,4,31.01,0.0,124.04,Cartão de Crédito,Física,545.0,3
8433,29-03-2026,14:30,93,Calça Slim,Calça,Azul,G,3,328.53,98.56,887.03,PIX,Física,268.0,7
8434,2026-06-29,13:15,124,Camiseta Social,Camiseta,Branca,M,2,31.01,0.0,62.02,PIX,Online,531.0,18
8435,2026-04-29,20:00,166,Blusa Casual,Blusa,Cinza,P,3,25.41,0.0,76.23,Cartão de Crédito,Física,13.0,4
8436,2026-06-13,16:00,160,Vestido Básica,Vestido,Branca,G,2,38.68,11.6,65.76,PIX,Online,501.0,10
8437,2026-07-13,14:30,122,Calça Social,Calça,Azul,M,2,77.6,23.28,131.92,Cartão de Débito,Online,,22
8438,2026-03-31,16:45,26,Jaqueta Esporte,Jaqueta,Verde,P,4,204.58,0.0,818.32,PIX,Online,120.0,3
8439,2026-09-30,16:30,125,Vestido X,Vestido,Verde,M,2,114.2,11.42,216.98,Dinheiro,Física,280.0,1
8440,2026-03-09,18:45,39,Blusa X,Blusa,Vermelha,P,1,80.38,0.0,80.38,Cartão de Débito,Online,333.0,15
8441,2026-09-08,16:15,143,Bermuda Casual,Bermuda,Rosa,G,1,113.47,0.0,113.47,Crediário,Física,81.0,6
8442,2026-09-16,20:30,71,Acessório Premium,Acessório,Rosa,GG,2,227.52,0.0,455.04,Dinheiro,Física,80.0,22
8443,2026-06-30,13:45,25,Calça Básica,Calça,Rosa,GG,4,346.73,69.35,1317.57,Cartão de Crédito,Física,551.0,14
8444,2026-03-15,11:30,10,Camiseta Social,Camiseta,Azul,G,2,281.48,28.15,534.81,Cartão de Crédito,Online,32.0,24
8445,2026-09-04,20:00,161,Camiseta X,Camiseta,Branca,GG,4,168.83,67.53,607.79,Cartão de Crédito,Física,10.0,10
8446,2026-06-08,20:30,1,Blusa Premium,Blusa,Cinza,G,4,318.6,191.16,1083.24,PIX,Online,16.0,3
8447,2026-05-25,10:00,22,Bermuda Social,Bermuda,Vermelha,GG,3,213.75,0.0,641.25,Cartão de Débito,Física,191.0,13
8448,2026-09-13,21:00,143,Bermuda Casual,Bermuda,Rosa,G,2,113.47,34.04,192.9,Cartão de Crédito,Física,397.0,19
8449,2026-07-15,18:30,167,Jaqueta Slim,Jaqueta,Branca,G,3,219.14,0.0,657.42,Cartão de Débito,Física,79.0,12
8450,2026-07-10,09:15,21,Bermuda Social,Bermuda,Branca,GG,3,301.4,0.0,904.2,Dinheiro,Física,161.0,1
8451,2026-05-10,13:00,43,Bermuda Premium,Bermuda,Preta,GG,2,144.6,0.0,289.2,Cartão de Débito,Física,288.0,12
8452,2026-03-14,20:45,60,Blusa Premium,Blusa,Azul,GG,3,177.54,0.0,532.62,PIX,Física,65.0,4
8453,2026-08-25,17:45,21,Bermuda Social,Bermuda,Branca,GG,2,301.4,30.14,572.66,Cartão de Débito,Física,166.0,3
8454,2026-03-07,20:45,36,Jaqueta X,Jaqueta,Rosa,GG,4,109.13,0.0,436.52,Dinheiro,Física,,23
8455,2026-05-13,21:30,8,Bermuda Básica,Bermuda,Rosa,P,1,301.95,15.1,286.85,Cartão de Crédito,Online,86.0,25
8456,2026-08-27,10:45,58,Blusa X,Blusa,Branca,P,4,215.52,43.1,818.98,Cartão de Débito,Física,286.0,1
8457,2026-08-17,09:45,95,Bermuda X,Bermuda,Cinza,G,3,275.07,41.26,783.95,PIX,Online,240.0,25
8458,2026-08-01,10:45,133,Jaqueta Social,Jaqueta,Branca,P,3,168.42,0.0,"R$ 505,26",Cartão de Crédito,Física,431.0,7
8459,2026-07-28,21:00,140,Jaqueta Básica,Jaqueta,Cinza,P,2,275.21,0.0,550.42,Cartão de Débito,Online,42.0,2
8460,2026-05-29,21:30,91,Acessório Casual,Acessório,Rosa,M,4,274.86,54.97,1044.47,Dinheiro,Online,553.0,5
8461,2026-06-24,16:30,10,Camiseta Social,Camiseta,Azul,G,3,281.48,0.0,844.44,Dinheiro,Online,136.0,25
8462,2026-07-21, 12:00 ,45,Jaqueta Social,Jaqueta,Preta,P,2,105.9,0.0,211.8,PIX,Online,,8
8463,2026-07-21, 18:00 ,162,Acessório Esporte,Acessório,Preta,P,2,314.53,31.45,597.61,Cartão de Débito,Física,554.0,7
8464,2026-07-01,09:00,158,Jaqueta Premium,Jaqueta,Rosa,GG,2,91.13,27.34,154.92,Cartão de Débito,Física,434.0,23
8465,2026-08-11,17:30,62,Jaqueta Social,Jaqueta,Rosa,M,3,66.35,0.0,199.05,Cartão de Crédito,Física,,3
8466,2026-07-26,18:00,22,Bermuda Social,Bermuda,Vermelha,GG,1,213.75,0.0,213.75,Cartão de Débito,Física,593.0,23
8467,2026-04-12,15:30,2,Calça Casual,Calça,Verde,M,2,308.53,92.56,524.5,Dinheiro,Física,196.0,21
8468,2026-06-18,10:00,96,Camiseta Casual,Camiseta,Verde,P,2,307.93,0.0,615.86,Crediário,Online,326.0,15
8469,2026-07-11,10:15,145,Bermuda Casual,Bermuda,Azul,GG,3,159.63,23.94,454.95,Cartão de Débito,Online,,15
8470,2026-04-19,20:15,84,Blusa X,Blusa,Branca,M,2,91.15,18.23,164.07,Cartão de Crédito,Online,151.0,21
8471,2026-05-01,16:15,98,Acessório Básica,Acessório,Branca,G,2,254.79,0.0,509.58,Cartão de Crédito,Online,94.0,19
8472,2026-04-20,19:45,106,Blusa Premium,Blusa,Azul,P,3,204.85,30.73,583.82,Cartão de Crédito,Online,409.0,6
8473,2026-05-25,20:15,36,Jaqueta X,Jaqueta,Rosa,GG,4,109.13,65.48,371.04,Cartão de Débito,Online,,1
8474,2026-04-03,18:15,44,Acessório Esporte,Acessório,Preta,M,3,211.07,0.0,633.21,Crediário,Física,52.0,1
8475,2026-08-21,15:45,167,Jaqueta Slim,Jaqueta,Branca,G,1,219.14,0.0,219.14,Crediário,Física,199.0,21
8476,2026-03-03, 21:00,4,Acessório Básica,Acessório,Vermelha,G,1,81.82,0.0,81.82,Dinheiro,Online,271.0,9
8477,2026-07-20,13:30,176,Vestido Esporte,Vestido,Vermelha,M,3,227.13,34.07,647.32,Cartão de Crédito,Física,563.0,2
8478,2026-08-22,14:45,169,Camiseta Premium,Camiseta,Branca,GG,1,137.47,0.0,137.47,PIX,Física,311.0,1
8479,2026-08-17,12:30,68,Acessório Casual,Acessório,Branca,P,3,212.83,31.92,606.57,PIX,Online,334.0,6
8480,2026-08-20,14:30  ,156,Calça Esporte,Calça,Cinza,P,1,179.11,8.96,170.15,Cartão de Débito,Online,104.0,18
8481,2026-07-24,21:00,177,Camiseta Slim,Camiseta,Vermelha,G,3,63.08,0.0,189.24,PIX,Online,273.0,7
8482,2026-05-26,11:30,19,Calça Casual,Calça,Rosa,P,4,165.92,33.18,630.5,Crediário,Online,394.0,13
8483,2026-06-09,19:30,16,Bermuda Esporte,Bermuda,Branca,M,2,242.53,0.0,485.06,PIX,Física,374.0,24
8484,2026-04-20,16:45,179,Calça Social,Calça,Cinza,P,4,214.89,128.93,730.63,Cartão de Crédito,Física,149.0,11
8485,2026-06-20,17:45,22,Bermuda Social,Bermuda,Vermelha,GG,2,213.75,42.75,384.75,PIX,Online,279.0,12
8486,2026-05-06,14:00,13,Blusa Básica,Blusa,Verde,G,4,276.45,0.0,1105.8,Cartão de Débito,Online,347.0,14
8487,2026-05-27,20:45,168,Camiseta Slim,Camiseta,Preta,GG,3,50.13,15.04,135.35,Cartão de Débito,Online,71.0,4
8488,2026-07-11,14:30,138,Jaqueta Social,Jaqueta,Branca,P,3,257.25,115.76,655.99,PIX,Física,43.0,15
8489,2026-03-03,12:15,7,Acessório X,Acessório,Vermelha,GG,4,160.81,0.0,643.24,cartão de débito,Online,,13
8490,2026-04-19,13:15,26,Jaqueta Esporte,Jaqueta,Verde,P,3,204.58,61.37,552.37,Cartão de Débito,Física,382.0,8
8491,2026-06-16,19:30,72,Camiseta Casual,Camiseta,Rosa,P,1,280.68,28.07,252.61,Cartão de Débito,Online,47.0,20
8492,2026-03-28,14:00,32,Acessório Social,Acessório,Azul,G,3,324.96,0.0,974.88,Dinheiro,Física,222.0,17
8493,2026-05-29,20:15,30,Vestido Esporte,Vestido,Vermelha,G,3,244.92,0.0,"734,76",Cartão de Débito,Física,212.0,3
8494,2026-04-28,15:15,83,Bermuda Básica,Bermuda,Cinza,M,4,344.51,0.0,1378.04,Cartão de Débito,Física,38526.0,5
8495,2026-08-04,20:45,108,Jaqueta X,Jaqueta,Azul,G,2,84.3,16.86,151.74,Cartão de Crédito,Física,140.0,2
8496,2026-06-24,11:45,57,Calça Casual,Calça,Verde,GG,2,86.79,17.36,156.22,Cartão de Crédito,Física,18.0,22
8497,2026-09-03,16:30,113,Jaqueta Premium,Jaqueta,Rosa,M,4,196.9,0.0,787.6,Cartão de Débito,Online,8.0,8
8498,15/06/2026,20:45,123,Camiseta Básica,Camiseta,Preta,P,1,195.44,0.0,195.44,Cartão de Crédito,Física,,13
8499,2026-04-26,18:15,122,Calça Social,Calça,Azul,M,4,77.6,15.52,294.88,PIX,Online,144.0,11
8500,2026-06-22,10:15,122,Calça Social,Calça,Azul,M,1,77.6,0.0,77.6,Cartão de Crédito,Física,119.0,11
8501,2026-03-30,09:15,67,Vestido Premium,Vestido,Preta,G,2,60.66,0.0,121.32,Cartão de Débito,Online,198.0,7
8502,2026-08-16,16:45,133,Jaqueta Social,Jaqueta,Branca,P,1,168.42,25.26,"R$ 143,16",PIX,Física,35.0,9
8503,2026-07-20,17:00,118,Bermuda Premium,Bermuda,Verde,G,2,289.27,86.78,491.76,Cartão de Crédito,Física,497.0,23
8504,2026-07-30,15:30,57,Calça Casual,Calça,Verde,GG,3,86.79,26.04,"R$ 234,33",Cartão de Débito,Física,215.0,10
8505,2026-08-01,17:15,83,Bermuda Básica,Bermuda,Cinza,M,1,344.51,0.0,344.51,Dinheiro,Física,596.0,19
8506,2026-06-03,10:15,64,Blusa Slim,Blusa,Cinza,G,2,307.95,0.0,615.9,PIX,Física,445.0,13
8507,2026-07-19,21:30,3,Vestido Esporte,Vestido,Azul,GG,4,51.13,20.45,184.07,Cartão de Crédito,Física,316.0,5
8508,2026-04-07,21:30,73,Calça X,Calça,Azul,M,1,313.28,0.0,313.28,Crediário,Física,368.0,1
8509,2026-09-18,12:45,99,Camiseta Slim,Camiseta,Rosa,G,2,178.5,17.85,339.15,Cartão de Débito,Online,239.0,20
8510,2026-08-09,13:45,6,Acessório Casual,Acessório,Rosa,GG,4,309.17,0.0,1236.68,PIX,Física,555.0,2
8511,2026-04-29, 10:15 ,90,Jaqueta Social,Jaqueta,Rosa,M,1,340.94,0.0,340.94,PIX,Online,298.0,8
8512,2026-07-10,21:00,15,Bermuda Básica,Bermuda,Cinza,G,2,52.05,5.2,98.9,PIX,Online,133.0,16
8513,2026-04-20,15:00,81,Calça Básica,Calça,Rosa,G,2,188.91,18.89,358.93,PIX,Online,242.0,21
8514,2026-04-05,10:45,54,Bermuda Social,Bermuda,Cinza,G,2,115.21,0.0,230.42,Dinheiro,Online,553.0,3
8515,2026-04-13,20:15,166,Blusa Casual,Blusa,Cinza,P,3,25.41,0.0,76.23,PIX,Online,,11
8516,2026-09-02,10:00,22,Bermuda Social,Bermuda,Vermelha,GG,4,213.75,128.25,"R$ 726,75",Cartão de Crédito,Online,142.0,19
8517,2026-03-19,11:15,176,Vestido Esporte,Vestido,Vermelha,M,4,227.13,0.0,908.52,Dinheiro,Física,51.0,5
8518,2026-08-22,14:15,137,Jaqueta Básica,Jaqueta,Cinza,GG,1,124.46,6.22,118.24,Cartão de Crédito,Física,472.0,12
8519,2026-08-19,21:45,70,Vestido Slim,Vestido,Verde,G,2,304.38,30.44,578.32,PIX,Física,528.0,19
8520,2026-05-07,19:00,44,Acessório Esporte,Acessório,Preta,M,4,211.07,42.21,802.07,Cartão de Débito,Física,105.0,19
8521,2026-09-19,18:00,125,Vestido X,Vestido,Verde,M,2,114.2,11.42,216.98,PIX,Online,446.0,17
8522,2026-06-01,19:45,137,Jaqueta Básica,Jaqueta,Cinza,GG,4,124.46,0.0,497.84,Dinheiro,Física,204.0,3
8523,2026-07-15,20:15,170,Bermuda Premium,Bermuda,Vermelha,GG,3,234.75,35.21,669.04,Cartão de Débito,Online,38.0,5
8524,2026-09-06,14:00,164,Blusa Premium,Blusa,Preta,G,1,175.34,0.0,175.34,Cartão de Crédito,Física,467.0,13
8525,2026-05-19,15:15,77,Blusa Básica,Blusa,Preta,M,3,29.9,8.97,80.73,Dinheiro,Física,269.0,15
8526,2026-05-01,20:30,176,Vestido Esporte,Vestido,Vermelha,M,4,227.13,0.0,908.52,PIX,Online,359.0,8
8527,2026-05-13,18:00,174,Calça Slim,Calça,Cinza,M,1,34.1,0.0,34.1,PIX,Online,462.0,25
8528,2026-09-11,10:30,172,Camiseta Premium,Camiseta,Rosa,G,1,289.13,43.37,245.76,Cartão de Débito,Online,599.0,20
8529,2026-03-30,11:45,104,Acessório Premium,Acessório,Rosa,M,1,240.9,36.14,204.76,Dinheiro,Online,405.0,11
8530,2026-06-19,15:00,157,Bermuda Básica,Bermuda,Azul,P,4,35.03,0.0,140.12,Dinheiro,Online,455.0,24
8531,2026-04-15,21:45,105,Calça Premium,Calça,Vermelha,GG,4,53.58,21.43,192.89,PIX,Online,478.0,4
8532,2026-07-09, 21:30 ,160,Vestido Básica,Vestido,Branca,G,1,38.68,0.0,38.68,Cartão de Crédito,Online,45.0,17
8533,2026-07-30,09:45,173,Camiseta Esporte,Camiseta,Preta,P,4,183.66,36.73,697.91,PIX,Online,437.0,13
8534,2026-07-24,18:45,107,Bermuda Slim,Bermuda,Rosa,M,1,304.94,0.0,304.94,Cartão de Crédito,Online,590.0,9
8535,2026-07-24,19:00,11,Calça Básica,Calça,Verde,G,2,112.35,22.47,202.23,Dinheiro,Física,546.0,17
8536,2026-07-26,16:45,92,Vestido Básica,Vestido,Cinza,G,1,146.37,0.0,146.37,Cartão de Débito,Física,332.0,2
8537,2026-03-18,18:30,84,Blusa X,Blusa,Branca,M,3,91.15,0.0,273.45,Pix,Física,392.0,25
8538,2026-09-05,17:00,73,Calça X,Calça,Azul,M,4,313.28,125.31,1127.81,Dinheiro,Online,384.0,3
8539,2026-03-09,11:30,94,Blusa X,Blusa,Azul,GG,3,310.47,0.0,931.41,Crediário,Online,541.0,24
8540,2026-07-13,16:45,161,Camiseta X,Camiseta,Branca,GG,1,168.83,8.44,160.39,PIX,Física,507.0,19
8541,2026-06-21,12:00,51,Blusa Premium,Blusa,Branca,P,1,122.21,12.22,109.99,PIX,Física,127.0,25
8542,2026-05-03,17:15,114,Camiseta Social,Camiseta,Verde,GG,1,330.12,0.0,330.12,Cartão de Crédito,Física,238.0,1
8543,2026-09-28,09:30,111,Blusa Esporte,Blusa,Verde,M,4,279.57,167.74,950.54,PIX,Física,123.0,20
8544,2026-03-25, 11:45 ,179,Calça Social,Calça,Cinza,P,1,214.89,21.49,193.4,PIX,Física,283.0,5
8545,2026-05-20,18:45,68,Acessório Casual,Acessório,Branca,P,4,212.83,0.0,851.32,Cartão de Débito,Online,123.0,22
8546,2026-08-25,16:15,178,Blusa Slim,Blusa,Rosa,G,1,281.67,42.25,239.42,Crediário,Online,333.0,21
8547,2026-03-13,19:30,177,Camiseta Slim,Camiseta,Vermelha,G,2,63.08,12.62,113.54,Cartão de Débito,Online,418.0,21
8548,2026-05-30,15:00,150,Camiseta Casual,Camiseta,Cinza,GG,2,216.84,65.05,368.63,Cartão de Crédito,Física,467.0,8
8549,2026-04-19,14:30,56,Camiseta Social,Camiseta,Verde,M,1,252.29,37.84,214.45,Cartão de Débito,Física,142.0,8
8550,2026-09-25,21:45,89,Acessório Premium,Acessório,Vermelha,GG,2,62.97,0.0,125.94,Cartão de Crédito,Online,537.0,1
8551,2026-09-15,10:00,142,Vestido Esporte,Vestido,Branca,GG,2,142.68,0.0,285.36,Cartão de Débito,Física,205.0,19
8552,2026-03-23,18:30,57,Calça Casual,Calça,Verde,GG,1,86.79,0.0,86.79,Cartão de Débito,Física,328.0,6
8553,2026-06-26,15:15,34,Blusa Casual,Blusa,Preta,GG,3,206.43,61.93,557.36,CARTÃO DE CRÉDITO,Online,55455.0,7
8554,23/07/26,20:45,57,Calça Casual,Calça,Verde,GG,4,86.79,0.0,347.16,PIX,Física,303.0,14
8555,2026-04-12,13:30,55,Vestido Premium,Vestido,Branca,M,4,126.12,50.45,454.03,PIX,Online,447.0,7
8556,2026-04-29,15:30,79,Vestido Slim,Vestido,Verde,GG,2,29.96,5.99,53.93,Cartão de Débito,Física,479.0,1
8557,2026-05-05,20:45,144,Blusa X,Blusa,Verde,G,1,297.99,0.0,297.99,PIX,Online,210.0,24
8558,2026-07-14,12:15,81,Calça Básica,Calça,Rosa,G,3,188.91,28.34,538.39,Cartão de Débito,Online,566.0,8
8559,2026-08-08,15:00,114,Camiseta Social,Camiseta,Verde,GG,4,330.12,0.0,1320.48,Cartão de Débito,Online,121.0,8
8560,2026-07-22,18:00,16,Bermuda Esporte,Bermuda,Branca,M,2,242.53,24.25,460.81,Cartão de Crédito,Física,159.0,3
8561,2026-06-24,10:30,48,Camiseta Básica,Camiseta,Cinza,GG,3,63.03,0.0,189.09,CARTÃO DE DÉBITO,Online,490.0,7
8562,2026-06-08,16:15,113,Jaqueta Premium,Jaqueta,Rosa,M,4,196.9,39.38,748.22,Cartão de Débito,Online,,10
8563,2026-05-05,14:15,39,Blusa X,Blusa,Vermelha,P,3,80.38,12.06,"R$ 229,08",Cartão de Crédito,Física,56.0,14
8564,2026-05-20,10:45,136,Bermuda Slim,Bermuda,Verde,P,1,232.34,11.62,220.72,Cartão de Crédito,Online,312.0,13
8565,2026-06-19,14:45,137,Jaqueta Básica,Jaqueta,Cinza,GG,1,124.46,18.67,105.79,PIX,Online,265.0,19
8566,2026-07-03,19:45,141,Bermuda Slim,Bermuda,Vermelha,GG,2,162.9,0.0,"R$ 325,80",Cartão de Crédito,Online,136.0,20
8567,2026-07-13,17:00,180,Acessório X,Acessório,Verde,GG,4,108.79,65.27,"R$ 369,89",Cartão de Crédito,Online,578.0,12
8568,2026-06-17,19:45,137,Jaqueta Básica,Jaqueta,Cinza,GG,1,124.46,0.0,124.46,Cartão de Débito,Física,76.0,13
8569,2026-06-17,09:00,66,Vestido Básica,Vestido,Preta,GG,2,195.93,0.0,391.86,PIX,Física,552.0,4
8570,2026-06-24,10:45,64,Blusa Slim,Blusa,Cinza,G,4,307.95,61.59,1170.21,Dinheiro,Física,542.0,8
8571,2026-07-12,19:15,113,Jaqueta Premium,Jaqueta,Rosa,M,4,196.9,0.0,787.6,Cartão de Débito,Online,173.0,2
8572,2026-04-21,10:30,139,Jaqueta X,Jaqueta,Preta,M,3,172.53,0.0,517.59,Cartão de Débito,Online,146.0,19
8573,2026-05-27,16:00,100,Calça Social,Calça,Preta,M,4,133.29,0.0,533.16,Cartão de Crédito,Física,,2
8574,2026-04-19,18:30,45,Jaqueta Social,Jaqueta,Preta,P,2,105.9,0.0,211.8,PIX,Física,31.0,21
8575,2026-08-20,14:45,144,Blusa X,Blusa,Verde,G,3,297.99,0.0,893.97,PIX,Online,47.0,23
8576,2026-08-14,21:30,82,Bermuda Social,Bermuda,Azul,M,2,325.21,0.0,650.42,Dinheiro,Física,69.0,4
8577,20/08/2026,15:45,66,Vestido Básica,Vestido,Preta,GG,1,195.93,0.0,"R$ 195,93",Dinheiro,Física,413.0,13
8578,2026-09-10,18:15,43,Bermuda Premium,Bermuda,Preta,GG,3,144.6,21.69,412.11,Cartão de Débito,Online,478.0,7
8579,2026-04-12,17:30,80,Camiseta Básica,Camiseta,Cinza,M,3,179.41,53.82,484.41,PIX,Online,305.0,8
8580,2026-07-29,13:45,7,Acessório X,Acessório,Vermelha,GG,4,160.81,0.0,643.24,Cartão de Crédito,Online,463.0,15
8581,2026-08-01,20:15,38,Acessório Esporte,Acessório,Rosa,P,2,113.5,34.05,192.95,PIX,Física,593.0,4
8582,2026-08-06,14:30,54,Bermuda Social,Bermuda,Cinza,G,2,115.21,11.52,218.9,Cartão de Débito,Online,368.0,6
8583,2026-08-27,09:15,14,Bermuda Esporte,Bermuda,Verde,GG,1,113.16,11.32,101.84,Cartão de Débito,Física,530.0,23
8584,2026-07-22,11:45,148,Vestido Slim,Vestido,Rosa,G,1,213.53,10.68,202.85,Cartão de Crédito,Física,449.0,24
8585,2026-03-26,16:00,35,Blusa Premium,Blusa,Preta,P,4,314.35,125.74,1131.66,Cartão de Crédito,Online,102.0,9
8586,2026-05-23,09:00,117,Vestido Premium,Vestido,Cinza,M,3,81.36,24.41,219.67,Dinheiro,Física,138.0,9
8587,2026-03-23,14:15,100,Calça Social,Calça,Preta,M,3,133.29,59.98,339.89,Crediário,Online,539.0,2
8588,2026-09-14,11:45,27,Camiseta Casual,Camiseta,Vermelha,P,1,287.37,0.0,287.37,Dinheiro,Online,353.0,11
8589,2026-09-07,11:45,101,Jaqueta Casual,Jaqueta,Verde,M,2,263.03,26.3,499.76,Cartão de Crédito,Online,335.0,19
8590,2026-03-05,19:15,86,Blusa Social,Blusa,Azul,P,2,56.25,16.88,95.62,Cartão de Crédito,Física,237.0,7
8591,2026-05-13,17:15,165,Calça Casual,Calça,Rosa,G,4,158.71,0.0,634.84,PIX,Física,594.0,2
8592,2026-08-11,14:00,118,Bermuda Premium,Bermuda,Verde,G,1,289.27,28.93,260.34,Crediário,Física,,23
8593,2026-05-15,18:15,55,Vestido Premium,Vestido,Branca,M,3,126.12,56.75,321.61,crediário,Física,194.0,16
8594,2026-08-06,14:15,33,Camiseta Esporte,Camiseta,Verde,G,4,238.32,47.66,905.62,Cartão de Débito,Física,119.0,8
8595,2026-03-07,11:30,95,Bermuda X,Bermuda,Cinza,G,4,275.07,55.01,1045.27,Cartão de Débito,Física,307.0,6
8596,2026-03-21,13:45,117,Vestido Premium,Vestido,Cinza,M,2,81.36,0.0,162.72,Cartão de Crédito,Online,302.0,12
8597,2026-03-06,15:15,180,Acessório X,Acessório,Verde,GG,3,108.79,16.32,310.05,PIX,Física,156.0,3
8598,2026-08-06,11:30,126,Calça Casual,Calça,Vermelha,G,3,275.71,0.0,827.13,Cartão de Crédito,Física,537.0,2
8599,2026-04-28,19:30,88,Bermuda X,Bermuda,Rosa,G,1,55.13,8.27,46.86,Cartão de Crédito,Online,164.0,2
8600,2026-09-14,21:00,130,Bermuda Slim,Bermuda,Verde,G,2,139.82,0.0,279.64,Cartão de Crédito,Online,526.0,24
8601,2026-07-10,18:45,129,Acessório X,Acessório,Branca,M,3,84.81,38.16,216.27,Cartão de Débito,Física,345.0,7
8602,2026-07-14,19:45,91,Acessório Casual,Acessório,Rosa,M,4,274.86,0.0,1099.44,PIX,Online,25.0,14
8603,2026-08-23,16:30,133,Jaqueta Social,Jaqueta,Branca,P,1,168.42,25.26,143.16,PIX,Online,58597.0,2
8604,2026-09-15,13:30,75,Bermuda Premium,Bermuda,Cinza,G,4,129.65,77.79,440.81,Cartão de Crédito,Online,573.0,9
8605,2026-03-08,21:15,115,Vestido Básica,Vestido,Vermelha,GG,2,108.11,32.43,183.79,Cartão de Débito,Online,332.0,16
8606,2026-06-20,09:30,58,Blusa X,Blusa,Branca,P,2,215.52,43.1,387.94,Cartão de Crédito,Online,311.0,22
8607,2026-03-07,09:45,73,Calça X,Calça,Azul,M,3,313.28,93.98,845.86,PIX,Online,458.0,3
8608,2026-08-24,13:45,21,Bermuda Social,Bermuda,Branca,GG,2,301.4,0.0,602.8,Dinheiro,Física,163.0,21
8609,2026-08-19,17:45,33,Camiseta Esporte,Camiseta,Verde,G,1,238.32,0.0,238.32,Cartão de Crédito,Física,244.0,1
8610,2026-05-19,17:45,49,Calça Esporte,Calça,Preta,P,2,264.21,0.0,528.42,Pix,Online,554.0,19
8611,2026-06-17,13:15,136,Bermuda Slim,Bermuda,Verde,P,1,232.34,0.0,232.34,PIX,Online,164.0,12
8612,2026-08-09,17:00,11,Calça Básica,Calça,Verde,G,1,112.35,16.85,95.5,Cartão de Crédito,Física,315.0,15
8613,2026-04-11,20:30,69,Camiseta Básica,Camiseta,Branca,M,3,71.3,0.0,213.9,Cartão de Crédito,Online,519.0,15
8614,2026-09-24,19:15,176,Vestido Esporte,Vestido,Vermelha,M,1,227.13,22.71,204.42,PIX,Online,207.0,1
8615,2026-08-10,15:45,45,Jaqueta Social,Jaqueta,Preta,P,2,105.9,10.59,201.21,Cartão de Débito,Física,128.0,19
8616,15-08-2026,15:45,43,Bermuda Premium,Bermuda,Preta,GG,4,144.6,86.76,491.64,Cartão de Débito,Online,530.0,22
8617,2026-08-01,19:30,118,Bermuda Premium,Bermuda,Verde,G,2,289.27,0.0,578.54,PIX,Online,460.0,25
8618,2026-06-12,19:30,99,Camiseta Slim,Camiseta,Rosa,G,1,178.5,0.0,178.5,Cartão de Débito,Física,378.0,13
8619,2026-07-25,15:00,132,Acessório Esporte,Acessório,Rosa,P,3,45.67,0.0,137.01,PIX,Física,287.0,15
8620,2026-04-09,14:30,81,Calça Básica,Calça,Rosa,G,2,188.91,0.0,377.82,Dinheiro,Física,177.0,3
8621,02/09/2026,15:45,149,Vestido Básica,Vestido,Cinza,GG,4,67.2,0.0,268.8,Cartão de Crédito,Online,142.0,23
8622,2026-07-13,16:00,27,Camiseta Casual,Camiseta,Vermelha,P,3,287.37,0.0,"R$ 862,11",Cartão de Crédito,Online,,7
8623,2026-03-04,18:30,164,Blusa Premium,Blusa,Preta,G,4,175.34,0.0,701.36,Cartão de Débito,Online,315.0,11
8624,2026-04-16,12:00,18,Acessório Básica,Acessório,Azul,M,-2,242.78,0.0,"R$ 971,12",Crediário,Física,258.0,3
8625,2026-06-19,09:30,36,Jaqueta X,Jaqueta,Rosa,GG,4,109.13,0.0,436.52,Crediário,Online,283.0,14
8626,2026-04-28,15:00,103,Acessório Esporte,Acessório,Verde,M,4,142.1,28.42,539.98,PIX,Online,187.0,3
8627,2026-05-05,15:15,18,Acessório Básica,Acessório,Azul,M,4,242.78,145.67,825.45,PIX,Online,433.0,14
8628,2026-07-22,19:45,128,Acessório X,Acessório,Verde,G,4,38.26,15.3,137.74,Cartão de Débito,Online,461.0,15
8629,2026-03-10,09:00,132,Acessório Esporte,Acessório,Rosa,P,1,45.67,0.0,"45,67",Cartão de Débito,Online,78.0,5
8630,2026-07-14,17:00,151,Vestido Social,Vestido,Cinza,P,3,305.13,45.77,"R$ 869,62",Cartão de Débito,Física,556.0,2
8631,2026-05-15,09:45,127,Bermuda X,Bermuda,Azul,M,2,269.31,0.0,538.62,Cartão de Débito,Física,382.0,21
8632,2026-07-09,13:45,94,Blusa X,Blusa,Azul,GG,3,310.47,93.14,"838,27",Cartão de Débito,Online,571.0,5
8633,2026-05-18,15:00,49,Calça Esporte,Calça,Preta,P,1,264.21,0.0,264.21,Cartão de Débito,Online,122.0,18
8634,2026-07-02, 13:30,71,Acessório Premium,Acessório,Rosa,GG,3,227.52,34.13,648.43,CARTÃO DE CRÉDITO,Online,,21
8635,2026-08-04,17:30,148,Vestido Slim,Vestido,Rosa,G,2,213.53,21.35,405.71,Crediário,Física,221.0,5
8636,2026-04-07,20:00,10,Camiseta Social,Camiseta,Azul,G,1,281.48,0.0,281.48,Cartão de Crédito,Física,294.0,6
8637,2026-03-16,21:00,176,Vestido Esporte,Vestido,Vermelha,M,2,227.13,0.0,454.26,Cartão de Débito,Física,330.0,12
8638,2026-03-30,10:15,88,Bermuda X,Bermuda,Rosa,G,1,55.13,0.0,55.13,Cartão de Crédito,Online,381.0,4
8639,2026-04-19,13:30,38,Acessório Esporte,Acessório,Rosa,P,1,113.5,17.02,96.48,PIX,Física,444.0,20
8640,2026-09-19,11:15,28,Bermuda Premium,Bermuda,Vermelha,GG,2,57.16,0.0,114.32,Cartão de Débito,Online,449.0,10
8641,2026-03-12,13:15,49,Calça Esporte,Calça,Preta,P,2,264.21,52.84,475.58,PIX,Online,307.0,20
8642,2026-09-29,10:15,172,Camiseta Premium,Camiseta,Rosa,G,3,289.13,43.37,824.02,Cartão de Crédito,Física,525.0,4
8643,2026-04-27,20:30,42,Calça Casual,Calça,Verde,G,4,245.94,0.0,983.76,PIX,Online,,12
8644,2026-07-03,20:15,99,Camiseta Slim,Camiseta,Rosa,G,3,178.5,53.55,481.95,Dinheiro,Física,17.0,14
8645,2026-09-03,12:30,68,Acessório Casual,Acessório,Branca,P,3,212.83,95.77,542.72,PIX,Física,63.0,22
8646,2026-03-11,11:30,3,Vestido Esporte,Vestido,Azul,GG,4,51.13,30.68,173.84,PIX,Física,13.0,2
8647,2026-06-01,10:00  ,103,Acessório Esporte,Acessório,Verde,M,4,142.1,0.0,568.4,PIX,Online,370.0,18
8648,22-07-2026,14:00,142,Vestido Esporte,Vestido,Branca,GG,2,142.68,0.0,285.36,Cartão de Crédito,Física,206.0,9
8649,2026-07-21,11:00,122,Calça Social,Calça,Azul,M,4,77.6,31.04,279.36,Cartão de Débito,Física,405.0,4
8650,2026-09-24,12:30,120,Camiseta Básica,Camiseta,Rosa,G,2,304.19,0.0,608.38,Cartão de Crédito,Online,288.0,19
8651,2026-03-24,21:45,55,Vestido Premium,Vestido,Branca,M,4,126.12,25.22,479.26,PIX,Física,48.0,23
8652,2026-05-02,11:45,137,Jaqueta Básica,Jaqueta,Cinza,GG,1,124.46,0.0,124.46,DINHEIRO,Física,65.0,20
8653,2026-08-09,17:00,94,Blusa X,Blusa,Azul,GG,2,310.47,0.0,620.94,Cartão de Crédito,Online,560.0,11
8654,2026-06-28,15:30,24,Blusa Esporte,Blusa,Preta,M,1,315.76,0.0,315.76,Crediário,Física,203.0,17
8655,2026-08-29,20:15,72,Camiseta Casual,Camiseta,Rosa,P,1,280.68,28.07,"252,61",Dinheiro,Física,536.0,25
8656,2026-08-15,18:00,137,Jaqueta Básica,Jaqueta,Cinza,GG,4,124.46,0.0,497.84,Cartão de Débito,Online,125.0,20
8657,2026-09-01,11:00,125,Vestido X,Vestido,Verde,M,1,114.2,0.0,114.2,PIX,Física,,8
8658,2026-04-16,11:00,150,Camiseta Casual,Camiseta,Cinza,GG,3,216.84,0.0,650.52,Crediário,Online,236.0,19
8659,2026-08-08,15:00,8,Bermuda Básica,Bermuda,Rosa,P,2,301.95,90.58,513.32,Cartão de Débito,Física,194.0,12
8660,2026-03-15,15:45,16,Bermuda Esporte,Bermuda,Branca,M,1,242.53,12.13,230.4,Cartão de Débito,Online,252.0,21
8661,2026-04-21,11:30,32,Acessório Social,Acessório,Azul,G,3,324.96,0.0,974.88,Cartão de Débito,Física,44.0,14
8662,2026-07-22, 16:30,14,Bermuda Esporte,Bermuda,Verde,GG,3,113.16,16.97,322.51,PIX,Física,394.0,25
8663,2026-06-02,18:45,13,Blusa Básica,Blusa,Verde,G,3,276.45,0.0,829.35,PIX,Online,222.0,22
8664,2026-04-25,14:15,118,Bermuda Premium,Bermuda,Verde,G,3,289.27,86.78,781.03,Crediário,Online,302.0,17
8665,2026-07-25,10:30,139,Jaqueta X,Jaqueta,Preta,M,2,172.53,51.76,293.3,Dinheiro,Online,115.0,2
8666,2026-09-26,09:30,63,Bermuda Social,Bermuda,Azul,M,1,250.51,12.53,237.98,Crediário,Física,450.0,18
8667,2026-08-06,19:45,64,Blusa Slim,Blusa,Cinza,G,4,307.95,184.77,1047.03,PIX,Física,17.0,3
8668,2026-09-21,18:30,38,Acessório Esporte,Acessório,Rosa,P,2,113.5,11.35,215.65,Cartão de Débito,Online,,22
8669,2026-04-07,10:30,39,Blusa X,Blusa,Vermelha,P,3,80.38,0.0,241.14,Cartão de Débito,Online,66.0,17
8670,2026-05-02,09:15,48,Camiseta Básica,Camiseta,Cinza,GG,1,63.03,6.3,56.73,Cartão de Crédito,Física,308.0,19
8671,2026-07-29,14:15,117,Vestido Premium,Vestido,Cinza,M,3,81.36,24.41,219.67,Cartão de Crédito,Online,,23
8672,2026-09-09,19:30,44,Acessório Esporte,Acessório,Preta,M,2,211.07,21.11,401.03,Dinheiro,Online,164.0,25
8673,2026-05-17,20:00,40,Jaqueta Premium,Jaqueta,Branca,G,2,59.14,0.0,118.28,Cartão de Crédito,Online,575.0,9
8674,2026-09-28,13:15,105,Calça Premium,Calça,Vermelha,GG,1,53.58,0.0,53.58,Cartão de Crédito,Física,95.0,23
8675,2026-09-07,12:45,112,Bermuda Premium,Bermuda,Rosa,GG,2,93.18,18.64,167.72,Cartão de Débito,Física,394.0,22
8676,2026-05-27, 16:45,111,Blusa Esporte,Blusa,Verde,M,2,279.57,83.87,475.27,Dinheiro,Física,9.0,23
8677,2026-06-21,16:15,144,Blusa X,Blusa,Verde,G,4,297.99,0.0,"1.191,96",Cartão de Crédito,Online,227.0,3
8678,2026-05-05,12:00,28,Bermuda Premium,Bermuda,Vermelha,GG,4,57.16,0.0,228.64,Cartão de Débito,Online,510.0,20
8679,2026-04-04,15:30,131,Jaqueta X,Jaqueta,Azul,P,3,192.39,57.72,519.45,Cartão de Débito,Online,521.0,13
8680,13/05/2026,19:15,129,Acessório X,Acessório,Branca,M,1,84.81,12.72,72.09,Dinheiro,Online,17.0,7
8681,2026-05-08,15:15,77,Blusa Básica,Blusa,Preta,M,1,29.9,0.0,29.9,Cartão De Débito,Física,430.0,22
8682,2026-07-28,15:00,74,Bermuda Esporte,Bermuda,Branca,M,2,290.34,0.0,580.68,pix,Física,598.0,19
8683,2026-07-20,09:00,33,Camiseta Esporte,Camiseta,Verde,G,1,238.32,35.75,202.57,PIX,Online,,5
8684,2026-06-02,16:15,128,Acessório X,Acessório,Verde,G,2,38.26,11.48,65.04,Cartão De Débito,Online,411.0,17
8685,2026-09-23,18:45,42,Calça Casual,Calça,Verde,G,3,245.94,0.0,737.82,Dinheiro,Física,496.0,8
8686,2026-05-02,14:45,75,Bermuda Premium,Bermuda,Cinza,G,2,129.65,38.9,220.4,Cartão de Débito,Física,395.0,1
8687,2026-09-20,16:15,9,Acessório X,Acessório,Preta,M,3,51.84,0.0,155.52,Cartão de Débito,Física,353.0,15
8688,2026-04-11,10:00,64,Blusa Slim,Blusa,Cinza,G,1,307.95,30.8,277.15,Cartão de Crédito,Online,424.0,22
8689,2026-03-02,17:00,89,Acessório Premium,Acessório,Vermelha,GG,2,62.97,6.3,119.64,Cartão de Crédito,Online,390.0,13
8690,2026-06-03,19:45,41,Vestido X,Vestido,Verde,M,2,38.61,0.0,77.22,pix,Física,268.0,22
8691,2026-04-29,21:30,45228,Bermuda Slim,Bermuda,Verde,G,1,139.82,0.0,139.82,Cartão de Débito,Física,545.0,24
8692,2026-06-10,10:15,56,Camiseta Social,Camiseta,Verde,M,4,252.29,0.0,1009.16,Crediário,Online,24.0,4
8693,2026-08-20,21:15,101,Jaqueta Casual,Jaqueta,Verde,M,2,263.03,26.3,499.76,Cartão de Crédito,Física,271.0,2
8694,2026-07-19,20:15,24,Blusa Esporte,Blusa,Preta,M,3,315.76,0.0,947.28,PIX,Física,204.0,5
8695,2026-04-29,14:15,150,Camiseta Casual,Camiseta,Cinza,GG,1,216.84,0.0,216.84,Crediário,Física,264.0,19
8696,01-08-2026,19:00,55,Vestido Premium,Vestido,Branca,M,2,126.12,0.0,252.24,Cartão de Débito,Online,160.0,13
8697,2026-05-01,17:45,162,Acessório Esporte,Acessório,Preta,P,1,314.53,0.0,314.53,PIX,Online,391.0,25
8698,2026-05-03,19:00,50,Blusa Básica,Blusa,Azul,G,3,124.43,18.66,354.63,Dinheiro,Online,534.0,9
8699,2026-09-16,14:30,158,Jaqueta Premium,Jaqueta,Rosa,GG,1,91.13,4.56,86.57,Dinheiro,Física,118.0,14
8700,2026-07-21,18:15,22,Bermuda Social,Bermuda,Vermelha,GG,4,213.75,85.5,769.5,Cartão de Débito,Física,329.0,16
8701,2026-06-25,21:45,88,Bermuda X,Bermuda,Rosa,G,2,55.13,0.0,110.26,PIX,Online,341.0,20
8702,2026-06-12,09:30,36,Jaqueta X,Jaqueta,Rosa,GG,1,109.13,0.0,109.13,PIX,Online,127.0,13
8703,2026-05-09,17:45,51,Blusa Premium,Blusa,Branca,P,2,122.21,24.44,219.98,Cartão De Débito,Física,515.0,23
8704,2026-03-23,18:45,147,Calça Premium,Calça,Preta,P,3,176.07,52.82,"475,39",Cartão de Crédito,Online,426.0,3
8705,2026-07-06,09:00,81,Calça Básica,Calça,Rosa,G,1,188.91,28.34,160.57,Cartão de Crédito,Online,66.0,25
8706,2026-06-01,19:00,43,Bermuda Premium,Bermuda,Preta,GG,1,144.6,0.0,144.6,PIX,Online,275.0,11
8707,12-08-2026,11:45,75,Bermuda Premium,Bermuda,Cinza,G,1,129.65,0.0,129.65,Cartão de Débito,Física,320.0,24
8708,2026-03-30,12:30,108,Jaqueta X,Jaqueta,Azul,G,1,84.3,0.0,84.3,PIX,Física,247.0,23
8709,2026-04-30,14:45,152,Jaqueta Premium,Jaqueta,Verde,M,4,208.59,41.72,792.64,Cartão de Crédito,Online,268.0,13
8710,2026-07-05,10:30,47,Blusa Esporte,Blusa,Vermelha,M,3,85.46,38.46,217.92,Cartão de Crédito,Online,458.0,23
8711,2026-09-30,20:15,150,Camiseta Casual,Camiseta,Cinza,GG,2,216.84,21.68,412.0,Cartão de Débito,Online,373.0,8
8712,2026-06-17,17:15,179,Calça Social,Calça,Cinza,P,4,214.89,0.0,859.56,Cartão de Crédito,Física,509.0,21
8713,2026-08-14,11:15,84,Blusa X,Blusa,Branca,M,4,91.15,36.46,328.14,Cartão de Crédito,Online,139.0,21
8714,2026-06-02,21:15,17,Acessório Slim,Acessório,Azul,M,3,102.24,46.01,260.71,Dinheiro,Física,401.0,5
8715,2026-05-09,20:00,173,Camiseta Esporte,Camiseta,Preta,P,4,183.66,0.0,734.64,Cartão de Débito,Física,249.0,21
8716,2026-06-09,10:30,8,Bermuda Básica,Bermuda,Rosa,P,3,301.95,0.0,905.85,Crediário,Física,388.0,20
8717,2026-04-24,09:00,152,Jaqueta Premium,Jaqueta,Verde,M,3,208.59,31.29,"594,48",Cartão de Crédito,Física,220.0,12
8718,2026-06-06,17:45,86,Blusa Social,Blusa,Azul,P,2,56.25,11.25,101.25,Dinheiro,Física,95.0,25
8719,2026-05-31,16:45,48,Camiseta Básica,Camiseta,Cinza,GG,1,63.03,3.15,59.88,Dinheiro,Online,122.0,10
8720,2026-05-22,19:30,179,Calça Social,Calça,Cinza,P,4,214.89,85.96,773.6,Cartão de Débito,Física,338.0,1
8721,2026-05-28,10:30  ,105,Calça Premium,Calça,Vermelha,GG,2,53.58,0.0,107.16,PIX,Física,269.0,25
8722,2026-05-24,10:30,83,Bermuda Básica,Bermuda,Cinza,M,-2,344.51,155.03,878.5,Crediário,Online,27.0,22
8723,2026-05-25,09:30  ,123,Camiseta Básica,Camiseta,Preta,P,3,195.44,58.63,527.69,Cartão de Crédito,Física,559.0,18
8724,2026-05-11,12:30,156,Calça Esporte,Calça,Cinza,P,2,179.11,0.0,358.22,PIX,Online,523.0,8
8725,2026-05-25,13:00,8,Bermuda Básica,Bermuda,Rosa,P,1,301.95,45.29,256.66,Cartão de Débito,Online,554.0,3
8726,2026-06-11,14:45,39,Blusa X,Blusa,Vermelha,P,1,80.38,4.02,76.36,Dinheiro,Física,536.0,20
8727,2026-06-08,15:45,179,Calça Social,Calça,Cinza,P,2,214.89,0.0,429.78,Cartão de Débito,Online,449.0,4
8728,2026-08-13,21:30,71,Acessório Premium,Acessório,Rosa,GG,1,227.52,0.0,227.52,PIX,Física,272.0,4
8729,2026-04-12,10:15,81,Calça Básica,Calça,Rosa,G,2,188.91,18.89,358.93,Crediário,Online,53.0,11
8730,2026-03-21,21:45,172,Camiseta Premium,Camiseta,Rosa,G,1,289.13,0.0,289.13,Crediário,Física,,7
8731,2026-09-07,19:15,67,Vestido Premium,Vestido,Preta,G,4,60.66,24.26,218.38,PIX,Física,80.0,21
8732,2026-08-08,09:30,149,Vestido Básica,Vestido,Cinza,GG,4,67.2,0.0,268.8,Cartão de Crédito,Online,343.0,16
8733,2026-05-02,12:30,27,Camiseta Casual,Camiseta,Vermelha,P,4,287.37,0.0,"R$ 1.149,48",Cartão De Débito,Online,497.0,12
8734,2026-05-24,10:00,122,Calça Social,Calça,Azul,M,1,77.6,7.76,69.84,Cartão de Crédito,Online,477.0,5
8735,2026-04-23,18:45,16,Bermuda Esporte,Bermuda,Branca,M,1,242.53,0.0,"R$ 242,53",Cartão de Débito,Online,422.0,24
8736,2026-07-30,13:45,13,Blusa Básica,Blusa,Verde,G,2,276.45,0.0,552.9,Cartão de Débito,Física,288.0,23
8737,2026-08-25,13:45,87,Camiseta Casual,Camiseta,Cinza,P,4,273.14,163.88,928.68,PIX,Online,41.0,8
8738,2026-04-17,19:00,64,Blusa Slim,Blusa,Cinza,G,3,307.95,0.0,923.85,Cartão de Crédito,Física,566.0,22
8739,2026-03-18,14:15,161,Camiseta X,Camiseta,Branca,GG,2,168.83,50.65,287.01,Cartão de Débito,Online,132.0,25
8740,2026-04-15,20:45,86,Blusa Social,Blusa,Azul,P,1,56.25,0.0,56.25,PIX,Online,132.0,18
8741,2026-07-13,21:00,18,Acessório Básica,Acessório,Azul,M,2,242.78,0.0,485.56,PIX,Física,,22
8742,2026-05-17, 21:45 ,82,Bermuda Social,Bermuda,Azul,M,1,325.21,16.26,308.95,Cartão de Débito,Física,297.0,13
8743,2026-04-23,21:45,56,Camiseta Social,Camiseta,Verde,M,1,252.29,25.23,227.06,PIX,Física,416.0,25
8744,2026-07-28,14:45,161,Camiseta X,Camiseta,Branca,GG,3,168.83,0.0,506.49,Crediário,Online,494.0,9
8745,2026-08-26,19:15,174,Calça Slim,Calça,Cinza,M,4,34.1,6.82,129.58,Cartão de Crédito,Física,14.0,24
8746,2026-09-25,15:00,143,Bermuda Casual,Bermuda,Rosa,G,-2,113.47,0.0,453.88,Cartão de Débito,Física,80.0,7
8747,2026-09-10,12:00,28,Bermuda Premium,Bermuda,Vermelha,GG,2,57.16,17.15,97.17,Cartão de Crédito,Online,22.0,12
8748,2026-05-11,18:00,133,Jaqueta Social,Jaqueta,Branca,P,3,168.42,75.79,429.47,Cartão de Débito,Online,180.0,12
8749,19-07-2026,17:30,84,Blusa X,Blusa,Branca,M,2,91.15,0.0,182.3,Dinheiro,Física,502.0,19
8750,2026-05-31,14:30,66,Vestido Básica,Vestido,Preta,GG,4,195.93,117.56,666.16,Crediário,Física,432.0,6
8751,2026-06-13,16:45,112,Bermuda Premium,Bermuda,Rosa,GG,2,93.18,27.95,158.41,Cartão de Crédito,Física,59.0,20
8752,2026-03-21,14:15,96,Camiseta Casual,Camiseta,Verde,P,1,307.93,0.0,307.93,Cartão de Débito,Física,259.0,7
8753,2026-04-28,20:30,96,Camiseta Casual,Camiseta,Verde,P,4,307.93,123.17,1108.55,Cartão de Débito,Online,353.0,15
8754,2026-07-11,14:00,141,Bermuda Slim,Bermuda,Vermelha,GG,3,162.9,0.0,488.7,Cartão de Crédito,Online,511.0,24
8755,2026-09-19,19:00,86,Blusa Social,Blusa,Azul,P,3,56.25,16.88,151.87,Cartão de Crédito,Online,257.0,18
8756,2026-06-26,17:15,113,Jaqueta Premium,Jaqueta,Rosa,M,2,196.9,0.0,393.8,PIX,Física,452.0,21
8757,2026-06-11,20:45,147,Calça Premium,Calça,Preta,P,4,176.07,0.0,704.28,Cartão de Débito,Online,61.0,25
8758,2026-09-22,12:00,25,Calça Básica,Calça,Rosa,GG,2,346.73,0.0,693.46,Cartão de Débito,Online,569.0,16
8759,2026-06-04,16:45,137,Jaqueta Básica,Jaqueta,Cinza,GG,4,124.46,0.0,497.84,Cartão de Débito,Online,358.0,17
8760,2026-07-01,17:00,162,Acessório Esporte,Acessório,Preta,P,2,314.53,0.0,629.06,Cartão de Débito,Online,455.0,1
8761,2026-05-24,12:30,74,Bermuda Esporte,Bermuda,Branca,M,3,290.34,87.1,783.92,PIX,Física,195.0,13
8762,09-03-2026,10:45,13,Blusa Básica,Blusa,Verde,G,1,276.45,0.0,276.45,Cartão de Crédito,Física,591.0,19
8763,2026-08-04,19:45,173,Camiseta Esporte,Camiseta,Preta,P,1,183.66,18.37,165.29,PIX,Online,93.0,24
8764,2026-04-25,15:30,55,Vestido Premium,Vestido,Branca,M,2,126.12,0.0,"252,24",Cartão de Débito,Física,308.0,12
8765,2026-06-14,14:00,178,Blusa Slim,Blusa,Rosa,G,2,281.67,28.17,535.17,Dinheiro,Online,489.0,9
8766,2026-08-26,13:15,13,Blusa Básica,Blusa,Verde,G,2,276.45,0.0,552.9,Crediário,Física,348.0,24
8767,2026-05-06,17:30,156,Calça Esporte,Calça,Cinza,P,1,179.11,17.91,161.2,Cartão de Crédito,Física,123.0,12
8768,2026-03-18,21:00,132,Acessório Esporte,Acessório,Rosa,P,4,45.67,18.27,164.41,Cartão de Débito,Online,,5
8769,2026-04-20,13:45,156,Calça Esporte,Calça,Cinza,P,4,179.11,107.47,608.97,Cartão de Crédito,Online,,16
8770,2026-06-20,17:00,29,Blusa Básica,Blusa,Azul,P,2,287.6,0.0,575.2,Cartão de Débito,Online,372.0,9
8771,2026-07-01,11:15,83,Bermuda Básica,Bermuda,Cinza,M,4,344.51,68.9,1309.14,PIX,Física,261.0,5
8772,08/09/26,18:00,60,Blusa Premium,Blusa,Azul,GG,1,177.54,26.63,150.91,PIX,Online,438.0,22
8773,2026-03-08,11:45,163,Blusa Esporte,Blusa,Rosa,GG,1,291.86,0.0,291.86,Cartão de Crédito,Física,459.0,21
8774,2026-07-26,09:00,36,Jaqueta X,Jaqueta,Rosa,GG,1,109.13,0.0,109.13,PIX,Online,517.0,25
8775,2026-06-08,11:00,69,Camiseta Básica,Camiseta,Branca,M,2,71.3,7.13,135.47,Cartão de Débito,Física,253.0,9
8776,2026-04-10,13:45,116,Blusa Premium,Blusa,Branca,G,1,68.25,0.0,68.25,Dinheiro,Física,263.0,7
8777,2026-08-05,21:45,133,Jaqueta Social,Jaqueta,Branca,P,1,168.42,0.0,168.42,PIX,Online,545.0,14
8778,2026-04-24,15:45,29,Blusa Básica,Blusa,Azul,P,3,287.6,0.0,862.8,Cartão de Débito,Física,97.0,9
8779,2026-07-28,16:00,135,Bermuda Básica,Bermuda,Cinza,M,4,74.1,0.0,296.4,Crediário,Física,537.0,2
8780,2026-05-19,16:00,65,Jaqueta Casual,Jaqueta,Branca,G,1,232.93,23.29,209.64,Dinheiro,Online,447.0,6
8781,2026-09-27,12:30,84,Blusa X,Blusa,Branca,M,3,91.15,13.67,259.78,Crediário,Online,206.0,13
8782,2026-05-17,17:00,47,Blusa Esporte,Blusa,Vermelha,M,4,85.46,34.18,307.66,Cartão de Crédito,Física,588.0,1
8783,2026-07-19,21:00,169,Camiseta Premium,Camiseta,Branca,GG,4,137.47,0.0,549.88,Cartão de Crédito,Online,,21
8784,2026-03-23,10:00,25,Calça Básica,Calça,Rosa,GG,4,346.73,69.35,1317.57,PIX,Online,55.0,3
8785,2026-09-19,19:45,13,Blusa Básica,Blusa,Verde,G,1,276.45,13.82,262.63,Cartão de Débito,Online,28.0,1
8786,2026-06-27,18:45  ,175,Jaqueta Slim,Jaqueta,Branca,P,1,111.44,11.14,100.3,Dinheiro,Online,540.0,23
8787,2026-03-21,12:00,34,Blusa Casual,Blusa,Preta,GG,3,206.43,0.0,619.29,Cartão de Crédito,Física,275.0,18
8788,2026-07-11,13:15,11,Calça Básica,Calça,Verde,G,4,112.35,67.41,381.99,PIX,Online,163.0,19
8789,2026-06-21,18:15,47,Blusa Esporte,Blusa,Vermelha,M,4,85.46,0.0,341.84,Cartão de Crédito,Física,488.0,3
8790,2026-07-18,09:30,178,Blusa Slim,Blusa,Rosa,G,2,281.67,28.17,535.17,Cartão de Débito,Online,72.0,6
8791,2026-03-15,14:45,168,Camiseta Slim,Camiseta,Preta,GG,2,50.13,0.0,100.26,cartão de crédito,Física,373.0,19
8792,2026-08-31,18:15,3,Vestido Esporte,Vestido,Azul,GG,4,51.13,30.68,173.84,PIX,Física,172.0,25
8793,2026-04-15,15:30,109,Camiseta Esporte,Camiseta,Branca,GG,1,227.45,11.37,216.08,Cartão de Crédito,Física,455.0,8
8794,2026-06-14,12:00,148,Vestido Slim,Vestido,Rosa,G,4,213.53,85.41,768.71,Crediário,Online,,5
8795,2026-03-11,12:00,178,Blusa Slim,Blusa,Rosa,G,3,281.67,0.0,845.01,Cartão de Crédito,Online,381.0,5
8796,2026-07-27,12:45,107,Bermuda Slim,Bermuda,Rosa,M,2,304.94,60.99,548.89,Crediário,Online,271.0,24
8797,2026-07-12,13:30,6,Acessório Casual,Acessório,Rosa,GG,2,309.17,61.83,556.51,Cartão de Crédito,Online,505.0,16
8798,2026-06-16,13:30,15,Bermuda Básica,Bermuda,Cinza,G,3,52.05,15.61,140.54,PIX,Física,475.0,18
8799,2026-06-23,10:30,45,Jaqueta Social,Jaqueta,Preta,P,3,105.9,31.77,285.93,Cartão de Débito,Online,462.0,13
8800,2026-06-17,16:45,96,Camiseta Casual,Camiseta,Verde,P,1,307.93,0.0,307.93,Dinheiro,Física,440.0,3
8801,2026-04-07,12:45,141,Bermuda Slim,Bermuda,Vermelha,GG,1,162.9,8.15,154.75,Cartão de Débito,Física,290.0,24
8802,2026-04-18,18:45,122,Calça Social,Calça,Azul,M,4,77.6,0.0,310.4,Cartão de Crédito,Física,263.0,7
8803,2026-06-22, 14:15 ,88,Bermuda X,Bermuda,Rosa,G,1,55.13,2.76,52.37,Cartão de Crédito,Física,338.0,5
8804,2026-03-31, 13:30 ,9,Acessório X,Acessório,Preta,M,2,51.84,10.37,93.31,PIX,Física,557.0,23
8805,2026-04-19,09:15,124,Camiseta Social,Camiseta,Branca,M,4,31.01,0.0,124.04,Cartão de Crédito,Online,528.0,18
8806,2026-07-25,19:00,167,Jaqueta Slim,Jaqueta,Branca,G,4,219.14,0.0,876.56,Cartão de Crédito,Online,537.0,4
8807,2026-03-24,09:30,79,Vestido Slim,Vestido,Verde,GG,2,29.96,0.0,59.92,Cartão de Crédito,Online,73.0,25
8808,2026-08-25,17:00,129,Acessório X,Acessório,Branca,M,4,84.81,16.96,322.28,Cartão de Crédito,Física,,24
8809,2026-09-22,17:00,136,Bermuda Slim,Bermuda,Verde,P,1,232.34,11.62,220.72,PIX,Online,,7
8810,2026-06-05,14:15,31,Vestido Social,Vestido,Azul,GG,2,28.24,5.65,50.83,cartão de crédito,Física,524.0,18
8811,2026-03-28,11:00,179,Calça Social,Calça,Cinza,P,3,214.89,0.0,644.67,Cartão de Crédito,Online,276.0,20
8812,2026-04-01,11:00,102,Vestido Premium,Vestido,Vermelha,GG,1,250.72,0.0,250.72,Cartão de Débito,Online,169.0,10
8813,2026-03-26,09:15,1,Blusa Premium,Blusa,Cinza,G,3,318.6,47.79,908.01,Crediário,Física,,23
8814,2026-05-11,15:30,145,Bermuda Casual,Bermuda,Azul,GG,4,159.63,95.78,542.74,Cartão de Débito,Online,54.0,14
8815,2026-08-26,18:30,148,Vestido Slim,Vestido,Rosa,G,0,213.53,21.35,405.71,Dinheiro,Física,589.0,1
8816,2026-06-02,09:45,179,Calça Social,Calça,Cinza,P,2,214.89,0.0,429.78,PIX,Online,519.0,3
8817,2026-05-14,17:30,28,Bermuda Premium,Bermuda,Vermelha,GG,4,57.16,34.3,"194,34",Cartão de Débito,Física,,14
8818,10/04/2026,17:15,90,Jaqueta Social,Jaqueta,Rosa,M,2,340.94,68.19,613.69,Cartão de Débito,Online,329.0,5
8819,2026-07-14,11:15,75,Bermuda Premium,Bermuda,Cinza,G,1,129.65,6.48,123.17,Cartão de Crédito,Física,389.0,5
8820,2026-04-29,13:15,17,Acessório Slim,Acessório,Azul,M,-2,102.24,0.0,204.48,Cartão de Débito,Física,115.0,7
8821,2026-09-25,10:30,44,Acessório Esporte,Acessório,Preta,M,1,211.07,0.0,211.07,Dinheiro,Online,245.0,24
8822,2026-06-28,18:45,27,Camiseta Casual,Camiseta,Vermelha,P,3,287.37,86.21,775.9,Dinheiro,Física,286.0,20
8823,2026-08-25,11:15,62,Jaqueta Social,Jaqueta,Rosa,M,3,66.35,0.0,199.05,PIX,Física,85.0,14
8824,2026-04-18,09:30,145,Bermuda Casual,Bermuda,Azul,GG,2,159.63,15.96,303.3,Dinheiro,Online,194.0,19
8825,2026-05-11,19:00,55,Vestido Premium,Vestido,Branca,M,1,126.12,12.61,113.51,Cartão de Débito,Online,239.0,25
8826,2026-03-07,13:00,93,Calça Slim,Calça,Azul,G,2,328.53,0.0,657.06,PIX,Física,568.0,19
8827,2026-05-04,15:30,128,Acessório X,Acessório,Verde,G,2,38.26,7.65,68.87,PIX,Física,132.0,20
8828,2026-07-19,09:45,62,Jaqueta Social,Jaqueta,Rosa,M,3,66.35,19.9,179.15,PIX,Online,512.0,10
8829,2026-08-19,13:45,41,Vestido X,Vestido,Verde,M,2,38.61,3.86,73.36,PIX,Online,98.0,2
8830,2026-07-20,16:45,46,Bermuda Social,Bermuda,Azul,P,2,46.54,0.0,93.08,Cartão de Crédito,Online,307.0,8
8831,2026-03-13,09:30,106,Blusa Premium,Blusa,Azul,P,1,204.85,30.73,174.12,Cartão de Débito,Física,494.0,1
8832,2026-07-09,09:00  ,25,Calça Básica,Calça,Rosa,GG,2,346.73,34.67,658.79,Cartão de Crédito,Online,316.0,25
8833,2026-08-29,19:45,152,Jaqueta Premium,Jaqueta,Verde,M,4,208.59,125.15,709.21,Cartão de Crédito,Online,336.0,19
8834,2026-06-26,09:15,56,Camiseta Social,Camiseta,Verde,M,4,252.29,151.37,857.79,Dinheiro,Física,398.0,22
8835,2026-04-23,12:15,119,Calça Esporte,Calça,Branca,P,1,331.07,0.0,331.07,PIX,Física,457.0,15
8836,2026-04-16,11:45,176,Vestido Esporte,Vestido,Vermelha,M,2,227.13,533.254346431467,386.12,Cartão de Débito,Física,,13
8837,2026-09-19,14:15,178,Blusa Slim,Blusa,Rosa,G,2,281.67,0.0,563.34,PIX,Física,481.0,19
8838,2026-08-11,09:15,111,Blusa Esporte,Blusa,Verde,M,1,279.57,0.0,279.57,PIX,Online,535.0,14
8839,2026-03-03,12:00,12,Blusa X,Blusa,Rosa,P,3,258.15,77.44,697.01,PIX,Física,11.0,22
8840,2026-07-28,09:00,65,Jaqueta Casual,Jaqueta,Branca,G,4,232.93,139.76,791.96,Cartão de Crédito,Física,267.0,20
8841,2026-05-28,12:45,135,Bermuda Básica,Bermuda,Cinza,M,3,74.1,22.23,200.07,Cartão de Crédito,Física,431.0,11
8842,2026-07-09,17:15,116,Blusa Premium,Blusa,Branca,G,1,68.25,0.0,68.25,PIX,Física,481.0,25
8843,2026-09-04,13:30,172,Camiseta Premium,Camiseta,Rosa,G,1,289.13,0.0,289.13,PIX,Física,45.0,17
8844,2026-07-14,21:15,145,Bermuda Casual,Bermuda,Azul,GG,1,159.63,0.0,159.63,Cartão de Crédito,Online,,19
8845,2026-07-02,09:00,34,Blusa Casual,Blusa,Preta,GG,1,206.43,20.64,185.79,Crediário,Física,53.0,18
8846,2026-05-07,11:00,36,Jaqueta X,Jaqueta,Rosa,GG,2,109.13,0.0,218.26,Dinheiro,Online,52.0,21
8847,2026-04-29,20:45,76,Jaqueta X,Jaqueta,Cinza,P,4,291.87,58.37,1109.11,Cartão de Crédito,Online,255.0,12
8848,2026-04-24,10:45  ,91,Acessório Casual,Acessório,Rosa,M,2,274.86,82.46,467.26,Crediário,Online,532.0,24
8849,2026-03-02,12:30,104,Acessório Premium,Acessório,Rosa,M,4,240.9,96.36,"867,24",Cartão de Crédito,Física,,7
8850,2026-09-17,19:00,90,Jaqueta Social,Jaqueta,Rosa,M,2,340.94,34.09,647.79,PIX,Online,294.0,15
8851,2026-05-12,09:45,162,Acessório Esporte,Acessório,Preta,P,1,314.53,31.45,283.08,PIX,Online,543.0,12
8852,2026-07-02,11:30,111,Blusa Esporte,Blusa,Verde,M,3,279.57,0.0,838.71,Cartão de Débito,Online,53.0,11
8853,2026-03-29,19:00,84,Blusa X,Blusa,Branca,M,2,91.15,0.0,182.3,PIX,Física,594.0,21
8854,2026-06-06,09:00,88,Bermuda X,Bermuda,Rosa,G,1,55.13,2.76,52.37,PIX,Online,110.0,1
8855,2026-06-07,18:45,32,Acessório Social,Acessório,Azul,G,3,324.96,0.0,974.88,PIX,Online,279.0,7
8856,2026-07-26,18:00  ,119,Calça Esporte,Calça,Branca,P,1,331.07,0.0,"R$ 331,07",PIX,Online,201.0,7
8857,2026-03-14,10:15,129,Acessório X,Acessório,Branca,M,3,84.81,38.16,216.27,Cartão de Crédito,Online,15.0,16
8858,2026-08-29,15:00,143,Bermuda Casual,Bermuda,Rosa,G,3,113.47,0.0,340.41,Dinheiro,Online,231.0,24
8859,2026-05-12,21:30,99,Camiseta Slim,Camiseta,Rosa,G,3,178.5,0.0,535.5,PIX,Online,347.0,19
8860,2026-08-19,09:30,149,Vestido Básica,Vestido,Cinza,GG,1,67.2,3.36,63.84,PIX,Física,,9
8861,2026-07-14,17:30,80,Camiseta Básica,Camiseta,Cinza,M,1,179.41,0.0,179.41,PIX,Física,28.0,4
8862,2026-04-21,16:45,39,Blusa X,Blusa,Vermelha,P,3,80.38,0.0,"R$ 241,14",cartao credito,Online,530.0,18
8863,2026-06-27,11:30,122,Calça Social,Calça,Azul,M,3,77.6,34.92,197.88,Dinheiro,Física,234.0,18
8864,2026-09-28,18:30,143,Bermuda Casual,Bermuda,Rosa,G,1,113.47,0.0,113.47,Crediário,Física,339.0,16
8865,03/07/2026,12:15,157,Bermuda Básica,Bermuda,Azul,P,2,35.03,10.51,59.55,Crediário,Online,513.0,13
8866,2026-09-16,15:30,83,Bermuda Básica,Bermuda,Cinza,M,4,344.51,0.0,1378.04,Cartão de Crédito,Online,,10
8867,2026-05-14,11:45,62,Jaqueta Social,Jaqueta,Rosa,M,1,66.35,0.0,66.35,cartão de crédito,Online,48.0,16
8868,2026-08-27,19:00,51,Blusa Premium,Blusa,Branca,P,4,122.21,48.88,439.96,Cartão de Débito,Online,440.0,12
8869,2026-03-31,15:15,53,Jaqueta Casual,Jaqueta,Branca,P,1,203.54,0.0,203.54,Cartão de Crédito,Física,245.0,5
8870,2026-07-07,20:00,92,Vestido Básica,Vestido,Cinza,G,3,146.37,65.87,373.24,Cartão de Débito,Online,429.0,22
8871,2026-03-08,17:15,37,Acessório Premium,Acessório,Rosa,G,2,281.93,0.0,563.86,Dinheiro,Física,124.0,15
8872,2026-04-24,18:45,76,Jaqueta X,Jaqueta,Cinza,P,3,291.87,43.78,831.83,Cartão de Débito,Online,132.0,13
8873,2026-03-28,19:00,29,Blusa Básica,Blusa,Azul,P,3,287.6,0.0,862.8,PIX,Física,44.0,3
8874,2026-08-30,19:00,84,Blusa X,Blusa,Branca,M,3,91.15,0.0,273.45,DINHEIRO,Física,373.0,8
8875,2026-04-12,09:45,97,Jaqueta Premium,Jaqueta,Rosa,GG,1,161.24,16.12,145.12,PIX,Online,37.0,2
8876,2026-04-03, 18:00 ,61,Blusa Social,Blusa,Preta,P,3,336.13,100.84,907.55,Cartão de Débito,Física,12.0,4
8877,2026-09-22,14:15,124,Camiseta Social,Camiseta,Branca,M,4,31.01,0.0,124.04,Cartão de Débito,Online,317.0,6
8878,2026-03-28,16:00,103,Acessório Esporte,Acessório,Verde,M,2,142.1,0.0,284.2,PIX,Online,226.0,14
8879,2026-08-27,14:00,127,Bermuda X,Bermuda,Azul,M,4,269.31,107.72,969.52,Dinheiro,Física,506.0,23
8880,2026-07-21,10:45,150,Camiseta Casual,Camiseta,Cinza,GG,1,216.84,0.0,"216,84",Dinheiro,Física,422.0,22
8881,2026-07-14,11:15,16,Bermuda Esporte,Bermuda,Branca,M,1,242.53,12.13,230.4,Cartão de Crédito,Física,120.0,8
8882,2026-08-26,13:00,27,Camiseta Casual,Camiseta,Vermelha,P,1,287.37,43.11,244.26,PIX,Online,33.0,3
8883,2026-08-22,13:15,67,Vestido Premium,Vestido,Preta,G,2,60.66,6.07,115.25,Cartão de Crédito,Online,204.0,14
8884,2026-08-27,16:00,85,Calça X,Calça,Cinza,G,3,287.08,0.0,861.24,PIX,Online,343.0,8
8885,2026-05-08,20:15,164,Blusa Premium,Blusa,Preta,G,3,175.34,0.0,526.02,Cartão de Crédito,Online,106.0,16
8886,2026-04-19,10:30,55,Vestido Premium,Vestido,Branca,M,4,126.12,50.45,454.03,Crediário,Online,408.0,14
8887,2026-09-19,09:45,42,Calça Casual,Calça,Verde,G,1,245.94,24.59,221.35,Dinheiro,Física,437.0,7
8888,2026-05-08,20:15,14,Bermuda Esporte,Bermuda,Verde,GG,4,113.16,67.9,384.74,PIX,Online,368.0,19
8889,2026-06-24,09:45,104,Acessório Premium,Acessório,Rosa,M,4,240.9,96.36,867.24,PIX,Online,94.0,15
8890,2026-09-01,20:15,37,Acessório Premium,Acessório,Rosa,G,4,281.93,56.39,1071.33,PIX,Física,473.0,10
8891,2026-06-15,10:00,19,Calça Casual,Calça,Rosa,P,2,165.92,0.0,331.84,Cartão de Crédito,Física,479.0,12
8892,2026-08-02,09:30,41,Vestido X,Vestido,Verde,M,3,38.61,0.0,115.83,PIX,Física,537.0,2
8893,2026-06-12,18:00,30,Vestido Esporte,Vestido,Vermelha,G,2,244.92,24.49,465.35,Crediário,Física,66.0,8
8894,2026-07-16,19:30,109,Camiseta Esporte,Camiseta,Branca,GG,2,227.45,0.0,454.9,Dinheiro,Física,159.0,13
8895,2026-07-07, 11:00,83,Bermuda Básica,Bermuda,Cinza,M,4,344.51,0.0,1378.04,PIX,Online,546.0,21
8896,2026-09-23,17:30,25,Calça Básica,Calça,Rosa,GG,3,346.73,0.0,1040.19,Cartão de Crédito,Física,335.0,12
8897,2026-03-04,12:15,143,Bermuda Casual,Bermuda,Rosa,G,1,113.47,11.35,102.12,Cartão de Débito,Física,558.0,15
8898,2026-04-01,13:00,138,Jaqueta Social,Jaqueta,Branca,P,4,257.25,154.35,874.65,Cartão de Débito,Física,361.0,3
8899,2026-07-26,18:00,83,Bermuda Básica,Bermuda,Cinza,M,1,344.51,51.68,292.83,Cartão de Crédito,Física,364.0,2
8900,2026-09-06,10:30,77,Blusa Básica,Blusa,Preta,M,2,29.9,5.98,53.82,Dinheiro,Online,33.0,7
8901,2026-08-02,19:45,111,Blusa Esporte,Blusa,Verde,M,2,279.57,55.91,503.23,Crediário,Online,154.0,15
8902,2026-03-23,19:45,92,Vestido Básica,Vestido,Cinza,G,2,146.37,0.0,292.74,Cartão de Crédito,Física,291.0,6
8903,2026-05-13,15:45,159,Calça Social,Calça,Verde,G,2,166.81,0.0,333.62,Crediário,Física,388.0,12
8904,2026-08-28,20:30,17,Acessório Slim,Acessório,Azul,M,4,102.24,61.34,347.62,PIX,Online,176.0,23
8905,2026-09-04,14:00,17,Acessório Slim,Acessório,Azul,M,2,102.24,20.45,184.03,PIX,Física,559.0,1
8906,2026-06-10,10:00,159,Calça Social,Calça,Verde,G,3,166.81,0.0,500.43,Crediário,Online,1.0,16
8907,2026-08-05,13:15,38,Acessório Esporte,Acessório,Rosa,P,3,113.5,0.0,340.5,Cartão de Débito,Online,521.0,15
8908,2026-08-09,20:00,100,Calça Social,Calça,Preta,M,3,133.29,0.0,399.87,PIX,Online,287.0,19
8909,2026-05-22,13:30,23,Calça Social,Calça,Preta,GG,1,181.44,9.07,172.37,Crediário,Física,591.0,3
8910,2026-07-28,09:00,163,Blusa Esporte,Blusa,Rosa,GG,2,291.86,87.56,496.16,PIX,Online,317.0,5
8911,2026-03-15,18:00,168,Camiseta Slim,Camiseta,Preta,GG,3,50.13,0.0,"R$ 150,39",PIX,Física,20.0,24
8912,2026-08-31,17:45,154,Bermuda Básica,Bermuda,Branca,P,3,240.69,0.0,722.07,Cartão de Débito,Online,80.0,19
8913,2026-07-15,13:00,111,Blusa Esporte,Blusa,Verde,M,4,279.57,0.0,1118.28,Cartão de Débito,Online,75.0,14
8914,2026-05-09,17:45,59,Blusa Social,Blusa,Verde,M,3,202.64,30.4,577.52,PIX,Física,222.0,14
8915,2026-08-10,16:45,169,Camiseta Premium,Camiseta,Branca,GG,3,137.47,0.0,412.41,Cartão de Crédito,Física,332.0,25
8916,2026-03-27,09:45,7,Acessório X,Acessório,Vermelha,GG,3,160.81,72.36,410.07,Cartão de Débito,Física,199.0,14
8917,2026-06-25,12:30,3,Vestido Esporte,Vestido,Azul,GG,3,51.13,23.01,130.38,Cartão de Crédito,Online,444.0,17
8918,2026-06-25,09:30,36,Jaqueta X,Jaqueta,Rosa,GG,4,109.13,65.48,371.04,Cartão de Débito,Online,,9
8919,2026-09-13,09:00,22,Bermuda Social,Bermuda,Vermelha,GG,3,213.75,0.0,641.25,Dinheiro,Online,215.0,7
8920,2026-07-23,20:15,45,Jaqueta Social,Jaqueta,Preta,P,4,105.9,42.36,381.24,Cartão de Crédito,Física,416.0,5
8921,2026-04-07,17:00,118,Bermuda Premium,Bermuda,Verde,G,3,289.27,130.17,737.64,Cartão de Crédito,Física,253.0,7
8922,2026-05-31,19:15,67,Vestido Premium,Vestido,Preta,G,1,60.66,3.03,57.63,PIX,Online,114.0,16
8923,2026-06-22,09:15,154,Bermuda Básica,Bermuda,Branca,P,4,240.69,144.41,818.35,Crediário,Física,509.0,15
8924,2026-09-04,17:15,104,Acessório Premium,Acessório,Rosa,M,2,240.9,72.27,409.53,Cartão de Débito,Física,543.0,11
8925,2026-04-24,16:15,177,Camiseta Slim,Camiseta,Vermelha,G,1,63.08,9.46,53.62,Cartão de Débito,Física,505.0,3
8926,2026-04-11,19:00,25,Calça Básica,Calça,Rosa,GG,1,346.73,0.0,346.73,Cartão de Débito,Online,502.0,15
8927,2026-09-13,17:45,61,Blusa Social,Blusa,Preta,P,2,336.13,0.0,672.26,Dinheiro,Online,,21
8928,2026-09-22,20:00,19,Calça Casual,Calça,Rosa,P,4,165.92,0.0,663.68,Cartão de Débito,Online,434.0,8
8929,2026-08-05,11:15,7,Acessório X,Acessório,Vermelha,GG,1,160.81,8.04,152.77,Cartão de Débito,Física,130.0,21
8930,23/08/2026,16:30,143,Bermuda Casual,Bermuda,Rosa,G,2,113.47,22.69,204.25,Cartão de Crédito,Física,245.0,9
8931,2026-09-08,21:15,169,Camiseta Premium,Camiseta,Branca,GG,1,137.47,6.87,130.6,PIX,Online,573.0,8
8932,2026-05-04,12:30,168,Camiseta Slim,Camiseta,Preta,GG,3,50.13,0.0,150.39,Cartão de Crédito,Online,514.0,22
8933,2026-08-01,19:30,80,Camiseta Básica,Camiseta,Cinza,M,4,179.41,35.88,681.76,Crediário,Física,26.0,22
8934,2026-09-25,18:30,79,Vestido Slim,Vestido,Verde,GG,2,29.96,8.99,50.93,Cartão de Crédito,Física,424.0,5
8935,2026-03-08,17:15,37,Acessório Premium,Acessório,Rosa,G,1,281.93,14.1,267.83,PIX,Física,475.0,7
8936,2026-08-07,20:15,136,Bermuda Slim,Bermuda,Verde,P,4,232.34,92.94,836.42,Cartão de Crédito,Online,47.0,16
8937,2026-06-13,21:45,91,Acessório Casual,Acessório,Rosa,M,3,274.86,123.69,700.89,PIX,Física,238.0,25
8938,2026-04-11,10:30,19,Calça Casual,Calça,Rosa,P,4,165.92,99.55,564.13,Crediário,Online,448.0,14
8939,2026-09-08,15:30,84,Blusa X,Blusa,Branca,M,2,91.15,0.0,182.3,Cartão de Crédito,Física,401.0,11
8940,2026-09-30,21:15,65,Jaqueta Casual,Jaqueta,Branca,G,2,232.93,0.0,465.86,Cartão de Crédito,Online,191.0,16
8941,2026-04-24,10:00,98,Acessório Básica,Acessório,Branca,G,3,254.79,76.44,687.93,Cartão de Débito,Física,,24
8942,2026-08-28,14:15,47,Blusa Esporte,Blusa,Vermelha,M,3,85.46,0.0,256.38,Cartão de Crédito,Física,171.0,20
8943,30-03-2026, 21:45,143,Bermuda Casual,Bermuda,Rosa,G,3,113.47,17.02,323.39,Dinheiro,Online,444.0,8
8944,2026-03-05,16:30,97,Jaqueta Premium,Jaqueta,Rosa,GG,1,161.24,0.0,161.24,Cartão de Débito,Online,434.0,6
8945,2026-07-23,09:30,88,Bermuda X,Bermuda,Rosa,G,3,55.13,0.0,165.39,Crediário,Física,54.0,3
8946,2026-07-09,10:15,70,Vestido Slim,Vestido,Verde,G,3,304.38,136.97,776.17,Cartão de Débito,Física,,8
8947,2026-04-10,12:30,94,Blusa X,Blusa,Azul,GG,1,310.47,31.05,279.42,Cartão de Débito,Online,174.0,22
8948,2026-08-04,16:15,35,Blusa Premium,Blusa,Preta,P,4,314.35,125.74,1131.66,Cartão de Débito,Online,209.0,14
8949,2026-05-16,15:15,72,Camiseta Casual,Camiseta,Rosa,P,4,280.68,56.14,1066.58,Cartão de Crédito,Física,170.0,18
8950,10/07/26,19:30,77,Blusa Básica,Blusa,Preta,M,4,29.9,0.0,119.6,PIX,Online,363.0,25
8951,2026-06-03,17:00,70,Vestido Slim,Vestido,Verde,G,4,304.38,182.63,1034.89,Cartão de Crédito,Online,489.0,5
8952,2026-08-07,21:00,136,Bermuda Slim,Bermuda,Verde,P,2,232.34,0.0,464.68,Cartão de Crédito,Online,419.0,25
8953,2026-08-29,19:30,68,Acessório Casual,Acessório,Branca,P,3,212.83,95.77,542.72,Dinheiro,Online,154.0,22
8954,2026-04-11,20:00,150,Camiseta Casual,Camiseta,Cinza,GG,4,216.84,86.74,780.62,Cartão de Crédito,Física,372.0,1
8955,2026-08-23,11:30,45,Jaqueta Social,Jaqueta,Preta,P,4,105.9,0.0,423.6,Cartão de Débito,Física,,25
8956,2026-08-24,19:30,117,Vestido Premium,Vestido,Cinza,M,4,81.36,48.82,276.62,Cartão de Débito,Física,264.0,19
8957,2026-06-07,15:00,127,Bermuda X,Bermuda,Azul,M,2,269.31,0.0,538.62,Cartão de Crédito,Física,400.0,3
8958,2026-09-15,16:00,52,Vestido Básica,Vestido,Vermelha,G,2,334.95,33.49,636.41,Cartão de Crédito,Online,207.0,2
8959,2026-08-27,20:00,136,Bermuda Slim,Bermuda,Verde,P,2,232.34,0.0,464.68,Cartão de Débito,Física,,7
8960,2026-05-26,17:00,125,Vestido X,Vestido,Verde,M,2,114.2,34.26,194.14,PIX,Online,467.0,17
8961,2026-03-01,10:00,118,Bermuda Premium,Bermuda,Verde,G,4,289.27,0.0,1157.08,PIX,Física,591.0,12
8962,2026-03-14,10:45,104,Acessório Premium,Acessório,Rosa,M,1,240.9,12.05,228.85,Crediário,Online,486.0,21
8963,2026-04-17,15:15,177,Camiseta Slim,Camiseta,Vermelha,G,1,63.08,6.31,56.77,Cartão de Crédito,Física,259.0,14
8964,2026-04-30,09:00,86,Blusa Social,Blusa,Azul,P,3,56.25,16.88,151.87,PIX,Física,248.0,14
8965,2026-08-04,11:15,163,Blusa Esporte,Blusa,Rosa,GG,2,291.86,58.37,525.35,Cartão de Débito,Física,127.0,10
8966,02/06/2026,19:45,165,Calça Casual,Calça,Rosa,G,1,158.71,23.81,134.9,Cartão de Débito,Online,462.0,11
8967,2026-07-27,12:15,172,Camiseta Premium,Camiseta,Rosa,G,4,289.13,115.65,1040.87,Cartão de Débito,Física,99.0,24
8968,2026-05-24,12:15,73,Calça X,Calça,Azul,M,4,313.28,0.0,1253.12,Cartão de Débito,Física,507.0,11
8969,01/06/2026,12:45,24,Blusa Esporte,Blusa,Preta,M,4,315.76,126.3,1136.74,Cartão De Crédito,Online,598.0,24
8970,2026-07-26,19:45,46,Bermuda Social,Bermuda,Azul,P,4,46.54,0.0,186.16,Cartão de Crédito,Online,60.0,22
8971,2026-05-05,14:15,133,Jaqueta Social,Jaqueta,Branca,P,4,168.42,0.0,673.68,Crediário,Física,598.0,22
8972,2026-04-27,18:30,130,Bermuda Slim,Bermuda,Verde,G,1,139.82,0.0,139.82,Cartão de Crédito,Online,571.0,24
8973,2026-03-15,17:30,123,Camiseta Básica,Camiseta,Preta,P,2,195.44,58.63,332.25,Cartão de Débito,Física,258.0,15
8974,2026-06-22,10:15,82,Bermuda Social,Bermuda,Azul,M,4,325.21,0.0,1300.84,Cartão de Crédito,Física,459.0,18
8975,2026-07-01,10:15,84,Blusa X,Blusa,Branca,M,4,91.15,36.46,328.14,Crediário,Física,,18
8976,2026-08-13,13:00,84,Blusa X,Blusa,Branca,M,1,91.15,0.0,91.15,Cartão de Crédito,Online,337.0,18
8977,2026-03-27, 16:00,158,Jaqueta Premium,Jaqueta,Rosa,GG,3,91.13,27.34,246.05,PIX,Física,,10
8978,2026-05-23,19:00,34,Blusa Casual,Blusa,Preta,GG,2,206.43,0.0,412.86,PIX,Física,,8
8979,2026-08-26,14:30,94,Blusa X,Blusa,Azul,GG,2,310.47,0.0,620.94,PIX,Online,510.0,6
8980,2026-09-22,21:15,165,Calça Casual,Calça,Rosa,G,3,158.71,0.0,476.13,PIX,Física,164.0,16
8981,2026-09-18,13:45,141,Bermuda Slim,Bermuda,Vermelha,GG,2,162.9,32.58,293.22,Cartão de Débito,Online,358.0,15
8982,2026-03-10,20:45,160,Vestido Básica,Vestido,Branca,G,4,38.68,0.0,154.72,PIX,Física,599.0,8
8983,2026-07-10,20:15,2,Calça Casual,Calça,Verde,M,1,308.53,0.0,308.53,Dinheiro,Online,125.0,7
8984,2026-07-03,18:30,170,Bermuda Premium,Bermuda,Vermelha,GG,1,234.75,35.21,199.54,Dinheiro,Física,179.0,3
8985,2026-04-25,15:30,118,Bermuda Premium,Bermuda,Verde,G,4,289.27,57.85,1099.23,Dinheiro,Física,456.0,21
8986,2026-03-22,18:15,107,Bermuda Slim,Bermuda,Rosa,M,2,304.94,0.0,609.88,Cartão de Débito,Online,582.0,22
8987,2026-05-18,10:45,134,Bermuda Básica,Bermuda,Rosa,GG,1,59.5,5.95,53.55,PIX,Online,301.0,19
8988,2026-08-23,12:15,65,Jaqueta Casual,Jaqueta,Branca,G,1,232.93,0.0,232.93,Cartão de Crédito,Online,117.0,5
8989,2026-04-10,12:30,100,Calça Social,Calça,Preta,M,3,133.29,0.0,399.87,Cartão de Débito,Online,539.0,16
8990,2026-06-13,20:00,72,Camiseta Casual,Camiseta,Rosa,P,2,280.68,28.07,533.29,PIX,Física,477.0,3
8991,2026-06-04,19:45,140,Jaqueta Básica,Jaqueta,Cinza,P,2,275.21,82.56,467.86,Cartão de Crédito,Física,560.0,14
8992,2026-04-08,10:15,20,Blusa Básica,Blusa,Branca,M,4,212.5,42.5,807.5,Crediário,Física,69.0,14
8993,2026-07-03,09:30,52,Vestido Básica,Vestido,Vermelha,G,3,334.95,0.0,1004.85,Cartão de Débito,Online,82.0,24
8994,2026-09-21,13:45,122,Calça Social,Calça,Azul,M,1,77.6,0.0,77.6,Cartão de Débito,Online,520.0,22
8995,2026-05-07,19:45,101,Jaqueta Casual,Jaqueta,Verde,M,2,263.03,78.91,447.15,Cartão de Crédito,Online,488.0,19
8996,2026-04-03, 12:15 ,60,Blusa Premium,Blusa,Azul,GG,4,177.54,35.51,674.65,Cartão de Débito,Online,65.0,23
8997,2026-05-08,09:15,119,Calça Esporte,Calça,Branca,P,4,331.07,198.64,1125.64,Cartão de Crédito,Online,345.0,9
8998,2026-05-13,20:45,79,Vestido Slim,Vestido,Verde,GG,4,29.96,0.0,119.84,Cartão de Débito,Física,547.0,12
8999,2026-03-11,15:00,82,Bermuda Social,Bermuda,Azul,M,2,325.21,97.56,552.86,Dinheiro,Física,571.0,13
9000,2026-03-10,10:45,29,Blusa Básica,Blusa,Azul,P,1,287.6,0.0,287.6,PIX,Online,162.0,17
8476,2026-03-03,21:00,4,Acessório Básica,Acessório,Vermelha,G,1,81.82,0.0,81.82,Dinheiro,Online,271.0,9
6939,2026-05-02,17:00,40,Jaqueta Premium,Jaqueta,Branca,G,1,59.14,0.0,59.14,PIX,Física,502.0,23
7702,08-09-2026,20:45,56,Camiseta Social,Camiseta,Verde,M,1,252.29,12.61,239.68,Cartão de Crédito,Física,561.0,6
755,2026-05-02,11:15,128,Acessório X,Acessório,Verde,G,1,38.26,0.0,38.26,PIX,Física,471.0,18
3528,2026-05-12,10:45,70,Vestido Slim,Vestido,Verde,G,2,304.38,0.0,608.76,Cartão de Crédito,Online,31.0,16
3854,2026-07-19,09:45,63,Bermuda Social,Bermuda,Azul,M,4,250.51,0.0,1002.04,PIX,Física,572.0,16
7939,2026-09-07,11:00,91,Acessório Casual,Acessório,Rosa,M,2,274.86,0.0,549.72,Cartão de Débito,Física,173.0,8
3373,2026-05-01,11:30,61,Blusa Social,Blusa,Preta,P,2,336.13,67.23,605.03,PIX,Online,65.0,18
6016,2026-06-02,09:15,42,Calça Casual,Calça,Verde,G,2,245.94,24.59,467.29,PIX,Física,184.0,6
1135,2026-08-17,13:30,139,Jaqueta X,Jaqueta,Preta,M,3,172.53,51.76,465.83,Cartão de Crédito,Online,205.0,15
389,2026-06-15,19:15,85,Calça X,Calça,Cinza,G,1,287.08,0.0,287.08,PIX,Online,78.0,16
7990,2026-09-05,09:00,28,Bermuda Premium,Bermuda,Vermelha,GG,3,57.16,0.0,171.48,Cartão de Crédito,Física,319.0,23
538,2026-07-29,14:15,80,Camiseta Básica,Camiseta,Cinza,M,4,179.41,35.88,681.76,Cartão de Crédito,Online,301.0,6
5877,2026-09-06,15:30,47,Blusa Esporte,Blusa,Vermelha,M,4,85.46,17.09,324.75,Dinheiro,Física,1.0,11
8280,2026-03-09,18:00,8,Bermuda Básica,Bermuda,Rosa,P,4,301.95,120.78,1087.02,PIX,Online,321.0,19
7686,2026-05-12,10:15,77,Blusa Básica,Blusa,Preta,M,4,29.9,0.0,119.6,Cartão de Débito,Online,145.0,17
5216,2026-04-15,11:00,137,Jaqueta Básica,Jaqueta,Cinza,GG,3,124.46,0.0,373.38,PIX,Física,,18
5278,2026-03-31,21:15,19,Calça Casual,Calça,Rosa,P,1,165.92,16.59,149.33,Cartão de Crédito,Online,97.0,4
8115,2026-07-14,16:30,97,Jaqueta Premium,Jaqueta,Rosa,GG,4,161.24,0.0,"R$ 644,96",Cartão de Crédito,Física,379.0,12
1187,2026-03-29, 14:00,137,Jaqueta Básica,Jaqueta,Cinza,GG,4,124.46,0.0,"R$ 497,84",PIX,Física,44.0,15
6193,2026-07-14,16:15,74,Bermuda Esporte,Bermuda,Branca,M,3,290.34,0.0,871.02,Dinheiro,Online,,7
14,2026-04-20,20:00,36,Jaqueta X,Jaqueta,Rosa,GG,3,109.13,49.11,278.28,PIX,Física,147.0,14
1145,2026-03-08,11:45,10,Camiseta Social,Camiseta,Azul,G,4,281.48,0.0,"R$ 1.125,92",Crediário,Online,497.0,17
2554,2026-05-28,09:00,109,Camiseta Esporte,Camiseta,Branca,GG,1,227.45,0.0,227.45,PIX,Física,227.0,18
7082,2026-04-08,19:15,31,Vestido Social,Vestido,Azul,GG,4,28.24,0.0,112.96,Dinheiro,Física,108.0,24
8055,2026-09-09,21:30,113,Jaqueta Premium,Jaqueta,Rosa,M,3,196.9,59.07,531.63,Cartão de Crédito,Física,381.0,9
1522,2026-05-03,09:15,123,Camiseta Básica,Camiseta,Preta,P,4,195.44,0.0,781.76,Crediário,Online,58.0,9
2127,2026-06-10,13:30,49,Calça Esporte,Calça,Preta,P,2,264.21,0.0,528.42,PIX,Online,368.0,8
7337,2026-08-11,18:45,138,Jaqueta Social,Jaqueta,Branca,P,3,257.25,77.18,694.57,PIX,Física,191.0,23
1109,2026-05-16,12:30,167,Jaqueta Slim,Jaqueta,Branca,G,2,219.14,0.0,438.28,Cartão de Débito,Online,254.0,11
2004,2026-09-11,21:00,93,Calça Slim,Calça,Azul,G,1,328.53,16.43,312.1,PIX,Física,461.0,4
579,2026-04-16, 17:45 ,29,Blusa Básica,Blusa,Azul,P,3,287.6,0.0,862.8,Cartão de Crédito,Física,297.0,22
4993,2026-07-06,15:45,120,Camiseta Básica,Camiseta,Rosa,G,4,304.19,0.0,1216.76,Cartão de Crédito,Física,327.0,24
3233,2026-04-21,17:30,69,Camiseta Básica,Camiseta,Branca,M,3,71.3,21.39,192.51,Cartão de Débito,Online,564.0,20
5109,2026-05-13,20:30,136,Bermuda Slim,Bermuda,Verde,P,3,232.34,0.0,697.02,Crediário,Online,154.0,1
4361,2026-09-17, 21:15 ,45,Jaqueta Social,Jaqueta,Preta,P,3,105.9,31.77,285.93,Cartão de Crédito,Física,285.0,8
146,2026-03-11,21:00,28,Bermuda Premium,Bermuda,Vermelha,GG,4,57.16,0.0,228.64,Cartão de Débito,Online,403.0,7
8993,2026-07-03,09:30,52,Vestido Básica,Vestido,Vermelha,G,3,334.95,0.0,1004.85,Cartão de Débito,Online,82.0,24
5072,2026-07-25,18:00,50,Blusa Básica,Blusa,Azul,G,3,124.43,18.66,354.63,Dinheiro,Online,227.0,14
8651,2026-03-24,21:45,55,Vestido Premium,Vestido,Branca,M,4,126.12,25.22,479.26,PIX,Física,48.0,23
2624,2026-06-29,16:15,36,Jaqueta X,Jaqueta,Rosa,GG,4,109.13,0.0,436.52,Cartão de Débito,Física,460.0,22
5373,2026-08-31,18:15,165,Calça Casual,Calça,Rosa,G,1,158.71,0.0,158.71,Cartão de Débito,Física,445.0,19
5624,2026-05-04,09:00,169,Camiseta Premium,Camiseta,Branca,GG,4,137.47,82.48,467.4,PIX,Física,545.0,20
713,2026-05-21,14:45,160,Vestido Básica,Vestido,Branca,G,4,38.68,15.47,139.25,PIX,Física,347.0,7
5584,2026-08-14,14:30,154,Bermuda Básica,Bermuda,Branca,P,2,240.69,48.14,433.24,Crediário,Física,105.0,2
1854,2026-04-01,13:30,96,Camiseta Casual,Camiseta,Verde,P,2,307.93,808.0159547981416,585.07,Cartão de Crédito,Física,505.0,7
4015,2026-03-01,15:15,56,Camiseta Social,Camiseta,Verde,M,4,252.29,0.0,1009.16,cartão de crédito,Online,129.0,3
6560,2026-03-10,13:45,49,Calça Esporte,Calça,Preta,P,2,264.21,79.26,449.16,Cartão de Crédito,Online,588.0,22
4430,2026-06-27,16:15,88,Bermuda X,Bermuda,Rosa,G,1,55.13,8.27,46.86,Dinheiro,Online,290.0,6
1613,2026-05-16,16:30,118,Bermuda Premium,Bermuda,Verde,G,1,289.27,0.0,289.27,Cartão de Débito,Online,,1
1159,2026-05-25,17:45,142,Vestido Esporte,Vestido,Branca,GG,3,142.68,42.8,385.24,Crediário,Online,197.0,11
28,2026-08-11,14:15,26,Jaqueta Esporte,Jaqueta,Verde,P,4,204.58,81.83,736.49,Cartão de Crédito,Online,160.0,21
2373,2026-06-02,17:00,120,Camiseta Básica,Camiseta,Rosa,G,2,304.19,0.0,608.38,Cartão de Crédito,Física,528.0,17
1091,2026-05-06,19:30,54,Bermuda Social,Bermuda,Cinza,G,4,115.21,46.08,414.76,Cartão de Crédito,Física,258.0,21
4264,2026-06-02,15:00,32,Acessório Social,Acessório,Azul,G,3,324.96,0.0,974.88,PIX,Física,167.0,7
7691,2026-07-12,16:30,88,Bermuda X,Bermuda,Rosa,G,2,55.13,0.0,110.26,Cartão de Crédito,Física,280.0,11
4236,2026-03-24,10:00,127,Bermuda X,Bermuda,Azul,M,1,269.31,0.0,269.31,Dinheiro,Online,385.0,16
5854,2026-09-04,17:15,13,Blusa Básica,Blusa,Verde,G,4,276.45,0.0,1105.8,Cartão de Débito,Física,58.0,23
346,2026-04-28,18:30,56,Camiseta Social,Camiseta,Verde,M,2,252.29,25.23,479.35,Cartão de Débito,Física,420.0,9
5336,2026-04-25,16:30,180,Acessório X,Acessório,Verde,GG,4,108.79,65.27,369.89,Dinheiro,Física,493.0,3
4154,2026-08-09,18:45,18845,Jaqueta Casual,Jaqueta,Branca,P,3,203.54,91.59,519.03,Cartão de Débito,Online,119.0,23
8802,2026-04-18, 18:45 ,55328,Calça Social,Calça,Azul,M,4,77.6,0.0,310.4,Cartão de Crédito,Física,263.0,7
2887,2026-08-16,09:45,93,Calça Slim,Calça,Azul,G,4,328.53,65.71,1248.41,PIX,Física,217.0,14
466,2026-09-12, 17:00,155,Blusa X,Blusa,Rosa,GG,4,229.95,45.99,873.81,Cartão de Crédito,Online,520.0,24
602,2026-09-07,20:45,107,Bermuda Slim,Bermuda,Rosa,M,2,304.94,0.0,609.88,Cartão de Crédito,Online,577.0,18
954,2026-08-10,12:15,92,Vestido Básica,Vestido,Cinza,G,3,146.37,21.96,417.15,PIX,Física,431.0,16
6174,2026-03-05,21:00,166,Blusa Casual,Blusa,Cinza,P,3,25.41,0.0,76.23,PIX,Online,101.0,10
5647,2026-04-05,14:45,55,Vestido Premium,Vestido,Branca,M,1,126.12,12.61,113.51,PIX,Física,298.0,23
4978,20-08-2026, 19:45 ,93,Calça Slim,Calça,Azul,G,1,328.53,0.0,328.53,Cartão de Débito,Física,,1
787,2026-05-10,17:00,95,Bermuda X,Bermuda,Cinza,G,3,275.07,0.0,825.21,Cartão de Crédito,Online,92.0,15
6949,2026-05-27,17:45,176,Vestido Esporte,Vestido,Vermelha,M,1,227.13,34.07,193.06,Cartão de Débito,Online,284.0,6
3475,2026-05-18, 17:45 ,20,Blusa Básica,Blusa,Branca,M,4,212.5,42.5,807.5,Cartão de Crédito,Online,496.0,15
4059,2026-06-09,10:45,18,Acessório Básica,Acessório,Azul,M,4,242.78,97.11,874.01,Cartão de Crédito,Online,434.0,3
2888,2026-06-10,13:15,153,Bermuda Social,Bermuda,Cinza,G,3,75.2,0.0,225.6,PIX,Física,508.0,20
3678,2026-03-19,18:15  ,3,Vestido Esporte,Vestido,Azul,GG,2,51.13,10.23,92.03,Cartão de Débito,Online,365.0,9
2729,2026-06-03,18:30,67,Vestido Premium,Vestido,Preta,G,1,60.66,0.0,60.66,Crediário,Online,56.0,1
1492,2026-09-20,14:30,101,Jaqueta Casual,Jaqueta,Verde,M,3,263.03,39.45,749.64,PIX,Física,100.0,1
3488,2026-09-01,19:30,43,Bermuda Premium,Bermuda,Preta,GG,3,144.6,0.0,433.8,PIX,Online,401.0,12
1577,2026-06-04,20:15,27,Camiseta Casual,Camiseta,Vermelha,P,4,287.37,114.95,1034.53,Cartão de Crédito,Online,71.0,1
3354,2026-07-16,09:00,48,Camiseta Básica,Camiseta,Cinza,GG,4,63.03,0.0,252.12,Cartão de Crédito,Física,484.0,20
5047,2026-03-08, 10:00 ,123,Camiseta Básica,Camiseta,Preta,P,3,195.44,0.0,586.32,PIX,Física,179.0,9
7432,2026-05-04,17:45,156,Calça Esporte,Calça,Cinza,P,3,179.11,0.0,537.33,Cartão de Débito,Física,,18
3539,2026-07-08,20:45,31,Vestido Social,Vestido,Azul,GG,2,28.24,5.65,50.83,Dinheiro,Física,532.0,4
5301,2026-07-01,09:15,29,Blusa Básica,Blusa,Azul,P,2,287.6,57.52,"R$ 517,68",PIX,Física,226.0,19
4158,2026-06-09,12:15,103,Acessório Esporte,Acessório,Verde,M,1,142.1,0.0,142.1,Cartão de Crédito,Online,476.0,2
5206,2026-05-13,11:15,34,Blusa Casual,Blusa,Preta,GG,1,206.43,0.0,206.43,Cartão de Débito,Física,547.0,11
8649,2026-07-21,11:00,122,Calça Social,Calça,Azul,M,4,77.6,31.04,279.36,Cartão de Débito,Física,405.0,4
3499,2026-03-02, 17:00 ,124,Camiseta Social,Camiseta,Branca,M,2,31.01,0.0,62.02,Cartão De Crédito,Online,132.0,8
1157,2026-07-18,14:30,153,Bermuda Social,Bermuda,Cinza,G,3,75.2,11.28,214.32,PIX,Online,114.0,1
6225,2026-06-05,17:45,126,Calça Casual,Calça,Vermelha,G,4,275.71,110.28,992.56,Cartão de Débito,Física,80.0,10
7170,2026-09-25,10:00,148,Vestido Slim,Vestido,Rosa,G,2,213.53,0.0,427.06,PIX,Online,79.0,24
8516,2026-09-02,10:00,22,Bermuda Social,Bermuda,Vermelha,GG,4,213.75,128.25,726.75,Cartão de Crédito,Online,142.0,19
370,2026-03-28,21:15,68,Acessório Casual,Acessório,Branca,P,2,212.83,63.85,361.81,Cartão de Débito,Online,594.0,21
8615,2026-08-10,15:45,45,Jaqueta Social,Jaqueta,Preta,P,2,105.9,10.59,201.21,Cartão de Débito,Física,128.0,19
5156,2026-07-03,11:30,161,Camiseta X,Camiseta,Branca,GG,4,168.83,0.0,675.32,Cartão de Débito,Física,99.0,20
658,2026-09-30,13:30,82,Bermuda Social,Bermuda,Azul,M,3,325.21,146.34,829.29,Cartão de Crédito,Online,480.0,20
1311,2026-08-03,12:00,112,Bermuda Premium,Bermuda,Rosa,GG,3,93.18,0.0,279.54,PIX,Online,518.0,22
8433,2026-03-29,14:30,93,Calça Slim,Calça,Azul,G,3,328.53,98.56,887.03,PIX,Física,268.0,7
706,2026-03-29,20:45,101,Jaqueta Casual,Jaqueta,Verde,M,0,263.03,52.61,473.45,Cartão de Débito,Online,126.0,2
21,2026-03-09,12:30,124,Camiseta Social,Camiseta,Branca,M,1,31.01,0.0,31.01,Dinheiro,Física,543.0,3
7546,2026-07-24,12:00,1,Blusa Premium,Blusa,Cinza,G,4,318.6,0.0,"R$ 1.274,40",PIX,Física,8.0,11
8474,2026-04-03,18:15,44,Acessório Esporte,Acessório,Preta,M,3,211.07,0.0,633.21,Crediário,Física,52.0,1
3412,2026-04-01,17:30,102,Vestido Premium,Vestido,Vermelha,GG,4,250.72,0.0,1002.88,Dinheiro,Online,224.0,23
573,2026-06-15,10:00,30,Vestido Esporte,Vestido,Vermelha,G,1,244.92,36.74,208.18,Cartão de Débito,Online,591.0,21
4810,2026-08-25,15:15,73,Calça X,Calça,Azul,M,3,313.28,0.0,939.84,PIX,Online,369.0,13
2090,2026-09-29,15:45,21,Bermuda Social,Bermuda,Branca,GG,3,301.4,135.63,768.57,PIX,Física,,11
7322,2026-06-28,18:30,78,Acessório Básica,Acessório,Cinza,GG,2,138.63,0.0,277.26,PIX,Física,524.0,7
3739,2026-04-11,10:00,128,Acessório X,Acessório,Verde,G,1,38.26,0.0,38.26,dinheiro,Física,414.0,17
648,2026-09-06, 11:00 ,1,Blusa Premium,Blusa,Cinza,G,4,318.6,63.72,1210.68,Cartão de Débito,Física,596.0,22
3106,2026-08-12,19:15,75,Bermuda Premium,Bermuda,Cinza,G,2,129.65,38.9,220.4,Dinheiro,Online,236.0,9
5660,2026-04-04,18:15,81,Calça Básica,Calça,Rosa,G,4,188.91,0.0,755.64,PIX,Física,94.0,18
709,2026-05-09,12:30,126,Calça Casual,Calça,Vermelha,G,2,275.71,82.71,468.71,Cartão de Crédito,Física,142.0,21
659,2026-03-31,10:00,153,Bermuda Social,Bermuda,Cinza,G,2,75.2,7.52,142.88,Cartão De Crédito,Online,401.0,22
2890,2026-08-12,11:45,128,Acessório X,Acessório,Verde,G,3,38.26,5.74,109.04,Cartão De Crédito,Física,496.0,21
3809,2026-04-30,17:30,100,Calça Social,Calça,Preta,M,1,133.29,13.33,"119,96",Cartão de Crédito,Online,57.0,17
1432,2026-03-12, 09:15 ,153,Bermuda Social,Bermuda,Cinza,G,4,75.2,0.0,300.8,Dinheiro,Física,288.0,4
6522,2026-04-22,20:45,54,Bermuda Social,Bermuda,Cinza,G,1,115.21,5.76,109.45,Cartão de Débito,Física,43855.0,6
4701,2026-07-16,09:45,126,Calça Casual,Calça,Vermelha,G,3,275.71,0.0,827.13,Cartão de Débito,Online,354.0,17
3410,2026-07-21,09:00,15,Bermuda Básica,Bermuda,Cinza,G,1,52.05,0.0,52.05,PIX,Online,438.0,4
7931,2026-07-22,15:30,128,Acessório X,Acessório,Verde,G,4,38.26,0.0,153.04,Cartão de Débito,Online,194.0,10
5529,2026-04-08,21:45,134,Bermuda Básica,Bermuda,Rosa,GG,1,59.5,0.0,59.5,Dinheiro,Online,297.0,24
7956,07/06/26,16:00,104,Acessório Premium,Acessório,Rosa,M,1,240.9,24.09,216.81,Crediário,Física,101.0,12
6462,2026-08-04,10:45,74,Bermuda Esporte,Bermuda,Branca,M,4,290.34,116.14,1045.22,Cartão de Crédito,Física,480.0,12
5955,2026-09-10,15:45,56,Camiseta Social,Camiseta,Verde,M,2,252.29,0.0,504.58,Crediário,Online,206.0,15
8237,2026-03-26,21:00,153,Bermuda Social,Bermuda,Cinza,G,2,75.2,22.56,127.84,PIX,Física,592.0,3
1952,2026-08-02,21:30,148,Vestido Slim,Vestido,Rosa,G,2,213.53,42.71,384.35,Cartão de Crédito,Online,298.0,20
7600,2026-03-28,18:00,17,Acessório Slim,Acessório,Azul,M,3,102.24,0.0,306.72,Cartão de Débito,Física,507.0,24
7407,2026-08-22,17:15,79,Vestido Slim,Vestido,Verde,GG,4,29.96,11.98,107.86,Dinheiro,Online,228.0,14
8617,2026-08-01,19:30,118,Bermuda Premium,Bermuda,Verde,G,2,289.27,0.0,578.54,pix,Online,460.0,25
3482,08/04/26,19:30,161,Camiseta X,Camiseta,Branca,GG,2,168.83,0.0,337.66,Cartão de Débito,Física,514.0,16
2372,2026-08-31,18:45,6,Acessório Casual,Acessório,Rosa,GG,2,309.17,92.75,525.59,Crediário,Física,74.0,15
7418,2026-03-25,10:15,154,Bermuda Básica,Bermuda,Branca,P,1,240.69,0.0,240.69,PIX,Física,89.0,10
1211,2026-03-21,19:45,164,Blusa Premium,Blusa,Preta,G,2,175.34,52.6,298.08,Crediário,Online,15.0,8
8146,2026-04-24,21:15,84,Blusa X,Blusa,Branca,M,4,91.15,36.46,328.14,Cartão de Crédito,Online,411.0,15
4658,2026-05-10,12:00,116,Blusa Premium,Blusa,Branca,G,3,68.25,0.0,204.75,Cartão de Débito,Física,127.0,13
4005,2026-07-19,12:15,38,Acessório Esporte,Acessório,Rosa,P,4,113.5,68.1,385.9,Cartão de Crédito,Física,534.0,13
5161,2026-08-16,20:15,62,Jaqueta Social,Jaqueta,Rosa,M,3,66.35,0.0,199.05,Cartão de Débito,Online,119.0,5
1493,2026-04-18,17:00,5,Jaqueta Básica,Jaqueta,Preta,GG,3,235.61,0.0,706.83,Cartão de Crédito,Física,528.0,11
6431,2026-06-20,14:30,136,Bermuda Slim,Bermuda,Verde,P,2,232.34,0.0,464.68,Cartão de Débito,Física,400.0,2
6239,19/06/2026,10:00,176,Vestido Esporte,Vestido,Vermelha,M,2,227.13,45.43,408.83,PIX,Online,292.0,25
7032,2026-03-01,15:30,157,Bermuda Básica,Bermuda,Azul,P,2,35.03,0.0,70.06,Cartão de Débito,Física,61710.0,20
7494,2026-07-07,17:00,90,Jaqueta Social,Jaqueta,Rosa,M,4,340.94,0.0,1363.76,Cartão de Débito,Online,327.0,8
6920,2026-06-22,17:30,78,Acessório Básica,Acessório,Cinza,GG,1,138.63,0.0,138.63,Cartão de Débito,Física,24.0,23
6313,2026-03-18,09:30,34,Blusa Casual,Blusa,Preta,GG,2,206.43,20.64,392.22,Crediário,Física,544.0,4
5636,2026-06-14,21:00,25,Calça Básica,Calça,Rosa,GG,1,346.73,0.0,346.73,Cartão de Crédito,Online,419.0,24
4088,2026-08-28,21:45,48,Camiseta Básica,Camiseta,Cinza,GG,4,63.03,0.0,252.12,Cartão de Crédito,Online,53.0,21
1949,2026-04-14,18:15,120,Camiseta Básica,Camiseta,Rosa,G,1,304.19,15.21,288.98,Cartão de Crédito,Física,557.0,10
5204,2026-08-23,09:30,2,Calça Casual,Calça,Verde,M,1,308.53,30.85,277.68,PIX,Física,328.0,4
6766,2026-08-17,19:30,40,Jaqueta Premium,Jaqueta,Branca,G,4,59.14,0.0,236.56,Cartão de Débito,Online,272.0,8
6244,2026-08-12,17:15,145,Bermuda Casual,Bermuda,Azul,GG,2,159.63,0.0,319.26,Crediário,Física,275.0,17
3892,2026-05-20,21:15,38,Acessório Esporte,Acessório,Rosa,P,2,113.5,34.05,192.95,PIX,Física,79.0,12
6854,2026-09-26,12:45,14,Bermuda Esporte,Bermuda,Verde,GG,3,113.16,0.0,339.48,Crediário,Física,307.0,13
6448,2026-05-05,19:30  ,102,Vestido Premium,Vestido,Vermelha,GG,2,250.72,25.07,476.37,Dinheiro,Online,429.0,5
1540,2026-05-26,13:30,150,Camiseta Casual,Camiseta,Cinza,GG,2,216.84,0.0,433.68,Cartão de Crédito,Física,431.0,2
644,2026-07-29,09:15,85,Calça X,Calça,Cinza,G,2,287.08,0.0,574.16,crediário,Física,264.0,12
4752,2026-08-02,11:00,165,Calça Casual,Calça,Rosa,G,3,158.71,0.0,476.13,Dinheiro,Física,174.0,3
7992,2026-09-23,12:30,104,Acessório Premium,Acessório,Rosa,M,2,240.9,48.18,433.62,Cartão de Débito,Física,397.0,12
7262,2026-07-02,14:30,156,Calça Esporte,Calça,Cinza,P,3,179.11,26.87,510.46,PIX,Física,352.0,8
1660,2026-07-10,10:00,172,Camiseta Premium,Camiseta,Rosa,G,2,289.13,28.91,549.35,PIX,Física,446.0,22
2957,2026-09-15,12:45,22,Bermuda Social,Bermuda,Vermelha,GG,3,213.75,0.0,641.25,Crediário,Online,564.0,3
6159,2026-04-29,14:15,117,Vestido Premium,Vestido,Cinza,M,2,81.36,24.41,138.31,Cartão de Crédito,Online,259.0,17
5716,2026-07-14,13:00,66,Vestido Básica,Vestido,Preta,GG,3,195.93,29.39,558.4,Crediário,Online,,11
8097,2026-07-23,20:30,138,Jaqueta Social,Jaqueta,Branca,P,3,257.25,0.0,771.75,Cartão de Crédito,Física,158.0,11
4225,2026-05-23,12:45,170,Bermuda Premium,Bermuda,Vermelha,GG,1,234.75,0.0,234.75,Cartão de Débito,Física,,19
7611,2026-05-10,14:15,27,Camiseta Casual,Camiseta,Vermelha,P,1,287.37,14.37,273.0,Crediário,Online,371.0,1
816,2026-07-31,19:45,142,Vestido Esporte,Vestido,Branca,GG,3,142.68,0.0,428.04,PIX,Física,426.0,15
780,2026-08-05,13:45,123,Camiseta Básica,Camiseta,Preta,P,2,195.44,58.63,332.25,Cartão de Crédito,Física,144.0,11
6692,2026-03-14,12:15,119,Calça Esporte,Calça,Branca,P,2,331.07,66.21,595.93,Crediário,Física,,2
3454,2026-04-27,16:00,177,Camiseta Slim,Camiseta,Vermelha,G,3,63.08,0.0,189.24,Cartão de Crédito,Online,282.0,13
5658,2026-09-03,16:00,42,Calça Casual,Calça,Verde,G,3,245.94,0.0,737.82,PIX,Online,378.0,13
2523,2026-07-09,18:00,49,Calça Esporte,Calça,Preta,P,1,264.21,39.63,224.58,PIX,Online,242.0,9
5106,2026-04-13,17:45,131,Jaqueta X,Jaqueta,Azul,P,3,192.39,28.86,548.31,Cartão de Crédito,Online,,25
7454,2026-08-22,10:00,156,Calça Esporte,Calça,Cinza,P,1,179.11,0.0,179.11,Cartão de Débito,Física,125.0,21
5757,2026-05-15,16:30,153,Bermuda Social,Bermuda,Cinza,G,4,75.2,0.0,300.8,Cartão de Crédito,Online,453.0,24
6306,2026-06-10,18:45,121,Acessório Básica,Acessório,Vermelha,GG,1,127.53,12.75,114.78,Cartão de Débito,Online,151.0,11
6438,2026-07-11,11:00,107,Bermuda Slim,Bermuda,Rosa,M,1,304.94,0.0,304.94,Cartão de Débito,Online,520.0,18
2634,04-07-2026,13:00,70,Vestido Slim,Vestido,Verde,G,2,304.38,0.0,608.76,Cartão de Crédito,Online,282.0,9
7336,2026-06-23,13:30,8,Bermuda Básica,Bermuda,Rosa,P,3,301.95,45.29,860.56,Dinheiro,Online,114.0,17
7186,2026-07-31,14:30,12,Blusa X,Blusa,Rosa,P,1,258.15,38.72,219.43,Cartão de Débito,Online,13.0,9
6609,2026-03-26,10:30,66,Vestido Básica,Vestido,Preta,GG,4,195.93,0.0,"783,72",Dinheiro,Física,43.0,5
