id_parcela,id_venda,id_cliente,valor_parcela,data_vencimento,dias_atraso,data_pagamento,status,valor_em_aberto
1,11,556,64.27,19/05/2026,0,2026-05-22,Pago,0.0
2,51,303,122.32,2026-05-02,31,2026-06-02,Pago,0.0
3,51,303,122.32,2026-06-01,0,2026-06-02,Pago,0.0
4,51,303,122.32,2026-07-01,0,2026-07-03,Pago,0.0
5,51,303,122.32,2026-07-31,21,2026-08-21,Pago,0.0
6,72,132,42.3,2026-10-03,0,,Em aberto,42.3
7,72,132,42.3,02-11-2026,0,,Em aberto,42.3
8,72,132,42.3,2026-12-02,0,,Em aberto,42.3
9,72,132,42.3,2027-01-01,0,,Em aberto,42.3
10,75,164,76.06,2026-08-06,7,2026-08-13,Pago,0.0
11,75,164,76.06,2026-09-05,16,2026-09-21,Pago,0.0
12,83,90,110.94,2026-07-03,26,2026-07-29,Pago,0.0
13,83,90,110.94,2026-08-02,0,2026-08-02,Pago,0.0
14,83,90,110.94,2026-09-01,0,2026-09-03,Pago,0.0
15,83,90,110.94,2026-10-01,0,,Em aberto,110.94
16,94,18,181.27,2026-06-08,40,,Atrasado,181.27
17,94,18,181.27,2026-07-08,0,2026-07-11,Pago,0.0
18,94,18,181.27,2026-08-07,8,2026-08-15,Pago,0.0
19,94,18,181.27,2026-09-06,0,2026-09-06,Pago,0.0
20,98,305,123.69,2026-05-31,0,2026-06-03,Pago,0.0
21,99,329,442.52,2026-08-15,0,2026-08-16,Pago,0.0
22,99,329,442.52,2026-09-14,37,,Atrasado,442.52
23,111,382,145.01,2026-07-07,0,2026-07-10,Pago,0.0
24,111,382,145.01,2026-08-06,6,2026-08-12,Pago,0.0
25,111,382,145.01,2026-09-05,0,2026-09-07,Pago,0.0
26,114,8,133.97,2026-04-05,0,2026-04-07,Pago,0.0
27,114,8,133.97,2026-05-05,39,2026-06-13,Pago,0.0
28,123,421,99.11,15/07/2026,34,2026-08-18,Pago,0.0
29,123,421,99.11,2026-08-14,0,2026-08-17,Pago,0.0
30,123,421,99.11,2026-09-13,0,2026-09-16,Pago,0.0
31,123,421,99.11,2026-10-13,0,,Em aberto,99.11
32,128,88,48.39,2026-08-02,0,2026-08-05,Pago,0.0
33,128,88,48.39,2026-09-01,0,2026-09-04,Pago,0.0
34,128,88,48.39,2026-10-01,0,,Em aberto,48.39
35,134,253,459.18,2026-08-02,36,2026-09-07,Pago,0.0
36,134,253,459.18,2026-09-01,0,2026-09-01,Pago,0.0
37,137,35,343.21,2026-09-10,18,2026-09-28,Pago,0.0
38,137,35,343.21,2026-10-10,0,,Em aberto,343.21
39,137,35,343.21,2026-11-09,0,,Em aberto,343.21
40,144,464,30.52,2026-05-25,7,2026-06-01,Pago,0.0
41,144,464,30.52,24/06/26,0,2026-06-25,Pago,0.0
42,144,464,30.52,2026-07-24,-1,2026-07-25,Pago,0.0
43,144,464,30.52,2026-08-23,22,2026-09-14,Pago,0.0
44,146,323,81.32,24-09-2026,0,2026-09-24,Pago,0.0
45,146,323,81.32,2026-10-24,0,,Em aberto,81.32
46,164,219,111.72,2026-04-04,0,2026-04-06,Pago,0.0
47,166,438,216.88,2026-04-10,13,2026-04-23,Pago,0.0
48,172,505,11.83,2026-10-22,0,,Em aberto,11.83
49,172,505,11.83,2026-11-21,0,,Em aberto,11.83
50,201,92,456.6,2026-09-01,42,2026-10-13,Pago,0.0
51,206,315,309.06,2026-05-18,0,2026-05-21,PAGO,0.0
52,211,9,52.4,2026-07-10,0,2026-07-13,Pago,0.0
53,211,9,52.4,2026-08-09,0,2026-08-10,Pago,0.0
54,211,9,52.4,2026-09-08,0,2026-09-08,Pago,0.0
55,211,9,52.4,2026-10-08,0,,Em aberto,52.4
56,216,313,210.77,2026-09-22,0,2026-09-25,Pago,0.0
57,216,313,210.77,2026-10-22,0,,Em aberto,210.77
58,216,313,210.77,2026-11-21,0,,Em aberto,210.77
59,216,313,210.77,2026-12-21,0,,Em aberto,210.77
60,220,86,64.58,2026-08-30,0,2026-08-31,Pago,0.0
61,220,86,64.58,2026-09-29,0,,Em aberto,64.58
62,232,248,79.24,2026-05-10,0,2026-05-12,Pago,0.0
63,232,248,79.24,2026-06-09,0,2026-06-09,Pago,0.0
64,232,248,79.24,2026-07-09,0,2026-07-09,Pago,0.0
65,249,261,212.8,2026-05-30,31,,Atrasado,212.8
66,257,272,77.85,2026-09-13,0,2026-09-14,Pago,0.0
67,257,272,77.85,2026-10-13,0,,Em aberto,77.85
68,259,26,117.4,2026-08-24,0,2026-08-26,Pago,0.0
69,259,26,117.4,2026-09-23,0,2026-09-24,Pago,0.0
70,259,26,117.4,2026-10-23,0,,Em aberto,117.4
71,259,26,117.4,2026-11-22,0,,Em aberto,117.4
72,264,33,137.92,2026-07-30,0,2026-08-02,Pago,0.0
73,264,33,137.92,2026-08-29,0,2026-08-30,Pago,0.0
74,271,443,109.94,2026-10-22,0,,Em aberto,109.94
75,271,443,109.94,2026-11-21,0,,Em aberto,109.94
76,271,443,109.94,2026-12-21,0,,em aberto,109.94
77,271,443,109.94,2027-01-20,0,,Em aberto,109.94
78,286,531,152.63,2026-09-05,0,2026-09-07,Pago,0.0
79,286,531,152.63,2026-10-05,0,,Em aberto,152.63
80,286,531,152.63,2026-11-04,0,,Em aberto,152.63
81,287,137,44.95,2026-04-25,0,2026-04-28,Pago,0.0
82,287,137,44.95,2026-05-25,36,,Atrasado,44.95
83,294,184,116.9,2026-09-08,0,2026-09-10,Pago,0.0
84,294,184,116.9,2026-10-08,0,,Em aberto,116.9
85,294,184,116.9,2026-11-07,0,,Em aberto,116.9
86,294,184,116.9,2026-12-07,0,,Em aberto,116.9
87,317,38,468.57,2026-08-28,0,2026-08-29,Pago,0.0
88,328,100,552.48,2026-07-27,0,2026-07-30,Pago,0.0
89,328,100,552.48,2026-08-26,0,2026-08-26,Pago,0.0
90,333,406,7.77,2026-07-06,0,2026-07-09,Pago,0.0
91,333,406,7.77,2026-08-05,0,2026-08-08,Pago,0.0
92,333,406,7.77,2026-09-04,11,2026-09-15,Pago,0.0
93,339,249,63.55,2026-05-29,0,2026-05-29,Pago,0.0
94,339,249,63.55,2026-06-28,0,2026-06-29,Pago,0.0
95,339,249,63.55,2026-07-28,44,2026-09-10,Pago,0.0
96,339,249,63.55,2026-08-27,0,2026-08-29,Pago,0.0
97,351,575,84.57,2026-09-12,0,2026-09-14,Pago,0.0
98,351,575,84.57,2026-10-12,0,,Em aberto,84.57
99,358,580,1263.36,2026-09-26,0,,Em aberto,1263.36
100,360,493,97.6,2026-10-20,0,,Em aberto,97.6
101,360,493,97.6,2026-11-19,0,,Em aberto,97.6
102,360,493,97.6,2026-12-19,0,,Em aberto,97.6
103,360,493,97.6,2027-01-18,0,,Em aberto,97.6
104,367,469,45.41,2026-07-09,0,2026-07-11,Pago,0.0
105,367,469,45.41,2026-08-08,29,2026-09-06,Pago,0.0
106,367,469,45.41,2026-09-07,0,2026-09-08,Pago,0.0
107,372,237,168.31,2026-04-04,0,2026-04-07,Pago,0.0
108,372,237,168.31,2026-05-04,0,2026-05-05,Pago,0.0
109,373,236,170.4,2026-05-06,0,2026-05-08,Pago,0.0
110,373,236,170.4,2026-06-05,0,2026-06-08,Pago,0.0
111,384,3,381.3,2026-06-17,0,2026-06-20,Pago,0.0
112,384,3,381.3,2026-07-17,0,2026-07-19,Pago,0.0
113,387,429,100.88,2026-04-06,0,2026-04-07,Pago,0.0
114,387,429,100.88,2026-05-06,0,2026-05-06,Pago,0.0
115,387,429,100.88,2026-06-05,0,2026-06-05,Pago,0.0
116,387,429,100.88,2026-07-05,4,2026-07-09,Pago,0.0
117,408,91,73.75,2026-10-25,0,,Em aberto,73.75
118,408,91,73.75,2026-11-24,0,,Em aberto,73.75
119,408,91,73.75,2026-12-24,0,,Em aberto,73.75
120,419,66,120.07,2026-09-15,0,2026-09-16,Pago,0.0
121,426,26,301.56,2026-07-25,0,2026-07-28,Pago,0.0
122,426,26,301.56,2026-08-24,0,2026-08-24,pago,0.0
123,426,26,301.56,2026-09-23,43,2026-11-05,Pago,0.0
124,448,534,34.16,2026-07-17,0,2026-07-20,Pago,0.0
125,448,534,34.16,2026-08-16,0,2026-08-17,Pago,0.0
126,449,184,63.15,2026-09-10,0,2026-09-13,Pago,0.0
127,469,434,164.42,2026-09-14,0,2026-09-17,Pago,0.0
128,469,434,164.42,2026-10-14,0,,Em aberto,164.42
129,469,434,164.42,2026-11-13,0,,Em aberto,164.42
130,471,343,217.9,2026-08-30,41,,Atrasado,217.9
131,471,343,217.9,2026-09-29,0,,Em aberto,217.9
132,471,343,217.9,2026-10-29,0,,Em aberto,217.9
133,473,106,12.49,2026-06-16,0,2026-06-19,Pago,0.0
134,473,106,12.49,2026-07-16,0,2026-07-16,Pago,0.0
135,473,106,12.49,15-08-2026,4,2026-08-19,Pago,0.0
136,473,106,12.49,2026-09-14,0,2026-09-16,Pago,0.0
137,491,541,244.38,2026-08-08,0,2026-08-09,Pago,0.0
138,491,541,244.38,2026-09-07,0,2026-09-09,Pago,0.0
139,491,541,244.38,2026-10-07,0,,Em aberto,244.38
140,502,547,333.19,2026-05-04,0,2026-05-06,Pago,0.0
141,502,547,333.19,2026-06-03,0,2026-06-04,pago,0.0
142,505,570,333.19,2026-09-08,0,2026-09-09,Pago,0.0
143,505,570,333.19,2026-10-08,0,,Em aberto,333.19
144,510,59,827.82,2026-06-23,0,2026-06-26,Pago,0.0
145,515,545,188.0,2026-04-12,0,2026-04-12,Pago,0.0
146,515,545,188.0,2026-05-12,0,2026-05-13,Pago,0.0
147,533,536,26.93,2026-09-09,0,2026-09-10,PAGO,0.0
148,533,536,26.93,2026-10-09,0,,Em aberto,26.93
149,549,437,89.09,2026-07-04,0,2026-07-07,Pago,0.0
150,549,437,89.09,2026-08-03,0,2026-08-04,Pago,0.0
151,556,462,911.88,2026-08-18,27,2026-09-14,Pago,0.0
152,562,474,36.69,2026-07-18,0,2026-07-19,Pago,0.0
153,562,474,36.69,2026-08-17,0,2026-08-17,Pago,0.0
154,562,474,36.69,2026-09-16,0,2026-09-18,Pago,0.0
155,577,83,343.31,2026-04-23,4,2026-04-27,Pago,0.0
156,577,83,343.31,2026-05-23,0,2026-05-26,Pago,0.0
157,577,83,343.31,2026-06-22,0,2026-06-23,Pago,0.0
158,577,83,343.31,2026-07-22,6,2026-07-28,Pago,0.0
159,580,540,46.62,2026-09-22,0,2026-09-24,Pago,0.0
160,580,540,46.62,2026-10-22,0,,Em aberto,46.62
161,580,540,46.62,2026-11-21,0,,Em aberto,46.62
162,580,540,46.62,2026-12-21,0,,Em aberto,46.62
163,582,235,70.44,2026-09-04,4,2026-09-08,Pago,0.0
164,589,128,659.76,2026-05-24,0,2026-05-27,Pago,0.0
165,616,447,195.12,2026-09-22,0,2026-09-25,Pago,0.0
166,616,447,195.12,2026-10-22,0,,Em aberto,195.12
167,616,447,195.12,2026-11-21,0,,Em aberto,195.12
168,621,80,342.01,2026-09-19,0,2026-09-19,Pago,0.0
169,621,80,342.01,2026-10-19,0,,Em aberto,342.01
170,631,183,172.44,2026-08-05,0,2026-08-06,Pago,0.0
171,634,371,133.63,2026-08-24,0,2026-08-26,Pago,0.0
172,634,371,133.63,2026-09-23,0,2026-09-24,Pago,0.0
173,634,371,133.63,2026-10-23,0,,Em aberto,133.63
174,661,147,158.43,2026-05-08,15,2026-05-23,Pago,0.0
175,661,147,158.43,2026-06-07,0,2026-06-07,Pago,0.0
176,661,147,158.43,2026-07-07,0,2026-07-08,Pago,0.0
177,682,10,46.98,2026-04-24,31,2026-05-25,Pago,0.0
178,682,10,46.98,2026-05-24,22,2026-06-15,Pago,0.0
179,697,405,960.66,2026-04-28,0,2026-04-28,Pago,0.0
180,702,367,312.83,2026-06-28,0,2026-06-28,Pago,0.0
181,702,367,312.83,2026-07-28,0,2026-07-28,Pago,0.0
182,702,367,312.83,2026-08-27,0,2026-08-29,Pago,0.0
183,702,367,312.83,2026-09-26,0,,Em aberto,312.83
184,711,350,277.12,2026-07-18,24,2026-08-11,Pago,0.0
185,711,350,277.12,2026-08-17,38,,Atrasado,277.12
186,711,350,277.12,2026-09-16,0,2026-09-16,Pago,0.0
187,719,27,26.1,2026-09-25,41,2026-11-05,Pago,0.0
188,719,27,26.1,2026-10-25,0,,Em aberto,26.1
189,719,27,26.1,2026-11-24,0,,Em aberto,26.1
190,719,27,26.1,2026-12-24,0,,Em aberto,26.1
191,769,470,443.27,2026-10-13,0,,Em aberto,443.27
192,769,470,443.27,2026-11-12,0,,Em aberto,443.27
193,778,70,635.82,2026-05-27,0,2026-05-27,Pago,0.0
194,785,275,49.62,2026-09-16,0,2026-09-18,Pago,0.0
195,785,275,49.62,2026-10-16,0,,Em aberto,49.62
196,785,275,49.62,2026-11-15,0,,Em aberto,49.62
197,790,53,294.06,2026-07-22,0,2026-07-22,Pago,0.0
198,790,53,294.06,2026-08-21,0,2026-08-21,Pago,0.0
199,796,388,265.69,2026-04-05,15,2026-04-20,Pago,0.0
200,796,388,265.69,2026-05-05,32,2026-06-06,Pago,0.0
201,801,320,20.5,2026-08-15,0,2026-08-16,Pago,0.0
202,801,320,20.5,2026-09-14,0,2026-09-15,Pago,0.0
203,801,320,20.5,2026-10-14,0,,Em aberto,20.5
204,801,320,20.5,2026-11-13,0,,Em aberto,20.5
205,819,476,390.4,05/09/26,0,2026-09-05,Pago,0.0
206,819,476,390.4,2026-10-05,0,,Em aberto,390.4
207,825,489,725.01,20/06/26,0,2026-06-22,Pago,0.0
208,829,271,149.96,2026-09-04,0,2026-09-06,Pago,0.0
209,829,271,149.96,2026-10-04,0,,Em aberto,149.96
210,844,145,212.38,2026-09-10,0,2026-09-12,Pago,0.0
211,844,145,212.38,2026-10-10,0,,Em aberto,212.38
212,848,521,137.21,18/06/26,40,2026-07-28,Pago,0.0
213,861,513,1055.43,2026-07-28,0,2026-07-31,Pago,0.0
214,876,102,99.55,2026-05-27,5,2026-06-01,Pago,0.0
215,876,102,99.55,2026-06-26,0,2026-06-27,Pago,0.0
216,887,255,575.38,2026-07-18,0,2026-07-18,Pago,0.0
217,887,255,575.38,2026-08-17,0,2026-08-19,Pago,0.0
218,891,365,188.71,2026-07-21,0,2026-07-21,Pago,0.0
219,891,365,188.71,2026-08-20,41,2026-09-30,Pago,0.0
220,891,365,188.71,2026-09-19,0,2026-09-22,Pago,0.0
221,891,365,188.71,2026-10-19,0,,Em aberto,188.71
222,892,216,132.15,2026-06-26,0,2026-06-29,Pago,0.0
223,892,216,132.15,2026-07-26,25,2026-08-20,Pago,0.0
224,901,205,291.0,2026-08-18,0,2026-08-20,Pago,0.0
225,901,205,291.0,2026-09-17,0,2026-09-20,Pago,0.0
226,901,205,291.0,2026-10-17,0,,Em aberto,291.0
227,903,245,101.68,2026-06-21,0,2026-06-21,Pago,0.0
228,903,245,101.68,2026-07-21,0,2026-07-24,Pago,0.0
229,903,245,101.68,2026-08-20,0,2026-08-22,Pago,0.0
230,928,356,49.8,2026-05-12,0,2026-05-15,Pago,0.0
231,928,356,49.8,2026-06-11,0,2026-06-14,Pago,0.0
232,928,356,49.8,2026-07-11,30,2026-08-10,Pago,0.0
233,928,356,49.8,2026-08-10,0,2026-08-10,Pago,0.0
234,938,186,290.15,2026-09-15,0,2026-09-18,Pago,0.0
235,938,186,290.15,2026-10-15,0,,Em aberto,290.15
236,941,488,165.69,2026-09-29,0,,Em aberto,165.69
237,941,488,165.69,2026-10-29,0,,Em aberto,165.69
238,941,488,165.69,2026-11-28,0,,Em aberto,165.69
239,941,488,165.69,2026-12-28,0,,Em aberto,165.69
240,942,126,381.28,2026-07-04,0,2026-07-07,Pago,0.0
241,942,126,381.28,2026-08-03,0,2026-08-04,Pago,0.0
242,954,507,117.52,2026-08-24,0,2026-08-24,Pago,0.0
243,954,507,117.52,2026-09-23,0,2026-09-25,Pago,0.0
244,954,507,117.52,2026-10-23,0,,Em aberto,117.52
245,990,515,75.54,2026-04-30,0,2026-05-03,Pago,0.0
246,990,515,75.54,2026-05-30,0,2026-05-31,Pago,0.0
247,990,515,75.54,29/06/26,31,2026-07-30,Pago,0.0
248,992,133,140.84,2026-07-23,25,2026-08-17,Pago,0.0
249,992,133,140.84,2026-08-22,0,2026-08-25,Pago,0.0
250,992,133,140.84,2026-09-21,0,2026-09-22,Pago,0.0
251,992,133,140.84,2026-10-21,0,,Em aberto,140.84
252,1027,596,362.42,2026-04-11,0,2026-04-11,Pago,0.0
253,1027,596,362.42,11/05/26,0,2026-05-12,Pago,0.0
254,1034,390,102.72,2026-05-20,0,2026-05-22,Pago,0.0
255,1034,390,102.72,2026-06-19,29,2026-07-18,Pago,0.0
256,1039,518,543.63,2026-08-23,0,2026-08-24,Pago,0.0
257,1042,1,61.22,2026-06-02,0,2026-06-04,Pago,0.0
258,1042,1,61.22,2026-07-02,0,2026-07-03,Pago,0.0
259,1042,1,61.22,2026-08-01,0,2026-08-03,Pago,0.0
260,1059,190,18.38,2026-09-19,27,2026-10-16,Pago,0.0
261,1059,190,18.38,2026-10-19,0,,Em aberto,18.38
262,1059,190,18.38,18/11/26,0,,Em Aberto,18.38
263,1076,542,58.49,2026-04-26,0,2026-04-29,Pago,0.0
264,1076,542,58.49,2026-05-26,0,2026-05-28,Pago,0.0
265,1076,542,58.49,2026-06-25,0,2026-06-26,Pago,0.0
266,1076,542,58.49,2026-07-25,0,2026-07-28,Pago,0.0
267,1078,82,43.85,2026-07-10,0,2026-07-10,Pago,0.0
268,1078,82,43.85,2026-08-09,0,2026-08-12,PAGO,0.0
269,1082,35,80.38,2026-04-18,0,2026-04-19,Pago,0.0
270,1083,497,140.89,2026-09-09,0,2026-09-12,Pago,0.0
271,1115,294,120.22,2026-07-11,0,2026-07-14,Pago,0.0
272,1115,294,120.22,2026-08-10,0,2026-08-12,Pago,0.0
273,1116,331,96.79,2026-04-18,0,2026-04-21,Pago,0.0
274,1120,214,385.97,2026-07-18,0,2026-07-20,Pago,0.0
275,1125,527,167.98,2026-07-04,0,2026-07-07,Pago,0.0
276,1125,527,167.98,2026-08-03,0,2026-08-06,Pago,0.0
277,1131,21,128.49,2026-09-26,0,,Em aberto,128.49
278,1131,21,128.49,2026-10-26,0,,Em aberto,128.49
279,1131,21,128.49,2026-11-25,0,,Em aberto,128.49
280,1131,21,128.49,2026-12-25,0,,Em aberto,128.49
281,1137,549,34.01,2026-06-29,0,2026-07-02,Pago,0.0
282,1137,549,34.01,2026-07-29,0,2026-08-01,Pago,0.0
283,1137,549,34.01,2026-08-28,0,2026-08-29,Pago,0.0
284,1144,469,199.8,2026-08-05,0,2026-08-08,Pago,0.0
285,1180,125,163.14,2026-08-07,0,2026-08-09,Pago,0.0
286,1180,125,163.14,2026-09-06,21,2026-09-27,Pago,0.0
287,1180,125,163.14,2026-10-06,0,,Em aberto,163.14
288,1187,570,46.77,2026-09-10,0,2026-09-12,Pago,0.0
289,1187,570,46.77,2026-10-10,0,,Em aberto,46.77
290,1187,570,46.77,2026-11-09,0,,Em aberto,46.77
291,1187,570,46.77,2026-12-09,0,,Em aberto,46.77
292,1191,464,301.56,2026-09-03,0,2026-09-03,Pago,0.0
293,1191,464,301.56,2026-10-03,0,,Em aberto,301.56
294,1191,464,301.56,2026-11-02,0,,Em aberto,301.56
295,1191,464,301.56,2026-12-02,0,,Em aberto,301.56
296,1232,82,1101.58,2026-08-10,0,2026-08-12,Pago,0.0
297,1233,270,1104.4,2026-05-14,0,2026-05-16,Pago,0.0
298,1246,251,106.12,2026-08-31,0,2026-09-03,Pago,0.0
299,1246,251,106.12,2026-09-30,0,,Em aberto,106.12
300,1277,349,207.76,2026-10-06,0,,Em aberto,207.76
301,1277,349,207.76,2026-11-05,0,,Em aberto,207.76
302,1277,349,207.76,2026-12-05,0,,Em aberto,207.76
303,1278,28,91.06,2026-06-06,0,2026-06-07,Pago,0.0
304,1281,212,102.86,2026-05-05,0,2026-05-08,Pago,0.0
305,1281,212,102.86,04/06/26,0,2026-06-06,Pago,0.0
306,1282,430,279.58,2026-05-15,24,2026-06-08,Pago,0.0
307,1288,144,631.68,2026-06-09,0,2026-06-09,Pago,0.0
308,1304,202,124.31,2026-06-23,0,2026-06-26,Pago,0.0
309,1304,202,124.31,2026-07-23,0,2026-07-24,Pago,0.0
310,1332,592,45.98,2026-08-29,37,2026-10-05,Pago,0.0
311,1332,592,45.98,2026-09-28,0,,Em aberto,45.98
312,1357,165,707.2,2026-06-18,0,2026-06-20,Pago,0.0
313,1374,146,204.96,2026-10-17,0,,Em aberto,204.96
314,1374,146,204.96,2026-11-16,0,,Em aberto,204.96
315,1379,413,204.96,2026-05-04,21,2026-05-25,Pago,0.0
316,1379,413,204.96,2026-06-03,0,2026-06-04,Pago,0.0
317,1390,463,145.91,2026-08-14,0,2026-08-16,Pago,0.0
318,1390,463,145.91,2026-09-13,0,2026-09-16,Pago,0.0
319,1390,463,145.91,2026-10-13,0,,Em aberto,145.91
320,1390,463,145.91,2026-11-12,0,,Em aberto,145.91
321,1395,269,186.84,2026-05-13,0,2026-05-13,Pago,0.0
322,1395,269,186.84,2026-06-12,45,2026-07-27,Pago,0.0
323,1395,269,186.84,2026-07-12,0,2026-07-12,Pago,0.0
324,1417,192,145.52,2026-04-26,0,2026-04-29,Pago,0.0
325,1434,170,24.03,2026-05-21,8,2026-05-29,Pago,0.0
326,1434,170,24.03,2026-06-20,0,2026-06-23,Pago,0.0
327,1434,170,24.03,2026-07-20,0,2026-07-23,Pago,0.0
328,1434,170,24.03,2026-08-19,0,2026-08-19,Pago,0.0
329,1437,418,116.9,2026-07-28,0,2026-07-29,Pago,0.0
330,1437,418,116.9,2026-08-27,0,2026-08-28,Pago,0.0
331,1437,418,116.9,2026-09-26,0,,Em aberto,116.9
332,1437,418,116.9,2026-10-26,0,,Em aberto,116.9
333,1449,288,207.08,2026-09-08,0,2026-09-10,Pago,0.0
334,1449,288,207.08,2026-10-08,0,,Em aberto,207.08
335,1449,288,207.08,2026-11-07,0,,Em aberto,207.08
336,1449,288,207.08,2026-12-07,0,,Em aberto,207.08
337,1454,70,83.49,2026-06-29,0,2026-07-02,Pago,0.0
338,1501,136,132.42,2026-06-11,0,2026-06-12,Pago,0.0
339,1519,366,563.35,2026-04-01,0,2026-04-03,Pago,0.0
340,1519,366,563.35,2026-05-01,0,2026-05-01,Pago,0.0
341,1538,314,251.89,2026-07-02,0,2026-07-04,Pago,0.0
342,1538,314,251.89,2026-08-01,20,2026-08-21,Pago,0.0
343,1542,193,30.16,2026-05-11,0,2026-05-14,Pago,0.0
344,1542,193,30.16,2026-06-10,0,2026-06-11,Pago,0.0
345,1542,193,30.16,2026-07-10,0,2026-07-10,Pago,0.0
346,1542,193,30.16,2026-08-09,0,2026-08-11,Pago,0.0
347,1552,262,45.44,2026-05-17,0,2026-05-20,Pago,0.0
348,1552,262,45.44,2026-06-16,0,2026-06-19,Pago,0.0
349,1552,262,45.44,2026-07-16,0,2026-07-19,Pago,0.0
350,1560,272,178.44,2026-10-16,0,,Em aberto,178.44
351,1573,529,79.79,2026-06-07,-1,2026-06-07,Pago,0.0
352,1573,529,79.79,2026-07-07,0,2026-07-07,Pago,0.0
353,1573,529,79.79,2026-08-06,6,2026-08-12,Pago,0.0
354,1573,529,79.79,2026-09-05,0,2026-09-08,Pago,0.0
355,1581,450,227.3,2026-05-14,0,2026-05-15,Pago,0.0
356,1581,450,227.3,2026-06-13,0,2026-06-15,Pago,0.0
357,1581,450,227.3,2026-07-13,0,2026-07-15,Pago,0.0
358,1582,523,164.2,2026-09-17,24,2026-10-11,Pago,0.0
359,1582,523,164.2,2026-10-17,0,,Em aberto,164.2
360,1598,190,244.67,2026-09-10,0,2026-09-12,Pago,0.0
361,1598,190,244.67,2026-10-10,0,,Em Aberto,244.67
362,1598,190,244.67,2026-11-09,0,,Em aberto,244.67
363,1605,49,160.51,2026-05-15,4,2026-05-19,Pago,0.0
364,1605,49,160.51,2026-06-14,0,2026-06-17,Pago,0.0
365,1605,49,160.51,2026-07-14,15,2026-07-29,Pago,0.0
366,1605,49,160.51,2026-08-13,12,2026-08-25,Pago,0.0
367,1625,541,202.62,2026-06-22,0,2026-06-22,Pago,0.0
368,1625,541,202.62,22/07/26,0,2026-07-24,Pago,0.0
369,1625,541,202.62,2026-08-21,0,2026-08-22,Pago,0.0
370,1625,541,202.62,2026-09-20,0,2026-09-21,Pago,0.0
371,1633,290,41.0,2026-05-17,0,2026-05-18,Pago,0.0
372,1633,290,41.0,2026-06-16,0,2026-06-17,Pago,0.0
373,1633,290,41.0,2026-07-16,0,2026-07-16,Pago,0.0
374,1633,290,41.0,2026-08-15,0,2026-08-17,Pago,0.0
375,1644,181,370.07,2026-04-30,0,2026-05-01,Pago,0.0
376,1644,181,370.07,2026-05-30,0,2026-05-30,Pago,0.0
377,1670,565,267.21,2026-05-28,0,2026-05-28,Pago,0.0
378,1670,565,267.21,2026-06-27,20,2026-07-17,Pago,0.0
379,1672,222,333.08,2026-04-12,0,2026-04-14,Pago,0.0
380,1678,155,19.08,2026-10-16,0,,Em aberto,19.08
381,1678,155,19.08,2026-11-15,0,,Em aberto,19.08
382,1696,459,290.37,2026-07-18,0,2026-07-19,Pago,0.0
383,1713,326,36.14,2026-06-17,0,2026-06-17,Pago,0.0
384,1713,326,36.14,2026-07-17,38,,Atrasado,36.14
385,1713,326,36.14,2026-08-16,0,2026-08-16,Pago,0.0
386,1727,124,68.32,2026-05-18,11,2026-05-29,Pago,0.0
387,1727,124,68.32,2026-06-17,0,2026-06-19,Pago,0.0
388,1735,318,147.03,2026-07-02,29,2026-07-31,Pago,0.0
389,1735,318,147.03,2026-08-01,0,2026-08-01,Pago,0.0
390,1735,318,147.03,2026-08-31,0,2026-08-31,Pago,0.0
391,1735,318,147.03,2026-09-30,0,,Em aberto,147.03
392,1741,451,129.83,2026-05-10,0,2026-05-13,Pago,0.0
393,1744,17,810.48,2026-07-25,0,2026-07-27,Pago,0.0
394,1746,531,276.24,2026-09-08,16,2026-09-24,Pago,0.0
395,1746,531,276.24,2026-10-08,0,,Em aberto,276.24
396,1746,531,276.24,2026-11-07,0,,Em aberto,276.24
397,1746,531,276.24,2026-12-07,0,,Em Aberto,276.24
398,1755,527,473.76,2026-08-14,0,2026-08-15,Pago,0.0
399,1755,527,473.76,2026-09-13,0,2026-09-14,Pago,0.0
400,1767,434,133.63,2026-06-13,0,2026-06-16,Pago,0.0
401,1767,434,133.63,2026-07-13,0,2026-07-13,Pago,0.0
402,1767,434,133.63,2026-08-12,0,2026-08-12,Pago,0.0
403,1782,215,146.77,2026-09-26,0,,Em aberto,146.77
404,1782,215,146.77,2026-10-26,0,,Em aberto,146.77
405,1782,215,146.77,2026-11-25,0,,Em aberto,146.77
406,1799,335,209.58,2026-07-30,-1,2026-07-30,Pago,0.0
407,1799,335,209.58,2026-08-29,0,2026-09-01,Pago,0.0
408,1799,335,209.58,2026-09-28,0,,Em aberto,209.58
409,1805,597,132.21,2026-05-04,31,,Atrasado,132.21
410,1805,597,132.21,2026-06-03,0,2026-06-06,Pago,0.0
411,1806,244,163.82,2026-09-11,3,2026-09-14,Pago,0.0
412,1806,244,163.82,2026-10-11,0,,EM ABERTO,163.82
413,1821,217,390.4,2026-06-11,0,2026-06-14,Pago,0.0
414,1821,217,390.4,2026-07-11,0,2026-07-12,Pago,0.0
415,1838,148,267.9,2026-10-03,0,,Em aberto,267.9
416,1838,148,267.9,2026-11-02,0,,Em aberto,267.9
417,1843,263,41.74,2026-07-29,0,2026-08-01,Pago,0.0
418,1843,263,41.74,2026-08-28,0,2026-08-30,PAGO,0.0
419,1845,141,367.34,2026-09-21,0,2026-09-23,Pago,0.0
420,1845,141,367.34,2026-10-21,0,,Em aberto,367.34
421,1850,180,188.75,2026-07-27,0,2026-07-27,Pago,0.0
422,1850,180,188.75,26-08-2026,0,2026-08-28,Pago,0.0
423,1850,180,188.75,2026-09-25,0,2026-09-28,Pago,0.0
424,1855,561,165.74,2026-04-26,0,2026-04-28,Pago,0.0
425,1855,561,165.74,26-05-2026,0,2026-05-27,Pago,0.0
426,1855,561,165.74,2026-06-25,44,,Atrasado,165.74
427,1861,50,315.84,2026-10-23,0,,Em aberto,315.84
428,1861,50,315.84,2026-11-22,0,,Em aberto,315.84
429,1861,50,315.84,2026-12-22,0,,Em aberto,315.84
430,1861,50,315.84,2027-01-21,0,,Em aberto,315.84
431,1866,391,397.26,2026-04-13,0,2026-04-13,Pago,0.0
432,1869,29,210.29,08/05/26,0,2026-05-11,Pago,0.0
433,1869,29,210.29,2026-06-07,0,2026-06-10,Pago,0.0
434,1869,29,210.29,2026-07-07,0,2026-07-10,Pago,0.0
435,1871,9,881.25,2026-07-14,0,2026-07-14,Pago,0.0
436,1878,301,36.38,2026-09-15,0,2026-09-15,Pago,0.0
437,1878,301,36.38,2026-10-15,0,,Em aberto,36.38
438,1878,301,36.38,2026-11-14,0,,Em aberto,36.38
439,1878,301,36.38,14-12-2026,0,,Em aberto,36.38
440,1881,459,170.0,2026-05-19,0,2026-05-21,Pago,0.0
441,1881,459,170.0,2026-06-18,0,2026-06-21,Pago,0.0
442,1881,459,170.0,2026-07-18,0,2026-07-19,Pago,0.0
443,1882,426,78.74,2026-07-19,27,2026-08-15,Pago,0.0
444,1882,426,78.74,2026-08-18,0,2026-08-19,Pago,0.0
445,1896,49,20.57,2026-10-13,0,,Em aberto,20.57
446,1896,49,20.57,2026-11-12,0,,Em aberto,20.57
447,1896,49,20.57,2026-12-12,-1,,Em aberto,20.57
448,1896,49,20.57,11/01/2027,0,,Em aberto,20.57
449,1902,476,61.84,07/04/2026,38,,Atrasado,61.84
450,1902,476,61.84,07/05/26,0,2026-05-08,Pago,0.0
451,1902,476,61.84,2026-06-06,0,2026-06-08,Pago,0.0
452,1902,476,61.84,2026-07-06,0,2026-07-08,Pago,0.0
453,1939,485,448.58,2026-05-28,0,2026-05-30,Pago,0.0
454,1944,131,673.26,2026-07-05,0,2026-07-05,Pago,0.0
455,1949,519,440.21,2026-10-25,0,,Em aberto,440.21
456,1951,183,419.37,2026-09-23,0,2026-09-25,Pago,0.0
457,1951,183,419.37,2026-10-23,0,,Em aberto,419.37
458,1953,366,112.69,2026-07-17,0,2026-07-20,Pago,0.0
459,1953,366,112.69,2026-08-16,0,2026-08-18,Pago,0.0
460,1953,366,112.69,2026-09-15,0,2026-09-17,Pago,0.0
461,1953,366,112.69,2026-10-15,0,,Em aberto,112.69
462,1954,289,147.89,2026-08-05,0,2026-08-08,Pago,0.0
463,1954,289,147.89,2026-09-04,0,2026-09-07,Pago,0.0
464,1954,289,147.89,2026-10-04,0,,Em aberto,147.89
465,1954,289,147.89,2026-11-03,0,,Em aberto,147.89
466,1958,326,61.14,2026-10-22,0,,Em aberto,61.14
467,1958,326,61.14,2026-11-21,0,,Em aberto,61.14
468,1958,326,61.14,2026-12-21,0,,Em aberto,61.14
469,1958,326,61.14,2027-01-20,0,,Em aberto,61.14
470,1967,575,68.64,2026-07-25,0,2026-07-25,Pago,0.0
471,1967,575,68.64,2026-08-24,0,2026-08-26,Pago,0.0
472,1994,516,31.89,2026-10-20,0,,Em aberto,31.89
473,1994,516,31.89,2026-11-19,0,,Em aberto,31.89
474,1994,516,31.89,2026-12-19,0,,Em aberto,31.89
475,1994,516,31.89,2027-01-18,0,,Em aberto,31.89
476,2011,332,65.33,2026-07-21,0,2026-07-21,Pago,0.0
477,2011,332,65.33,2026-08-20,0,2026-08-23,Pago,0.0
478,2011,332,65.33,2026-09-19,0,2026-09-21,Pago,0.0
479,2011,332,65.33,2026-10-19,0,,Em aberto,65.33
480,2035,242,139.79,2026-08-18,0,2026-08-18,Pago,0.0
481,2035,242,139.79,2026-09-17,0,2026-09-17,Pago,0.0
482,2044,310,96.63,2026-09-19,0,2026-09-21,Pago,0.0
483,2044,310,96.63,2026-10-19,0,,Em aberto,96.63
484,2044,310,96.63,2026-11-18,0,,Em aberto,96.63
485,2049,136,291.25,13/08/2026,0,2026-08-15,Pago,0.0
486,2049,136,291.25,2026-09-12,0,2026-09-14,Pago,0.0
487,2049,136,291.25,2026-10-12,0,,Em aberto,291.25
488,2049,136,291.25,2026-11-11,0,,Em aberto,291.25
489,2054,72,261.85,24-05-2026,0,2026-05-24,Pago,0.0
490,2054,72,261.85,2026-06-23,0,2026-06-24,Pago,0.0
491,2054,72,261.85,2026-07-23,16,2026-08-08,pago,0.0
492,2054,72,261.85,2026-08-22,0,2026-08-22,Pago,0.0
493,2067,246,947.52,2026-09-12,40,,Atrasado,947.52
494,2069,169,20.41,2026-10-21,0,,Em aberto,20.41
495,2069,169,20.41,2026-11-20,0,,Em aberto,20.41
496,2069,169,20.41,2026-12-20,0,,Em aberto,20.41
497,2069,169,20.41,2027-01-19,0,,Em aberto,20.41
498,2075,569,26.78,2026-08-16,0,2026-08-17,Pago,0.0
499,2075,569,26.78,2026-09-15,0,2026-09-16,Pago,0.0
500,2075,569,26.78,2026-10-15,0,,Em aberto,26.78
501,2076,366,136.32,2026-08-18,0,2026-08-21,Pago,0.0
502,2076,366,136.32,2026-09-17,0,2026-09-17,Pago,0.0
503,2076,366,136.32,2026-10-17,0,,Em Aberto,136.32
504,2076,366,136.32,2026-11-16,0,,Em aberto,136.32
505,2080,74,734.13,2026-04-07,0,2026-04-08,Pago,0.0
506,2100,389,544.8,2026-09-19,0,2026-09-19,Pago,0.0
507,2104,327,96.13,2026-09-01,0,2026-09-03,pago,0.0
508,2104,327,96.13,2026-10-01,0,,Em aberto,96.13
509,2104,327,96.13,2026-10-31,0,,Em aberto,96.13
510,2104,327,96.13,2026-11-30,0,,Em aberto,96.13
511,2113,588,248.62,2026-08-08,0,2026-08-10,Pago,0.0
512,2113,588,248.62,07/09/2026,0,2026-09-07,Pago,0.0
513,2113,588,248.62,2026-10-07,0,,Em aberto,248.62
514,2123,127,227.97,2026-05-12,41,,Atrasado,227.97
515,2123,127,227.97,2026-06-11,0,2026-06-12,Pago,0.0
516,2123,127,227.97,2026-07-11,0,2026-07-14,Pago,0.0
517,2126,493,220.24,2026-05-05,37,2026-06-11,Pago,0.0
518,2131,268,359.75,2026-04-09,0,2026-04-10,Pago,0.0
519,2131,268,359.75,2026-05-09,0,2026-05-09,Pago,0.0
520,2134,263,261.85,2026-09-30,0,,Em aberto,261.85
521,2134,263,261.85,2026-10-30,0,,EM ABERTO,261.85
522,2134,263,261.85,2026-11-29,0,,Em aberto,261.85
523,2137,360,630.59,2026-06-08,0,2026-06-10,Pago,0.0
524,2149,403,133.83,2026-10-02,0,,Em aberto,133.83
525,2149,403,133.83,2026-11-01,0,,Em aberto,133.83
526,2149,403,133.83,2026-12-01,0,,Em aberto,133.83
527,2149,403,133.83,2026-12-31,0,,Em aberto,133.83
528,2159,300,121.41,2026-09-02,0,2026-09-03,Pago,0.0
529,2159,300,121.41,2026-10-02,0,,Em aberto,121.41
530,2159,300,121.41,2026-11-01,0,,Em aberto,121.41
531,2166,325,315.84,2026-09-10,0,2026-09-10,Pago,0.0
532,2166,325,315.84,2026-10-10,0,,Em aberto,315.84
533,2166,325,315.84,2026-11-09,0,,Em aberto,315.84
534,2168,159,59.89,2026-05-20,17,2026-06-06,Pago,0.0
535,2168,159,59.89,2026-06-19,30,2026-07-19,pago,0.0
536,2168,159,59.89,2026-07-19,38,,Atrasado,59.89
537,2177,156,221.26,2026-09-23,0,2026-09-25,Pago,0.0
538,2184,462,343.21,2026-09-07,0,2026-09-07,Pago,0.0
539,2184,462,343.21,2026-10-07,0,,Em aberto,343.21
540,2184,462,343.21,2026-11-06,0,,Em aberto,343.21
541,2189,397,79.55,2026-05-12,0,2026-05-13,Pago,0.0
542,2189,397,79.55,2026-06-11,0,2026-06-12,Pago,0.0
543,2191,175,77.4,2026-07-10,0,2026-07-11,Pago,0.0
544,2191,175,77.4,2026-08-09,0,2026-08-10,Pago,0.0
545,2191,175,77.4,2026-09-08,0,2026-09-11,Pago,0.0
546,2191,175,77.4,2026-10-08,-1,,Em aberto,77.4
547,2200,462,357.95,2026-10-11,0,,Em aberto,357.95
548,2200,462,357.95,2026-11-10,0,,Em aberto,357.95
549,2200,462,357.95,2026-12-10,0,,Em aberto,357.95
550,2220,204,230.09,2026-04-07,0,2026-04-08,Pago,0.0
551,2220,204,230.09,2026-05-07,39,2026-06-15,Pago,0.0
552,2220,204,230.09,2026-06-06,0,2026-06-07,Pago,0.0
553,2246,406,320.22,2026-04-08,0,2026-04-08,Pago,0.0
554,2246,406,320.22,2026-05-08,0,2026-05-10,Pago,0.0
555,2246,406,320.22,2026-06-07,0,2026-06-07,Pago,0.0
556,2247,345,657.64,2026-07-01,0,2026-07-03,Pago,0.0
557,2266,151,131.22,2026-09-06,0,2026-09-06,Pago,0.0
558,2266,151,131.22,2026-10-06,0,,Em aberto,131.22
559,2266,151,131.22,2026-11-05,0,,Em aberto,131.22
560,2266,151,131.22,2026-12-05,0,,Em aberto,131.22
561,2274,98,235.21,2026-06-26,26,2026-07-22,Pago,0.0
562,2274,98,235.21,2026-07-26,0,2026-07-26,Pago,0.0
563,2274,98,235.21,2026-08-25,0,2026-08-25,Pago,0.0
564,2274,98,235.21,2026-09-24,0,2026-09-25,Pago,0.0
565,2281,432,533.75,2026-07-16,0,2026-07-16,Pago,0.0
566,2302,579,69.03,2026-04-04,0,2026-04-04,Pago,0.0
567,2302,579,69.03,2026-05-04,0,2026-05-04,Pago,0.0
568,2302,579,69.03,2026-06-03,0,2026-06-04,Pago,0.0
569,2302,579,69.03,2026-07-03,0,2026-07-06,Pago,0.0
570,2305,433,235.49,2026-09-08,0,2026-09-08,Pago,0.0
571,2309,17,181.13,2026-08-26,42,2026-10-07,Pago,0.0
572,2309,17,181.13,2026-09-25,0,2026-09-27,Pago,0.0
573,2309,17,181.13,2026-10-25,0,,Em aberto,181.13
574,2309,17,181.13,24-11-2026,0,,Em aberto,181.13
575,2329,422,93.59,2026-09-24,0,2026-09-27,Pago,0.0
576,2329,422,93.59,2026-10-24,0,,Em aberto,93.59
577,2329,422,93.59,2026-11-23,0,,Em aberto,93.59
578,2341,570,288.39,2026-06-06,0,2026-06-06,Pago,0.0
579,2351,187,69.86,2026-09-23,0,2026-09-25,Pago,0.0
580,2351,187,69.86,2026-10-23,0,,Em aberto,69.86
581,2351,187,69.86,2026-11-22,0,,Em aberto,69.86
582,2358,533,212.42,2026-10-01,0,,Em aberto,212.42
583,2358,533,212.42,2026-10-31,0,,Em aberto,212.42
584,2362,317,58.81,2026-09-14,0,2026-09-14,Pago,0.0
585,2362,317,58.81,2026-10-14,0,,Em aberto,58.81
586,2362,317,58.81,2026-11-13,0,,Em aberto,58.81
587,2368,178,1067.51,2026-04-23,0,2026-04-23,Pago,0.0
588,2371,270,253.42,2026-05-31,0,2026-06-02,Pago,0.0
589,2371,270,253.42,2026-06-30,0,2026-06-30,Pago,0.0
590,2371,270,253.42,2026-07-30,0,2026-07-30,Pago,0.0
591,2371,270,253.42,2026-08-29,30,2026-09-28,Pago,0.0
592,2391,388,104.28,2026-07-24,34,2026-08-27,Pago,0.0
593,2391,388,104.28,2026-08-23,26,2026-09-18,Pago,0.0
594,2391,388,104.28,2026-09-22,0,2026-09-23,Pago,0.0
595,2407,48,89.44,2026-09-22,0,2026-09-22,Pago,0.0
596,2407,48,89.44,2026-10-22,0,,Em aberto,89.44
597,2407,48,89.44,2026-11-21,0,,Em aberto,89.44
598,2440,40,34.85,2026-10-06,0,,Em aberto,34.85
599,2440,40,34.85,2026-11-05,0,,Em aberto,34.85
600,2440,40,34.85,2026-12-05,0,,Em aberto,34.85
601,2440,40,34.85,2027-01-04,0,,Em aberto,34.85
602,2443,508,80.12,2026-06-30,0,2026-07-01,Pago,0.0
603,2443,508,80.12,2026-07-30,0,2026-08-02,Pago,0.0
604,2453,149,744.76,2026-09-14,8,2026-09-22,Pago,0.0
605,2457,365,279.5,2026-04-04,0,2026-04-04,Pago,0.0
606,2466,450,48.8,05/10/26,0,,Em aberto,48.8
607,2466,450,48.8,2026-11-04,0,,Em aberto,48.8
608,2466,450,48.8,2026-12-04,0,,Em aberto,48.8
609,2466,450,48.8,2027-01-03,0,,Em aberto,48.8
610,2499,552,110.2,2026-04-09,0,2026-04-11,Pago,0.0
611,2499,552,110.2,2026-05-09,0,2026-05-09,Pago,0.0
612,2499,552,110.2,2026-06-08,0,2026-06-10,Pago,0.0
613,2504,326,280.68,2026-07-17,0,2026-07-20,Pago,0.0
614,2509,518,53.41,2026-08-25,0,2026-08-26,pago,0.0
615,2509,518,53.41,2026-09-24,0,2026-09-26,Pago,0.0
616,2509,518,53.41,2026-10-24,0,,Em aberto,53.41
617,2528,191,119.61,2026-08-29,0,2026-08-31,Pago,0.0
618,2528,191,119.61,2026-09-28,0,,Em aberto,119.61
619,2528,191,119.61,2026-10-28,0,,Em Aberto,119.61
620,2528,191,119.61,2026-11-27,0,,Em Aberto,119.61
621,2559,83,221.63,2026-05-22,18,2026-06-09,Pago,0.0
622,2559,83,221.63,2026-06-21,0,2026-06-23,Pago,0.0
623,2559,83,221.63,2026-07-21,-41,2026-08-30,Pago,0.0
624,2575,317,48.23,2026-04-23,7,2026-04-30,Pago,0.0
625,2575,317,48.23,2026-05-23,0,2026-05-23,Pago,0.0
626,2575,317,48.23,2026-06-22,0,2026-06-23,Pago,0.0
627,2575,317,48.23,2026-07-22,0,2026-07-22,PAGO,0.0
628,2581,261,237.92,2026-09-06,19,2026-09-25,Pago,0.0
629,2581,261,237.92,2026-10-06,0,,Em aberto,237.92
630,2581,261,237.92,2026-11-05,0,,Em aberto,237.92
631,2588,295,50.27,2026-10-05,0,,Em aberto,50.27
632,2588,295,50.27,2026-11-04,0,,Em aberto,50.27
633,2589,256,912.63,2026-08-15,0,2026-08-15,Pago,0.0
634,2595,550,170.59,2026-05-18,0,2026-05-20,Pago,0.0
635,2610,488,327.24,2026-08-08,0,2026-08-10,Pago,0.0
636,2612,595,66.98,2026-07-12,0,2026-07-12,Pago,0.0
637,2612,595,66.98,2026-08-11,0,2026-08-11,Pago,66.98
638,2612,595,66.98,2026-09-10,0,2026-09-12,Pago,0.0
639,2618,364,45.75,2026-08-08,31,2026-09-08,Pago,0.0
640,2618,364,45.75,2026-09-07,10,2026-09-17,Pago,0.0
641,2618,364,45.75,2026-10-07,0,,Em aberto,45.75
642,2618,364,45.75,2026-11-06,0,,Em aberto,45.75
643,2637,328,29.24,2026-04-09,37,,Atrasado,29.24
644,2637,328,29.24,2026-05-09,0,2026-05-11,Pago,0.0
645,2637,328,29.24,2026-06-08,0,2026-06-10,Pago,0.0
646,2637,328,29.24,2026-07-08,0,2026-07-08,PAGO,0.0
647,2641,260,279.67,2026-06-11,0,2026-06-12,Pago,0.0
648,2641,260,279.67,2026-07-11,0,2026-07-13,Pago,0.0
649,2645,495,42.7,2026-08-30,9,2026-09-08,Pago,0.0
650,2645,495,42.7,2026-09-29,0,,Em aberto,42.7
651,2645,495,42.7,2026-10-29,0,,Em aberto,42.7
652,2645,495,42.7,28/11/2026,0,,Em aberto,42.7
653,2646,553,1154.16,2026-07-03,29,2026-08-01,Pago,0.0
654,2647,29,217.52,2026-09-22,0,2026-09-25,Pago,0.0
655,2647,29,217.52,2026-10-22,0,,Em aberto,217.52
656,2647,29,217.52,2026-11-21,0,,Em aberto,217.52
657,2664,486,313.99,2026-09-27,0,,em aberto,313.99
658,2664,486,313.99,2026-10-27,0,,Em aberto,313.99
659,2664,486,313.99,2026-11-26,0,,Em aberto,313.99
660,2682,290,110.63,2026-08-05,0,2026-08-07,Pago,0.0
661,2682,290,110.63,2026-09-04,0,2026-09-05,Pago,0.0
662,2691,155,113.71,2026-08-13,22,2026-09-04,Pago,0.0
663,2696,378,54.86,2026-10-06,0,,Em aberto,54.86
664,2736,1,157.72,2026-06-27,0,2026-06-27,Pago,0.0
665,2736,1,157.72,2026-07-27,0,2026-07-29,Pago,0.0
666,2739,102,33.71,2026-06-16,0,2026-06-16,Pago,0.0
667,2739,102,33.71,2026-07-16,4,2026-07-20,Pago,0.0
668,2739,102,33.71,2026-08-15,36,,Atrasado,33.71
669,2739,102,33.71,2026-09-14,42,2026-10-26,Pago,0.0
670,2751,53,288.39,2026-07-17,0,2026-07-17,Pago,0.0
671,2765,361,245.14,2026-09-11,0,2026-09-12,Pago,0.0
672,2765,361,245.14,2026-10-11,0,,Em aberto,245.14
673,2765,361,245.14,2026-11-10,0,,Em aberto,245.14
674,2765,361,245.14,2026-12-10,0,,Em aberto,245.14
675,2772,503,286.48,2026-05-21,0,2026-05-24,Pago,0.0
676,2772,503,286.48,2026-06-20,3,2026-06-23,Pago,0.0
677,2772,503,286.48,20/07/2026,0,2026-07-21,Pago,0.0
678,2779,92,93.81,2026-06-02,0,2026-06-02,Pago,0.0
679,2779,92,93.81,2026-07-02,0,2026-07-04,Pago,0.0
680,2781,458,595.44,2026-08-13,42,,Atrasado,595.44
681,2787,99,1285.88,2026-07-31,0,2026-08-02,Pago,0.0
682,2794,47,15.95,2026-03-31,0,2026-04-01,Pago,0.0
683,2794,47,15.95,2026-04-30,17,2026-05-17,Pago,0.0
684,2794,47,15.95,2026-05-30,0,2026-06-02,Pago,0.0
685,2794,47,15.95,2026-06-29,0,2026-06-29,Pago,0.0
686,2795,486,99.99,2026-07-15,0,2026-07-18,Pago,0.0
687,2795,486,99.99,2026-08-14,24,2026-09-07,Pago,0.0
688,2807,236,95.38,2026-06-27,0,2026-06-27,Pago,0.0
689,2807,236,95.38,2026-07-27,40,,Atrasado,95.38
690,2807,236,95.38,2026-08-26,0,2026-08-28,Pago,0.0
691,2808,375,891.57,2026-09-14,0,2026-09-16,Pago,0.0
692,2809,574,103.61,2026-04-04,0,2026-04-04,Pago,0.0
693,2809,574,103.61,2026-05-04,0,2026-05-07,Pago,0.0
694,2809,574,103.61,2026-06-03,0,2026-06-04,PAGO,0.0
695,2809,574,103.61,2026-07-03,0,2026-07-05,pago,0.0
696,2817,92,222.83,20/09/2026,14,2026-10-04,Pago,0.0
697,2817,92,222.83,2026-10-20,0,,Em aberto,222.83
698,2817,92,222.83,2026-11-19,0,,em aberto,222.83
699,2817,92,222.83,2026-12-19,0,,Em aberto,222.83
700,2819,410,28.51,2026-04-26,0,2026-04-27,Pago,0.0
701,2819,410,28.51,2026-05-26,3,2026-05-29,Pago,0.0
702,2842,129,142.53,2026-09-29,0,,Em aberto,142.53
703,2842,129,142.53,2026-10-29,0,,Em aberto,142.53
704,2842,129,142.53,2026-11-28,0,,Em aberto,142.53
705,2842,129,142.53,2026-12-28,0,,Em aberto,142.53
706,2857,419,120.35,2026-07-17,0,2026-07-18,Pago,0.0
707,2860,279,374.12,31/05/2026,0,2026-06-03,Pago,0.0
708,2875,240,552.2,21/06/2026,0,2026-06-21,Pago,0.0
709,2875,240,552.2,2026-07-21,0,2026-07-22,Pago,0.0
710,2891,278,273.89,2026-08-17,0,2026-08-17,Pago,0.0
711,2891,278,273.89,16/09/26,0,2026-09-16,Pago,0.0
712,2891,278,273.89,2026-10-16,0,,Em aberto,273.89
713,2892,483,162.66,2026-05-01,0,2026-05-02,Pago,0.0
714,2892,483,162.66,2026-05-31,0,2026-06-01,Pago,0.0
715,2898,140,157.9,2026-04-30,19,2026-05-19,Pago,0.0
716,2898,140,157.9,2026-05-30,0,2026-06-01,Pago,0.0
717,2909,328,30.34,2026-04-29,45,,Atrasado,30.34
718,2909,328,30.34,2026-05-29,0,2026-05-29,Pago,0.0
719,2909,328,30.34,2026-06-28,0,2026-06-28,Pago,0.0
720,2914,190,262.33,2026-06-25,0,2026-06-26,Pago,0.0
721,2914,190,262.33,2026-07-25,0,2026-07-27,Pago,0.0
722,2914,190,262.33,2026-08-24,0,2026-08-27,Pago,0.0
723,2920,204,123.23,2026-05-29,0,2026-05-29,Pago,0.0
724,2920,204,123.23,2026-06-28,0,2026-06-30,Pago,0.0
725,2920,204,123.23,2026-07-28,0,2026-07-28,Pago,0.0
726,2927,281,120.62,2026-09-14,22,2026-10-06,Pago,0.0
727,2938,290,193.59,2026-04-21,0,2026-04-21,Pago,0.0
728,2938,290,193.59,2026-05-21,0,2026-05-24,Pago,0.0
729,2938,290,193.59,2026-06-20,0,2026-06-22,Pago,0.0
730,2942,524,244.13,2026-10-14,0,,Em aberto,244.13
731,2949,124,36.32,2026-05-24,0,2026-05-27,Pago,0.0
732,2949,124,36.32,2026-06-23,0,2026-06-25,Pago,0.0
733,2951,278,60.37,2026-10-19,0,,Em aberto,60.37
734,2951,278,60.37,2026-11-18,0,,EM ABERTO,60.37
735,2951,278,60.37,2026-12-18,0,,em aberto,60.37
736,2951,278,60.37,2027-01-17,0,,Em aberto,60.37
737,2976,10,93.86,2026-07-16,0,2026-07-19,Pago,0.0
738,2976,10,93.86,2026-08-15,0,2026-08-16,Pago,0.0
739,2976,10,93.86,2026-09-14,0,2026-09-14,Pago,0.0
740,2977,345,114.44,2026-08-30,12,2026-09-11,Pago,0.0
741,2977,345,114.44,2026-09-29,0,,Em aberto,114.44
742,2977,345,114.44,29/10/2026,0,,Em aberto,114.44
743,3073,557,305.4,2026-10-11,0,,Em aberto,305.4
744,3073,557,305.4,2026-11-10,0,,Em aberto,305.4
745,3073,557,305.4,2026-12-10,0,,Em aberto,305.4
746,3073,557,305.4,2027-01-09,0,,Em aberto,305.4
747,3083,379,86.4,2026-10-22,0,,Em aberto,86.4
748,3083,379,86.4,2026-11-21,0,,Em aberto,86.4
749,3083,379,86.4,2026-12-21,0,,Em aberto,86.4
750,3089,359,245.1,2026-10-23,0,,Em aberto,245.1
751,3089,359,245.1,2026-11-22,0,,Em aberto,245.1
752,3089,359,245.1,2026-12-22,0,,Em aberto,245.1
753,3089,359,245.1,2027-01-21,0,,Em aberto,245.1
754,3128,507,84.16,2026-04-08,0,2026-04-08,Pago,0.0
755,3128,507,84.16,2026-05-08,0,2026-05-08,Pago,0.0
756,3128,507,84.16,2026-06-07,0,2026-06-07,Pago,0.0
757,3128,507,84.16,2026-07-07,0,2026-07-07,Pago,0.0
758,3150,433,400.89,2026-07-10,27,2026-08-06,Pago,0.0
759,3171,118,209.87,2026-10-09,0,,Em aberto,209.87
760,3171,118,209.87,08/11/2026,0,,EM ABERTO,209.87
761,3171,118,209.87,2026-12-08,0,,Em aberto,209.87
762,3171,118,209.87,2027-01-07,0,,Em aberto,209.87
763,3180,15,70.95,2026-10-22,0,,Em aberto,70.95
764,3180,15,70.95,2026-11-21,0,,Em aberto,70.95
765,3180,15,70.95,2026-12-21,0,,Em aberto,70.95
766,3180,15,70.95,2027-01-20,0,,Em aberto,70.95
767,3200,598,177.07,2026-07-09,31,2026-08-09,Pago,0.0
768,3200,598,177.07,2026-08-08,0,2026-08-10,Pago,0.0
769,3200,598,177.07,2026-09-07,0,2026-09-08,Pago,0.0
770,3203,304,471.78,2026-05-22,0,2026-05-24,Pago,0.0
771,3204,530,713.57,2026-10-22,0,,Em aberto,713.57
772,3226,185,103.8,2026-05-28,8,2026-06-05,Pago,0.0
773,3226,185,103.8,2026-06-27,0,2026-06-27,Pago,0.0
774,3226,185,103.8,2026-07-27,21,2026-08-17,Pago,0.0
775,3231,572,96.13,2026-04-23,0,2026-04-24,Pago,0.0
776,3231,572,96.13,2026-05-23,0,2026-05-25,Pago,0.0
777,3231,572,96.13,2026-06-22,0,2026-06-25,Pago,0.0
778,3240,225,403.77,2026-06-03,37,,Atrasado,403.77
779,3240,225,403.77,2026-07-03,0,2026-07-05,Pago,0.0
780,3240,225,403.77,2026-08-02,0,2026-08-03,Pago,0.0
781,3249,569,256.64,2026-04-19,0,2026-04-21,Pago,0.0
782,3249,569,256.64,2026-05-19,26,2026-06-14,Pago,0.0
783,3249,569,256.64,2026-06-18,0,2026-06-21,Pago,0.0
784,3249,569,256.64,2026-07-18,0,2026-07-19,Pago,0.0
785,3250,65,148.17,2026-06-04,0,2026-06-05,Pago,0.0
786,3250,65,148.17,2026-07-04,0,2026-07-05,Pago,0.0
787,3250,65,148.17,2026-08-03,36,2026-09-08,Pago,0.0
788,3250,65,148.17,2026-09-02,0,2026-09-05,Pago,0.0
789,3252,336,175.44,2026-08-01,33,,Atrasado,175.44
790,3252,336,175.44,2026-08-31,0,2026-09-03,Pago,0.0
791,3253,106,25.51,2026-04-25,8,2026-05-03,Pago,0.0
792,3253,106,25.51,2026-05-25,0,2026-05-26,Pago,0.0
793,3253,106,25.51,2026-06-24,0,2026-06-24,Pago,0.0
794,3268,520,177.82,2026-08-06,0,2026-08-09,Pago,0.0
795,3287,341,110.3,2026-09-13,0,2026-09-15,Pago,0.0
796,3287,341,110.3,2026-10-13,0,,Em aberto,110.3
797,3291,435,108.06,2026-08-11,0,2026-08-13,Pago,0.0
798,3291,435,108.06,2026-09-10,0,2026-09-13,Pago,0.0
799,3291,435,108.06,2026-10-10,0,,Em aberto,108.06
800,3293,304,85.2,2026-08-26,0,2026-08-26,Pago,0.0
801,3293,304,85.2,2026-09-25,0,2026-09-26,Pago,0.0
802,3293,304,85.2,2026-10-25,0,,Em aberto,85.2
803,3293,304,85.2,2026-11-24,-1,,Em aberto,85.2
804,3319,531,148.31,2026-09-10,0,2026-09-10,Pago,0.0
805,3319,531,148.31,2026-10-10,0,,Em aberto,148.31
806,3340,579,90.61,2026-05-17,0,2026-05-17,Pago,0.0
807,3340,579,90.61,2026-06-16,0,2026-06-16,Pago,0.0
808,3342,224,155.21,2026-10-04,0,,Em aberto,155.21
809,3342,224,155.21,2026-11-03,0,,Em aberto,155.21
810,3356,98,75.95,2026-10-15,0,,Em aberto,75.95
811,3356,98,75.95,2026-11-14,0,,Em aberto,75.95
812,3356,98,75.95,2026-12-14,0,,Em aberto,75.95
813,3361,30,413.1,2026-07-18,0,2026-07-18,Pago,0.0
814,3361,30,413.1,2026-08-17,0,2026-08-20,Pago,0.0
815,3405,410,365.48,2026-08-11,0,2026-08-13,Pago,0.0
816,3405,410,365.48,2026-09-10,0,2026-09-12,Pago,0.0
817,3405,410,365.48,2026-10-10,0,,Em aberto,365.48
818,3424,122,108.44,2026-08-30,0,2026-08-30,Pago,0.0
819,3424,122,108.44,29/09/26,0,,Em aberto,108.44
820,3424,122,108.44,2026-10-29,0,,Em aberto,108.44
821,3424,122,108.44,2026-11-28,0,,Em aberto,108.44
822,3447,444,591.66,2026-06-21,0,2026-06-21,Pago,0.0
823,3480,560,145.19,2026-05-19,0,2026-05-20,Pago,0.0
824,3480,560,145.19,2026-06-18,0,2026-06-19,Pago,0.0
825,3482,174,159.48,2026-09-06,0,2026-09-09,Pago,0.0
826,3482,174,159.48,2026-10-06,0,,Em aberto,159.48
827,3482,174,159.48,2026-11-05,0,,Em aberto,159.48
828,3484,177,50.88,2026-07-15,0,2026-07-17,Pago,0.0
829,3484,177,50.88,2026-08-14,26,2026-09-09,Pago,0.0
830,3485,75,187.14,2026-06-04,0,2026-06-06,Pago,0.0
831,3495,323,139.91,2026-04-08,0,2026-04-11,Pago,0.0
832,3495,323,139.91,2026-05-08,0,2026-05-11,Pago,0.0
833,3495,323,139.91,2026-06-07,0,2026-06-10,Pago,0.0
834,3495,323,139.91,2026-07-07,0,2026-07-08,Pago,0.0
835,3501,241,79.79,2026-04-07,0,2026-04-07,Pago,0.0
836,3501,241,79.79,2026-05-07,7,2026-05-14,Pago,0.0
837,3501,241,79.79,2026-06-06,0,2026-06-08,Pago,0.0
838,3513,428,244.67,2026-08-05,0,2026-08-06,Pago,0.0
839,3514,221,47.97,2026-09-14,0,2026-09-17,Pago,0.0
840,3514,221,47.97,2026-10-14,0,,Em aberto,47.97
841,3514,221,47.97,2026-11-13,0,,Em aberto,47.97
842,3521,25,272.19,2026-09-03,0,2026-09-05,Pago,0.0
843,3536,213,99.99,2026-08-27,0,2026-08-28,Pago,0.0
844,3536,213,99.99,2026-09-26,0,,Em aberto,99.99
845,3557,150,32.12,2026-06-18,0,2026-06-21,Pago,0.0
846,3557,150,32.12,2026-07-18,0,2026-07-20,Pago,0.0
847,3557,150,32.12,2026-08-17,2,2026-08-19,Pago,0.0
848,3557,150,32.12,2026-09-16,0,2026-09-19,Pago,0.0
849,3577,581,76.31,2026-09-02,0,2026-09-02,Pago,0.0
850,3577,581,76.31,2026-10-02,0,,Em aberto,76.31
851,3578,172,456.02,2026-08-13,0,2026-08-13,Pago,0.0
852,3582,500,491.97,2026-05-05,0,2026-05-08,Pago,0.0
853,3596,116,385.24,2026-07-18,0,2026-07-21,Pago,0.0
854,3610,25,34.72,2026-10-07,0,,Em aberto,34.72
855,3610,25,34.72,2026-11-06,0,,Em aberto,34.72
856,3610,25,34.72,2026-12-06,0,,Em aberto,34.72
857,3610,25,34.72,2027-01-05,0,,Em aberto,34.72
858,3616,283,598.78,2026-06-07,16,2026-06-23,Pago,0.0
859,3616,283,598.78,2026-07-07,0,2026-07-08,Pago,0.0
860,3619,271,241.1,2026-08-06,33,,Atrasado,241.1
861,3619,271,241.1,2026-09-05,0,2026-09-07,pago,0.0
862,3619,271,241.1,2026-10-05,0,,Em aberto,241.1
863,3619,271,241.1,2026-11-04,0,,Em aberto,241.1
864,3650,586,294.9,2026-05-18,0,2026-05-19,Pago,0.0
865,3657,472,48.86,2026-06-02,41,,Atrasado,48.86
866,3657,472,48.86,2026-07-02,30,2026-08-01,Pago,0.0
867,3657,472,48.86,2026-08-01,0,2026-08-01,Pago,0.0
868,3657,472,48.86,2026-08-31,0,2026-09-01,Pago,0.0
869,3659,502,369.35,2026-08-10,0,2026-08-12,Pago,0.0
870,3659,502,369.35,2026-09-09,0,2026-09-12,Pago,0.0
871,3661,487,346.48,07-05-2026,0,2026-05-07,Pago,0.0
872,3668,125,176.28,2026-04-03,0,2026-04-04,Pago,0.0
873,3668,125,176.28,2026-05-03,0,2026-05-04,PAGO,176.28
874,3671,72,250.85,2026-09-14,0,2026-09-16,Pago,0.0
875,3671,72,250.85,2026-10-14,0,,Em aberto,250.85
876,3685,283,76.75,2026-08-09,0,2026-08-10,Pago,0.0
877,3685,283,76.75,2026-09-08,0,2026-09-11,Pago,0.0
878,3685,283,76.75,2026-10-08,0,,Em aberto,76.75
879,3690,567,189.79,2026-08-19,35,2026-09-23,Pago,0.0
880,3690,567,189.79,2026-09-18,0,2026-09-19,Pago,0.0
881,3713,553,66.56,2026-07-18,0,2026-07-18,Pago,0.0
882,3713,553,66.56,2026-08-17,0,2026-08-17,Pago,0.0
883,3713,553,66.56,2026-09-16,12,2026-09-28,Pago,0.0
884,3739,58,209.62,2026-09-09,0,2026-09-11,Pago,0.0
885,3739,58,209.62,2026-10-09,0,,Em aberto,209.62
886,3750,560,671.15,2026-07-03,0,2026-07-04,Pago,0.0
887,3772,559,25.23,2026-09-23,0,2026-09-24,Pago,0.0
888,3772,559,25.23,2026-10-23,0,,Em aberto,25.23
889,3772,559,25.23,2026-11-22,0,,Em aberto,25.23
890,3772,559,25.23,2026-12-22,0,,Em aberto,25.23
891,3781,8,28.22,2026-09-28,0,,Em aberto,28.22
892,3781,8,28.22,2026-10-28,0,,Em aberto,28.22
893,3790,197,1322.32,2026-07-15,0,2026-07-15,Pago,0.0
894,3793,114,66.39,05-04-2026,0,2026-04-05,PAGO,0.0
895,3793,114,66.39,2026-05-05,6,2026-05-11,PAGO,0.0
896,3795,378,120.62,2026-08-23,0,2026-08-23,Pago,0.0
897,3795,378,120.62,22-09-2026,0,2026-09-23,Pago,0.0
898,3807,490,142.82,2026-07-02,0,2026-07-04,Pago,0.0
899,3807,490,142.82,2026-08-01,0,2026-08-01,Pago,0.0
900,3813,90,33.49,2026-10-23,0,,Em aberto,33.49
901,3813,90,33.49,2026-11-22,0,,Em aberto,33.49
902,3813,90,33.49,2026-12-22,0,,Em aberto,33.49
903,3813,90,33.49,2027-01-21,0,,Em aberto,33.49
904,3823,430,144.94,2026-06-18,26,2026-07-14,Pago,0.0
905,3823,430,144.94,18/07/26,0,2026-07-18,Pago,0.0
906,3853,4,109.12,2026-04-22,0,2026-04-25,Pago,0.0
907,3853,4,109.12,2026-05-22,0,2026-05-24,Pago,0.0
908,3855,393,318.95,2026-08-09,0,2026-08-10,Pago,0.0
909,3860,193,277.82,2026-10-02,0,,Em aberto,277.82
910,3860,193,277.82,2026-11-01,0,,Em aberto,277.82
911,3860,193,277.82,2026-12-01,0,,Em aberto,277.82
912,3862,581,388.17,2026-07-13,0,2026-07-16,Pago,0.0
913,3921,538,250.9,2026-07-11,0,2026-07-12,Pago,0.0
914,3921,538,250.9,2026-08-10,0,2026-08-12,Pago,0.0
915,3934,81,147.03,2026-09-08,0,2026-09-11,Pago,0.0
916,3934,81,147.03,2026-10-08,0,,Em aberto,147.03
917,3934,81,147.03,2026-11-07,0,,Em aberto,147.03
918,3934,81,147.03,2026-12-07,0,,Em aberto,147.03
919,3957,160,25.71,2026-04-21,33,,Atrasado,25.71
920,3957,160,25.71,2026-05-21,19,2026-06-09,Pago,0.0
921,3957,160,25.71,2026-06-20,30,2026-07-20,Pago,0.0
922,3957,160,25.71,2026-07-20,0,2026-07-22,Pago,0.0
923,3968,535,118.62,2026-10-03,0,,Em aberto,118.62
924,3968,535,118.62,2026-11-02,0,,Em aberto,118.62
925,3968,535,118.62,2026-12-02,0,,Em aberto,118.62
926,3973,197,56.86,2026-06-17,0,2026-06-20,Pago,0.0
927,3973,197,56.86,2026-07-17,39,,Atrasado,56.86
928,3973,197,56.86,2026-08-16,0,2026-08-18,Pago,0.0
929,3976,67,252.13,2026-08-20,0,2026-08-22,Pago,0.0
930,3988,534,51.9,2026-07-04,32,,Atrasado,51.9
931,3988,534,51.9,03-08-2026,0,2026-08-04,Pago,0.0
932,3988,534,51.9,2026-09-02,1,2026-09-03,Pago,0.0
933,3996,441,134.96,2026-10-02,0,,Em aberto,134.96
934,3996,441,134.96,2026-11-01,0,,Em aberto,134.96
935,4011,244,37.48,2026-09-09,0,2026-09-09,Pago,0.0
936,4011,244,37.48,2026-10-09,0,,Em aberto,37.48
937,4011,244,37.48,2026-11-08,0,,Em aberto,37.48
938,4011,244,37.48,2026-12-08,0,,EM ABERTO,37.48
939,4021,386,276.1,2026-08-20,39,2026-09-28,Pago,0.0
940,4021,386,276.1,2026-09-19,0,2026-09-22,Pago,0.0
941,4026,351,133.06,2026-05-10,21,2026-05-31,Pago,0.0
942,4026,351,133.06,2026-06-09,21,2026-06-30,Pago,0.0
943,4027,282,102.86,2026-06-04,0,2026-06-07,Pago,0.0
944,4027,282,102.86,2026-07-04,22,2026-07-26,Pago,0.0
945,4027,282,102.86,2026-08-03,0,2026-08-04,Pago,0.0
946,4027,282,102.86,2026-09-02,14,2026-09-16,Pago,0.0
947,4046,232,188.0,2026-05-24,0,2026-05-26,Pago,0.0
948,4049,80,74.43,2026-10-24,0,,Em aberto,74.43
949,4049,80,74.43,2026-11-23,0,,Em aberto,74.43
950,4049,80,74.43,2026-12-23,0,,Em aberto,74.43
951,4049,80,74.43,2027-01-22,0,,Em aberto,74.43
952,4079,488,31.22,2026-08-19,0,2026-08-22,Pago,0.0
953,4079,488,31.22,2026-09-18,19,2026-10-07,Pago,0.0
954,4079,488,31.22,2026-10-18,0,,Em aberto,31.22
955,4079,488,31.22,17/11/26,0,,Em aberto,31.22
956,4086,219,228.3,2026-06-19,0,2026-06-22,Pago,0.0
957,4086,219,228.3,2026-07-19,0,2026-07-22,Pago,0.0
958,4093,16,117.17,2026-08-24,0,2026-08-27,Pago,0.0
959,4093,16,117.17,2026-09-23,15,2026-10-08,Pago,0.0
960,4093,16,117.17,2026-10-23,0,,Em aberto,117.17
961,4093,16,117.17,2026-11-22,0,,Em aberto,117.17
962,4094,239,105.77,2026-10-03,0,,Em aberto,105.77
963,4094,239,105.77,2026-11-02,0,,Em aberto,105.77
964,4094,239,105.77,2026-12-02,0,,Em aberto,105.77
965,4098,532,97.56,2026-04-24,0,2026-04-26,Pago,0.0
966,4098,532,97.56,2026-05-24,0,2026-05-27,Pago,0.0
967,4108,598,63.73,2026-10-25,0,,em aberto,63.73
968,4108,598,63.73,2026-11-24,0,,Em aberto,63.73
969,4108,598,63.73,2026-12-24,0,,Em aberto,63.73
970,4108,598,63.73,2027-01-23,0,,Em aberto,63.73
971,4110,258,163.99,2026-06-21,12,2026-07-03,Pago,0.0
972,4110,258,163.99,2026-07-21,0,2026-07-22,Pago,0.0
973,4123,198,16.73,2026-04-07,0,2026-04-07,Pago,0.0
974,4123,198,16.73,2026-05-07,0,2026-05-08,Pago,0.0
975,4123,198,16.73,2026-06-06,0,2026-06-09,Pago,0.0
976,4123,198,16.73,2026-07-06,15,2026-07-21,Pago,0.0
977,4126,341,31.89,2026-10-03,0,,Em aberto,31.89
978,4126,341,31.89,2026-11-02,0,,Em aberto,31.89
979,4126,341,31.89,2026-12-02,0,,Em aberto,31.89
980,4126,341,31.89,2027-01-01,0,,Em aberto,31.89
981,4131,389,329.15,2026-09-07,0,2026-09-07,Pago,0.0
982,4131,389,329.15,2026-10-07,0,,Em aberto,329.15
983,4136,31,462.56,2026-04-29,0,2026-05-01,Pago,0.0
984,4136,31,462.56,2026-05-29,0,2026-05-29,Pago,0.0
985,4141,20,156.19,2026-10-22,0,,Em aberto,156.19
986,4141,20,156.19,2026-11-21,0,,Em aberto,156.19
987,4150,446,139.76,2026-07-05,0,2026-07-06,Pago,0.0
988,4168,450,246.41,2026-06-15,0,2026-06-15,Pago,0.0
989,4173,310,652.36,04-06-2026,0,2026-06-05,Pago,0.0
990,4202,273,112.69,2026-09-24,0,2026-09-26,Pago,0.0
991,4202,273,112.69,2026-10-24,0,,Em aberto,112.69
992,4202,273,112.69,2026-11-23,0,,Em aberto,112.69
993,4208,29,56.34,2026-05-14,0,2026-05-16,Pago,0.0
994,4208,29,56.34,2026-06-13,0,2026-06-16,Pago,0.0
995,4208,29,56.34,2026-07-13,0,2026-07-14,Pago,0.0
996,4208,29,56.34,2026-08-12,0,2026-08-14,Pago,0.0
997,4241,534,60.81,2026-09-06,0,2026-09-08,Pago,0.0
998,4241,534,60.81,2026-10-06,0,,Em aberto,60.81
999,4241,534,60.81,05/11/2026,0,,Em aberto,60.81
1000,4241,534,60.81,2026-12-05,0,,Em aberto,60.81
1001,4255,507,68.47,2026-09-27,0,,Em aberto,68.47
1002,4255,507,68.47,2026-10-27,0,,Em aberto,68.47
1003,4255,507,68.47,2026-11-26,0,,Em aberto,68.47
1004,4257,96,391.7,2026-05-15,0,2026-05-18,Pago,0.0
1005,4257,96,391.7,2026-06-14,30,2026-07-14,Pago,0.0
1006,4265,530,84.02,2026-04-15,0,2026-04-15,Pago,0.0
1007,4265,530,84.02,2026-05-15,0,2026-05-18,Pago,0.0
1008,4265,530,84.02,2026-06-14,0,2026-06-16,Pago,0.0
1009,4299,179,80.56,2026-10-07,0,,Em aberto,80.56
1010,4299,179,80.56,2026-11-06,0,,Em aberto,80.56
1011,4299,179,80.56,2026-12-06,0,,Em aberto,80.56
1012,4310,533,523.7,2026-09-28,0,,Em aberto,523.7
1013,4310,533,523.7,2026-10-28,0,,Em aberto,523.7
1014,4314,342,88.97,2026-10-07,0,,Em aberto,88.97
1015,4314,342,88.97,2026-11-06,0,,Em aberto,88.97
1016,4314,342,88.97,2026-12-06,0,,Em aberto,88.97
1017,4314,342,88.97,2027-01-05,0,,Em aberto,88.97
1018,4333,505,136.93,2026-05-31,7,2026-06-07,Pago,0.0
1019,4333,505,136.93,2026-06-30,0,2026-06-30,PAGO,0.0
1020,4333,505,136.93,2026-07-30,0,2026-08-01,Pago,0.0
1021,4340,47,666.16,05-07-2026,0,2026-07-08,Pago,0.0
1022,4340,47,666.16,2026-08-04,0,2026-08-05,Pago,0.0
1023,4398,376,117.17,2026-05-29,0,2026-05-31,Pago,0.0
1024,4398,376,117.17,2026-06-28,0,2026-07-01,Pago,0.0
1025,4407,500,200.96,2026-10-17,0,,Em aberto,200.96
1026,4407,500,200.96,2026-11-16,0,,EM ABERTO,200.96
1027,4413,149,104.46,2026-10-14,0,,Em aberto,104.46
1028,4413,149,104.46,2026-11-13,0,,Em aberto,104.46
1029,4413,149,104.46,2026-12-13,0,,Em aberto,104.46
1030,4413,149,104.46,2027-01-12,0,,Em aberto,104.46
1031,4421,201,783.68,2026-08-23,0,2026-08-24,Pago,0.0
1032,4427,535,345.39,2026-08-03,0,2026-08-04,Pago,0.0
1033,4434,544,831.36,2026-05-03,19,2026-05-22,Pago,0.0
1034,4436,296,168.86,2026-07-20,0,2026-07-21,Pago,0.0
1035,4436,296,168.86,2026-08-19,0,2026-08-22,Pago,0.0
1036,4440,258,135.7,2026-05-21,19,2026-06-09,Pago,0.0
1037,4440,258,135.7,2026-06-20,0,2026-06-22,PAGO,0.0
1038,4443,59,161.06,2026-10-07,0,,Em aberto,161.06
1039,4443,59,161.06,2026-11-06,0,,Em aberto,161.06
1040,4445,558,88.88,25-04-2026,-14,2026-05-08,Pago,0.0
1041,4445,558,88.88,2026-05-25,0,2026-05-26,Pago,0.0
1042,4445,558,88.88,2026-06-24,0,2026-06-27,Pago,0.0
1043,4484,414,1009.89,2026-09-10,0,2026-09-13,Pago,0.0
1044,4485,451,398.76,2026-10-12,0,,Em aberto,398.76
1045,4485,451,398.76,2026-11-11,0,,Em aberto,398.76
1046,4489,474,713.57,2026-09-09,0,2026-09-12,Pago,0.0
1047,4494,549,34.29,2026-04-15,25,2026-05-10,Pago,0.0
1048,4494,549,34.29,2026-05-15,0,2026-05-15,Pago,0.0
1049,4494,549,34.29,2026-06-14,0,2026-06-14,Pago,0.0
1050,4515,448,142.26,2026-10-13,0,,Em aberto,142.26
1051,4515,448,142.26,2026-11-12,0,,Em aberto,142.26
1052,4515,448,142.26,2026-12-12,0,,Em aberto,142.26
1053,4515,448,142.26,2027-01-11,0,,Em aberto,142.26
1054,4516,208,34.94,2026-08-08,0,2026-08-08,Pago,0.0
1055,4516,208,34.94,2026-09-07,0,2026-09-08,Pago,0.0
1056,4516,208,34.94,2026-10-07,0,,Em aberto,34.94
1057,4516,208,34.94,2026-11-06,0,,Em aberto,34.94
1058,4525,245,117.43,2026-09-22,27,2026-10-19,Pago,0.0
1059,4525,245,117.43,2026-10-22,0,,Em aberto,117.43
1060,4525,245,117.43,2026-11-21,0,,Em aberto,117.43
1061,4525,245,117.43,2026-12-21,0,,Em aberto,117.43
1062,4533,173,350.88,2026-09-15,0,2026-09-18,Pago,0.0
1063,4542,69,356.48,2026-09-07,9,2026-09-16,Pago,0.0
1064,4558,99,789.79,2026-09-14,6,2026-09-20,Pago,0.0
1065,4559,250,22.31,2026-07-10,5,2026-07-15,Pago,0.0
1066,4559,250,22.31,2026-08-09,0,2026-08-11,Pago,0.0
1067,4559,250,22.31,2026-09-08,0,2026-09-08,Pago,0.0
1068,4559,250,22.31,2026-10-08,0,,Em aberto,22.31
1069,4565,528,672.87,2026-07-21,0,2026-07-22,Pago,0.0
1070,4566,546,460.52,2026-09-11,8,2026-09-19,Pago,0.0
1071,4572,56,145.43,2026-06-28,0,2026-06-28,Pago,0.0
1072,4572,56,145.43,2026-07-28,0,2026-07-31,Pago,0.0
1073,4578,494,88.97,2026-04-15,0,2026-04-18,Pago,0.0
1074,4578,494,88.97,2026-05-15,19,2026-06-03,Pago,0.0
1075,4578,494,88.97,2026-06-14,0,2026-06-16,Pago,0.0
1076,4578,494,88.97,2026-07-14,10,2026-07-24,Pago,0.0
1077,4598,523,451.8,2026-05-24,35,2026-06-28,Pago,0.0
1078,4628,510,220.31,2026-08-26,6,2026-09-01,Pago,0.0
1079,4644,59,420.58,2026-10-16,0,,Em aberto,420.58
1080,4644,59,420.58,2026-11-15,0,,Em aberto,420.58
1081,4657,209,33.27,28-08-2026,0,2026-08-31,Pago,0.0
1082,4657,209,33.27,2026-09-27,0,,Em aberto,33.27
1083,4693,470,138.91,2026-04-25,0,2026-04-28,Pago,0.0
1084,4693,470,138.91,2026-05-25,0,2026-05-26,Pago,0.0
1085,4695,481,239.4,2026-09-06,0,2026-09-07,Pago,0.0
1086,4738,396,181.27,2026-04-16,16,2026-05-02,Pago,0.0
1087,4738,396,181.27,2026-05-16,0,2026-05-18,Pago,0.0
1088,4738,396,181.27,2026-06-15,0,2026-06-18,Pago,0.0
1089,4738,396,181.27,2026-07-15,4,2026-07-19,Pago,0.0
1090,4754,278,99.55,2026-07-20,0,2026-07-21,Pago,0.0
1091,4754,278,99.55,2026-08-19,0,2026-08-20,Pago,0.0
1092,4754,278,99.55,2026-09-18,0,2026-09-21,Pago,0.0
1093,4754,278,99.55,2026-10-18,0,,Em aberto,99.55
1094,4766,267,292.68,2026-04-07,0,2026-04-08,Pago,0.0
1095,4766,267,292.68,2026-05-07,0,2026-05-09,Pago,0.0
1096,4770,312,213.87,2026-07-15,13,2026-07-28,Pago,0.0
1097,4770,312,213.87,2026-08-14,0,2026-08-15,Pago,0.0
1098,4770,312,213.87,2026-09-13,0,2026-09-13,Pago,0.0
1099,4770,312,213.87,2026-10-13,0,,Em aberto,213.87
1100,4781,278,116.78,2026-06-23,0,2026-06-23,Pago,0.0
1101,4781,278,116.78,2026-07-23,0,2026-07-23,Pago,0.0
1102,4781,278,116.78,2026-08-22,0,2026-08-23,Pago,0.0
1103,4781,278,116.78,2026-09-21,0,2026-09-24,Pago,0.0
1104,4787,209,45.02,2026-09-03,0,2026-09-03,Pago,0.0
1105,4787,209,45.02,2026-10-03,0,,Em aberto,45.02
1106,4788,312,124.31,2026-08-23,0,2026-08-26,Pago,0.0
1107,4788,312,124.31,2026-09-22,0,2026-09-25,Pago,0.0
1108,4788,312,124.31,2026-10-22,0,,Em aberto,124.31
1109,4805,575,410.94,2026-09-07,0,2026-09-09,Pago,0.0
1110,4807,568,32.26,2026-07-06,0,2026-07-07,Pago,0.0
1111,4807,568,32.26,2026-08-05,0,2026-08-07,Pago,0.0
1112,4807,568,32.26,2026-09-04,0,2026-09-07,Pago,0.0
1113,4813,513,54.8,2026-05-07,0,2026-05-09,Pago,0.0
1114,4813,513,54.8,2026-06-06,0,2026-06-07,Pago,0.0
1115,4813,513,54.8,2026-07-06,0,2026-07-09,Pago,0.0
1116,4824,399,208.8,2026-06-14,0,2026-06-17,Pago,0.0
1117,4828,226,44.37,2026-10-02,0,,Em aberto,44.37
1118,4840,376,580.76,2026-08-06,0,2026-08-08,Pago,0.0
1119,4842,375,51.43,2026-08-16,0,2026-08-17,Pago,0.0
1120,4842,375,51.43,2026-09-15,0,2026-09-15,Pago,0.0
1121,4842,375,51.43,2026-10-15,0,,EM ABERTO,51.43
1122,4856,224,165.15,2026-07-04,0,2026-07-04,Pago,0.0
1123,4856,224,165.15,2026-08-03,0,2026-08-06,Pago,0.0
1124,4856,224,165.15,2026-09-02,29,2026-10-01,Pago,0.0
1125,4856,224,165.15,2026-10-02,0,,Em aberto,165.15
1126,4864,210,72.02,2026-05-29,0,2026-05-30,Pago,0.0
1127,4864,210,72.02,2026-06-28,0,2026-06-30,Pago,0.0
1128,4864,210,72.02,2026-07-28,0,2026-07-28,Pago,0.0
1129,4866,514,367.0,2026-10-22,0,,Em aberto,367.0
1130,4866,514,367.0,2026-11-21,0,,Em aberto,367.0
1131,4874,314,385.86,2026-06-10,0,2026-06-12,Pago,0.0
1132,4874,314,385.86,2026-07-10,43,2026-08-22,Pago,0.0
1133,4879,2,146.8,2026-06-19,0,2026-06-19,Pago,0.0
1134,4889,293,225.6,2026-07-06,0,2026-07-09,Pago,0.0
1135,4889,293,225.6,2026-08-05,0,2026-08-05,Pago,0.0
1136,4889,293,225.6,2026-09-04,4,2026-09-08,Pago,0.0
1137,4896,312,377.64,2026-10-11,0,,Em aberto,377.64
1138,4896,312,377.64,2026-11-10,0,,Em aberto,377.64
1139,4896,312,377.64,2026-12-10,0,,EM ABERTO,377.64
1140,4910,139,23.85,2026-04-05,0,2026-04-05,Pago,0.0
1141,4910,139,23.85,05-05-2026,0,2026-05-06,Pago,0.0
1142,4910,139,23.85,04/06/2026,0,2026-06-04,Pago,0.0
1143,4916,543,149.69,2026-05-25,0,2026-05-26,Pago,0.0
1144,4916,543,149.69,2026-06-24,0,2026-06-25,Pago,0.0
1145,4949,576,192.01,2026-10-03,0,,Em aberto,192.01
1146,4949,576,192.01,2026-11-02,0,,Em aberto,192.01
1147,4961,233,183.96,2026-06-14,15,2026-06-29,Pago,0.0
1148,4961,233,183.96,2026-07-14,0,2026-07-16,Pago,0.0
1149,4961,233,183.96,2026-08-13,0,2026-08-16,Pago,0.0
1150,4973,122,163.04,2026-07-31,0,2026-07-31,Pago,0.0
1151,4973,122,163.04,2026-08-30,0,2026-08-31,Pago,0.0
1152,4973,122,163.04,2026-09-29,0,,Em aberto,163.04
1153,4974,103,165.3,2026-04-28,0,2026-04-30,Pago,0.0
1154,5011,562,32.51,2026-05-29,0,2026-05-29,Pago,0.0
1155,5011,562,32.51,2026-06-28,0,2026-06-29,Pago,0.0
1156,5011,562,32.51,2026-07-28,0,2026-07-28,Pago,0.0
1157,5011,562,32.51,2026-08-27,0,2026-08-30,PAGO,0.0
1158,5017,428,254.28,2026-07-19,0,2026-07-21,Pago,0.0
1159,5017,428,254.28,2026-08-18,0,2026-08-18,Pago,0.0
1160,5021,149,79.2,2026-05-17,0,2026-05-18,Pago,0.0
1161,5021,149,79.2,2026-06-16,0,2026-06-19,Pago,0.0
1162,5021,149,79.2,2026-07-16,0,2026-07-17,Pago,0.0
1163,5023,588,34.16,2026-06-18,0,2026-06-20,Pago,0.0
1164,5023,588,34.16,2026-07-18,0,2026-07-19,Pago,0.0
1165,5023,588,34.16,2026-08-17,0,2026-08-20,Pago,0.0
1166,5023,588,34.16,2026-09-16,0,2026-09-17,Pago,0.0
1167,5025,464,69.88,2026-08-13,0,2026-08-15,Pago,0.0
1168,5027,24,1211.32,2026-08-04,0,2026-08-06,Pago,0.0
1169,5028,149,378.07,2026-03-31,0,2026-04-01,Pago,0.0
1170,5028,149,378.07,2026-04-30,0,2026-05-01,Pago,0.0
1171,5057,349,372.93,2026-06-23,0,2026-06-23,Pago,0.0
1172,5059,524,60.03,2026-06-06,0,2026-06-08,Pago,0.0
1173,5059,524,60.03,2026-07-06,0,2026-07-09,Pago,0.0
1174,5060,351,28.43,2026-04-16,0,2026-04-18,Pago,0.0
1175,5060,351,28.43,2026-05-16,0,2026-05-17,Pago,0.0
1176,5060,351,28.43,2026-06-15,0,2026-06-16,Pago,0.0
1177,5060,351,28.43,2026-07-15,0,2026-07-18,Pago,0.0
1178,5065,521,265.84,16-06-2026,0,2026-06-17,Pago,0.0
1179,5074,589,31.86,2026-06-27,0,2026-06-29,Pago,0.0
1180,5074,589,31.86,2026-07-27,0,2026-07-29,Pago,0.0
1181,5096,143,133.97,2026-04-07,0,2026-04-07,Pago,0.0
1182,5096,143,133.97,2026-05-07,17,2026-05-24,Pago,0.0
1183,5099,439,128.01,2026-07-20,0,2026-07-23,Pago,0.0
1184,5099,439,128.01,2026-08-19,0,2026-08-20,Pago,0.0
1185,5099,439,128.01,2026-09-18,0,2026-09-21,Pago,0.0
1186,5099,439,128.01,2026-10-18,0,,EM ABERTO,128.01
1187,5103,80,295.24,2026-07-20,26,2026-08-15,Pago,0.0
1188,5103,80,295.24,2026-08-19,20,2026-09-08,Pago,0.0
1189,5105,417,134.81,2026-05-30,0,2026-05-31,Pago,0.0
1190,5105,417,134.81,2026-06-29,0,2026-07-02,Pago,0.0
1191,5105,417,134.81,2026-07-29,0,2026-07-31,Pago,0.0
1192,5106,442,177.07,2026-04-25,3,2026-04-28,Pago,0.0
1193,5106,442,177.07,25/05/2026,0,2026-05-28,Pago,0.0
1194,5106,442,177.07,2026-06-24,0,2026-06-27,Pago,177.07
1195,5106,442,177.07,2026-07-24,0,2026-07-25,Pago,0.0
1196,5114,50,61.8,2026-07-03,0,2026-07-06,Pago,0.0
1197,5114,50,61.8,2026-08-02,0,2026-08-04,Pago,0.0
1198,5129,301,400.74,2026-06-10,0,2026-06-10,Pago,0.0
1199,5136,219,1263.36,2026-10-16,0,,Em aberto,1263.36
1200,5156,278,295.81,2026-04-23,26,2026-05-19,Pago,0.0
1201,5156,278,295.81,2026-05-23,41,2026-07-03,Pago,0.0
1202,5156,278,295.81,2026-06-22,0,2026-06-25,Pago,0.0
1203,5168,436,55.99,2026-06-13,0,2026-06-15,Pago,0.0
1204,5168,436,55.99,2026-07-13,0,2026-07-15,Pago,0.0
1205,5168,436,55.99,2026-08-12,0,2026-08-14,Pago,0.0
1206,5170,49,222.4,2026-10-02,0,,Em aberto,222.4
1207,5170,49,222.4,2026-11-01,0,,Em aberto,222.4
1208,5170,49,222.4,2026-12-01,0,,Em aberto,222.4
1209,5170,49,222.4,2026-12-31,0,,Em aberto,222.4
1210,5172,160,138.64,2026-09-20,10,2026-09-30,Pago,0.0
1211,5172,160,138.64,2026-10-20,0,,Em aberto,138.64
1212,5185,308,133.06,2026-05-07,25,2026-06-01,Pago,0.0
1213,5185,308,133.06,2026-06-06,0,2026-06-09,Pago,0.0
1214,5202,349,61.8,2026-05-03,28,2026-05-31,Pago,0.0
1215,5202,349,61.8,2026-06-02,0,2026-06-05,Pago,0.0
1216,5202,349,61.8,2026-07-02,0,2026-07-04,Pago,0.0
1217,5202,349,61.8,01/08/2026,0,2026-08-02,Pago,0.0
1218,5203,82,393.21,2026-08-09,0,2026-08-09,Pago,0.0
1219,5203,82,393.21,2026-09-08,18,2026-09-26,Pago,0.0
1220,5234,520,41.35,2026-05-09,41,,Atrasado,41.35
1221,5234,520,41.35,2026-06-08,0,2026-06-11,Pago,0.0
1222,5234,520,41.35,2026-07-08,0,2026-07-11,Pago,0.0
1223,5234,520,41.35,2026-08-07,0,2026-08-09,Pago,41.35
1224,5254,231,105.67,2026-04-04,0,2026-04-04,Pago,0.0
1225,5254,231,105.67,2026-05-04,0,2026-05-07,Pago,0.0
1226,5254,231,105.67,2026-06-03,0,2026-06-03,Pago,0.0
1227,5254,231,105.67,2026-07-03,0,2026-07-06,Pago,0.0
1228,5260,426,575.59,2026-06-20,0,2026-06-23,Pago,0.0
1229,5281,553,112.98,2026-07-21,0,2026-07-22,Pago,0.0
1230,5281,553,112.98,20/08/26,42,,Atrasado,112.98
1231,5283,58,105.67,2026-09-05,0,2026-09-06,Pago,0.0
1232,5283,58,105.67,2026-10-05,0,,Em aberto,105.67
1233,5283,58,105.67,2026-11-04,0,,Em aberto,105.67
1234,5283,58,105.67,2026-12-04,0,,Em aberto,105.67
1235,5292,294,89.3,2026-06-06,0,2026-06-06,Pago,0.0
1236,5292,294,89.3,2026-07-06,15,2026-07-21,Pago,0.0
1237,5292,294,89.3,2026-08-05,0,2026-08-08,Pago,0.0
1238,5292,294,89.3,2026-09-04,39,,Atrasado,89.3
1239,5294,434,149.94,2026-09-09,29,2026-10-08,Pago,0.0
1240,5294,434,149.94,2026-10-09,0,,Em aberto,149.94
1241,5300,564,253.44,2026-04-11,24,2026-05-05,PAGO,0.0
1242,5300,564,253.44,2026-05-11,0,2026-05-12,Pago,0.0
1243,5308,240,52.5,2026-04-14,0,2026-04-14,Pago,0.0
1244,5310,423,280.81,2026-08-19,21,2026-09-09,Pago,0.0
1245,5310,423,280.81,2026-09-18,0,2026-09-19,Pago,0.0
1246,5310,423,280.81,2026-10-18,0,,Em aberto,280.81
1247,5323,201,101.12,2026-06-26,17,2026-07-13,Pago,0.0
1248,5323,201,101.12,2026-07-26,33,,Atrasado,101.12
1249,5323,201,101.12,2026-08-25,0,2026-08-25,Pago,0.0
1250,5324,11,45.75,2026-04-09,0,2026-04-09,Pago,0.0
1251,5324,11,45.75,2026-05-09,0,2026-05-09,Pago,0.0
1252,5324,11,45.75,2026-06-08,0,2026-06-08,Pago,0.0
1253,5324,11,45.75,2026-07-08,0,2026-07-10,Pago,0.0
1254,5340,172,184.41,2026-06-04,44,2026-07-18,Pago,0.0
1255,5340,172,184.41,2026-07-04,0,2026-07-05,Pago,0.0
1256,5347,457,964.41,2026-10-24,0,,Em aberto,964.41
1257,5351,374,129.15,2026-04-25,0,2026-04-26,Pago,0.0
1258,5354,179,122.93,2026-09-06,0,2026-09-06,Pago,0.0
1259,5354,179,122.93,2026-10-06,0,,Em aberto,122.93
1260,5357,354,115.72,2026-10-17,0,,Em aberto,115.72
1261,5357,354,115.72,2026-11-16,0,,Em aberto,115.72
1262,5357,354,115.72,16-12-2026,0,,Em aberto,115.72
1263,5357,354,115.72,2027-01-15,0,,Em aberto,115.72
1264,5360,489,105.39,2026-06-01,0,2026-06-03,Pago,0.0
1265,5360,489,105.39,2026-07-01,0,2026-07-01,Pago,0.0
1266,5361,151,56.69,2026-07-03,15,2026-07-18,Pago,0.0
1267,5361,151,56.69,2026-08-02,0,2026-08-05,Pago,0.0
1268,5361,151,56.69,01-09-2026,44,,Atrasado,56.69
1269,5361,151,56.69,2026-10-01,0,,Em aberto,56.69
1270,5363,192,301.56,2026-06-02,29,2026-07-01,Pago,0.0
1271,5363,192,301.56,2026-07-02,0,2026-07-02,Pago,0.0
1272,5389,285,26.44,2026-07-26,0,2026-07-27,Pago,0.0
1273,5389,285,26.44,2026-08-25,0,2026-08-25,Pago,0.0
1274,5389,285,26.44,2026-09-24,0,2026-09-25,Pago,0.0
1275,5394,257,210.77,2026-09-07,0,2026-09-08,Pago,0.0
1276,5396,75,326.14,2026-04-22,0,2026-04-22,Pago,0.0
1277,5406,397,97.86,2026-09-25,36,2026-10-31,Pago,0.0
1278,5414,162,98.0,2026-08-20,0,2026-08-20,Pago,0.0
1279,5414,162,98.0,2026-09-19,0,2026-09-19,Pago,0.0
1280,5414,162,98.0,2026-10-19,0,,Em aberto,98.0
1281,5414,162,98.0,2026-11-18,0,,Em aberto,98.0
1282,5416,478,209.15,2026-09-18,21,2026-10-09,Pago,0.0
1283,5436,237,268.32,2026-10-03,0,,Em aberto,268.32
1284,5436,237,268.32,2026-11-02,0,,Em aberto,268.32
1285,5440,70,63.55,2026-06-28,0,2026-06-29,Pago,0.0
1286,5465,296,233.3,2026-09-19,0,2026-09-21,pago,0.0
1287,5465,296,233.3,2026-10-19,0,,Em aberto,233.3
1288,5484,282,285.96,2026-06-16,0,2026-06-16,Pago,0.0
1289,5484,282,285.96,2026-07-16,0,2026-07-17,Pago,0.0
1290,5492,240,198.63,2026-05-20,0,2026-05-23,Pago,0.0
1291,5492,240,198.63,2026-06-19,0,2026-06-20,Pago,0.0
1292,5508,249,766.08,2026-09-26,0,,Em aberto,766.08
1293,5544,135,234.86,2026-08-16,19,2026-09-04,Pago,0.0
1294,5544,135,234.86,2026-09-15,0,2026-09-16,Pago,0.0
1295,5554,407,265.6,15-07-2026,0,2026-07-17,Pago,0.0
1296,5568,584,148.17,2026-04-20,0,2026-04-21,Pago,0.0
1297,5568,584,148.17,2026-05-20,20,2026-06-09,Pago,0.0
1298,5568,584,148.17,2026-06-19,0,2026-06-20,Pago,0.0
1299,5575,421,95.15,2026-09-12,0,2026-09-13,Pago,0.0
1300,5575,421,95.15,2026-10-12,0,,Em aberto,95.15
1301,5575,421,95.15,2026-11-11,0,,Em aberto,95.15
1302,5578,459,74.56,2026-09-02,0,2026-09-05,Pago,0.0
1303,5578,459,74.56,2026-10-02,0,,Em aberto,74.56
1304,5578,459,74.56,2026-11-01,0,,Em Aberto,74.56
1305,5578,459,74.56,2026-12-01,0,,Em aberto,74.56
1306,5584,107,49.62,2026-05-19,0,2026-05-21,PAGO,0.0
1307,5584,107,49.62,2026-06-18,27,2026-07-15,Pago,0.0
1308,5584,107,49.62,2026-07-18,0,2026-07-21,Pago,0.0
1309,5584,107,49.62,2026-08-17,0,2026-08-17,Pago,0.0
1310,5588,159,72.33,28-08-2026,0,2026-08-30,Pago,0.0
1311,5588,159,72.33,2026-09-27,0,,Em aberto,72.33
1312,5588,159,72.33,2026-10-27,0,,Em aberto,72.33
1313,5588,159,72.33,2026-11-26,0,,Em aberto,72.33
1314,5595,85,984.12,2026-04-10,0,2026-04-13,Pago,0.0
1315,5629,75,163.4,2026-08-18,9,2026-08-27,Pago,0.0
1316,5629,75,163.4,2026-09-17,0,2026-09-18,Pago,0.0
1317,5629,75,163.4,2026-10-17,0,,EM ABERTO,163.4
1318,5685,3,91.06,2026-10-20,0,,Em aberto,91.06
1319,5685,3,91.06,2026-11-19,0,,Em aberto,91.06
1320,5742,355,600.1,2026-06-13,0,2026-06-15,Pago,0.0
1321,5742,355,600.1,2026-07-13,35,,Atrasado,600.1
1322,5756,129,18.79,2026-09-09,0,2026-09-09,Pago,0.0
1323,5756,129,18.79,2026-10-09,0,,Em aberto,18.79
1324,5756,129,18.79,2026-11-08,0,,Em aberto,18.79
1325,5756,129,18.79,2026-12-08,0,,Em aberto,18.79
1326,5760,4,63.04,2026-10-09,0,,Em aberto,63.04
1327,5760,4,63.04,2026-11-08,0,,Em aberto,63.04
1328,5760,4,63.04,2026-12-08,0,,Em aberto,63.04
1329,5767,102,67.32,2026-10-05,0,,Em aberto,67.32
1330,5767,102,67.32,2026-11-04,0,,Em aberto,67.32
1331,5767,102,67.32,2026-12-04,0,,Em aberto,67.32
1332,5797,528,140.28,2026-04-14,0,2026-04-17,Pago,0.0
1333,5797,528,140.28,14-05-2026,0,2026-05-15,Pago,0.0
1334,5815,128,45.85,2026-04-21,0,2026-04-24,Pago,0.0
1335,5815,128,45.85,2026-05-21,0,2026-05-22,Pago,0.0
1336,5815,128,45.85,2026-06-20,0,2026-06-22,Pago,0.0
1337,5815,128,45.85,2026-07-20,0,2026-07-22,Pago,0.0
1338,5823,220,703.65,2026-07-18,27,2026-08-14,Pago,0.0
1339,5845,49,76.32,2026-06-25,15,2026-07-10,Pago,0.0
1340,5845,49,76.32,2026-07-25,0,2026-07-28,Pago,0.0
1341,5845,49,76.32,2026-08-24,0,2026-08-25,Pago,0.0
1342,5845,49,76.32,2026-09-23,0,2026-09-23,PAGO,0.0
1343,5849,289,102.71,2026-07-05,0,2026-07-08,Pago,0.0
1344,5849,289,102.71,2026-08-04,0,2026-08-07,Pago,0.0
1345,5849,289,102.71,2026-09-03,11,2026-09-14,Pago,0.0
1346,5849,289,102.71,2026-10-03,0,,Em aberto,102.71
1347,5876,102,164.41,2026-05-30,28,2026-06-27,Pago,0.0
1348,5876,102,164.41,2026-06-29,0,2026-07-02,Pago,0.0
1349,5905,544,145.62,2026-06-04,0,2026-06-04,Pago,0.0
1350,5905,544,145.62,2026-07-04,0,2026-07-06,Pago,0.0
1351,5905,544,145.62,2026-08-03,0,2026-08-06,Pago,0.0
1352,5905,544,145.62,2026-09-02,0,2026-09-04,Pago,0.0
1353,5915,152,39.38,2026-07-25,0,2026-07-27,Pago,39.38
1354,5915,152,39.38,2026-08-24,0,2026-08-27,Pago,0.0
1355,5915,152,39.38,2026-09-23,24,2026-10-17,Pago,0.0
1356,5915,152,39.38,2026-10-23,0,,Em aberto,39.38
1357,5938,177,421.53,2026-10-19,0,,Em aberto,421.53
1358,5944,176,139.57,2026-07-31,0,2026-08-02,Pago,0.0
1359,5944,176,139.57,2026-08-30,0,2026-09-02,Pago,0.0
1360,5945,47,605.66,2026-10-16,0,,Em aberto,605.66
1361,5949,20,230.03,2026-08-22,0,2026-08-25,Pago,0.0
1362,5949,20,230.03,2026-09-21,0,2026-09-22,Pago,0.0
1363,5949,20,230.03,2026-10-21,0,,Em aberto,230.03
1364,5949,20,230.03,20/11/26,0,,Em aberto,230.03
1365,5950,295,548.23,2026-08-17,30,2026-09-16,Pago,0.0
1366,5959,301,66.21,2026-05-03,0,2026-05-05,Pago,0.0
1367,5959,301,66.21,2026-06-02,0,2026-06-05,Pago,0.0
1368,5959,301,66.21,2026-07-02,0,2026-07-05,Pago,0.0
1369,5959,301,66.21,2026-08-01,34,,Atrasado,66.21
1370,5971,535,46.63,2026-08-09,0,2026-08-10,Pago,0.0
1371,5978,570,186.49,2026-10-13,0,,Em aberto,186.49
1372,5980,527,348.5,2026-04-07,21,2026-04-28,Pago,0.0
1373,5980,527,348.5,2026-05-07,0,2026-05-07,Pago,0.0
1374,5986,573,247.25,2026-10-23,0,,Em aberto,247.25
1375,5986,573,247.25,2026-11-22,0,,Em aberto,247.25
1376,5986,573,247.25,2026-12-22,0,,Em aberto,247.25
1377,6008,236,46.91,2026-09-29,0,,Em aberto,46.91
1378,6008,236,46.91,29/10/26,0,,Em aberto,46.91
1379,6008,236,46.91,2026-11-28,0,,Em aberto,46.91
1380,6008,236,46.91,2026-12-28,0,,Em aberto,46.91
1381,6009,1,55.62,2026-04-13,0,2026-04-15,Pago,0.0
1382,6009,1,55.62,2026-05-13,0,2026-05-14,Pago,0.0
1383,6009,1,55.62,2026-06-12,0,2026-06-13,Pago,0.0
1384,6009,1,55.62,2026-07-12,0,2026-07-14,Pago,0.0
1385,6010,527,61.7,2026-06-28,0,2026-06-29,Pago,0.0
1386,6010,527,61.7,2026-07-28,0,2026-07-29,Pago,0.0
1387,6041,104,334.48,15-10-2026,0,,Em aberto,334.48
1388,6041,104,334.48,2026-11-14,0,,Em aberto,334.48
1389,6043,597,101.59,2026-06-19,0,2026-06-22,Pago,0.0
1390,6043,597,101.59,2026-07-19,0,2026-07-21,Pago,0.0
1391,6063,358,275.94,2026-09-21,0,2026-09-23,Pago,0.0
1392,6063,358,275.94,2026-10-21,0,,Em aberto,275.94
1393,6069,535,74.13,26/04/26,39,2026-06-04,Pago,0.0
1394,6069,535,74.13,2026-05-26,0,2026-05-28,Pago,0.0
1395,6069,535,74.13,2026-06-25,0,2026-06-26,Pago,0.0
1396,6069,535,74.13,2026-07-25,0,2026-07-28,Pago,0.0
1397,6071,27,121.98,2026-04-21,0,2026-04-23,Pago,0.0
1398,6073,59,48.39,2026-07-26,0,2026-07-26,Pago,0.0
1399,6073,59,48.39,2026-08-25,0,2026-08-28,Pago,0.0
1400,6073,59,48.39,2026-09-24,0,2026-09-24,Pago,0.0
1401,6093,458,120.51,2026-10-16,0,,Em aberto,120.51
1402,6111,350,243.82,2026-05-12,0,2026-05-15,Pago,0.0
1403,6111,350,243.82,2026-06-11,0,2026-06-13,Pago,0.0
1404,6114,81,56.44,2026-08-24,0,2026-08-26,Pago,0.0
1405,6114,81,56.44,2026-09-23,3,2026-09-26,Pago,0.0
1406,6114,81,56.44,2026-10-23,0,,Em aberto,56.44
1407,6114,81,56.44,2026-11-22,0,,Em aberto,56.44
1408,6133,110,439.84,2026-09-15,0,2026-09-15,Pago,0.0
1409,6133,110,439.84,2026-10-15,0,,Em aberto,439.84
1410,6138,314,124.62,2026-04-25,0,2026-04-25,Pago,0.0
1411,6138,314,124.62,2026-05-25,0,2026-05-28,Pago,0.0
1412,6138,314,124.62,2026-06-24,0,2026-06-25,Pago,0.0
1413,6146,579,447.21,2026-10-08,0,,Em aberto,447.21
1414,6146,579,447.21,2026-11-07,0,,Em aberto,447.21
1415,6179,62,136.93,2026-10-19,0,,Em aberto,136.93
1416,6179,62,136.93,2026-11-18,0,,Em aberto,136.93
1417,6179,62,136.93,2026-12-18,0,,Em aberto,136.93
1418,6180,481,710.83,13/09/26,0,2026-09-15,Pago,0.0
1419,6184,498,90.27,2026-06-11,0,2026-06-14,Pago,0.0
1420,6184,498,90.27,2026-07-11,0,2026-07-14,Pago,0.0
1421,6184,498,90.27,2026-08-10,0,2026-08-13,Pago,0.0
1422,6188,379,27.57,2026-09-27,0,,Em aberto,27.57
1423,6188,379,27.57,2026-10-27,0,,Em aberto,27.57
1424,6188,379,27.57,2026-11-26,0,,Em aberto,27.57
1425,6188,379,27.57,2026-12-26,0,,Em aberto,27.57
1426,6203,161,91.11,2026-05-18,0,2026-05-20,Pago,0.0
1427,6203,161,91.11,2026-06-17,0,2026-06-20,Pago,0.0
1428,6203,161,91.11,2026-07-17,0,2026-07-20,Pago,0.0
1429,6206,148,781.02,2026-10-07,0,,Em aberto,781.02
1430,6215,350,108.47,11/10/2026,0,,Em aberto,108.47
1431,6215,350,108.47,2026-11-10,0,,Em aberto,108.47
1432,6215,350,108.47,2026-12-10,0,,Em aberto,108.47
1433,6215,350,108.47,2027-01-09,0,,Em aberto,108.47
1434,6230,371,82.53,2026-04-16,0,2026-04-19,Pago,0.0
1435,6230,371,82.53,2026-05-16,0,2026-05-17,Pago,0.0
1436,6230,371,82.53,2026-06-15,0,2026-06-15,Pago,0.0
1437,6248,336,80.05,2026-10-03,0,,Em aberto,80.05
1438,6248,336,80.05,2026-11-02,0,,Em aberto,80.05
1439,6248,336,80.05,2026-12-02,0,,Em aberto,80.05
1440,6276,516,390.24,2026-04-30,0,2026-05-02,Pago,0.0
1441,6276,516,390.24,2026-05-30,0,2026-05-31,Pago,0.0
1442,6287,307,388.79,2026-05-30,0,2026-05-31,Pago,0.0
1443,6287,307,388.79,2026-06-29,0,2026-06-29,Pago,0.0
1444,6299,138,94.55,2026-09-12,0,2026-09-13,Pago,0.0
1445,6299,138,94.55,2026-10-12,0,,Em aberto,94.55
1446,6299,138,94.55,11/11/2026,0,,Em Aberto,94.55
1447,6299,138,94.55,2026-12-11,0,,Em aberto,94.55
1448,6303,520,156.89,2026-10-24,0,,Em aberto,156.89
1449,6303,520,156.89,2026-11-23,0,,Em aberto,156.89
1450,6308,522,45.44,2026-06-11,0,2026-06-11,Pago,0.0
1451,6308,522,45.44,2026-07-11,0,2026-07-14,Pago,0.0
1452,6308,522,45.44,2026-08-10,44,,Atrasado,45.44
1453,6308,522,45.44,2026-09-09,35,2026-10-14,Pago,0.0
1454,6330,447,205.17,2026-09-10,0,2026-09-12,Pago,0.0
1455,6343,222,216.95,2026-09-17,0,2026-09-18,Pago,0.0
1456,6344,442,660.93,2026-08-17,0,2026-08-19,Pago,0.0
1457,6348,56,133.58,2026-05-25,0,2026-05-27,Pago,0.0
1458,6348,56,133.58,2026-06-24,0,2026-06-24,Pago,0.0
1459,6348,56,133.58,2026-07-24,0,2026-07-24,Pago,0.0
1460,6348,56,133.58,2026-08-23,0,2026-08-25,Pago,0.0
1461,6365,338,653.07,2026-06-18,0,2026-06-20,Pago,0.0
1462,6368,67,103.61,2026-07-28,0,2026-07-29,Pago,0.0
1463,6368,67,103.61,2026-08-27,0,2026-08-27,Pago,0.0
1464,6373,558,94.62,2026-04-21,-1,2026-04-24,Pago,0.0
1465,6388,318,66.11,2026-05-06,17,2026-05-23,Pago,0.0
1466,6388,318,66.11,2026-06-05,0,2026-06-05,Pago,0.0
1467,6388,318,66.11,2026-07-05,0,2026-07-05,Pago,0.0
1468,6388,318,66.11,2026-08-04,0,2026-08-07,Pago,0.0
1469,6398,175,69.96,2026-05-01,0,2026-05-04,Pago,0.0
1470,6398,175,69.96,2026-05-31,43,2026-07-13,Pago,0.0
1471,6398,175,69.96,2026-06-30,0,2026-06-30,Pago,0.0
1472,6398,175,69.96,2026-07-30,0,2026-07-30,Pago,0.0
1473,6403,402,79.29,2026-10-05,0,,Em aberto,79.29
1474,6403,402,79.29,2026-11-04,0,,Em aberto,79.29
1475,6403,402,79.29,2026-12-04,0,,Em aberto,79.29
1476,6409,177,38.99,2026-06-10,19,2026-06-29,Pago,0.0
1477,6409,177,38.99,2026-07-10,0,2026-07-13,Pago,0.0
1478,6409,177,38.99,2026-08-09,0,2026-08-12,Pago,0.0
1479,6413,133,585.6,2026-06-09,0,2026-06-11,Pago,0.0
1480,6417,70,980.55,2026-08-10,0,2026-08-10,Pago,0.0
1481,6435,511,174.22,2026-10-04,0,,Em aberto,174.22
1482,6435,511,174.22,2026-11-03,0,,Em aberto,174.22
1483,6455,549,155.1,2026-07-06,0,2026-07-06,Pago,0.0
1484,6455,549,155.1,2026-08-05,0,2026-08-05,Pago,0.0
1485,6455,549,155.1,2026-09-04,0,2026-09-04,Pago,0.0
1486,6455,549,155.1,2026-10-04,0,,Em aberto,155.1
1487,6477,527,45.56,2026-08-30,0,2026-09-02,Pago,0.0
1488,6477,527,45.56,2026-09-29,0,,Em aberto,45.56
1489,6481,269,247.8,2026-06-18,0,2026-06-21,Pago,0.0
1490,6481,269,247.8,2026-07-18,0,2026-07-20,Pago,0.0
1491,6488,299,221.72,2026-07-28,0,2026-07-31,Pago,0.0
1492,6488,299,221.72,2026-08-27,0,2026-08-27,Pago,0.0
1493,6492,227,224.47,2026-10-15,0,,Em aberto,224.47
1494,6492,227,224.47,2026-11-14,0,,Em aberto,224.47
1495,6492,227,224.47,2026-12-14,0,,Em aberto,224.47
1496,6502,443,218.44,2026-09-09,0,2026-09-10,Pago,0.0
1497,6502,443,218.44,2026-10-09,0,,Em aberto,218.44
1498,6504,112,214.23,2026-05-11,3,2026-05-14,Pago,0.0
1499,6514,268,79.29,2026-04-14,0,2026-04-16,Pago,0.0
1500,6514,268,79.29,2026-05-14,0,2026-05-14,Pago,0.0
1501,6524,312,207.18,2026-10-20,0,,Em aberto,207.18
1502,6524,312,207.18,2026-11-19,0,,Em aberto,207.18
1503,6524,312,207.18,2026-12-19,0,,Em aberto,207.18
1504,6524,312,207.18,2027-01-18,0,,Em aberto,207.18
1505,6538,468,118.93,2026-04-21,0,2026-04-21,Pago,0.0
1506,6538,468,118.93,2026-05-21,0,2026-05-23,Pago,0.0
1507,6548,349,275.08,2026-10-25,0,,Em aberto,275.08
1508,6552,283,81.57,2026-09-14,0,2026-09-15,Pago,0.0
1509,6552,283,81.57,2026-10-14,0,,Em aberto,81.57
1510,6552,283,81.57,2026-11-13,0,,Em aberto,81.57
1511,6566,238,171.57,2026-05-03,0,2026-05-04,Pago,0.0
1512,6566,238,171.57,2026-06-02,0,2026-06-04,Pago,0.0
1513,6569,253,158.58,2026-08-22,0,2026-08-24,Pago,0.0
1514,6569,253,158.58,2026-09-21,0,2026-09-21,Pago,0.0
1515,6570,125,706.66,2026-08-18,33,,Atrasado,706.66
1516,6587,140,46.87,2026-05-14,0,2026-05-14,Pago,0.0
1517,6591,467,141.61,2026-04-27,0,2026-04-30,Pago,0.0
1518,6591,467,141.61,2026-05-27,0,2026-05-30,Pago,0.0
1519,6591,467,141.61,2026-06-26,26,2026-07-22,Pago,0.0
1520,6597,62,362.88,2026-09-08,45,,Atrasado,362.88
1521,6617,168,275.63,2026-06-13,0,2026-06-16,Pago,0.0
1522,6617,168,275.63,2026-07-13,10,2026-07-23,Pago,0.0
1523,6617,168,275.63,2026-08-12,36,2026-09-17,Pago,0.0
1524,6617,168,275.63,11/09/2026,0,2026-09-11,Pago,0.0
1525,6626,474,53.38,2026-04-15,1,2026-04-16,Pago,0.0
1526,6626,474,53.38,2026-05-15,0,2026-05-17,Pago,0.0
1527,6626,474,53.38,2026-06-14,0,2026-06-16,Pago,0.0
1528,6626,474,53.38,2026-07-14,0,2026-07-14,Pago,0.0
1529,6647,278,59.27,2026-04-10,0,2026-04-10,Pago,59.27
1530,6647,278,59.27,2026-05-10,-1,2026-05-12,Pago,0.0
1531,6647,278,59.27,2026-06-09,0,2026-06-10,Pago,0.0
1532,6654,106,137.82,2026-09-11,0,2026-09-13,Pago,0.0
1533,6654,106,137.82,2026-10-11,0,,Em aberto,137.82
1534,6656,194,650.16,09/07/26,31,,Atrasado,650.16
1535,6658,291,244.56,2026-06-10,0,2026-06-10,Pago,0.0
1536,6660,436,140.85,2026-04-02,0,2026-04-04,Pago,0.0
1537,6660,436,140.85,2026-05-02,0,2026-05-05,Pago,0.0
1538,6665,291,660.6,2026-09-22,0,2026-09-25,Pago,0.0
1539,6670,25,46.77,2026-05-10,0,2026-05-10,Pago,0.0
1540,6670,25,46.77,2026-06-09,0,2026-06-12,Pago,0.0
1541,6670,25,46.77,2026-07-09,0,2026-07-12,Pago,0.0
1542,6670,25,46.77,2026-08-08,0,2026-08-11,Pago,0.0
1543,6700,487,193.58,2026-07-25,0,2026-07-28,Pago,0.0
1544,6700,487,193.58,2026-08-24,-1,2026-08-26,Pago,0.0
1545,6702,151,178.28,16-10-2026,0,,Em aberto,178.28
1546,6708,498,84.04,2026-09-07,0,2026-09-07,Pago,0.0
1547,6708,498,84.04,2026-10-07,0,,Em aberto,84.04
1548,6708,498,84.04,2026-11-06,0,,Em aberto,84.04
1549,6718,68,503.62,2026-06-19,44,,Atrasado,503.62
1550,6718,68,503.62,2026-07-19,0,2026-07-19,Pago,0.0
1551,6719,546,30.01,2026-08-05,0,2026-08-06,PAGO,0.0
1552,6719,546,30.01,2026-09-04,43,2026-10-17,Pago,0.0
1553,6719,546,30.01,2026-10-04,0,,Em aberto,30.01
1554,6719,546,30.01,2026-11-03,0,,Em aberto,30.01
1555,6720,493,90.44,2026-09-03,0,2026-09-06,Pago,0.0
1556,6720,493,90.44,2026-10-03,0,,Em aberto,90.44
1557,6720,493,90.44,2026-11-02,0,,Em aberto,90.44
1558,6720,493,90.44,2026-12-02,0,,Em aberto,90.44
1559,6731,543,120.22,2026-08-13,0,2026-08-13,Pago,0.0
1560,6731,543,120.22,2026-09-12,18,2026-09-30,Pago,0.0
1561,6731,543,120.22,2026-10-12,0,,Em aberto,120.22
1562,6746,472,149.07,2026-05-11,9,2026-05-20,Pago,0.0
1563,6746,472,149.07,2026-06-10,0,2026-06-10,Pago,0.0
1564,6748,3,702.72,2026-09-24,0,2026-09-27,Pago,0.0
1565,6767,338,115.77,2026-07-31,0,2026-08-01,Pago,0.0
1566,6767,338,115.77,2026-08-30,0,2026-09-01,Pago,0.0
1567,6767,338,115.77,2026-09-29,0,,Em aberto,115.77
1568,6790,379,57.4,2026-07-10,0,2026-07-13,Pago,0.0
1569,6792,503,301.41,29/07/26,0,2026-07-30,Pago,0.0
1570,6795,397,1312.16,2026-05-02,0,2026-05-03,Pago,0.0
1571,6802,390,49.94,2026-09-30,0,,Em aberto,49.94
1572,6802,390,49.94,2026-10-30,0,,Em aberto,49.94
1573,6802,390,49.94,2026-11-29,0,,Em aberto,49.94
1574,6821,43,157.3,2026-10-16,0,,Em aberto,157.3
1575,6821,43,157.3,2026-11-15,0,,Em aberto,157.3
1576,6821,43,157.3,2026-12-15,0,,Em aberto,157.3
1577,6855,220,47.9,2026-07-24,0,2026-07-26,Pago,0.0
1578,6855,220,47.9,2026-08-23,0,2026-08-25,Pago,0.0
1579,6855,220,47.9,22-09-2026,0,2026-09-23,Pago,0.0
1580,6855,220,47.9,2026-10-22,0,,Em aberto,47.9
1581,6857,189,104.99,2026-04-01,0,2026-04-02,Pago,0.0
1582,6857,189,104.99,2026-05-01,0,2026-05-03,Pago,0.0
1583,6857,189,104.99,2026-05-31,0,2026-05-31,Pago,0.0
1584,6858,25,266.7,2026-08-11,0,2026-08-12,Pago,0.0
1585,6858,25,266.7,2026-09-10,0,2026-09-12,Pago,0.0
1586,6870,504,235.82,2026-08-12,0,2026-08-13,Pago,0.0
1587,6870,504,235.82,2026-09-11,0,2026-09-13,Pago,0.0
1588,6879,158,36.32,2026-10-03,0,,Em aberto,36.32
1589,6879,158,36.32,2026-11-02,0,,Em aberto,36.32
1590,6890,368,125.81,2026-07-24,0,2026-07-27,Pago,0.0
1591,6890,368,125.81,2026-08-23,0,2026-08-26,Pago,0.0
1592,6890,368,125.81,2026-09-22,12,2026-10-04,Pago,0.0
1593,6890,368,125.81,2026-10-22,0,,Em aberto,125.81
1594,6897,147,56.69,2026-06-24,0,2026-06-25,Pago,0.0
1595,6897,147,56.69,2026-07-24,40,,Atrasado,56.69
1596,6897,147,56.69,2026-08-23,0,2026-08-25,Pago,0.0
1597,6897,147,56.69,2026-09-22,0,2026-09-23,Pago,0.0
1598,6900,330,113.22,2026-04-30,9,2026-05-09,Pago,0.0
1599,6900,330,113.22,2026-05-30,0,2026-06-01,pago,0.0
1600,6913,1,228.77,2026-09-13,0,2026-09-15,Pago,0.0
1601,6913,1,228.77,2026-10-13,0,,Em aberto,228.77
1602,6913,1,228.77,2026-11-12,0,,Em aberto,228.77
1603,6918,128,77.27,2026-07-18,0,2026-07-18,Pago,0.0
1604,6918,128,77.27,2026-08-17,0,2026-08-20,Pago,0.0
1605,6923,333,319.2,2026-07-19,0,2026-07-19,Pago,0.0
1606,6923,333,319.2,2026-08-18,0,2026-08-21,Pago,0.0
1607,6930,284,176.65,2026-08-06,0,2026-08-08,Pago,0.0
1608,6930,284,176.65,2026-09-05,0,2026-09-08,Pago,0.0
1609,6941,140,593.06,2026-08-05,8,2026-08-13,Pago,0.0
1610,6941,140,593.06,2026-09-04,0,2026-09-05,Pago,0.0
1611,6944,185,97.72,2026-08-20,0,2026-08-20,Pago,0.0
1612,6948,232,605.88,2026-06-10,0,2026-06-10,Pago,0.0
1613,6995,267,226.2,2026-10-23,0,,Em aberto,226.2
1614,7009,59,661.21,2026-09-03,0,2026-09-03,Pago,0.0
1615,7029,426,105.45,2026-07-18,0,2026-07-18,pago,0.0
1616,7029,426,105.45,2026-08-17,0,2026-08-19,Pago,0.0
1617,7029,426,105.45,2026-09-16,0,2026-09-18,Pago,0.0
1618,7029,426,105.45,2026-10-16,0,,Em aberto,105.45
1619,7033,426,304.21,2026-10-18,0,,Em aberto,304.21
1620,7033,426,304.21,2026-11-17,0,,Em aberto,304.21
1621,7074,117,262.7,2026-06-14,26,2026-07-10,Pago,0.0
1622,7074,117,262.7,2026-07-14,0,2026-07-15,Pago,0.0
1623,7075,232,349.9,2026-10-21,0,,Em aberto,349.9
1624,7075,232,349.9,2026-11-20,0,,Em aberto,349.9
1625,7079,90,1152.02,2026-09-09,33,,Atrasado,1152.02
1626,7101,527,158.17,2026-10-24,0,,Em aberto,158.17
1627,7101,527,158.17,2026-11-23,0,,Em aberto,158.17
1628,7101,527,158.17,2026-12-23,0,,Em Aberto,158.17
1629,7102,132,82.35,2026-09-18,0,2026-09-19,Pago,0.0
1630,7102,132,82.35,2026-10-18,0,,Em aberto,82.35
1631,7128,456,385.47,2026-05-17,0,2026-05-20,Pago,0.0
1632,7133,512,62.67,2026-05-09,0,2026-05-12,Pago,0.0
1633,7133,512,62.67,2026-06-08,0,2026-06-11,Pago,0.0
1634,7133,512,62.67,2026-07-08,0,2026-07-09,Pago,0.0
1635,7140,74,49.39,2026-07-12,34,,Atrasado,49.39
1636,7140,74,49.39,2026-08-11,0,2026-08-14,Pago,0.0
1637,7140,74,49.39,10-09-2026,0,2026-09-11,Pago,0.0
1638,7152,144,441.84,07-06-2026,22,2026-06-29,Pago,0.0
1639,7152,144,441.84,2026-07-07,22,2026-07-29,Pago,0.0
1640,7152,144,441.84,2026-08-06,0,2026-08-09,Pago,0.0
1641,7162,316,405.24,2026-05-14,0,2026-05-14,Pago,0.0
1642,7162,316,405.24,2026-06-13,0,2026-06-14,Pago,0.0
1643,7170,389,23.04,2026-09-09,0,2026-09-10,Pago,0.0
1644,7170,389,23.04,2026-10-09,0,,Em aberto,23.04
1645,7170,389,23.04,2026-11-08,0,,Em aberto,23.04
1646,7176,278,202.62,15/05/26,0,2026-05-15,Pago,0.0
1647,7176,278,202.62,2026-06-14,0,2026-06-14,Pago,0.0
1648,7176,278,202.62,2026-07-14,20,2026-08-03,Pago,0.0
1649,7176,278,202.62,2026-08-13,0,2026-08-16,Pago,0.0
1650,7194,163,49.8,2026-08-26,0,2026-08-28,Pago,0.0
1651,7194,163,49.8,2026-09-25,0,2026-09-25,Pago,0.0
1652,7194,163,49.8,2026-10-25,0,,Em aberto,49.8
1653,7194,163,49.8,2026-11-24,0,,Em aberto,49.8
1654,7200,378,170.21,2026-07-10,0,2026-07-10,Pago,0.0
1655,7200,378,170.21,2026-08-09,29,2026-09-07,Pago,0.0
1656,7201,467,16.96,2026-06-25,0,2026-06-26,Pago,0.0
1657,7201,467,16.96,2026-07-25,0,2026-07-25,Pago,0.0
1658,7201,467,16.96,2026-08-24,0,2026-08-24,Pago,0.0
1659,7203,86,74.92,2026-05-25,0,2026-05-26,Pago,0.0
1660,7211,285,157.92,02/08/2026,15,2026-08-17,Pago,0.0
1661,7211,285,157.92,2026-09-01,0,2026-09-01,Pago,0.0
1662,7215,88,44.56,2026-06-28,0,2026-06-28,Pago,0.0
1663,7215,88,44.56,2026-07-28,0,2026-07-28,Pago,0.0
1664,7215,88,44.56,2026-08-27,0,2026-08-29,Pago,0.0
1665,7215,88,44.56,2026-09-26,0,,Em aberto,44.56
1666,7216,107,384.99,2026-05-24,0,2026-05-26,Pago,0.0
1667,7226,421,234.8,2026-07-10,0,2026-07-12,Pago,0.0
1668,7226,421,234.8,2026-08-09,1,2026-08-10,Pago,0.0
1669,7226,421,234.8,2026-09-08,0,2026-09-10,Pago,0.0
1670,7232,59,96.79,2026-08-04,17,2026-08-21,Pago,0.0
1671,7232,59,96.79,2026-09-03,0,2026-09-04,Pago,0.0
1672,7232,59,96.79,2026-10-03,0,,Em aberto,96.79
1673,7232,59,96.79,2026-11-02,0,,Em aberto,96.79
1674,7241,1,449.08,2026-05-02,34,,Atrasado,449.08
1675,7241,1,449.08,2026-06-01,0,2026-06-03,Pago,0.0
1676,7256,451,85.66,2026-04-18,0,2026-04-19,Pago,0.0
1677,7256,451,85.66,2026-05-18,0,2026-05-19,Pago,0.0
1678,7256,451,85.66,2026-06-17,0,2026-06-17,Pago,0.0
1679,7256,451,85.66,2026-07-17,45,,Atrasado,85.66
1680,7263,583,890.49,2026-08-21,18,2026-09-08,Pago,0.0
1681,7266,492,91.09,2026-08-08,0,2026-08-08,Pago,0.0
1682,7266,492,91.09,2026-09-07,0,2026-09-10,Pago,0.0
1683,7266,492,91.09,2026-10-07,0,,Em aberto,91.09
1684,7268,572,52.38,2026-07-10,0,2026-07-10,Pago,0.0
1685,7273,285,184.85,2026-07-28,0,2026-07-31,Pago,0.0
1686,7273,285,184.85,2026-08-27,0,2026-08-30,Pago,0.0
1687,7273,285,184.85,2026-09-26,0,,Em aberto,184.85
1688,7277,43,154.38,2026-04-14,10,2026-04-24,Pago,0.0
1689,7277,43,154.38,2026-05-14,0,2026-05-14,Pago,0.0
1690,7277,43,154.38,2026-06-13,0,2026-06-14,Pago,0.0
1691,7285,35,662.52,2026-09-19,12,2026-10-01,Pago,0.0
1692,7292,445,50.8,2026-06-09,0,2026-06-10,Pago,0.0
1693,7293,353,68.64,2026-05-28,0,2026-05-31,Pago,0.0
1694,7293,353,68.64,2026-06-27,0,2026-06-27,Pago,0.0
1695,7293,353,68.64,2026-07-27,0,2026-07-27,Pago,0.0
1696,7293,353,68.64,2026-08-26,0,2026-08-29,Pago,0.0
1697,7299,406,196.85,2026-05-21,0,2026-05-24,Pago,0.0
1698,7315,587,160.11,2026-08-02,0,2026-08-05,Pago,0.0
1699,7315,587,160.11,2026-09-01,0,2026-09-03,Pago,0.0
1700,7322,176,122.06,2026-07-04,0,2026-07-04,Pago,0.0
1701,7322,176,122.06,2026-08-03,0,2026-08-05,Pago,0.0
1702,7325,384,219.92,2026-05-27,2,2026-05-29,Pago,0.0
1703,7330,357,149.14,2026-09-04,0,2026-09-06,Pago,0.0
1704,7330,357,149.14,2026-10-04,0,,Em aberto,149.14
1705,7330,357,149.14,2026-11-03,0,,Em aberto,149.14
1706,7337,8,188.71,2026-07-16,0,2026-07-19,Pago,0.0
1707,7337,8,188.71,2026-08-15,0,2026-08-15,Pago,0.0
1708,7337,8,188.71,2026-09-14,0,2026-09-17,Pago,0.0
1709,7337,8,188.71,2026-10-14,0,,Em aberto,188.71
1710,7342,257,22.47,2026-09-04,5,2026-09-09,Pago,0.0
1711,7342,257,22.47,2026-10-04,0,,Em aberto,22.47
1712,7342,257,22.47,2026-11-03,0,,Em aberto,22.47
1713,7375,324,308.08,01/04/26,0,2026-04-02,Pago,0.0
1714,7375,324,308.08,2026-05-01,0,2026-05-03,Pago,0.0
1715,7377,118,484.6,2026-06-30,0,2026-07-02,Pago,0.0
1716,7377,118,484.6,2026-07-30,-42,2026-09-09,Pago,0.0
1717,7392,363,105.15,2026-10-19,0,,Em aberto,105.15
1718,7392,363,105.15,2026-11-18,0,,Em aberto,105.15
1719,7392,363,105.15,2026-12-18,0,,Em aberto,105.15
1720,7397,287,88.85,2026-03-31,0,2026-03-31,Pago,0.0
1721,7397,287,88.85,2026-04-30,0,2026-04-30,Pago,0.0
1722,7397,287,88.85,2026-05-30,0,2026-06-01,Pago,0.0
1723,7397,287,88.85,2026-06-29,0,2026-07-01,Pago,0.0
1724,7404,523,384.1,2026-08-29,0,2026-08-31,Pago,0.0
1725,7412,166,213.1,2026-08-24,0,2026-08-26,Pago,0.0
1726,7412,166,213.1,2026-09-23,0,2026-09-23,Pago,0.0
1727,7412,166,213.1,2026-10-23,0,,Em aberto,213.1
1728,7412,166,213.1,2026-11-22,0,,Em aberto,213.1
1729,7416,433,165.63,2026-08-16,0,2026-08-16,Pago,0.0
1730,7416,433,165.63,15-09-2026,43,2026-10-28,Pago,0.0
1731,7440,418,490.39,2026-06-25,0,2026-06-25,Pago,0.0
1732,7440,418,490.39,2026-07-25,42,,Atrasado,490.39
1733,7446,593,536.25,2026-04-18,0,2026-04-19,Pago,0.0
1734,7446,593,536.25,2026-05-18,0,2026-05-18,Pago,0.0
1735,7451,300,25.21,2026-07-07,0,2026-07-09,Pago,0.0
1736,7451,300,25.21,2026-08-06,0,2026-08-09,Pago,0.0
1737,7451,300,25.21,2026-09-05,12,2026-09-17,Pago,0.0
1738,7451,300,25.21,2026-10-05,0,,Em aberto,25.21
1739,7455,440,225.38,2026-06-04,0,2026-06-04,Pago,0.0
1740,7455,440,225.38,04/07/2026,0,2026-07-05,Pago,0.0
1741,7485,439,41.0,2026-05-19,16,2026-06-04,Pago,0.0
1742,7485,439,41.0,2026-06-18,0,2026-06-18,Pago,0.0
1743,7485,439,41.0,2026-07-18,0,2026-07-20,Pago,0.0
1744,7489,314,46.78,2026-05-29,0,2026-05-31,Pago,0.0
1745,7489,314,46.78,2026-06-28,0,2026-06-30,Pago,0.0
1746,7523,101,94.56,2026-04-18,0,2026-04-21,Pago,0.0
1747,7523,101,94.56,2026-05-18,0,2026-05-19,Pago,0.0
1748,7523,101,94.56,2026-06-17,26,2026-07-13,Pago,0.0
1749,7544,258,521.97,2026-06-25,0,2026-06-25,Pago,0.0
1750,7544,258,521.97,2026-07-25,0,2026-07-27,Pago,0.0
1751,7556,313,283.89,2026-08-09,0,2026-08-09,Pago,0.0
1752,7556,313,283.89,2026-09-08,0,2026-09-09,Pago,0.0
1753,7556,313,283.89,2026-10-08,0,,Em aberto,283.89
1754,7556,313,283.89,2026-11-07,0,,Em aberto,283.89
1755,7565,173,125.98,2026-10-10,0,,Em aberto,125.98
1756,7565,173,125.98,2026-11-09,0,,Em aberto,125.98
1757,7573,433,74.97,2026-08-04,0,2026-08-07,Pago,0.0
1758,7573,433,74.97,2026-09-03,16,2026-09-19,Pago,0.0
1759,7573,433,74.97,2026-10-03,0,,Em aberto,74.97
1760,7575,149,243.24,2026-08-15,0,2026-08-15,Pago,243.24
1761,7575,149,243.24,2026-09-14,0,2026-09-16,Pago,0.0
1762,7583,528,177.93,2026-07-11,0,2026-07-14,Pago,0.0
1763,7583,528,177.93,2026-08-10,0,2026-08-13,Pago,0.0
1764,7589,24,53.07,2026-09-10,0,2026-09-13,Pago,0.0
1765,7600,255,57.75,2026-05-09,0,2026-05-11,Pago,0.0
1766,7600,255,57.75,2026-06-08,0,2026-06-08,Pago,0.0
1767,7600,255,57.75,2026-07-08,0,2026-07-10,Pago,0.0
1768,7610,338,136.22,2026-04-28,0,2026-04-28,Pago,0.0
1769,7610,338,136.22,2026-05-28,0,2026-05-30,Pago,0.0
1770,7614,439,142.78,2026-05-30,12,2026-06-11,Pago,0.0
1771,7621,421,264.3,2026-09-29,0,,Em aberto,264.3
1772,7628,594,72.75,2026-04-23,28,2026-05-21,Pago,0.0
1773,7628,594,72.75,2026-05-23,0,2026-05-23,Pago,0.0
1774,7628,594,72.75,2026-06-22,0,2026-06-25,Pago,0.0
1775,7629,189,870.45,2026-06-30,0,2026-06-30,Pago,0.0
1776,7637,3,250.16,2026-10-17,0,,Em aberto,250.16
1777,7637,3,250.16,2026-11-16,0,,Em aberto,250.16
1778,7637,3,250.16,2026-12-16,0,,Em aberto,250.16
1779,7640,79,231.28,2026-08-29,0,2026-08-29,Pago,0.0
1780,7656,372,444.51,2026-04-04,0,2026-04-06,Pago,0.0
1781,7682,425,460.06,2026-06-12,0,2026-06-14,Pago,0.0
1782,7682,425,460.06,2026-07-12,0,2026-07-13,Pago,0.0
1783,7721,514,629.39,2026-08-07,0,2026-08-09,Pago,0.0
1784,7721,514,629.39,2026-09-06,0,2026-09-06,Pago,0.0
1785,7727,57,249.41,2026-09-12,0,2026-09-13,Pago,0.0
1786,7727,57,249.41,2026-10-12,0,,Em aberto,249.41
1787,7727,57,249.41,2026-11-11,0,,Em aberto,249.41
1788,7732,497,151.48,2026-09-18,0,2026-09-20,Pago,0.0
1789,7732,497,151.48,2026-10-18,0,,Em aberto,151.48
1790,7732,497,151.48,2026-11-17,0,,Em aberto,151.48
1791,7732,497,151.48,2026-12-17,0,,Em aberto,151.48
1792,7751,443,616.11,2026-07-30,0,2026-07-31,Pago,0.0
1793,7753,321,139.79,2026-09-02,0,2026-09-03,Pago,0.0
1794,7753,321,139.79,2026-10-02,0,,Em aberto,139.79
1795,7754,20,32.51,2026-07-11,0,2026-07-13,Pago,32.51
1796,7754,20,32.51,2026-08-10,0,2026-08-10,Pago,0.0
1797,7754,20,32.51,2026-09-09,0,2026-09-11,Pago,0.0
1798,7754,20,32.51,2026-10-09,0,,Em aberto,32.51
1799,7761,298,245.26,2026-06-09,0,2026-06-11,Pago,0.0
1800,7761,298,245.26,2026-07-09,0,2026-07-11,Pago,0.0
1801,7761,298,245.26,2026-08-08,0,2026-08-10,Pago,0.0
1802,7764,116,99.11,2026-08-22,0,2026-08-25,Pago,0.0
1803,7764,116,99.11,2026-09-21,0,2026-09-21,Pago,0.0
1804,7764,116,99.11,2026-10-21,0,,Em aberto,99.11
1805,7764,116,99.11,2026-11-20,0,,Em aberto,99.11
1806,7790,267,503.22,2026-04-26,0,2026-04-28,Pago,0.0
1807,7790,267,503.22,2026-05-26,0,2026-05-29,Pago,0.0
1808,7792,5,179.55,2026-07-29,0,2026-07-29,Pago,0.0
1809,7818,36,169.03,19/06/2026,0,2026-06-20,Pago,0.0
1810,7818,36,169.03,2026-07-19,19,2026-08-07,Pago,0.0
1811,7825,254,321.47,2026-05-24,0,2026-05-25,Pago,0.0
1812,7825,254,321.47,2026-06-23,0,2026-06-26,Pago,0.0
1813,7825,254,321.47,2026-07-23,0,2026-07-26,Pago,0.0
1814,7825,254,321.47,2026-08-22,0,2026-08-22,Pago,0.0
1815,7835,348,33.04,2026-05-04,0,2026-05-05,Pago,0.0
1816,7835,348,33.04,2026-06-03,35,2026-07-08,Pago,0.0
1817,7835,348,33.04,2026-07-03,0,2026-07-06,Pago,0.0
1818,7835,348,33.04,2026-08-02,0,2026-08-04,Pago,0.0
1819,7851,567,159.6,2026-05-17,0,2026-05-20,Pago,0.0
1820,7851,567,159.6,2026-06-16,0,2026-06-18,Pago,0.0
1821,7851,567,159.6,2026-07-16,0,2026-07-17,Pago,0.0
1822,7851,567,159.6,2026-08-15,33,,Atrasado,159.6
1823,7852,121,140.28,2026-07-27,0,2026-07-30,Pago,0.0
1824,7852,121,140.28,2026-08-26,19,2026-09-14,Pago,0.0
1825,7852,121,140.28,2026-09-25,0,2026-09-26,Pago,0.0
1826,7852,121,140.28,2026-10-25,0,,Em aberto,140.28
1827,7866,498,576.39,2026-07-03,0,2026-07-06,Pago,0.0
1828,7866,498,576.39,2026-08-02,0,2026-08-02,Pago,0.0
1829,7875,310,245.1,2026-05-12,38,2026-06-19,Pago,0.0
1830,7875,310,245.1,2026-06-11,0,2026-06-12,Pago,0.0
1831,7875,310,245.1,2026-07-11,33,,Atrasado,245.1
1832,7880,108,586.73,2026-05-27,0,2026-05-27,Pago,0.0
1833,7885,122,30.34,2026-04-20,0,2026-04-21,Pago,0.0
1834,7885,122,30.34,2026-05-20,0,2026-05-21,Pago,0.0
1835,7885,122,30.34,2026-06-19,0,2026-06-22,Pago,0.0
1836,7899,418,340.95,2026-08-21,0,2026-08-23,Pago,0.0
1837,7899,418,340.95,2026-09-20,0,2026-09-21,Pago,0.0
1838,7899,418,340.95,2026-10-20,0,,Em aberto,340.95
1839,7902,556,146.03,2026-09-16,0,2026-09-16,Pago,0.0
1840,7902,556,146.03,2026-10-16,0,,Em aberto,146.03
1841,7902,556,146.03,2026-11-15,0,,Em aberto,146.03
1842,7902,556,146.03,2026-12-15,0,,Em aberto,146.03
1843,7907,441,580.3,2026-04-30,0,2026-04-30,Pago,0.0
1844,7907,441,580.3,2026-05-30,0,2026-06-01,Pago,0.0
1845,7912,543,241.67,2026-09-01,0,2026-09-03,Pago,0.0
1846,7916,208,211.25,2026-10-16,0,,Em aberto,211.25
1847,7916,208,211.25,15/11/2026,0,,Em aberto,211.25
1848,7916,208,211.25,2026-12-15,0,,em aberto,211.25
1849,7916,208,211.25,2027-01-14,0,,Em aberto,211.25
1850,7927,300,448.58,2026-06-17,0,2026-06-20,Pago,0.0
1851,7942,215,210.53,2026-07-05,0,2026-07-06,Pago,0.0
1852,7942,215,210.53,2026-08-04,2,2026-08-06,Pago,0.0
1853,7953,146,136.64,2026-05-11,0,2026-05-14,Pago,0.0
1854,7953,146,136.64,2026-06-10,0,2026-06-11,Pago,0.0
1855,7953,146,136.64,2026-07-10,0,2026-07-13,Pago,0.0
1856,7965,253,74.21,2026-07-09,20,2026-07-29,Pago,0.0
1857,7965,253,74.21,2026-08-08,0,2026-08-10,Pago,0.0
1858,7965,253,74.21,2026-09-07,0,2026-09-08,Pago,0.0
1859,7969,529,552.2,2026-07-04,0,2026-07-04,Pago,0.0
1860,7969,529,552.2,2026-08-03,0,2026-08-03,Pago,0.0
1861,7975,281,116.64,2026-06-30,20,2026-07-20,Pago,0.0
1862,7975,281,116.64,2026-07-30,7,2026-08-06,Pago,0.0
1863,7975,281,116.64,2026-08-29,0,2026-08-29,PAGO,0.0
1864,7975,281,116.64,2026-09-28,0,,Em aberto,116.64
1865,7987,106,1022.37,2026-09-26,0,,Em aberto,1022.37
1866,7992,184,130.42,2026-10-25,0,,Em aberto,130.42
1867,7999,484,96.47,2026-04-30,0,2026-05-02,Pago,0.0
1868,7999,484,96.47,2026-05-30,0,2026-05-31,Pago,0.0
1869,7999,484,96.47,2026-06-29,0,2026-07-02,Pago,0.0
1870,7999,484,96.47,2026-07-29,0,2026-07-29,Pago,0.0
1871,8003,288,91.06,2026-09-02,0,2026-09-03,Pago,0.0
1872,8003,288,91.06,2026-10-02,0,,Em aberto,91.06
1873,8003,288,91.06,2026-11-01,0,,Em aberto,91.06
1874,8003,288,91.06,2026-12-01,0,,Em aberto,91.06
1875,8006,494,92.58,2026-07-07,0,2026-07-10,Pago,0.0
1876,8006,494,92.58,2026-08-06,7,2026-08-13,Pago,0.0
1877,8039,91,133.53,2026-06-13,0,2026-06-13,Pago,0.0
1878,8074,189,144.94,2026-07-18,39,,Atrasado,144.94
1879,8074,189,144.94,2026-08-17,0,2026-08-19,Pago,0.0
1880,8074,189,144.94,2026-09-16,3,2026-09-19,Pago,0.0
1881,8074,189,144.94,2026-10-16,0,,Em aberto,144.94
1882,8078,276,189.95,2026-05-16,0,2026-05-16,Pago,0.0
1883,8078,276,189.95,2026-06-15,0,2026-06-17,Pago,0.0
1884,8078,276,189.95,2026-07-15,0,2026-07-18,Pago,0.0
1885,8092,530,94.56,2026-04-08,0,2026-04-09,Pago,0.0
1886,8092,530,94.56,2026-05-08,0,2026-05-10,Pago,0.0
1887,8110,325,31.52,2026-09-06,0,2026-09-06,Pago,0.0
1888,8110,325,31.52,2026-10-06,0,,Em aberto,31.52
1889,8110,325,31.52,2026-11-05,0,,Em aberto,31.52
1890,8110,325,31.52,2026-12-05,0,,Em aberto,31.52
1891,8117,401,66.53,2026-10-18,0,,Em aberto,66.53
1892,8130,11,55.62,2026-10-07,0,,Em aberto,55.62
1893,8130,11,55.62,2026-11-06,0,,Em aberto,55.62
1894,8130,11,55.62,2026-12-06,0,,Em aberto,55.62
1895,8130,11,55.62,2027-01-05,0,,Em aberto,55.62
1896,8144,178,354.45,2026-04-26,0,2026-04-26,Pago,0.0
1897,8144,178,354.45,2026-05-26,0,2026-05-28,Pago,0.0
1898,8144,178,354.45,2026-06-25,0,2026-06-28,Pago,0.0
1899,8148,97,13.27,2026-10-07,0,,Em aberto,13.27
1900,8148,97,13.27,2026-11-06,0,,Em aberto,13.27
1901,8157,375,420.58,2026-04-27,0,2026-04-29,Pago,0.0
1902,8164,121,980.4,2026-06-11,2,2026-06-13,Pago,0.0
1903,8175,442,65.33,2026-10-01,0,,Em aberto,65.33
1904,8175,442,65.33,2026-10-31,0,,Em aberto,65.33
1905,8175,442,65.33,2026-11-30,0,,Em aberto,65.33
1906,8182,239,851.69,2026-05-08,0,2026-05-08,Pago,0.0
1907,8184,349,182.26,2026-07-18,0,2026-07-21,Pago,0.0
1908,8184,349,182.26,2026-08-17,0,2026-08-17,Pago,0.0
1909,8195,27,440.32,2026-05-24,0,2026-05-24,Pago,0.0
1910,8197,519,106.54,2026-04-02,0,2026-04-03,Pago,0.0
1911,8197,519,106.54,2026-05-02,0,2026-05-04,Pago,0.0
1912,8227,297,126.08,2026-06-09,0,2026-06-12,Pago,0.0
1913,8227,297,126.08,2026-07-09,0,2026-07-12,Pago,0.0
1914,8227,297,126.08,2026-08-08,22,2026-08-30,Pago,0.0
1915,8236,421,290.36,2026-04-15,0,2026-04-16,Pago,0.0
1916,8247,527,513.32,2026-10-02,0,,Em aberto,513.32
1917,8269,142,81.55,2026-08-26,0,2026-08-26,Pago,0.0
1918,8269,142,81.55,2026-09-25,0,2026-09-28,Pago,0.0
1919,8295,330,385.97,2026-08-16,0,2026-08-19,Pago,0.0
1920,8296,574,69.32,2026-08-09,16,2026-08-25,Pago,0.0
1921,8296,574,69.32,2026-09-08,14,2026-09-22,Pago,0.0
1922,8296,574,69.32,2026-10-08,0,,Em aberto,69.32
1923,8309,527,535.32,2026-04-20,0,2026-04-21,Pago,0.0
1924,8325,549,353.73,2026-07-23,31,,Atrasado,353.73
1925,8325,549,353.73,2026-08-22,0,2026-08-25,Pago,0.0
1926,8328,560,43.04,2026-05-02,0,2026-05-02,Pago,0.0
1927,8328,560,43.04,2026-06-01,0,2026-06-02,Pago,0.0
1928,8328,560,43.04,2026-07-01,0,2026-07-02,Pago,0.0
1929,8328,560,43.04,2026-07-31,26,2026-08-26,Pago,0.0
1930,8333,479,13.91,2026-06-02,0,2026-06-04,Pago,0.0
1931,8333,479,13.91,2026-07-02,0,2026-07-03,Pago,13.91
1932,8333,479,13.91,2026-08-01,7,2026-08-08,Pago,13.91
1933,8333,479,13.91,2026-08-31,0,2026-08-31,Pago,0.0
1934,8339,440,220.31,2026-07-14,0,2026-07-15,Pago,0.0
1935,8339,440,220.31,2026-08-13,40,,Atrasado,220.31
1936,8339,440,220.31,2026-09-12,0,2026-09-14,Pago,0.0
1937,8339,440,220.31,2026-10-12,0,,Em aberto,220.31
1938,8347,445,503.88,2026-09-14,0,2026-09-16,Pago,0.0
1939,8349,162,163.04,2026-07-27,0,2026-07-30,Pago,0.0
1940,8349,162,163.04,2026-08-26,0,2026-08-27,Pago,0.0
1941,8349,162,163.04,25-09-2026,0,2026-09-26,pago,0.0
1942,8370,416,261.32,2026-09-17,0,2026-09-17,Pago,0.0
1943,8370,416,261.32,2026-10-17,0,,Em aberto,261.32
1944,8370,416,261.32,2026-11-16,0,,Em aberto,261.32
1945,8393,593,68.32,2026-07-30,0,2026-07-31,PAGO,0.0
1946,8393,593,68.32,2026-08-29,0,2026-08-31,Pago,0.0
1947,8393,593,68.32,2026-09-28,0,,Em aberto,68.32
1948,8402,69,213.66,2026-08-31,0,2026-09-03,Pago,0.0
1949,8410,144,173.89,2026-09-25,0,2026-09-25,Pago,0.0
1950,8410,144,173.89,2026-10-25,0,,Em aberto,173.89
1951,8410,144,173.89,2026-11-24,0,,Em aberto,173.89
1952,8429,280,80.8,2026-08-30,0,2026-08-30,Pago,0.0
1953,8429,280,80.8,2026-09-29,0,,Em aberto,80.8
1954,8440,568,681.58,2026-07-27,0,2026-07-27,Pago,0.0
1955,8440,568,681.58,2026-08-26,0,2026-08-27,Pago,0.0
1956,8456,61,580.3,2026-06-17,45,,Atrasado,580.3
1957,8465,294,157.72,2026-10-07,0,,Em aberto,157.72
1958,8465,294,157.72,06/11/2026,0,,Em aberto,157.72
1959,8465,294,157.72,2026-12-06,0,,Em aberto,157.72
1960,8465,294,157.72,2027-01-05,0,,Em aberto,157.72
1961,8481,442,69.07,2026-09-13,0,2026-09-15,Pago,0.0
1962,8481,442,69.07,2026-10-13,0,,Em aberto,69.07
1963,8481,442,69.07,2026-11-12,0,,em aberto,69.07
1964,8483,280,239.03,2026-09-06,19,2026-09-25,Pago,0.0
1965,8483,280,239.03,2026-10-06,0,,Em aberto,239.03
1966,8483,280,239.03,2026-11-05,0,,Em aberto,239.03
1967,8488,402,42.45,2026-10-18,0,,em aberto,42.45
1968,8488,402,42.45,2026-11-17,0,,Em aberto,42.45
1969,8488,402,42.45,2026-12-17,0,,Em aberto,42.45
1970,8533,257,456.02,2026-07-15,0,2026-07-15,Pago,0.0
1971,8533,257,456.02,2026-08-14,0,2026-08-17,Pago,0.0
1972,8540,476,546.64,2026-07-04,0,2026-07-06,Pago,0.0
1973,8563,460,60.02,2026-05-13,0,2026-05-15,Pago,0.0
1974,8568,482,216.61,2026-10-19,0,,Em aberto,216.61
1975,8583,406,200.56,2026-05-18,8,2026-05-26,Pago,0.0
1976,8583,406,200.56,2026-06-17,0,2026-06-20,Pago,0.0
1977,8590,599,662.76,2026-09-07,0,2026-09-08,Pago,0.0
1978,8590,599,662.76,2026-10-07,0,,Em aberto,662.76
1979,8593,434,50.44,2026-04-05,2,2026-04-07,Pago,0.0
1980,8593,434,50.44,2026-05-05,0,2026-05-06,Pago,0.0
1981,8593,434,50.44,2026-06-04,0,2026-06-05,Pago,0.0
1982,8610,242,652.56,2026-06-15,0,2026-06-18,Pago,0.0
1983,8634,114,301.41,2026-04-26,29,2026-05-25,Pago,0.0
1984,8642,364,96.89,2026-10-06,0,,Em aberto,96.89
1985,8642,364,96.89,2026-11-05,-1,,Em aberto,96.89
1986,8649,545,118.93,2026-03-31,31,2026-05-01,Pago,0.0
1987,8649,545,118.93,2026-04-30,0,2026-05-01,Pago,0.0
1988,8658,15,54.01,2026-05-28,0,2026-05-28,Pago,0.0
1989,8658,15,54.01,2026-06-27,41,,Atrasado,54.01
1990,8658,15,54.01,2026-07-27,45,2026-09-10,Pago,0.0
1991,8662,579,196.28,2026-08-13,0,2026-08-16,Pago,0.0
1992,8674,432,149.96,2026-07-18,0,2026-07-21,Pago,0.0
1993,8674,432,149.96,2026-08-17,0,2026-08-20,Pago,0.0
1994,8676,183,107.04,2026-04-06,0,2026-04-09,Pago,0.0
1995,8676,183,107.04,2026-05-06,0,2026-05-09,Pago,0.0
1996,8691,225,54.23,2026-07-26,0,2026-07-28,Pago,0.0
1997,8691,225,54.23,2026-08-25,0,2026-08-28,Pago,0.0
1998,8695,220,392.08,2026-08-29,0,2026-09-01,Pago,0.0
1999,8695,220,392.08,2026-09-28,0,,Em aberto,392.08
2000,8703,504,22.76,2026-07-10,0,2026-07-11,Pago,0.0
2001,8703,504,22.76,2026-08-09,0,2026-08-09,Pago,0.0
2002,8703,504,22.76,2026-09-08,0,2026-09-11,Pago,0.0
2003,8746,463,76.7,2026-09-09,0,2026-09-12,Pago,0.0
2004,8746,463,76.7,2026-10-09,0,,Em aberto,76.7
2005,8746,463,76.7,2026-11-08,0,,Em aberto,76.7
2006,8758,150,34.56,2026-04-26,15,2026-05-11,Pago,0.0
2007,8758,150,34.56,2026-05-26,0,2026-05-27,Pago,0.0
2008,8758,150,34.56,2026-06-25,0,2026-06-25,Pago,0.0
2009,8758,150,34.56,2026-07-25,0,2026-07-27,Pago,0.0
2010,8767,115,17.5,2026-07-27,0,2026-07-30,Pago,0.0
2011,8767,115,17.5,2026-08-26,40,,Atrasado,17.5
2012,8767,115,17.5,2026-09-25,0,2026-09-27,Pago,0.0
2013,8772,360,119.7,2026-04-21,0,2026-04-23,Pago,0.0
2014,8772,360,119.7,2026-05-21,14,2026-06-04,PAGO,0.0
2015,8778,369,183.75,2026-05-29,0,2026-06-01,Pago,0.0
2016,8778,369,183.75,2026-06-28,0,2026-06-29,Pago,0.0
2017,8778,369,183.75,2026-07-28,0,2026-07-30,Pago,0.0
2018,8782,266,222.98,2026-05-16,0,2026-05-16,Pago,0.0
2019,8782,266,222.98,2026-06-15,0,2026-06-16,Pago,0.0
2020,8782,266,222.98,2026-07-15,0,2026-07-17,Pago,0.0
2021,8848,598,239.83,2026-10-02,0,,Em aberto,239.83
2022,8848,598,239.83,2026-11-01,0,,Em aberto,239.83
2023,8871,489,49.95,2026-05-30,0,2026-06-01,Pago,0.0
2024,8871,489,49.95,2026-06-29,0,2026-06-30,Pago,0.0
2025,8874,126,327.65,2026-06-04,21,2026-06-25,Pago,0.0
2026,8891,464,150.78,2026-08-11,0,2026-08-11,Pago,0.0
2027,8891,464,150.78,2026-09-10,0,2026-09-13,Pago,0.0
2028,8891,464,150.78,2026-10-10,0,,Em aberto,150.78
2029,8891,464,150.78,2026-11-09,0,,Em aberto,150.78
2030,8908,93,384.72,2026-09-13,0,2026-09-15,Pago,0.0
2031,8908,93,384.72,2026-10-13,0,,Em aberto,384.72
2032,8908,93,384.72,2026-11-12,0,,Em aberto,384.72
2033,8929,471,24.99,2026-08-02,0,2026-08-02,Pago,0.0
2034,8929,471,24.99,2026-09-01,13,2026-09-14,Pago,0.0
2035,8929,471,24.99,2026-10-01,0,,Em aberto,24.99
2036,8934,430,112.14,2026-08-25,0,2026-08-25,Pago,0.0
2037,8934,430,112.14,2026-09-24,0,2026-09-27,Pago,0.0
2038,8934,430,112.14,2026-10-24,0,,Em aberto,112.14
2039,8934,430,112.14,2026-11-23,0,,Em aberto,112.14
2040,8941,26,311.83,2026-05-14,29,2026-06-12,Pago,0.0
2041,8941,26,311.83,2026-06-13,0,2026-06-13,Pago,0.0
2042,8955,77,234.28,2026-04-10,0,2026-04-13,Pago,0.0
2043,8955,77,234.28,2026-05-10,0,2026-05-11,Pago,0.0
2044,8971,200,191.86,2026-06-24,0,2026-06-25,Pago,0.0
2045,8971,200,191.86,2026-07-24,0,2026-07-25,Pago,0.0
2046,8973,367,221.26,2026-05-13,39,2026-06-21,Pago,0.0
2047,8973,367,221.26,2026-06-12,0,2026-06-15,Pago,0.0
2048,8978,525,123.43,2026-10-18,0,,Em aberto,123.43
2049,8978,525,123.43,2026-11-17,0,,Em aberto,123.43
2050,8978,525,123.43,2026-12-17,0,,Em aberto,123.43
2051,8978,525,123.43,2027-01-16,0,,Em aberto,123.43
2052,8990,193,45.02,2026-05-02,0,2026-05-02,Pago,0.0
2053,8990,193,45.02,2026-06-01,0,2026-06-04,Pago,0.0
2054,8996,455,13.79,07-07-2026,0,2026-07-07,Pago,0.0
2055,8996,455,13.79,2026-08-06,0,2026-08-09,Pago,0.0
2056,8996,455,13.79,2026-09-05,1,2026-09-06,Pago,0.0
2057,8996,455,13.79,2026-10-05,0,,Em aberto,13.79
1081,4657,209,33.27,2026-08-28,0,2026-08-31,Pago,0.0
2027,8891,464,150.78,2026-09-10,0,2026-09-13,Pago,0.0
989,4173,310,652.36,2026-06-04,0,2026-06-05,Pago,0.0
568,2302,579,69.03,2026-06-03,0,2026-06-04,Pago,0.0
1605,6923,333,319.2,2026-07-19,0,2026-07-19,Pago,0.0
448,1896,49,20.57,2027-01-11,0,,Em aberto,20.57
279,1131,21,128.49,2026-11-25,0,,Em aberto,128.49
1570,6795,397,1312.16,2026-05-02,0,2026-05-03,Pago,0.0
1985,8642,364,96.89,2026-11-05,0,,Em aberto,96.89
1511,6566,238,171.57,2026-05-03,0,2026-05-04,Pago,0.0
751,3089,359,245.1,2026-11-22,0,,Em aberto,245.1
2009,8758,150,34.56,2026-07-25,0,2026-07-27,PAGO,0.0
1987,8649,545,118.93,2026-04-30,0,2026-05-01,Pago,0.0
1604,6918,128,77.27,2026-08-17,0,2026-08-20,Pago,0.0
1612,6948,232,605.88,10-06-2026,0,2026-06-10,Pago,0.0
819,3424,122,108.44,2026-09-29,0,,Em aberto,108.44
1514,6569,253,158.58,2026-09-21,0,2026-09-21,Pago,0.0
1165,5023,588,34.16,2026-08-17,0,2026-08-20,Pago,0.0
1579,6855,220,47.9,2026-09-22,0,2026-09-23,Pago,0.0
817,3405,410,365.48,2026-10-10,0,,em aberto,365.48
1305,5578,459,74.56,2026-12-01,0,,Em aberto,74.56
553,2246,406,320.22,2026-04-08,0,2026-04-08,Pago,0.0
1314,5595,85,984.12,2026-04-10,0,2026-04-13,Pago,0.0
36,134,253,459.18,2026-09-01,0,2026-09-01,Pago,0.0
1809,7818,36,169.03,2026-06-19,0,2026-06-20,Pago,0.0
592,2391,388,104.28,2026-07-24,34,2026-08-27,Pago,0.0
606,2466,450,48.8,2026-10-05,0,,Em aberto,48.8
2057,8996,455,13.79,2026-10-05,0,,Em aberto,13.79
699,2817,92,222.83,2026-12-19,0,,Em aberto,222.83
1461,6365,338,653.07,2026-06-18,0,2026-06-20,Pago,0.0
1074,4578,494,88.97,2026-05-15,19,2026-06-03,Pago,0.0
508,2104,327,96.13,2026-10-01,0,,Em aberto,96.13
1087,4738,396,181.27,2026-05-16,0,2026-05-18,Pago,0.0
383,1713,326,36.14,17/06/2026,0,2026-06-17,Pago,0.0
262,1059,190,18.38,2026-11-18,0,,Em aberto,18.38
198,790,53,294.06,2026-08-21,0,2026-08-21,Pago,0.0
1470,6398,175,69.96,2026-05-31,43,2026-07-13,Pago,0.0
1917,8269,142,81.55,2026-08-26,0,2026-08-26,Pago,0.0
1592,6890,368,125.81,2026-09-22,12,2026-10-04,Pago,0.0
728,2938,290,193.59,2026-05-21,0,2026-05-24,Pago,0.0
1463,6368,67,103.61,2026-08-27,0,2026-08-27,Pago,0.0
