id_venda,data_venda,hora_venda,id_produto,produto,categoria,cor,tamanho,quantidade,preco_unitario,desconto,valor_total,forma_pagamento,canal,id_cliente,id_vendedor
1,2026-05-28,18:00,167,Acessório Casual,Acessório,Preta,P,3,326.38,48.96,930.18,PIX,Física,463.0,21
2,2026-04-24, 13:45,20,Calça X,Calça,Vermelha,P,4,211.81,0.0,847.24,Cartão de Crédito,Online,560.0,9
3,2026-05-17,18:00,64,Camiseta Básica,Camiseta,Rosa,M,3,108.86,0.0,326.58,Cartão de Débito,Online,213.0,7
4,2026-07-07,14:15,106,Vestido Premium,Vestido,Cinza,G,3,201.43,0.0,604.29,Cartão de Crédito,Online,347.0,1
5,2026-04-22,11:00,53799,Jaqueta Social,Jaqueta,Cinza,GG,1,77.68,3.88,73.8,Cartão de Débito,Física,245.0,23
6,2026-06-21,15:30,55,Vestido Premium,Vestido,Verde,P,2,95.27,19.05,171.49,Cartão de Débito,Física,550.0,20
7,2026-06-12,17:15,130,Blusa Esporte,Blusa,Verde,GG,3,154.8,0.0,464.4,Crediário,Física,408.0,25
8,2026-04-11,18:00,147,Bermuda Básica,Bermuda,Branca,P,3,44.8,13.44,120.96,Cartão de Crédito,Física,17.0,2
9,2026-05-05,14:15,96,Bermuda Casual,Bermuda,Branca,M,1,123.65,12.37,111.28,PIX,Online,,21
10,2026-09-15,18:15,123,Blusa Esporte,Blusa,Rosa,P,2,261.56,26.16,496.96,Cartão de Crédito,Física,481.0,6
11,2026-04-15,16:15,178,Calça Básica,Calça,Azul,GG,1,144.41,0.0,144.41,Crediário,Física,499.0,3
12,2026-05-15, 10:00,50,Blusa Esporte,Blusa,Vermelha,GG,2,189.51,0.0,379.02,Cartão de Crédito,Online,310.0,4
13,2026-07-02,09:15,62,Camiseta Básica,Camiseta,Azul,GG,2,140.6,42.18,239.02,Cartão de Débito,Online,233.0,16
14,2026-07-17,11:45,144,Calça Social,Calça,Cinza,GG,4,200.29,0.0,801.16,PIX,Física,10.0,5
15,2026-09-01,11:00,133,Calça Social,Calça,Rosa,G,4,39.8,15.92,143.28,Cartão de Crédito,Online,76.0,7
16,2026-05-13,17:45,64,Camiseta Básica,Camiseta,Rosa,M,1,108.86,0.0,108.86,Dinheiro,Física,341.0,14
17,2026-07-05,18:15,128,Bermuda Básica,Bermuda,Preta,GG,2,193.28,0.0,386.56,Cartão de Crédito,Online,64.0,12
18,10/08/2026,13:30,178,Calça Básica,Calça,Azul,GG,3,144.41,43.32,389.91,PIX,Online,583.0,12
19,2026-05-19,19:30,79,Camiseta X,Camiseta,Cinza,G,4,76.54,45.92,260.24,Cartão De Débito,Física,454.0,22
20,2026-07-19,13:15,120,Vestido Premium,Vestido,Rosa,GG,1,304.25,30.42,273.83,PIX,Física,316.0,20
21,2026-08-20,20:15,11,Calça Básica,Calça,Vermelha,G,2,297.24,0.0,594.48,PIX,Online,524.0,16
22,2026-09-08,13:15,21,Jaqueta Casual,Jaqueta,Cinza,G,1,186.68,9.33,177.35,Cartão de Débito,Online,558.0,5
23,2026-08-11,11:45,165,Blusa Casual,Blusa,Rosa,GG,4,156.99,0.0,627.96,Cartão de Crédito,Física,392.0,9
24,2026-09-08,19:30,70,Blusa Slim,Blusa,Verde,GG,1,203.23,30.48,172.75,Crediário,Online,545.0,4
25,2026-03-27,15:00,125,Vestido Esporte,Vestido,Vermelha,P,3,67.79,0.0,203.37,Cartão de Débito,Física,463.0,13
26,2026-05-28,19:15,131,Vestido Básica,Vestido,Vermelha,M,3,38.91,17.51,99.22,PIX,Online,350.0,23
27,2026-04-03, 13:30,133,Calça Social,Calça,Rosa,G,2,39.8,7.96,71.64,PIX,Online,210.0,7
28,2026-07-17,17:30,143,Acessório Premium,Acessório,Rosa,M,1,297.19,44.58,252.61,PIX,Online,382.0,21
29,2026-04-14,13:15,54,Calça Esporte,Calça,Verde,P,4,77.13,30.85,277.67,Crediário,Física,45385.0,17
30,2026-05-03,12:15,8,Blusa Social,Blusa,Preta,M,4,290.68,0.0,1162.72,Crediário,Online,,11
31,2026-07-05,16:15,127,Vestido Social,Vestido,Rosa,G,2,72.5,21.75,123.25,PIX,Online,398.0,9
32,2026-04-01,13:15,54,Calça Esporte,Calça,Verde,P,3,77.13,23.14,208.25,Cartão de Crédito,Física,63100.0,19
33,2026-09-10,21:45,20,Calça X,Calça,Vermelha,P,4,211.81,0.0,847.24,Cartão de Crédito,Online,235.0,11
34,2026-06-17,17:00,134,Calça Slim,Calça,Rosa,P,3,297.88,0.0,893.64,Crediário,Física,395.0,20
35,2026-08-06,10:00,144,Calça Social,Calça,Cinza,GG,1,200.29,0.0,200.29,Cartão de Crédito,Online,198.0,2
36,2026-04-23,14:45,149,Calça Premium,Calça,Vermelha,P,3,296.39,0.0,889.17,Cartão de Débito,Física,,23
37,2026-09-23,12:00,119,Vestido Básica,Vestido,Azul,P,1,51.47,0.0,51.47,PIX,Física,460.0,20
38,2026-04-23,10:00,123,Blusa Esporte,Blusa,Rosa,P,4,261.56,52.31,993.93,Crediário,Online,331.0,23
39,2026-04-21,19:00,137,Camiseta Esporte,Camiseta,Preta,M,4,149.09,0.0,596.36,Cartão de Débito,Física,407.0,20
40,2026-07-26,10:30,154,Acessório Esporte,Acessório,Azul,M,3,140.03,0.0,420.09,Crediário,Online,81.0,14
41,2026-08-15,15:45,48,Camiseta Esporte,Camiseta,Preta,G,2,170.37,51.11,289.63,Cartão de Débito,Online,531.0,17
42,2026-06-28,20:30,64,Camiseta Básica,Camiseta,Rosa,M,2,108.86,10.89,206.83,Crediário,Online,328.0,23
43,2026-07-05,12:45,101,Vestido Social,Vestido,Vermelha,GG,3,158.47,0.0,475.41,Dinheiro,Online,114.0,25
44,2026-04-27,15:00,73,Vestido Social,Vestido,Preta,P,1,83.59,8.36,75.23,Cartão de Débito,Física,229.0,3
45,2026-07-20,19:30,48,Camiseta Esporte,Camiseta,Preta,G,4,170.37,0.0,681.48,Cartão de Débito,Online,551.0,24
46,2026-07-19,16:30,139,Acessório Slim,Acessório,Branca,P,1,227.76,0.0,227.76,Crediário,Online,173.0,7
47,2026-06-02,18:00,43,Vestido Básica,Vestido,Rosa,G,4,212.4,127.44,722.16,Cartão de Débito,Física,567.0,15
48,2026-09-07,14:15,21,Jaqueta Casual,Jaqueta,Cinza,G,1,186.68,9.33,177.35,PIX,Física,261.0,5
49,2026-06-02,14:15,178,Calça Básica,Calça,Azul,GG,2,144.41,0.0,288.82,Cartão de Crédito,Física,508.0,17
50,2026-08-11,11:45,75,Jaqueta Casual,Jaqueta,Azul,G,3,238.16,0.0,714.48,Dinheiro,Online,294.0,15
51,2026-04-13,20:45,115,Jaqueta Social,Jaqueta,Preta,GG,2,278.18,0.0,556.36,Cartão de Crédito,Online,32452.0,14
52,2026-06-29,16:00,139,Acessório Slim,Acessório,Branca,P,3,227.76,0.0,683.28,Crediário,Física,57.0,16
53,2026-07-07,13:15,23,Blusa X,Blusa,Preta,P,1,219.84,21.98,197.86,Cartão de Crédito,Online,131.0,15
54,2026-05-30,13:30,57,Jaqueta Básica,Jaqueta,Verde,GG,3,111.2,0.0,333.6,PIX,Física,589.0,23
55,2026-07-02,19:00,141,Acessório Slim,Acessório,Rosa,G,2,250.39,947.7069591711886,500.78,Cartão de Crédito,Online,441.0,11
56,2026-05-11,11:45,126,Vestido Slim,Vestido,Vermelha,M,1,262.43,0.0,262.43,Cartão de Crédito,Online,249.0,23
57,2026-09-22,12:15,23,Blusa X,Blusa,Preta,P,3,219.84,0.0,659.52,Cartão de Débito,Física,548.0,7
58,2026-05-20,17:30,6,Acessório X,Acessório,Azul,GG,3,334.07,150.33,851.88,Cartão de Débito,Física,514.0,15
59,2026-05-28,13:00,162,Blusa Premium,Blusa,Branca,M,3,219.23,98.65,559.04,PIX,Online,476.0,6
60,2026-08-17,09:15,142,Acessório Básica,Acessório,Cinza,G,1,333.62,0.0,333.62,Cartão de Crédito,Física,571.0,17
61,2026-05-07,16:45,15,Blusa Social,Blusa,Azul,M,3,303.57,45.54,865.17,Cartão de Débito,Física,,13
62,2026-03-06,12:45,132,Acessório Básica,Acessório,Branca,P,3,296.32,0.0,888.96,Cartão de Crédito,Online,403.0,4
63,2026-05-06,11:30,172,Camiseta Social,Camiseta,Rosa,G,2,281.43,28.14,534.72,Dinheiro,Online,426.0,20
64,2026-05-20,21:00,139,Acessório Slim,Acessório,Branca,P,2,227.76,68.33,387.19,Cartão de Crédito,Física,498.0,20
65,2026-03-16,21:15  ,79,Camiseta X,Camiseta,Cinza,G,1,76.54,0.0,76.54,Crediário,Online,79.0,12
66,2026-06-02,15:15,119,Vestido Básica,Vestido,Azul,P,2,51.47,0.0,102.94,CARTÃO DE CRÉDITO,Física,134.0,19
67,2026-05-02,16:30,97,Camiseta Slim,Camiseta,Azul,M,2,174.51,0.0,349.02,Cartão de Crédito,Física,566.0,7
68,2026-08-07,20:15,25,Blusa Social,Blusa,Rosa,M,4,285.55,0.0,1142.2,Cartão de Débito,Online,143.0,9
69,2026-05-31,15:45,38,Calça X,Calça,Azul,G,1,234.51,0.0,234.51,Cartão de Débito,Física,485.0,22
70,2026-07-14,12:00,25,Blusa Social,Blusa,Rosa,M,3,285.55,128.5,728.15,PIX,Online,277.0,2
71,09-07-2026,16:15,179,Vestido Básica,Vestido,Azul,G,2,31.43,0.0,62.86,Cartão de Débito,Física,482.0,10
72,2026-04-13,17:45,143,Acessório Premium,Acessório,Rosa,M,3,297.19,133.74,757.83,Dinheiro,Online,219.0,23
73,2026-07-07,21:00,93,Blusa Social,Blusa,Vermelha,GG,2,327.13,0.0,654.26,Cartão de Débito,Física,126.0,6
74,2026-07-29,09:45,154,Acessório Esporte,Acessório,Azul,M,1,140.03,21.0,119.03,Cartão de Débito,Online,144.0,3
75,2026-06-10,15:30,62,Camiseta Básica,Camiseta,Azul,GG,1,140.6,0.0,140.6,Cartão de Crédito,Online,47674.0,4
76,2026-08-29,15:00,134,Calça Slim,Calça,Rosa,P,1,297.88,0.0,297.88,Dinheiro,Online,291.0,22
77,17/08/26,15:00  ,76,Bermuda Premium,Bermuda,Vermelha,M,2,45.34,13.6,77.08,PIX,Física,322.0,20
78,2026-04-05,17:45,87,Camiseta Casual,Camiseta,Rosa,G,4,25.88,0.0,103.52,Crediário,Física,558.0,21
79,2026-09-04,17:30,169,Vestido Esporte,Vestido,Rosa,M,2,120.16,24.03,216.29,Dinheiro,Física,113.0,3
80,2026-03-14,19:45,179,Vestido Básica,Vestido,Azul,G,1,31.43,0.0,31.43,Cartão de Crédito,Física,466.0,25
81,2026-06-22,18:45,61,Acessório Básica,Acessório,Rosa,M,3,281.06,84.32,758.86,PIX,Física,42.0,3
82,2026-03-25,18:15,130,Blusa Esporte,Blusa,Verde,GG,4,154.8,0.0,619.2,Dinheiro,Física,245.0,4
83,2026-09-11,19:00,176,Camiseta Premium,Camiseta,Vermelha,GG,4,225.97,45.19,858.69,PIX,Online,472.0,13
84,2026-06-04,13:00,15,Blusa Social,Blusa,Azul,M,2,303.57,0.0,607.14,Dinheiro,Online,143.0,12
85,2026-08-26,09:30,27,Vestido Premium,Vestido,Cinza,G,2,137.14,0.0,274.28,PIX,Online,456.0,5
86,2026-08-11,15:30,122,Bermuda Casual,Bermuda,Rosa,GG,1,286.85,0.0,286.85,Cartão de Débito,Física,106.0,23
87,2026-09-17,12:30,111,Acessório Esporte,Acessório,Rosa,M,1,333.04,0.0,333.04,Crediário,Online,416.0,20
88,2026-05-05,16:15,68,Jaqueta Premium,Jaqueta,Vermelha,G,4,65.29,0.0,261.16,Crediário,Online,188.0,1
89,16-09-2026,20:30,109,Camiseta Básica,Camiseta,Cinza,P,4,128.12,0.0,512.48,Dinheiro,Física,148.0,16
90,2026-03-02,12:30,42,Bermuda Casual,Bermuda,Branca,P,4,336.75,0.0,1347.0,Cartão de Crédito,Física,113.0,9
91,2026-09-15,21:30,9,Jaqueta Social,Jaqueta,Rosa,G,4,97.54,0.0,390.16,PIX,Online,592.0,16
92,2026-06-17,10:15,16,Acessório Casual,Acessório,Verde,GG,4,160.59,32.12,610.24,Cartão de Crédito,Online,42.0,11
93,2026-07-20,20:30,49,Calça Básica,Calça,Verde,GG,3,193.27,0.0,579.81,PIX,Física,264.0,22
94,2026-05-07,14:15,172,Camiseta Social,Camiseta,Rosa,G,2,281.43,0.0,562.86,Cartão de Débito,Física,175.0,3
95,2026-03-14,20:15,135,Camiseta Slim,Camiseta,Preta,GG,3,333.31,0.0,999.93,Crediário,Física,290.0,5
96,2026-07-05,20:30,76,Bermuda Premium,Bermuda,Vermelha,M,3,45.34,0.0,136.02,Crediário,Online,214.0,18
97,2026-05-31,20:45,51,Jaqueta Slim,Jaqueta,Verde,M,3,118.56,17.78,337.9,Cartão de Débito,Online,479.0,12
98,2026-06-19,09:45,115,Jaqueta Social,Jaqueta,Preta,GG,4,278.18,0.0,1112.72,Cartão de Débito,Física,374.0,8
99,2026-08-22,21:00,17,Acessório Casual,Acessório,Rosa,P,1,277.21,0.0,277.21,PIX,Online,441.0,2
100,2026-04-28,21:30,31,Vestido Slim,Vestido,Azul,P,1,35.57,0.0,35.57,PIX,Física,305.0,15
101,2026-04-08,09:00,51,Jaqueta Slim,Jaqueta,Verde,M,2,118.56,0.0,237.12,Cartão de Crédito,Física,573.0,2
102,2026-07-02,10:30,118,Camiseta Esporte,Camiseta,Azul,M,2,214.08,42.82,385.34,Cartão de Débito,Online,290.0,10
103,2026-04-11,21:30,16,Acessório Casual,Acessório,Verde,GG,4,160.59,64.24,"R$ 578,12",Cartão de Débito,Física,37.0,22
104,2026-08-12,12:00,15,Blusa Social,Blusa,Azul,M,3,303.57,91.07,819.64,PIX,Online,315.0,21
105,2026-08-21,10:00,67,Bermuda Básica,Bermuda,Cinza,P,2,318.87,0.0,637.74,Cartão de Crédito,Física,283.0,13
106,2026-03-07,19:30,50,Blusa Esporte,Blusa,Vermelha,GG,3,189.51,0.0,568.53,PIX,Online,68.0,1
107,2026-06-25,12:00,19,Blusa Casual,Blusa,Preta,M,1,212.08,31.81,180.27,PIX,Online,72.0,19
108,2026-07-09,11:00,60,Acessório Esporte,Acessório,Azul,G,3,112.08,16.81,319.43,PIX,Online,132.0,14
109,2026-03-10,19:45,137,Camiseta Esporte,Camiseta,Preta,M,2,149.09,14.91,283.27,Cartão de Crédito,Física,,10
110,2026-07-02,11:45,69,Camiseta Social,Camiseta,Branca,M,3,96.99,43.65,247.32,Cartão de Débito,Online,85.0,15
111,2026-09-21,14:15,43,Vestido Básica,Vestido,Rosa,G,3,212.4,0.0,637.2,Crediário,Física,534.0,4
112,2026-07-08,16:15,124,Jaqueta Slim,Jaqueta,Verde,G,3,210.25,94.61,536.14,Cartão de Crédito,Física,481.0,24
113,2026-03-31,20:00,139,Acessório Slim,Acessório,Branca,P,4,227.76,91.1,"819,94",Dinheiro,Física,193.0,22
114,2026-07-09,21:30,121,Vestido Casual,Vestido,Verde,G,1,101.83,0.0,101.83,Cartão de Crédito,Física,309.0,11
115,2026-06-03,09:30,43,Vestido Básica,Vestido,Rosa,G,4,212.4,84.96,764.64,Cartão de Débito,Online,431.0,14
116,2026-04-11,20:30,146,Acessório Esporte,Acessório,Vermelha,P,4,103.95,0.0,415.8,Cartão de Débito,Física,220.0,19
117,2026-03-06,20:15,161,Vestido X,Vestido,Azul,G,4,67.98,40.79,231.13,Cartão de Débito,Física,97768.0,20
118,2026-05-17,15:15,116,Blusa Casual,Blusa,Azul,G,2,332.71,99.81,565.61,Dinheiro,Física,474.0,10
119,2026-04-18,18:00,79,Camiseta X,Camiseta,Cinza,G,3,76.54,0.0,229.62,Dinheiro,Online,403.0,6
120,2026-09-19,21:45,170,Blusa Premium,Blusa,Azul,G,3,154.9,0.0,464.7,Dinheiro,Física,495.0,10
121,2026-04-23,16:15,173,Jaqueta Casual,Jaqueta,Cinza,GG,1,328.02,0.0,328.02,Cartão de Crédito,Online,211.0,24
122,2026-05-21,20:45,162,Blusa Premium,Blusa,Branca,M,3,219.23,65.77,591.92,Cartão de Débito,Online,308.0,20
123,2026-03-15,14:15,153,Vestido Básica,Vestido,Preta,G,1,129.37,0.0,129.37,PIX,Física,125.0,14
124,2026-07-11,17:15,37,Bermuda Básica,Bermuda,Branca,M,1,197.74,0.0,197.74,PIX,Online,504.0,15
125,2026-09-25,19:15,42,Bermuda Casual,Bermuda,Branca,P,4,336.75,202.05,1144.95,Cartão de Débito,Online,522.0,11
126,2026-05-30,17:45,18589,Jaqueta Esporte,Jaqueta,Verde,P,4,60.77,0.0,243.08,Dinheiro,Online,336.0,15
127,2026-09-22,17:30,95,Bermuda Básica,Bermuda,Verde,P,1,40.47,0.0,40.47,Cartão de Crédito,Online,338.0,9
128,2026-07-05,09:00,75,Jaqueta Casual,Jaqueta,Azul,G,4,238.16,0.0,952.64,Crediário,Física,150.0,9
129,2026-07-10,15:30,155,Bermuda X,Bermuda,Preta,M,2,134.96,0.0,269.92,Cartão de Crédito,Online,366.0,2
130,2026-06-25,21:45,77,Vestido X,Vestido,Rosa,G,1,195.59,9.78,185.81,PIX,Física,299.0,5
131,2026-08-09,11:45,101,Vestido Social,Vestido,Vermelha,GG,2,158.47,0.0,316.94,Cartão de Débito,Online,423.0,1
132,2026-08-03,11:00,69,Camiseta Social,Camiseta,Branca,M,3,96.99,43.65,247.32,Crediário,Física,130.0,21
133,2026-03-27,09:00,60,Acessório Esporte,Acessório,Azul,G,4,112.08,0.0,448.32,Cartão de Débito,Física,303.0,21
134,2026-07-02,13:00,157,Blusa Social,Blusa,Rosa,GG,2,325.37,97.61,553.13,Cartão de Débito,Online,15.0,5
135,2026-08-04,16:30,172,Camiseta Social,Camiseta,Rosa,G,4,281.43,168.86,956.86,Cartão de Débito,Online,586.0,5
136,2026-08-06,20:30,56,Bermuda Casual,Bermuda,Verde,P,4,269.73,0.0,1078.92,PIX,Física,408.0,7
137,2026-06-26,12:30,135,Camiseta Slim,Camiseta,Preta,GG,4,333.31,0.0,1333.24,Cartão de Débito,Física,578.0,3
138,2026-08-11,12:30,87,Camiseta Casual,Camiseta,Rosa,G,4,25.88,0.0,103.52,PIX,Física,337.0,10
139,2026-08-23,18:45,67,Bermuda Básica,Bermuda,Cinza,P,3,318.87,143.49,813.12,Cartão de Crédito,Online,489.0,19
140,2026-04-17,15:00,7,Jaqueta Esporte,Jaqueta,Preta,P,2,33.34,0.0,66.68,Cartão de Débito,Online,109.0,12
141,2026-06-25,12:45,130,Blusa Esporte,Blusa,Verde,GG,1,154.8,292.9530677736731,154.8,Dinheiro,Online,407.0,8
142,2026-07-05,14:00,60,Acessório Esporte,Acessório,Azul,G,1,112.08,0.0,112.08,PIX,Online,257.0,7
143,2026-05-05,12:30,104,Vestido Slim,Vestido,Verde,P,3,221.73,66.52,598.67,Cartão de Débito,Física,401.0,12
144,2026-09-02,15:30,35,Jaqueta Premium,Jaqueta,Preta,P,2,289.59,28.96,550.22,PIX,Online,592.0,8
145,06-09-2026, 21:00,100,Vestido Casual,Vestido,Preta,M,4,76.04,30.42,273.74,Cartão de Débito,Física,45.0,22
146,2026-09-21,18:45,74,Acessório Social,Acessório,Preta,GG,2,90.99,0.0,181.98,Cartão de Débito,Online,79.0,10
147,2026-04-19,18:15,129,Vestido X,Vestido,Branca,GG,2,295.38,29.54,561.22,PIX,Física,307.0,25
148,2026-06-27,14:45,64,Camiseta Básica,Camiseta,Rosa,M,3,108.86,0.0,326.58,Crediário,Online,456.0,22
149,2026-08-17,18:00,66,Bermuda X,Bermuda,Branca,G,1,98.66,0.0,98.66,Crediário,Online,436.0,20
150,2026-03-16,17:45,19,Blusa Casual,Blusa,Preta,M,4,212.08,0.0,848.32,pix,Online,,8
151,2026-09-04,14:45,41,Jaqueta Casual,Jaqueta,Cinza,GG,1,274.27,13.71,260.56,Cartão de Débito,Online,273.0,14
152,2026-07-05,12:15,46,Acessório X,Acessório,Cinza,M,3,184.96,27.74,527.14,PIX,Online,184.0,10
153,2026-07-06,11:30  ,44,Jaqueta Esporte,Jaqueta,Azul,GG,1,198.07,0.0,198.07,Cartão de Débito,Física,454.0,2
154,2026-03-30,20:00,103,Jaqueta Social,Jaqueta,Verde,G,1,239.05,0.0,239.05,Cartão de Débito,Online,,8
155,2026-05-31,13:00,10,Jaqueta Casual,Jaqueta,Cinza,GG,3,338.29,0.0,1014.87,Cartão de Crédito,Física,181.0,2
156,2026-07-10,09:00,35,Jaqueta Premium,Jaqueta,Preta,P,1,289.59,43.44,246.15,Cartão de Débito,Online,215.0,19
157,2026-04-23,11:30,78,Blusa Casual,Blusa,Cinza,M,4,332.45,199.47,1130.33,PIX,Online,,21
158,18/07/2026,14:30,176,Camiseta Premium,Camiseta,Vermelha,GG,1,225.97,0.0,225.97,Cartão de Débito,Física,74.0,10
159,2026-06-11,17:15,175,Calça Social,Calça,Rosa,P,3,90.45,0.0,271.35,Cartão de Débito,Online,189.0,5
160,2026-08-23,21:00,99,Vestido Social,Vestido,Rosa,P,1,135.91,6.8,129.11,Cartão de Débito,Física,190.0,22
161,2026-06-10,15:15  ,161,Vestido X,Vestido,Azul,G,3,67.98,0.0,203.94,Cartão de Débito,Física,376.0,23
162,2026-07-07,17:00,11,Calça Básica,Calça,Vermelha,G,1,297.24,14.86,282.38,Cartão de Débito,Online,549.0,19
163,2026-06-28,11:15,135,Camiseta Slim,Camiseta,Preta,GG,4,333.31,133.32,1199.92,Cartão de Crédito,Física,295.0,1
164,2026-04-19,19:45,54,Calça Esporte,Calça,Verde,P,3,77.13,23.14,208.25,PIX,Online,24.0,17
165,2026-06-22,10:00,18,Vestido Premium,Vestido,Vermelha,P,4,221.89,0.0,887.56,Crediário,Online,356.0,5
166,2026-04-23,13:00,135,Camiseta Slim,Camiseta,Preta,GG,1,333.31,0.0,333.31,Cartão de Crédito,Online,173.0,23
167,2026-04-21,17:30,47,Vestido Premium,Vestido,Cinza,G,2,115.65,23.13,208.17,Cartão de Crédito,Online,556.0,22
168,2026-04-03,19:15,71,Camiseta Esporte,Camiseta,Cinza,GG,3,252.73,0.0,758.19,PIX,Física,463.0,24
169,2026-03-17,12:00,29,Blusa Esporte,Blusa,Branca,M,4,318.44,0.0,1273.76,PIX,Online,62.0,22
170,2026-04-18,17:15,156,Jaqueta Básica,Jaqueta,Branca,G,1,292.56,0.0,292.56,Cartão de Crédito,Física,439.0,7
171,2026-03-14,18:15,99,Vestido Social,Vestido,Rosa,P,1,135.91,0.0,135.91,Cartão de Crédito,Online,352.0,7
172,2026-04-13,17:15,155,Bermuda X,Bermuda,Preta,M,4,134.96,26.99,512.85,Cartão de Crédito,Física,27.0,18
173,2026-04-24,21:00,74,Acessório Social,Acessório,Preta,GG,1,90.99,9.1,81.89,PIX,Online,185.0,21
174,2026-09-21,20:45,30,Blusa Básica,Blusa,Preta,M,4,249.41,0.0,997.64,Crediário,Online,,22
175,2026-03-18,21:30,69,Camiseta Social,Camiseta,Branca,M,4,96.99,58.19,329.77,Dinheiro,Física,362.0,23
176,2026-06-21,12:30,67,Bermuda Básica,Bermuda,Cinza,P,2,318.87,63.77,573.97,PIX,Física,502.0,2
177,2026-07-29,13:45,79,Camiseta X,Camiseta,Cinza,G,4,76.54,15.31,290.85,CARTÃO DE CRÉDITO,Física,228.0,23
178,2026-05-20,13:15,40,Bermuda Esporte,Bermuda,Azul,G,2,78.7,0.0,157.4,Cartão de Crédito,Física,75.0,20
179,2026-05-01,19:15,56,Bermuda Casual,Bermuda,Verde,P,3,269.73,121.38,687.81,PIX,Física,89.0,20
180,2026-05-15,13:30,59,Acessório X,Acessório,Azul,G,2,137.62,0.0,275.24,PIX,Física,543.0,13
181,2026-06-24,09:45,1,Acessório Premium,Acessório,Verde,G,2,129.26,12.93,245.59,Cartão de Crédito,Física,27.0,23
182,2026-05-27,09:30,111,Acessório Esporte,Acessório,Rosa,M,2,333.04,0.0,666.08,Crediário,Online,326.0,5
183,2026-04-18,09:15,173,Jaqueta Casual,Jaqueta,Cinza,GG,1,328.02,16.4,311.62,Cartão de Débito,Online,161.0,13
184,2026-04-24,18:00,152,Acessório Básica,Acessório,Verde,GG,3,238.11,71.43,642.9,Cartão de Débito,Online,418.0,5
185,2026-09-08,18:00,4,Jaqueta Básica,Jaqueta,Vermelha,M,1,148.57,7.43,141.14,Cartão De Crédito,Física,28906.0,18
186,2026-05-22,21:00,92,Calça Casual,Calça,Rosa,G,4,164.58,32.92,625.4,Crediário,Online,44.0,16
187,2026-09-15,21:15,151,Blusa Casual,Blusa,Preta,P,3,121.09,36.33,326.94,Cartão de Crédito,Online,520.0,18
188,2026-05-18,12:00,62,Camiseta Básica,Camiseta,Azul,GG,1,140.6,14.06,126.54,Cartão de Débito,Física,267.0,13
189,2026-03-30,15:00,151,Blusa Casual,Blusa,Preta,P,2,121.09,0.0,242.18,Cartão de Crédito,Online,239.0,18
190,2026-09-15,16:30,167,Acessório Casual,Acessório,Preta,P,2,326.38,0.0,652.76,CREDIÁRIO,Física,470.0,16
191,2026-09-14,18:15,175,Calça Social,Calça,Rosa,P,1,90.45,0.0,90.45,PIX,Física,43.0,24
192,2026-07-12,12:00,173,Jaqueta Casual,Jaqueta,Cinza,GG,3,328.02,0.0,984.06,Cartão de Débito,Física,262.0,3
193,2026-09-10,11:00,83,Camiseta Básica,Camiseta,Rosa,M,4,221.65,0.0,886.6,Cartão de Crédito,Física,232.0,23
194,2026-07-09,21:30,92820,Vestido Esporte,Vestido,Vermelha,P,2,67.79,20.34,115.24,PIX,Física,100.0,12
195,2026-03-21,14:15,22,Vestido Social,Vestido,Rosa,G,4,289.54,57.91,1100.25,PIX,Física,301.0,18
196,2026-05-26,19:15,81,Calça Social,Calça,Cinza,P,3,125.82,0.0,377.46,CARTÃO DE DÉBITO,Física,179.0,14
197,2026-08-31,13:15,85,Blusa Casual,Blusa,Vermelha,G,1,273.43,27.34,246.09,Crediário,Online,557.0,4
198,2026-07-24,21:45,171,Acessório X,Acessório,Verde,G,3,85.73,0.0,257.19,Cartão de Crédito,Física,310.0,2
199,2026-08-15,19:30,50,Blusa Esporte,Blusa,Vermelha,GG,3,189.51,0.0,568.53,Cartão de Débito,Online,482.0,3
200,30-06-2026,20:15,16,Acessório Casual,Acessório,Verde,GG,2,160.59,0.0,321.18,Cartão de Débito,Física,436.0,14
201,2026-07-14,20:45,161,Vestido X,Vestido,Azul,G,4,67.98,27.19,244.73,PIX,Física,,3
202,2026-09-06,16:00,152,Acessório Básica,Acessório,Verde,GG,1,238.11,11.91,226.2,Crediário,Física,447.0,20
203,2026-05-26,14:00,56,Bermuda Casual,Bermuda,Verde,P,4,269.73,107.89,971.03,PIX,Online,232.0,23
204,08/08/26,12:30,105,Vestido Esporte,Vestido,Vermelha,P,4,168.87,67.55,607.93,Cartão de Crédito,Online,192.0,17
205,2026-06-09,17:30,77,Vestido X,Vestido,Rosa,G,4,195.59,39.12,743.24,PIX,Online,520.0,20
206,2026-08-21,21:15,170,Blusa Premium,Blusa,Azul,G,1,154.9,0.0,154.9,PIX,Online,303.0,13
207,2026-06-02,10:00,62,Camiseta Básica,Camiseta,Azul,GG,1,140.6,0.0,140.6,Dinheiro,Online,313.0,10
208,2026-06-22,17:45,69,Camiseta Social,Camiseta,Branca,M,3,96.99,0.0,290.97,PIX,Online,576.0,16
209,2026-08-31,18:00,73,Vestido Social,Vestido,Preta,P,4,83.59,0.0,334.36,Cartão de Crédito,Online,418.0,23
210,2026-08-06,20:30,120,Vestido Premium,Vestido,Rosa,GG,2,304.25,91.28,517.22,Cartão de Crédito,Online,103.0,8
211,2026-05-31,19:45,163,Jaqueta Básica,Jaqueta,Branca,M,4,212.45,0.0,849.8,Crediário,Física,493.0,19
212,2026-05-06,14:15,180,Acessório X,Acessório,Cinza,G,1,73.69,3.68,70.01,Cartão de Débito,Online,405.0,19
213,2026-06-25,15:15,59,Acessório X,Acessório,Azul,G,3,137.62,0.0,412.86,Cartão de Crédito,Online,298.0,9
214,2026-04-28,18:00,57,Jaqueta Básica,Jaqueta,Verde,GG,2,111.2,0.0,222.4,Cartão de Crédito,Online,167.0,7
215,2026-07-13,17:45,84,Jaqueta Básica,Jaqueta,Verde,P,3,313.9,0.0,941.7,Cartão de Débito,Física,25.0,4
216,2026-08-03,12:45,171,Acessório X,Acessório,Verde,G,3,85.73,0.0,257.19,PIX,Física,211.0,19
217,2026-08-29,20:45,85,Blusa Casual,Blusa,Vermelha,G,2,273.43,0.0,546.86,Dinheiro,Física,553.0,11
218,2026-09-16,21:30,81,Calça Social,Calça,Cinza,P,1,125.82,18.87,106.95,Cartão de Débito,Online,439.0,1
219,2026-05-26,18:15,51,Jaqueta Slim,Jaqueta,Verde,M,3,118.56,53.35,302.33,Dinheiro,Física,126.0,7
220,18/06/26,12:00,132,Acessório Básica,Acessório,Branca,P,2,296.32,0.0,592.64,cartao credito,Física,143.0,13
221,2026-07-19,15:30,105,Vestido Esporte,Vestido,Vermelha,P,3,168.87,0.0,506.61,Cartão de Crédito,Física,218.0,17
222,2026-03-10,10:45,159,Acessório Slim,Acessório,Azul,G,3,201.01,60.3,542.73,Dinheiro,Online,410.0,9
223,2026-07-09,12:00,177,Bermuda Básica,Bermuda,Branca,G,4,113.66,0.0,454.64,PIX,Online,191.0,2
224,2026-08-12,16:45,177,Bermuda Básica,Bermuda,Branca,G,4,113.66,45.46,409.18,Dinheiro,Física,338.0,1
225,2026-05-24,17:30,63,Calça Premium,Calça,Vermelha,G,1,277.67,41.65,236.02,Cartão de Débito,Online,396.0,1
226,2026-05-21,14:15,58,Acessório Básica,Acessório,Cinza,P,4,304.84,0.0,1219.36,Cartão de Crédito,Física,538.0,18
227,2026-07-26,12:45,177,Bermuda Básica,Bermuda,Branca,G,1,113.66,0.0,113.66,Cartão de Débito,Online,467.0,15
228,2026-03-13,20:00,177,Bermuda Básica,Bermuda,Branca,G,4,113.66,0.0,454.64,PIX,Física,119.0,1
229,2026-03-12,20:00,146,Acessório Esporte,Acessório,Vermelha,P,4,103.95,62.37,353.43,Cartão de Crédito,Física,335.0,22
230,2026-07-03,20:45,138,Acessório Social,Acessório,Rosa,G,4,125.4,0.0,501.6,Cartão de Crédito,Física,297.0,23
231,2026-07-07,16:30,50,Blusa Esporte,Blusa,Vermelha,GG,4,189.51,37.9,"720,14",Cartão de Crédito,Online,497.0,24
232,2026-04-07,13:00,33,Blusa X,Blusa,Vermelha,P,1,230.83,0.0,230.83,PIX,Online,449.0,19
233,2026-03-15,09:45,167,Acessório Casual,Acessório,Preta,P,1,326.38,48.96,277.42,Cartão de Débito,Online,22.0,2
234,2026-03-26,20:45,30,Blusa Básica,Blusa,Preta,M,3,249.41,0.0,748.23,Dinheiro,Física,76.0,19
235,2026-03-28,18:30,107,Blusa Slim,Blusa,Preta,M,2,264.43,79.33,449.53,Dinheiro,Física,137.0,12
236,2026-04-30,11:45,135,Camiseta Slim,Camiseta,Preta,GG,1,333.31,50.0,283.31,Cartão de Débito,Online,520.0,16
237,2026-04-19,20:15,22,Vestido Social,Vestido,Rosa,G,3,289.54,86.86,781.76,Dinheiro,Online,536.0,24
238,11/03/2026,18:00,68,Jaqueta Premium,Jaqueta,Vermelha,G,3,65.29,0.0,195.87,Dinheiro,Online,36.0,16
239,2026-08-31,14:15,44,Jaqueta Esporte,Jaqueta,Azul,GG,4,198.07,118.84,673.44,Dinheiro,Online,560.0,4
240,2026-05-16,19:30,120,Vestido Premium,Vestido,Rosa,GG,1,304.25,0.0,304.25,PIX,Online,95.0,8
241,2026-08-29,20:00,165,Blusa Casual,Blusa,Rosa,GG,3,156.99,0.0,470.97,Cartão de Débito,Física,234.0,23
242,2026-04-19,11:15,155,Bermuda X,Bermuda,Preta,M,3,134.96,0.0,404.88,Cartão de Débito,Online,323.0,1
243,2026-05-03,15:45,153,Vestido Básica,Vestido,Preta,G,4,129.37,0.0,517.48,Cartão de Débito,Online,444.0,9
244,2026-03-23,18:45,180,Acessório X,Acessório,Cinza,G,1,73.69,3.68,70.01,Cartão de Débito,Online,492.0,22
245,2026-09-24,09:00,70,Blusa Slim,Blusa,Verde,GG,1,203.23,20.32,"182,91",Cartão de Débito,Online,514.0,2
246,2026-05-19,09:30,39,Calça Social,Calça,Vermelha,GG,4,327.41,0.0,1309.64,Cartão de Crédito,Online,303.0,23
247,2026-05-10,14:30,60,Acessório Esporte,Acessório,Azul,G,4,112.08,22.42,425.9,Cartão de Crédito,Online,279.0,23
248,2026-03-27,09:45,83,Camiseta Básica,Camiseta,Rosa,M,2,221.65,22.17,421.13,PIX,Física,294.0,1
249,2026-06-01,14:45,148,Acessório Premium,Acessório,Vermelha,GG,3,36.52,10.96,98.6,Cartão de Débito,Física,407.0,16
250,2026-05-12,21:45,72,Blusa Premium,Blusa,Verde,GG,2,252.12,50.42,453.82,PIX,Online,138.0,4
251,2026-06-30,18:00,38697,Acessório Esporte,Acessório,Azul,G,4,112.08,22.42,425.9,Dinheiro,Física,341.0,19
252,2026-05-11,18:45,88,Camiseta Básica,Camiseta,Branca,GG,0,270.48,0.0,270.48,Cartão de Crédito,Física,246.0,20
253,2026-08-04,14:15,134,Calça Slim,Calça,Rosa,P,4,297.88,0.0,1191.52,Dinheiro,Física,576.0,1
254,2026-09-04,09:00,15,Blusa Social,Blusa,Azul,M,1,303.57,0.0,303.57,PIX,Física,565.0,20
255,2026-09-11,17:00,62,Camiseta Básica,Camiseta,Azul,GG,2,140.6,0.0,281.2,Cartão de Crédito,Física,377.0,9
256,2026-07-28,16:00,32,Bermuda Premium,Bermuda,Azul,GG,2,298.98,29.9,568.06,Crediário,Online,282.0,18
257,2026-05-09, 15:30,14,Bermuda Social,Bermuda,Branca,P,4,125.8,25.16,478.04,Cartão de Débito,Física,493.0,21
258,2026-07-30,16:00,43,Vestido Básica,Vestido,Rosa,G,4,212.4,0.0,849.6,Cartão de Débito,Física,77.0,8
259,2026-08-15,17:00,32,Bermuda Premium,Bermuda,Azul,GG,4,298.98,179.39,1016.53,Cartão de Débito,Online,357.0,21
260,2026-08-17,14:30,74,Acessório Social,Acessório,Preta,GG,4,90.99,18.2,345.76,Cartão de Crédito,Física,,12
261,2026-06-28,20:30,178,Calça Básica,Calça,Azul,GG,2,144.41,14.44,274.38,Cartão de Crédito,Online,,8
262,2026-08-22,10:15,77,Vestido X,Vestido,Rosa,G,2,195.59,39.12,"352,06",Cartão de Crédito,Física,465.0,5
263,2026-05-23,18:30,7,Jaqueta Esporte,Jaqueta,Preta,P,3,33.34,189.2840170460128,100.02,Dinheiro,Física,22.0,3
264,2026-06-07,14:45,131,Vestido Básica,Vestido,Vermelha,M,3,38.91,11.67,105.06,Dinheiro,Física,255.0,15
265,2026-08-28,09:30,42,Bermuda Casual,Bermuda,Branca,P,1,336.75,0.0,336.75,Cartão de Crédito,Física,365.0,7
266,2026-08-23,13:00,45,Blusa Social,Blusa,Cinza,G,3,158.82,71.47,404.99,Cartão de Crédito,Online,49.0,16
267,2026-06-06,20:15,15,Blusa Social,Blusa,Azul,M,4,303.57,182.14,1032.14,Cartão de Crédito,Online,524.0,19
268,2026-07-31,09:15,23,Blusa X,Blusa,Preta,P,3,219.84,0.0,659.52,Crediário,Online,488.0,22
269,01/05/2026,20:45,137,Camiseta Esporte,Camiseta,Preta,M,1,149.09,7.45,141.64,PIX,Online,123.0,9
270,2026-06-27,14:15,157,Blusa Social,Blusa,Rosa,GG,1,325.37,0.0,325.37,Cartão de Débito,Online,546.0,14
271,2026-03-19,16:15,142,Acessório Básica,Acessório,Cinza,G,4,333.62,200.17,1134.31,Dinheiro,Online,112.0,11
272,2026-03-14,19:00,73,Vestido Social,Vestido,Preta,P,3,83.59,0.0,250.77,PIX,Online,574.0,13
273,2026-06-04,12:45,16,Acessório Casual,Acessório,Verde,GG,2,160.59,0.0,321.18,Dinheiro,Online,181.0,8
274,2026-03-09,19:45,119,Vestido Básica,Vestido,Azul,P,4,51.47,0.0,205.88,Dinheiro,Física,457.0,11
275,2026-07-12,11:30,179,Vestido Básica,Vestido,Azul,G,1,31.43,0.0,31.43,Cartão de Débito,Física,,20
276,2026-05-15,10:15,128,Bermuda Básica,Bermuda,Preta,GG,4,193.28,0.0,773.12,PIX,Online,514.0,11
277,2026-08-11,14:45,74,Acessório Social,Acessório,Preta,GG,3,90.99,0.0,272.97,Cartão de Débito,Física,600.0,23
278,07-07-2026,20:15,49,Calça Básica,Calça,Verde,GG,2,193.27,0.0,386.54,Cartão de Débito,Física,134.0,16
279,2026-07-02,11:00,154,Acessório Esporte,Acessório,Azul,M,1,140.03,21.0,119.03,Crediário,Física,275.0,12
280,2026-05-02,14:15,3,Camiseta Social,Camiseta,Branca,GG,1,48.72,2.44,46.28,Cartão de Débito,Física,284.0,16
281,2026-09-09,16:30,42,Bermuda Casual,Bermuda,Branca,P,1,336.75,0.0,336.75,Cartão de Débito,Online,15.0,25
282,2026-04-07,21:45,98,Vestido Social,Vestido,Branca,G,3,290.16,0.0,870.48,Cartão De Crédito,Online,138.0,24
283,2026-07-13,10:30,76,Bermuda Premium,Bermuda,Vermelha,M,1,45.34,0.0,"R$ 45,34",PIX,Online,430.0,22
284,2026-04-22,17:00,103,Jaqueta Social,Jaqueta,Verde,G,1,239.05,11.95,227.1,dinheiro,Física,311.0,8
285,2026-07-16,20:45,82,Vestido Slim,Vestido,Vermelha,P,2,342.99,0.0,685.98,Cartão de Débito,Online,359.0,22
286,2026-05-24,13:45,107,Blusa Slim,Blusa,Preta,M,4,264.43,52.89,1004.83,Cartão de Débito,Online,381.0,11
287,2026-08-04,19:00,71802,Camiseta Esporte,Camiseta,Cinza,GG,4,252.73,0.0,"R$ 1.010,92",Cartão de Crédito,Física,473.0,14
288,2026-07-28,09:15,163,Jaqueta Básica,Jaqueta,Branca,M,4,212.45,0.0,849.8,Cartão de Crédito,Física,164.0,11
289,2026-06-01,20:45,167,Acessório Casual,Acessório,Preta,P,1,326.38,0.0,326.38,PIX,Online,28.0,7
290,2026-05-09,15:45,141,Acessório Slim,Acessório,Rosa,G,1,250.39,0.0,250.39,Crediário,Física,440.0,7
291,2026-09-06,21:45,85,Blusa Casual,Blusa,Vermelha,G,4,273.43,164.06,929.66,Cartão de Crédito,Online,587.0,7
292,2026-03-01,10:30,16,Acessório Casual,Acessório,Verde,GG,1,160.59,16.06,144.53,Cartão de Débito,Online,27.0,20
293,2026-03-05,17:15,90,Blusa Premium,Blusa,Branca,G,3,177.57,26.64,506.07,Cartão de Débito,Física,583.0,23
294,2026-06-22,18:15,27,Vestido Premium,Vestido,Cinza,G,3,137.14,0.0,411.42,Cartão de Crédito,Online,331.0,3
295,2026-04-21,13:15,98,Vestido Social,Vestido,Branca,G,1,290.16,0.0,290.16,PIX,Física,138.0,15
296,2026-07-14, 18:45 ,100,Vestido Casual,Vestido,Preta,M,1,76.04,0.0,76.04,Cartão de Débito,Online,241.0,4
297,2026-08-14,19:00,172,Camiseta Social,Camiseta,Rosa,G,1,281.43,28.14,253.29,Cartão de Crédito,Online,557.0,8
298,2026-06-03,13:00,171,Acessório X,Acessório,Verde,G,1,85.73,0.0,85.73,Crediário,Online,142.0,5
299,2026-06-24,12:00,44,Jaqueta Esporte,Jaqueta,Azul,GG,3,198.07,0.0,594.21,PIX,Online,400.0,12
300,2026-04-12,20:30,128,Bermuda Básica,Bermuda,Preta,GG,3,193.28,0.0,579.84,Cartão de Débito,Física,27.0,7
301,2026-05-10,15:00,82,Vestido Slim,Vestido,Vermelha,P,3,342.99,51.45,977.52,Cartão de Crédito,Online,532.0,16
302,2026-08-16,14:45,136,Blusa Social,Blusa,Azul,P,3,114.45,0.0,343.35,Cartão de Débito,Física,290.0,5
303,2026-06-19,18:00,66,Bermuda X,Bermuda,Branca,G,3,98.66,0.0,295.98,Crediário,Física,154.0,2
304,2026-05-14,16:45,113,Blusa Social,Blusa,Rosa,P,4,270.36,54.07,1027.37,Crediário,Online,130.0,4
305,2026-04-18,10:45,33,Blusa X,Blusa,Vermelha,P,1,230.83,11.54,219.29,Dinheiro,Online,11.0,24
306,2026-08-16,16:15,21,Jaqueta Casual,Jaqueta,Cinza,G,1,186.68,0.0,186.68,Cartão de Crédito,Física,267.0,1
307,2026-08-07,14:30,9,Jaqueta Social,Jaqueta,Rosa,G,4,97.54,0.0,390.16,Cartão de Crédito,Online,570.0,9
308,2026-07-18,20:15,92,Calça Casual,Calça,Rosa,G,3,164.58,24.69,469.05,Cartão de Débito,Online,422.0,16
309,2026-03-10,14:00,78,Blusa Casual,Blusa,Cinza,M,2,332.45,0.0,664.9,PIX,Online,241.0,9
310,2026-09-06,11:45,177,Bermuda Básica,Bermuda,Branca,G,4,113.66,45.46,409.18,Dinheiro,Online,74.0,13
311,2026-07-04,12:30,130,Blusa Esporte,Blusa,Verde,GG,1,154.8,7.74,147.06,Cartão de Débito,Online,313.0,4
312,2026-03-20,11:15,14,Bermuda Social,Bermuda,Branca,P,4,125.8,0.0,503.2,Cartão de Crédito,Física,6.0,2
313,2026-08-09,16:00,120,Vestido Premium,Vestido,Rosa,GG,1,304.25,15.21,289.04,PIX,Online,550.0,22
314,2026-07-03,09:30,80,Jaqueta Casual,Jaqueta,Cinza,P,3,258.13,116.16,658.23,PIX,Online,166.0,20
315,2026-05-30,14:30,8,Blusa Social,Blusa,Preta,M,2,290.68,0.0,581.36,PIX,Online,,14
316,2026-03-14,16:00,22,Vestido Social,Vestido,Rosa,G,2,289.54,28.95,550.13,Dinheiro,Online,212.0,6
317,2026-09-02,15:45,73,Vestido Social,Vestido,Preta,P,2,83.59,0.0,167.18,Cartão de Débito,Física,180.0,13
318,07/09/26,13:15,132,Acessório Básica,Acessório,Branca,P,4,296.32,0.0,1185.28,Cartão de Débito,Física,6.0,7
319,2026-04-28,12:45,99,Vestido Social,Vestido,Rosa,P,3,135.91,20.39,387.34,PIX,Online,416.0,9
320,21/07/2026,16:00,48,Camiseta Esporte,Camiseta,Preta,G,3,170.37,25.56,485.55,Cartão de Crédito,Online,122.0,5
321,2026-03-02,19:45,38773,Bermuda Básica,Bermuda,Branca,G,4,113.66,45.46,409.18,Cartão de Débito,Online,,23
322,2026-09-04,21:00,159,Acessório Slim,Acessório,Azul,G,1,201.01,10.05,"R$ 190,96",PIX,Online,488.0,10
323,2026-03-19,21:30,11,Calça Básica,Calça,Vermelha,G,2,297.24,0.0,594.48,PIX,Física,334.0,14
324,2026-08-03, 20:30 ,132,Acessório Básica,Acessório,Branca,P,3,296.32,0.0,888.96,Cartão de Débito,Online,188.0,15
325,2026-05-31,13:15,174,Jaqueta Casual,Jaqueta,Preta,GG,2,214.83,0.0,429.66,Dinheiro,Física,91.0,21
326,2026-07-20,18:45,4,Jaqueta Básica,Jaqueta,Vermelha,M,3,148.57,66.86,378.85,Cartão de Crédito,Online,331.0,17
327,2026-04-22,13:00,108,Bermuda Social,Bermuda,Vermelha,P,2,179.79,53.94,305.64,Dinheiro,Online,,18
328,2026-08-01,17:00,20,Calça X,Calça,Vermelha,P,1,211.81,21.18,190.63,Dinheiro,Física,178.0,4
329,2026-06-24,11:30  ,51,Jaqueta Slim,Jaqueta,Verde,M,4,118.56,71.14,403.1,Crediário,Online,494.0,1
330,2026-08-01,12:15,37,Bermuda Básica,Bermuda,Branca,M,3,197.74,59.32,533.9,Dinheiro,Online,311.0,3
331,2026-06-18,14:00,95,Bermuda Básica,Bermuda,Verde,P,1,40.47,0.0,40.47,Cartão de Débito,Online,222.0,4
332,2026-03-07,12:30,123,Blusa Esporte,Blusa,Rosa,P,1,261.56,26.16,235.4,Cartão de Crédito,Online,112.0,15
333,2026-05-29,19:15,28,Camiseta Social,Camiseta,Rosa,GG,2,276.72,83.02,470.42,Cartão de Débito,Física,377.0,6
334,2026-04-04,19:15,21,Jaqueta Casual,Jaqueta,Cinza,G,3,186.68,0.0,560.04,Cartão de Crédito,Física,583.0,6
335,2026-06-24,17:00,123,Blusa Esporte,Blusa,Rosa,P,1,261.56,39.23,222.33,Cartão de Débito,Online,380.0,24
336,2026-06-25,12:30,109,Camiseta Básica,Camiseta,Cinza,P,2,128.12,0.0,256.24,PIX,Física,206.0,20
337,2026-05-20,15:45,163,Jaqueta Básica,Jaqueta,Branca,M,3,212.45,95.6,541.75,Cartão de Débito,Física,559.0,12
338,2026-04-30,18:15,85,Blusa Casual,Blusa,Vermelha,G,2,273.43,27.34,519.52,Cartão de Débito,Online,417.0,8
339,2026-03-05,11:30,18,Vestido Premium,Vestido,Vermelha,P,3,221.89,0.0,665.67,Cartão de Débito,Física,163.0,4
340,2026-06-30,11:00,7,Jaqueta Esporte,Jaqueta,Preta,P,4,33.34,13.34,120.02,Cartão De Débito,Física,343.0,17
341,2026-08-02,15:00,61,Acessório Básica,Acessório,Rosa,M,2,281.06,84.32,477.8,Cartão de Débito,Online,60777.0,14
342,2026-06-15,21:30,101,Vestido Social,Vestido,Vermelha,GG,1,158.47,0.0,158.47,Dinheiro,Física,590.0,3
343,2026-03-26,09:45,4,Jaqueta Básica,Jaqueta,Vermelha,M,1,148.57,0.0,148.57,Cartão de Crédito,Online,517.0,4
344,17/09/2026,12:00,22,Vestido Social,Vestido,Rosa,G,4,289.54,0.0,1158.16,Cartão de Débito,Online,445.0,20
345,2026-05-11,20:45,105,Vestido Esporte,Vestido,Vermelha,P,1,168.87,16.89,151.98,PIX,Online,407.0,9
346,2026-05-09,20:30,23,Blusa X,Blusa,Preta,P,2,219.84,21.98,417.7,Cartão de Débito,Online,217.0,19
347,2026-08-23,16:00,78,Blusa Casual,Blusa,Cinza,M,4,332.45,0.0,1329.8,Cartão de Crédito,Online,391.0,18
348,2026-05-08,18:45,38,Calça X,Calça,Azul,G,3,234.51,0.0,703.53,Cartão de Crédito,Online,555.0,22
349,2026-04-08,09:00,159,Acessório Slim,Acessório,Azul,G,1,201.01,0.0,201.01,PIX,Online,590.0,16
350,2026-05-19,12:45,123,Blusa Esporte,Blusa,Rosa,P,2,261.56,0.0,523.12,Dinheiro,Física,165.0,19
351,2026-03-23,21:45,83,Camiseta Básica,Camiseta,Rosa,M,1,221.65,22.17,199.48,Cartão de Crédito,Online,61.0,21
352,2026-05-19,12:30,103,Jaqueta Social,Jaqueta,Verde,G,2,239.05,71.72,406.38,Crediário,Física,320.0,9
353,2026-04-03,21:45,18,Vestido Premium,Vestido,Vermelha,P,3,221.89,99.85,565.82,Cartão de Crédito,Física,469.0,4
354,2026-04-09,17:15,66,Bermuda X,Bermuda,Branca,G,3,98.66,0.0,295.98,Cartão de Crédito,Física,262.0,2
355,2026-09-12,14:45,73,Vestido Social,Vestido,Preta,P,3,83.59,0.0,250.77,Cartão de Débito,Online,307.0,19
356,2026-07-26,15:45,138,Acessório Social,Acessório,Rosa,G,2,125.4,37.62,213.18,PIX,Física,430.0,4
357,2026-07-11,18:15,95,Bermuda Básica,Bermuda,Verde,P,2,40.47,0.0,80.94,PIX,Online,30.0,24
358,2026-04-29,13:45,149,Calça Premium,Calça,Vermelha,P,-1,296.39,88.92,503.86,Cartão de Crédito,Física,364.0,11
359,2026-06-19,09:15,125,Vestido Esporte,Vestido,Vermelha,P,3,67.79,30.51,172.86,PIX,Física,374.0,2
360,2026-03-25,16:15,96,Bermuda Casual,Bermuda,Branca,M,3,123.65,0.0,370.95,PIX,Online,458.0,2
361,2026-08-09,15:15,48,Camiseta Esporte,Camiseta,Preta,G,2,170.37,0.0,340.74,Cartão de Crédito,Física,309.0,17
362,2026-07-24,15:00,128,Bermuda Básica,Bermuda,Preta,GG,3,193.28,86.98,492.86,Cartão de Crédito,Física,247.0,22
363,2026-07-25,21:00,55,Vestido Premium,Vestido,Verde,P,3,95.27,14.29,271.52,PIX,Física,332.0,12
364,2026-09-14,14:45,142,Acessório Básica,Acessório,Cinza,G,4,333.62,0.0,1334.48,PIX,Online,351.0,24
365,2026-03-09,16:45,85,Blusa Casual,Blusa,Vermelha,G,1,273.43,41.01,232.42,Cartão de Crédito,Online,221.0,5
366,2026-03-06,14:30,100,Vestido Casual,Vestido,Preta,M,4,76.04,0.0,304.16,PIX,Física,490.0,6
367,2026-09-19,10:15,166,Vestido Premium,Vestido,Vermelha,GG,1,194.42,0.0,194.42,Dinheiro,Física,18.0,7
368,2026-03-19,12:45,108,Bermuda Social,Bermuda,Vermelha,P,4,179.79,35.96,683.2,PIX,Física,251.0,8
369,2026-09-07,20:45,16,Acessório Casual,Acessório,Verde,GG,4,160.59,0.0,642.36,Cartão de Débito,Física,73.0,18
370,2026-06-25,21:45,89,Acessório Slim,Acessório,Preta,P,3,283.36,42.5,807.58,PIX,Física,584.0,11
371,2026-03-03,19:15,145,Bermuda Esporte,Bermuda,Cinza,G,2,144.91,0.0,289.82,Cartão de Crédito,Online,,23
372,2026-07-01,21:00,14,Bermuda Social,Bermuda,Branca,P,2,125.8,25.16,226.44,pix,Online,297.0,23
373,2026-04-05,10:00,156,Jaqueta Básica,Jaqueta,Branca,G,1,292.56,14.63,277.93,Cartão de Débito,Online,401.0,18
374,2026-03-13,17:00,176,Camiseta Premium,Camiseta,Vermelha,GG,3,225.97,0.0,677.91,Cartão de Crédito,Online,283.0,10
375,2026-06-19,20:15,84,Jaqueta Básica,Jaqueta,Verde,P,3,313.9,0.0,941.7,PIX,Física,,23
376,2026-06-22,09:30,89,Acessório Slim,Acessório,Preta,P,2,283.36,85.01,481.71,Dinheiro,Física,382.0,9
377,2026-03-28,09:45,137,Camiseta Esporte,Camiseta,Preta,M,3,149.09,0.0,447.27,PIX,Física,75.0,21
378,2026-08-08,09:15,103,Jaqueta Social,Jaqueta,Verde,G,1,239.05,23.9,215.15,Cartão de Débito,Online,208.0,4
379,2026-03-29,09:15,179,Vestido Básica,Vestido,Azul,G,4,31.43,0.0,125.72,Crediário,Online,23.0,6
380,2026-07-10,13:30,136,Blusa Social,Blusa,Azul,P,3,114.45,0.0,343.35,Dinheiro,Online,123.0,12
381,2026-07-08,19:15,22,Vestido Social,Vestido,Rosa,G,4,289.54,0.0,1158.16,CREDIÁRIO,Online,443.0,15
382,2026-04-13,10:15,171,Acessório X,Acessório,Verde,G,2,85.73,8.57,162.89,Cartão de Débito,Online,291.0,22
383,2026-03-27,13:45,140,Acessório Premium,Acessório,Rosa,G,4,155.17,0.0,"R$ 620,68",Crediário,Física,570.0,6
384,2026-03-04,16:15,150,Blusa Esporte,Blusa,Vermelha,M,3,241.11,0.0,723.33,Cartão de Crédito,Física,484.0,23
385,2026-06-09,20:30,173,Jaqueta Casual,Jaqueta,Cinza,GG,0,328.02,0.0,984.06,PIX,Online,301.0,3
386,2026-08-09,16:00,109,Camiseta Básica,Camiseta,Cinza,P,3,128.12,57.65,326.71,Cartão de Crédito,Física,91.0,19
387,2026-03-22,09:30,13,Calça X,Calça,Verde,M,3,118.99,53.55,303.42,Cartão de Débito,Online,561.0,15
388,2026-06-12,13:45,5,Jaqueta Slim,Jaqueta,Branca,GG,3,87.47,0.0,262.41,Cartão de Crédito,Online,560.0,17
389,2026-07-10,12:00,166,Vestido Premium,Vestido,Vermelha,GG,2,194.42,58.33,330.51,Dinheiro,Física,150.0,2
390,2026-08-15,19:30,18,Vestido Premium,Vestido,Vermelha,P,1,221.89,0.0,221.89,Cartão de Débito,Física,,15
391,2026-06-03,14:15,64,Camiseta Básica,Camiseta,Rosa,M,3,108.86,0.0,326.58,Crediário,Física,251.0,18
392,2026-08-15,18:00,50,Blusa Esporte,Blusa,Vermelha,GG,3,189.51,0.0,568.53,Cartão de Crédito,Física,252.0,16
393,2026-04-06,13:45,51,Jaqueta Slim,Jaqueta,Verde,M,2,118.56,11.86,225.26,PIX,Online,580.0,11
394,2026-04-13,21:45,76,Bermuda Premium,Bermuda,Vermelha,M,4,45.34,0.0,181.36,Cartão de Crédito,Física,,11
395,2026-06-21,14:00,2,Camiseta Básica,Camiseta,Cinza,P,2,57.67,0.0,115.34,Cartão de Crédito,Online,429.0,23
396,2026-07-11,18:45,127,Vestido Social,Vestido,Rosa,G,1,72.5,0.0,72.5,PIX,Online,271.0,23
397,2026-05-05,15:45,27,Vestido Premium,Vestido,Cinza,G,2,137.14,27.43,246.85,PIX,Física,169.0,23
398,2026-03-28,18:00,15,Blusa Social,Blusa,Azul,M,3,303.57,136.61,774.1,Cartão de Crédito,Online,26129.0,21
399,2026-05-15,19:00,160,Calça X,Calça,Verde,P,3,137.04,0.0,411.12,PIX,Física,36.0,5
400,2026-06-04,14:00,161,Vestido X,Vestido,Azul,G,4,67.98,0.0,271.92,Dinheiro,Online,159.0,13
401,2026-08-05,12:30,41,Jaqueta Casual,Jaqueta,Cinza,GG,1,274.27,0.0,274.27,pix,Física,354.0,4
402,2026-03-16,19:15,137,Camiseta Esporte,Camiseta,Preta,M,1,149.09,0.0,149.09,Cartão de Crédito,Online,555.0,3
403,2026-04-02,17:15,12,Bermuda Esporte,Bermuda,Cinza,M,2,327.44,65.49,589.39,cartão de débito,Física,357.0,13
404,2026-07-17,14:45,99,Vestido Social,Vestido,Rosa,P,2,135.91,27.18,244.64,Dinheiro,Física,317.0,2
405,2026-04-01,11:30,38,Calça X,Calça,Azul,G,3,234.51,105.53,598.0,Cartão de Débito,Online,29.0,14
406,2026-06-01,11:30,116,Blusa Casual,Blusa,Azul,G,4,332.71,199.63,1131.21,Cartão de Crédito,Online,538.0,23
407,2026-07-17,16:15,142,Acessório Básica,Acessório,Cinza,G,3,333.62,0.0,1000.86,Crediário,Online,51.0,14
408,2026-07-07,14:45,78,Blusa Casual,Blusa,Cinza,M,4,332.45,2264.9359856129677,1196.82,Cartão de Crédito,Física,582.0,16
409,2026-09-05,10:15,177,Bermuda Básica,Bermuda,Branca,G,2,113.66,0.0,227.32,Cartão de Débito,Física,136.0,8
410,2026-06-18,17:30,71,Camiseta Esporte,Camiseta,Cinza,GG,2,252.73,25.27,480.19,Dinheiro,Online,484.0,2
411,2026-04-30,17:30,144,Calça Social,Calça,Cinza,GG,4,200.29,80.12,721.04,Cartão de Débito,Online,584.0,23
412,2026-09-13,20:30,115,Jaqueta Social,Jaqueta,Preta,GG,2,278.18,27.82,528.54,Cartão de Crédito,Online,555.0,9
413,2026-07-01,21:45,123,Blusa Esporte,Blusa,Rosa,P,4,261.56,52.31,993.93,Cartão de Crédito,Física,324.0,12
414,2026-05-29,20:45,179,Vestido Básica,Vestido,Azul,G,3,31.43,0.0,94.29,Cartão de Crédito,Online,446.0,8
415,2026-03-13,12:00,51,Jaqueta Slim,Jaqueta,Verde,M,1,118.56,5.93,112.63,Cartão de Crédito,Física,571.0,11
416,2026-04-05,11:45,34,Acessório Slim,Acessório,Azul,M,1,220.29,33.04,187.25,Cartão de Débito,Online,513.0,4
417,2026-03-13,12:15,61,Acessório Básica,Acessório,Rosa,M,1,281.06,28.11,"252,95",PIX,Online,483.0,6
418,2026-03-09,18:00,37,Bermuda Básica,Bermuda,Branca,M,4,197.74,79.1,711.86,Crediário,Física,574.0,1
419,2026-06-13,15:30,57,Jaqueta Básica,Jaqueta,Verde,GG,4,111.2,0.0,444.8,Cartão de Crédito,Física,9.0,16
420,2026-08-11,12:00,58,Acessório Básica,Acessório,Cinza,P,2,304.84,91.45,518.23,Dinheiro,Online,60.0,10
421,2026-09-10,15:45,14,Bermuda Social,Bermuda,Branca,P,3,125.8,0.0,377.4,Cartão de Crédito,Online,16.0,4
422,2026-07-27,10:30,48,Camiseta Esporte,Camiseta,Preta,G,4,170.37,34.07,647.41,PIX,Física,487.0,14
423,2026-08-30,20:30,148,Acessório Premium,Acessório,Vermelha,GG,1,36.52,0.0,36.52,Cartão de Débito,Online,280.0,21
424,2026-05-07,10:00,44,Jaqueta Esporte,Jaqueta,Azul,GG,3,198.07,0.0,594.21,Cartão de Débito,Online,31.0,19
425,2026-03-28,17:30,46,Acessório X,Acessório,Cinza,M,4,184.96,36.99,702.85,Cartão de Débito,Física,299.0,3
426,2026-04-11,14:30,93,Blusa Social,Blusa,Vermelha,GG,2,327.13,0.0,654.26,Cartão de Débito,Online,117.0,18
427,2026-07-02,10:15,124,Jaqueta Slim,Jaqueta,Verde,G,2,210.25,42.05,378.45,Cartão de Crédito,Física,418.0,4
428,2026-06-20,16:15,10,Jaqueta Casual,Jaqueta,Cinza,GG,2,338.29,0.0,676.58,PIX,Online,98.0,22
429,2026-03-30,10:00,15,Blusa Social,Blusa,Azul,M,2,303.57,0.0,607.14,Cartão de Débito,Online,154.0,1
430,2026-07-10,11:45,70,Blusa Slim,Blusa,Verde,GG,1,203.23,20.32,"R$ 182,91",PIX,Física,299.0,20
431,2026-09-25,12:30,71,Camiseta Esporte,Camiseta,Cinza,GG,3,252.73,0.0,758.19,PIX,Online,90130.0,16
432,2026-05-30,17:45,24,Blusa X,Blusa,Cinza,GG,3,80.81,36.36,206.07,Dinheiro,Física,83.0,23
433,2026-07-11,10:15,82,Vestido Slim,Vestido,Vermelha,P,2,342.99,102.9,583.08,Cartão de Débito,Online,409.0,9
434,2026-08-04,19:15,25,Blusa Social,Blusa,Rosa,M,3,285.55,0.0,856.65,Cartão de Crédito,Online,151.0,19
435,2026-04-12,19:45,64,Camiseta Básica,Camiseta,Rosa,M,3,108.86,16.33,310.25,Cartão de Débito,Online,573.0,16
436,2026-04-11,13:45,95,Bermuda Básica,Bermuda,Verde,P,3,40.47,6.07,115.34,Cartão de Débito,Online,214.0,24
437,2026-04-01,20:00,111,Acessório Esporte,Acessório,Rosa,M,4,333.04,0.0,1332.16,Cartão de Crédito,Física,146.0,22
438,2026-06-08,20:45,152,Acessório Básica,Acessório,Verde,GG,3,238.11,0.0,714.33,Cartão de Débito,Online,536.0,18
439,2026-05-31,13:45,143,Acessório Premium,Acessório,Rosa,M,3,297.19,44.58,846.99,PIX,Física,132.0,9
440,2026-04-09,11:00,111,Acessório Esporte,Acessório,Rosa,M,2,333.04,0.0,666.08,Cartão de Crédito,Online,444.0,8
441,2026-03-18, 21:00 ,149,Calça Premium,Calça,Vermelha,P,3,296.39,133.38,755.79,PIX,Física,449.0,6
442,2026-05-15,18:00,133,Calça Social,Calça,Rosa,G,2,39.8,11.94,67.66,Cartão de Crédito,Física,124.0,22
443,2026-08-27,16:15,24,Blusa X,Blusa,Cinza,GG,1,80.81,12.12,68.69,Cartão de Débito,Física,349.0,12
444,2026-03-13,10:45,44,Jaqueta Esporte,Jaqueta,Azul,GG,2,198.07,59.42,336.72,Cartão de Crédito,Física,452.0,10
445,2026-05-01,11:30,45,Blusa Social,Blusa,Cinza,G,1,158.82,0.0,158.82,Cartão de Débito,Online,240.0,14
446,2026-05-06,16:00,11,Calça Básica,Calça,Vermelha,G,4,297.24,0.0,1188.96,Dinheiro,Online,132.0,9
447,2026-08-08,19:00,131,Vestido Básica,Vestido,Vermelha,M,2,38.91,0.0,77.82,Cartão de Débito,Física,565.0,8
448,2026-04-15,21:00,90,Blusa Premium,Blusa,Branca,G,1,177.57,0.0,177.57,Cartão de Débito,Online,292.0,14
449,2026-03-04,16:15,141,Acessório Slim,Acessório,Rosa,G,2,250.39,0.0,500.78,Dinheiro,Online,,21
450,31/03/2026,14:30,84,Jaqueta Básica,Jaqueta,Verde,P,1,313.9,31.39,282.51,PIX,Online,264.0,10
451,2026-05-16,15:15,74,Acessório Social,Acessório,Preta,GG,4,90.99,54.59,309.37,Cartão de Crédito,Online,238.0,9
452,2026-09-23,16:30,144,Calça Social,Calça,Cinza,GG,4,200.29,0.0,801.16,Cartão de Débito,Física,26.0,14
453,2026-03-19,21:00,131,Vestido Básica,Vestido,Vermelha,M,4,38.91,0.0,155.64,PIX,Física,401.0,2
454,2026-03-10,20:00,63,Calça Premium,Calça,Vermelha,G,2,277.67,0.0,555.34,Cartão de Crédito,Física,443.0,21
455,26/04/26,09:45,116,Blusa Casual,Blusa,Azul,G,4,332.71,66.54,1264.3,Cartão de Débito,Online,,22
456,2026-05-18,16:15,59,Acessório X,Acessório,Azul,G,2,137.62,0.0,275.24,Crediário,Online,391.0,2
457,2026-07-17,11:45,91,Camiseta Casual,Camiseta,Branca,P,3,29.36,8.81,79.27,Cartão de Débito,Online,421.0,15
458,17/05/2026,15:00,158,Blusa Social,Blusa,Rosa,M,3,185.68,0.0,557.04,Cartão de Débito,Online,142.0,10
459,2026-06-13,19:00,152,Acessório Básica,Acessório,Verde,GG,3,238.11,0.0,714.33,Cartão de Crédito,Física,457.0,5
460,2026-06-16,20:45,17,Acessório Casual,Acessório,Rosa,P,4,277.21,55.44,1053.4,Cartão de Crédito,Online,321.0,11
461,2026-08-24,11:30,131,Vestido Básica,Vestido,Vermelha,M,2,38.91,3.89,73.93,Crediário,Online,473.0,14
462,2026-09-16,12:15,50,Blusa Esporte,Blusa,Vermelha,GG,3,189.51,56.85,511.68,Cartão de Débito,Física,460.0,17
463,2026-03-02,18:45,149,Calça Premium,Calça,Vermelha,P,3,296.39,0.0,889.17,Crediário,Física,576.0,25
464,2026-07-20,14:45,130,Blusa Esporte,Blusa,Verde,GG,3,154.8,0.0,464.4,PIX,Física,54.0,12
465,2026-04-14,18:15,126,Vestido Slim,Vestido,Vermelha,M,2,262.43,78.73,446.13,PIX,Online,112.0,20
466,2026-09-04,19:30,150,Blusa Esporte,Blusa,Vermelha,M,3,241.11,0.0,723.33,Crediário,Física,,19
467,2026-07-08,15:45  ,88,Camiseta Básica,Camiseta,Branca,GG,4,270.48,162.29,919.63,Crediário,Online,407.0,7
468,2026-09-24, 21:15 ,1,Acessório Premium,Acessório,Verde,G,1,129.26,0.0,129.26,Crediário,Online,206.0,15
469,2026-07-26,21:45,12,Bermuda Esporte,Bermuda,Cinza,M,2,327.44,98.23,556.65,Crediário,Física,251.0,15
470,2026-04-26,09:45,83,Camiseta Básica,Camiseta,Rosa,M,-2,221.65,0.0,443.3,Crediário,Online,176.0,3
471,2026-07-02,09:00,164,Blusa X,Blusa,Cinza,G,1,193.36,0.0,193.36,Cartão de Débito,Online,358.0,3
472,2026-05-23,16:00,54,Calça Esporte,Calça,Verde,P,2,77.13,0.0,154.26,Cartão de Débito,Online,88.0,6
473,2026-07-31,09:30,52,Vestido Casual,Vestido,Rosa,GG,4,235.08,0.0,940.32,Crediário,Online,538.0,9
474,2026-04-13,12:00,133,Calça Social,Calça,Rosa,G,4,39.8,0.0,159.2,Cartão de Débito,Física,43.0,7
475,2026-08-24,17:00,94,Acessório Casual,Acessório,Verde,M,3,202.82,30.42,578.04,Cartão de Crédito,Online,319.0,7
476,2026-05-22,13:00,15,Blusa Social,Blusa,Azul,M,4,303.57,60.71,1153.57,Dinheiro,Física,410.0,16
477,2026-08-06,15:45,40,Bermuda Esporte,Bermuda,Azul,G,1,78.7,3.94,74.76,Cartão de Crédito,Física,100.0,9
478,2026-07-16,16:00,63,Calça Premium,Calça,Vermelha,G,1,277.67,0.0,277.67,Cartão de Crédito,Online,180.0,19
479,2026-03-12,09:15,142,Acessório Básica,Acessório,Cinza,G,4,333.62,133.45,1201.03,Cartão de Débito,Física,587.0,14
480,2026-06-15,19:00,152,Acessório Básica,Acessório,Verde,GG,2,238.11,71.43,404.79,PIX,Física,285.0,9
481,2026-06-12,14:30,43,Vestido Básica,Vestido,Rosa,G,4,212.4,127.44,722.16,Cartão de Débito,Online,542.0,19
482,2026-06-01,19:30,152,Acessório Básica,Acessório,Verde,GG,4,238.11,142.87,809.57,Cartão de Débito,Online,,22
483,2026-06-12,21:00,23,Blusa X,Blusa,Preta,P,3,219.84,0.0,659.52,PIX,Física,168.0,23
484,2026-05-11,12:15,75,Jaqueta Casual,Jaqueta,Azul,G,4,238.16,47.63,905.01,Crediário,Física,590.0,6
485,2026-06-26,16:45,52,Vestido Casual,Vestido,Rosa,GG,4,235.08,47.02,893.3,Cartão de Débito,Online,206.0,6
486,2026-04-26,13:15,14,Bermuda Social,Bermuda,Branca,P,1,125.8,0.0,125.8,PIX,Online,389.0,21
487,2026-06-13,11:00,44,Jaqueta Esporte,Jaqueta,Azul,GG,3,198.07,59.42,534.79,Cartão de Crédito,Física,253.0,25
488,2026-08-15,21:15,45,Blusa Social,Blusa,Cinza,G,1,158.82,7.94,150.88,Cartão de Débito,Online,216.0,13
489,2026-08-31,21:15,101,Vestido Social,Vestido,Vermelha,GG,1,158.47,0.0,158.47,Dinheiro,Online,16.0,2
490,03/04/26,12:15,48,Camiseta Esporte,Camiseta,Preta,G,1,170.37,0.0,170.37,cartao credito,Física,338.0,24
491,2026-05-30,14:15,145,Bermuda Esporte,Bermuda,Cinza,G,2,144.91,28.98,260.84,Cartão de Crédito,Online,224.0,12
492,2026-04-12,19:30,38,Calça X,Calça,Azul,G,3,234.51,70.35,633.18,Dinheiro,Online,284.0,14
493,2026-04-02,20:45,77,Vestido X,Vestido,Rosa,G,1,195.59,0.0,195.59,Cartão de Crédito,Online,534.0,16
494,2026-04-17,13:45,93,Blusa Social,Blusa,Vermelha,GG,1,327.13,49.07,278.06,Cartão de Débito,Física,577.0,16
495,2026-09-05,10:00,104,Vestido Slim,Vestido,Verde,P,3,221.73,66.52,598.67,Cartão de Débito,Física,264.0,1
496,2026-05-29,09:45,53,Camiseta Básica,Camiseta,Branca,P,3,204.54,0.0,613.62,PIX,Física,13.0,5
497,2026-09-01,11:00,56,Bermuda Casual,Bermuda,Verde,P,1,269.73,0.0,269.73,Cartão de Crédito,Online,401.0,8
498,2026-08-14,14:30,158,Blusa Social,Blusa,Rosa,M,3,185.68,0.0,557.04,Cartão de Débito,Física,192.0,20
499,2026-06-13,18:15,99,Vestido Social,Vestido,Rosa,P,2,135.91,13.59,258.23,Dinheiro,Online,448.0,21
500,2026-03-14,21:15,110,Bermuda Esporte,Bermuda,Branca,GG,3,116.53,17.48,332.11,Cartão de Débito,Online,420.0,5
501,2026-06-18,19:00,102,Bermuda X,Bermuda,Azul,G,4,181.84,0.0,727.36,Crediário,Online,490.0,1
502,2026-09-03,17:45,35,Jaqueta Premium,Jaqueta,Preta,P,3,289.59,43.44,825.33,Cartão de Crédito,Física,92.0,21
503,2026-05-07,20:30,48,Camiseta Esporte,Camiseta,Preta,G,4,170.37,68.15,613.33,Dinheiro,Online,471.0,6
504,2026-04-30,09:30,40,Bermuda Esporte,Bermuda,Azul,G,3,78.7,0.0,236.1,Cartão De Débito,Online,524.0,2
505,2026-03-23,19:45,76,Bermuda Premium,Bermuda,Vermelha,M,2,45.34,0.0,90.68,Cartão de Débito,Online,276.0,5
506,2026-08-28,21:00,79,Camiseta X,Camiseta,Cinza,G,2,76.54,0.0,153.08,Cartão de Crédito,Física,272.0,7
507,2026-06-25,18:30,120,Vestido Premium,Vestido,Rosa,GG,2,304.25,91.28,517.22,Cartão de Débito,Física,376.0,7
508,2026-08-30,14:45,154,Acessório Esporte,Acessório,Azul,M,4,140.03,84.02,476.1,Cartão de Crédito,Online,43274.0,12
509,2026-09-19,21:30,97,Camiseta Slim,Camiseta,Azul,M,1,174.51,17.45,157.06,Cartão de Débito,Física,440.0,4
510,2026-09-20,10:00,83,Camiseta Básica,Camiseta,Rosa,M,2,221.65,22.17,421.13,Cartão de Crédito,Online,283.0,15
511,2026-07-15,19:45,111,Acessório Esporte,Acessório,Rosa,M,2,333.04,33.3,632.78,PIX,Física,87395.0,22
512,2026-05-01,18:00,53980,Camiseta Social,Camiseta,Rosa,G,4,281.43,0.0,1125.72,Cartão de Crédito,Online,328.0,18
513,2026-05-03,21:30,76,Bermuda Premium,Bermuda,Vermelha,M,4,45.34,0.0,181.36,Cartão de Débito,Online,36.0,18
514,2026-07-30,11:30,180,Acessório X,Acessório,Cinza,G,1,73.69,3.68,70.01,Dinheiro,Online,508.0,1
515,2026-09-09,10:45,57,Jaqueta Básica,Jaqueta,Verde,GG,3,111.2,16.68,"R$ 316,92",Cartão de Crédito,Física,203.0,8
516,2026-07-06,19:15,118,Camiseta Esporte,Camiseta,Azul,M,2,214.08,42.82,385.34,PIX,Online,,3
517,2026-05-01,18:45,157,Blusa Social,Blusa,Rosa,GG,-2,325.37,48.81,927.3,Cartão de Crédito,Online,23.0,17
518,30/04/2026,12:00,23,Blusa X,Blusa,Preta,P,3,219.84,0.0,659.52,cartão de débito,Física,331.0,24
519,2026-07-30,13:00  ,48,Camiseta Esporte,Camiseta,Preta,G,3,170.37,0.0,511.11,PIX,Online,189.0,14
520,2026-05-11,12:15,114,Jaqueta Esporte,Jaqueta,Verde,P,4,60.77,24.31,218.77,Cartão de Débito,Física,398.0,12
521,2026-08-25,21:30,118,Camiseta Esporte,Camiseta,Azul,M,1,214.08,0.0,214.08,Crediário,Online,,16
522,2026-05-22,19:00,123,Blusa Esporte,Blusa,Rosa,P,3,261.56,0.0,"784,68",Cartão de Débito,Online,72.0,19
523,2026-03-06,11:30,114,Jaqueta Esporte,Jaqueta,Verde,P,2,60.77,0.0,121.54,Crediário,Online,,20
524,2026-09-07,20:00,110,Bermuda Esporte,Bermuda,Branca,GG,2,116.53,0.0,233.06,Cartão de Débito,Física,183.0,6
525,2026-06-23,21:15,110,Bermuda Esporte,Bermuda,Branca,GG,2,116.53,0.0,233.06,Cartão de Crédito,Online,347.0,19
526,2026-07-13,20:30,29,Blusa Esporte,Blusa,Branca,M,2,318.44,95.53,541.35,Dinheiro,Online,349.0,5
527,2026-08-03, 21:45,121,Vestido Casual,Vestido,Verde,G,1,101.83,15.27,"86,56",Crediário,Física,73.0,20
528,2026-05-31,20:45,177,Bermuda Básica,Bermuda,Branca,G,4,113.66,0.0,454.64,Cartão de Débito,Física,336.0,8
529,2026-07-29,19:45,175,Calça Social,Calça,Rosa,P,4,90.45,0.0,361.8,Dinheiro,Física,134.0,14
530,2026-06-02,09:00,130,Blusa Esporte,Blusa,Verde,GG,4,154.8,0.0,619.2,Cartão de Crédito,Online,39.0,13
531,2026-03-11,20:30,133,Calça Social,Calça,Rosa,G,1,39.8,3.98,35.82,Cartão de Débito,Online,284.0,3
532,2026-03-18,15:30,49,Calça Básica,Calça,Verde,GG,3,193.27,57.98,521.83,Cartão de Crédito,Física,96.0,10
533,2026-03-22,09:45,159,Acessório Slim,Acessório,Azul,G,3,201.01,30.15,572.88,Crediário,Online,486.0,19
534,2026-08-27,10:15,77,Vestido X,Vestido,Rosa,G,4,195.59,0.0,782.36,Crediário,Online,68.0,20
535,2026-04-19,16:00,108,Bermuda Social,Bermuda,Vermelha,P,3,179.79,80.91,458.46,Crediário,Física,105.0,13
536,2026-06-16,12:00,180,Acessório X,Acessório,Cinza,G,1,73.69,0.0,73.69,Dinheiro,Online,510.0,6
537,2026-06-25,19:30,13,Calça X,Calça,Verde,M,1,118.99,17.85,101.14,Cartão de Crédito,Online,374.0,1
538,2026-05-09,14:30,158,Blusa Social,Blusa,Rosa,M,4,185.68,0.0,742.72,PIX,Física,500.0,7
539,2026-05-29,14:15,166,Vestido Premium,Vestido,Vermelha,GG,1,194.42,0.0,194.42,PIX,Física,34.0,17
540,2026-08-12,14:30,24,Blusa X,Blusa,Cinza,GG,1,80.81,8.08,72.73,Cartão de Débito,Física,324.0,17
541,2026-04-07,20:45,17947,Vestido Premium,Vestido,Cinza,G,1,137.14,0.0,137.14,PIX,Online,128.0,23
542,2026-03-20,13:45,20,Calça X,Calça,Vermelha,P,4,211.81,0.0,847.24,Dinheiro,Online,595.0,17
543,2026-05-16,13:45,25,Blusa Social,Blusa,Rosa,M,3,285.55,128.5,728.15,Cartão de Débito,Física,502.0,13
544,2026-08-03,09:45,143,Acessório Premium,Acessório,Rosa,M,1,297.19,0.0,297.19,PIX,Online,230.0,23
545,2026-08-27,09:45,3,Camiseta Social,Camiseta,Branca,GG,1,48.72,0.0,48.72,PIX,Online,559.0,20
546,2026-05-16,16:45,143,Acessório Premium,Acessório,Rosa,M,1,297.19,0.0,297.19,Dinheiro,Online,358.0,13
547,2026-09-11,20:45,38,Calça X,Calça,Azul,G,2,234.51,0.0,469.02,Cartão de Débito,Online,542.0,15
548,2026-03-04,10:45,3,Camiseta Social,Camiseta,Branca,GG,1,48.72,4.87,43.85,Cartão de Crédito,Física,461.0,3
549,2026-03-15,16:30,99,Vestido Social,Vestido,Rosa,P,3,135.91,0.0,407.73,Cartão de Débito,Online,72.0,3
550,2026-07-20,13:45,53,Camiseta Básica,Camiseta,Branca,P,1,204.54,0.0,204.54,Cartão de Crédito,Online,141.0,24
551,2026-03-10,19:45,132,Acessório Básica,Acessório,Branca,P,2,296.32,88.9,"503,74",Dinheiro,Online,398.0,17
552,2026-06-15,10:00,166,Vestido Premium,Vestido,Vermelha,GG,4,194.42,0.0,777.68,Cartão de Crédito,Online,313.0,23
553,2026-07-10,14:00,94,Acessório Casual,Acessório,Verde,M,3,202.82,0.0,608.46,Dinheiro,Online,447.0,7
554,2026-04-25,15:00,128,Bermuda Básica,Bermuda,Preta,GG,2,193.28,19.33,367.23,Dinheiro,Online,324.0,25
555,2026-06-09,10:30,121,Vestido Casual,Vestido,Verde,G,4,101.83,40.73,366.59,Dinheiro,Online,330.0,24
556,2026-03-08,15:15,47,Vestido Premium,Vestido,Cinza,G,4,115.65,0.0,462.6,PIX,Física,509.0,20
557,2026-03-26,14:15,6,Acessório X,Acessório,Azul,GG,3,334.07,1896.6440184331584,1002.21,Cartão de Crédito,Online,157.0,5
558,2026-06-28,16:45,67,Bermuda Básica,Bermuda,Cinza,P,4,318.87,0.0,1275.48,Cartão de Débito,Física,,16
559,2026-03-13,10:15,55,Vestido Premium,Vestido,Verde,P,1,95.27,14.29,80.98,Cartão de Débito,Física,278.0,15
560,2026-07-26,21:00,52,Vestido Casual,Vestido,Rosa,GG,2,235.08,0.0,470.16,Cartão de Débito,Física,272.0,17
561,2026-08-28,11:45,179,Vestido Básica,Vestido,Azul,G,4,31.43,0.0,125.72,Cartão de Débito,Online,491.0,5
562,2026-06-15,18:15,45,Blusa Social,Blusa,Cinza,G,1,158.82,23.82,135.0,Cartão de Débito,Física,95.0,13
563,2026-09-15,13:15,31,Vestido Slim,Vestido,Azul,P,4,35.57,0.0,142.28,Crediário,Online,28.0,17
564,2026-07-30,12:45,149,Calça Premium,Calça,Vermelha,P,4,296.39,0.0,1185.56,Cartão de Débito,Física,341.0,6
565,2026-09-05,19:00,127,Vestido Social,Vestido,Rosa,G,3,72.5,0.0,217.5,Cartão de Débito,Física,,14
566,2026-04-05,19:45,4,Jaqueta Básica,Jaqueta,Vermelha,M,4,148.57,89.14,505.14,Cartão de Débito,Online,559.0,24
567,2026-04-26,21:45,157,Blusa Social,Blusa,Rosa,GG,4,325.37,65.07,1236.41,Cartão de Débito,Física,250.0,15
568,2026-05-23,20:15,144,Calça Social,Calça,Cinza,GG,3,200.29,60.09,540.78,Cartão de Débito,Física,335.0,17
569,2026-06-16,20:15,9,Jaqueta Social,Jaqueta,Rosa,G,4,97.54,0.0,390.16,PIX,Física,93.0,20
570,2026-05-24,14:30,180,Acessório X,Acessório,Cinza,G,3,73.69,33.16,187.91,Cartão de Crédito,Online,112.0,15
571,10/05/26,15:30,95767,Blusa Casual,Blusa,Preta,P,2,121.09,24.22,217.96,Cartão de Crédito,Online,,13
572,2026-03-30,11:00,131,Vestido Básica,Vestido,Vermelha,M,1,38.91,0.0,38.91,Cartão de Débito,Online,262.0,17
573,2026-05-23,18:30,59,Acessório X,Acessório,Azul,G,4,137.62,0.0,550.48,Cartão de Débito,Física,568.0,18
574,2026-05-03,10:15,23,Blusa X,Blusa,Preta,P,3,219.84,65.95,593.57,PIX,Online,217.0,2
575,2026-05-19,10:15,11,Calça Básica,Calça,Vermelha,G,2,297.24,0.0,594.48,PIX,Online,178.0,8
576,2026-04-27,19:30,120,Vestido Premium,Vestido,Rosa,GG,1,304.25,15.21,289.04,Cartão de Débito,Online,34.0,9
577,2026-05-29,21:45,77,Vestido X,Vestido,Rosa,G,4,195.59,39.12,743.24,Cartão de Crédito,Online,176.0,12
578,2026-06-27,13:15,147,Bermuda Básica,Bermuda,Branca,P,4,44.8,26.88,152.32,Cartão de Débito,Online,,16
579,2026-07-16,12:15,75,Jaqueta Casual,Jaqueta,Azul,G,1,238.16,35.72,"R$ 202,44",Cartão de Crédito,Online,545.0,21
580,2026-08-08,15:30,61,Acessório Básica,Acessório,Rosa,M,1,281.06,0.0,281.06,Crediário,Física,9.0,22
581,2026-09-13,11:00,48,Camiseta Esporte,Camiseta,Preta,G,3,170.37,0.0,511.11,Cartão de Débito,Física,20.0,23
582,2026-08-21,13:00,90,Blusa Premium,Blusa,Branca,G,4,177.57,106.54,603.74,Cartão de Crédito,Física,504.0,12
583,2026-05-04, 19:45 ,122,Bermuda Casual,Bermuda,Rosa,GG,1,286.85,14.34,272.51,Cartão de Crédito,Online,400.0,22
584,2026-05-20,09:30,152,Acessório Básica,Acessório,Verde,GG,1,238.11,23.81,214.3,Cartão de Crédito,Física,125.0,19
585,2026-04-01,18:45,162,Blusa Premium,Blusa,Branca,M,3,219.23,65.77,591.92,Crediário,Física,,18
586,2026-03-04,15:15,171,Acessório X,Acessório,Verde,G,2,85.73,25.72,145.74,Cartão de Débito,Online,163.0,13
587,2026-06-15,13:30,167,Acessório Casual,Acessório,Preta,P,4,326.38,0.0,1305.52,PIX,Física,,24
588,2026-08-14,19:15,21,Jaqueta Casual,Jaqueta,Cinza,G,2,186.68,0.0,373.36,Cartão de Débito,Física,284.0,16
589,2026-06-23,19:00,101,Vestido Social,Vestido,Vermelha,GG,4,158.47,63.39,"570,49",PIX,Física,176.0,18
590,2026-04-02,16:30,74,Acessório Social,Acessório,Preta,GG,3,90.99,13.65,259.32,PIX,Física,327.0,16
591,2026-08-27,09:00,15,Blusa Social,Blusa,Azul,M,4,303.57,121.43,1092.85,Dinheiro,Física,99.0,20
592,2026-04-26,18:15,34,Acessório Slim,Acessório,Azul,M,2,220.29,0.0,440.58,PIX,Online,212.0,16
593,2026-07-10,11:45,140,Acessório Premium,Acessório,Rosa,G,3,155.17,0.0,465.51,PIX,Física,310.0,25
594,2026-08-07,19:15,164,Blusa X,Blusa,Cinza,G,3,193.36,29.0,551.08,PIX,Online,84.0,10
595,2026-05-08,16:45,114,Jaqueta Esporte,Jaqueta,Verde,P,3,60.77,0.0,182.31,Crediário,Online,212.0,24
596,2026-03-21,17:15,161,Vestido X,Vestido,Azul,G,1,67.98,0.0,67.98,Cartão de Crédito,Física,344.0,14
597,2026-07-24,09:45,161,Vestido X,Vestido,Azul,G,2,67.98,0.0,135.96,PIX,Física,318.0,5
598,2026-06-07,19:45,42,Bermuda Casual,Bermuda,Branca,P,4,336.75,134.7,1212.3,Cartão de Débito,Física,442.0,20
599,2026-09-05,19:45,61,Acessório Básica,Acessório,Rosa,M,4,281.06,0.0,1124.24,Cartão de Crédito,Física,188.0,19
600,2026-08-25,13:15,95,Bermuda Básica,Bermuda,Verde,P,2,40.47,0.0,80.94,Cartão de Crédito,Física,309.0,24
601,2026-09-02,15:00  ,130,Blusa Esporte,Blusa,Verde,GG,1,154.8,0.0,154.8,Cartão de Débito,Física,455.0,17
602,2026-05-27,16:45,124,Jaqueta Slim,Jaqueta,Verde,G,2,210.25,63.08,357.42,Cartão de Crédito,Online,352.0,21
603,2026-04-25,19:15,30,Blusa Básica,Blusa,Preta,M,2,249.41,0.0,498.82,Cartão de Crédito,Física,,25
604,2026-08-14,09:00,72,Blusa Premium,Blusa,Verde,GG,1,252.12,0.0,252.12,Cartão de Crédito,Online,187.0,2
605,2026-05-02,20:30,76,Bermuda Premium,Bermuda,Vermelha,M,4,45.34,0.0,181.36,Cartão de Débito,Online,211.0,23
606,2026-08-12,09:00,109,Camiseta Básica,Camiseta,Cinza,P,1,128.12,0.0,128.12,PIX,Física,597.0,3
607,2026-05-28,18:30,21,Jaqueta Casual,Jaqueta,Cinza,G,4,186.68,74.67,672.05,Crediário,Online,324.0,16
608,2026-03-06,14:45,140,Acessório Premium,Acessório,Rosa,G,3,155.17,23.28,442.23,Cartão de Débito,Online,418.0,13
609,2026-07-21,21:00  ,129,Vestido X,Vestido,Branca,GG,4,295.38,59.08,1122.44,Cartão de Crédito,Online,341.0,14
610,2026-07-08,18:00,76,Bermuda Premium,Bermuda,Vermelha,M,4,45.34,18.14,163.22,PIX,Online,11.0,19
611,2026-04-09,10:15,33,Blusa X,Blusa,Vermelha,P,1,230.83,34.62,196.21,Crediário,Física,421.0,13
612,2026-04-11,16:00,135,Camiseta Slim,Camiseta,Preta,GG,1,333.31,33.33,299.98,Cartão de Crédito,Física,34.0,16
613,2026-05-27,16:30,171,Acessório X,Acessório,Verde,G,3,85.73,0.0,257.19,Cartão de Crédito,Online,,12
614,2026-08-24,19:45,20,Calça X,Calça,Vermelha,P,4,211.81,127.09,720.15,Crediário,Física,417.0,4
615,2026-03-30,18:45,51,Jaqueta Slim,Jaqueta,Verde,M,4,118.56,0.0,474.24,Cartão de Crédito,Física,14.0,16
616,2026-04-21,11:30,118,Camiseta Esporte,Camiseta,Azul,M,1,214.08,0.0,214.08,PIX,Física,39.0,24
617,2026-07-25,10:45,136,Blusa Social,Blusa,Azul,P,3,114.45,0.0,343.35,PIX,Online,468.0,12
618,2026-06-23,13:30,34,Acessório Slim,Acessório,Azul,M,2,220.29,44.06,396.52,Cartão de Débito,Física,160.0,13
619,2026-05-11,19:30,171,Acessório X,Acessório,Verde,G,2,85.73,0.0,171.46,Crediário,Física,109.0,5
620,2026-05-17,09:45,21,Jaqueta Casual,Jaqueta,Cinza,G,2,186.68,56.0,317.36,Cartão de Débito,Online,45900.0,10
621,2026-07-09,16:45  ,31,Vestido Slim,Vestido,Azul,P,1,35.57,0.0,35.57,Cartão de Crédito,Física,398.0,9
622,2026-04-10,13:00,61,Acessório Básica,Acessório,Rosa,M,1,281.06,28.11,252.95,Cartão de Crédito,Física,236.0,13
623,2026-03-08, 09:30,143,Acessório Premium,Acessório,Rosa,M,3,297.19,0.0,891.57,PIX,Física,225.0,1
624,2026-04-18,20:30,120,Vestido Premium,Vestido,Rosa,GG,2,304.25,0.0,608.5,PIX,Física,575.0,10
625,2026-03-04, 16:15,112,Calça Básica,Calça,Azul,M,3,318.38,95.51,859.63,Dinheiro,Física,,22
626,2026-09-11,11:15,94,Acessório Casual,Acessório,Verde,M,1,202.82,0.0,202.82,Cartão de Débito,Física,178.0,5
627,2026-03-13,09:30,142,Acessório Básica,Acessório,Cinza,G,3,333.62,150.13,850.73,Cartão de Débito,Física,296.0,4
628,2026-06-26,17:15,94,Acessório Casual,Acessório,Verde,M,3,202.82,0.0,"R$ 608,46",Cartão de Débito,Online,,20
629,2026-07-24,14:45,44,Jaqueta Esporte,Jaqueta,Azul,GG,2,198.07,0.0,396.14,Cartão de Débito,Física,434.0,11
630,2026-04-19,12:30,168,Vestido Casual,Vestido,Azul,M,4,255.66,0.0,1022.64,Cartão de Crédito,Física,148.0,6
631,2026-07-12,21:30,36,Vestido Social,Vestido,Azul,P,3,348.35,156.76,"R$ 888,29",PIX,Online,578.0,9
632,2026-07-21,21:00,133,Calça Social,Calça,Rosa,G,3,39.8,0.0,119.4,Cartão de Crédito,Online,300.0,3
633,2026-05-13,20:45,144,Calça Social,Calça,Cinza,GG,2,200.29,60.09,"R$ 340,49",Cartão de Débito,Online,544.0,8
634,2026-07-14,11:15,81,Calça Social,Calça,Cinza,P,3,125.82,0.0,377.46,PIX,Online,92242.0,18
635,2026-03-02,13:30,153,Vestido Básica,Vestido,Preta,G,4,129.37,0.0,"R$ 517,48",PIX,Física,598.0,4
636,2026-07-02,15:30,163,Jaqueta Básica,Jaqueta,Branca,M,3,212.45,0.0,637.35,CARTÃO DE DÉBITO,Física,508.0,15
637,2026-07-21,21:15,61,Acessório Básica,Acessório,Rosa,M,2,281.06,28.11,534.01,Cartão de Crédito,Física,507.0,5
638,05/03/26,19:15,34,Acessório Slim,Acessório,Azul,M,3,220.29,0.0,660.87,Crediário,Física,436.0,15
639,2026-08-30,15:15,170,Blusa Premium,Blusa,Azul,G,2,154.9,15.49,294.31,PIX,Física,457.0,15
640,2026-08-06,18:15,54,Calça Esporte,Calça,Verde,P,2,77.13,15.43,138.83,Cartão de Débito,Física,38.0,21
641,2026-07-15,13:45,134,Calça Slim,Calça,Rosa,P,1,297.88,14.89,282.99,Cartão de Débito,Online,250.0,5
642,2026-09-13,17:00,71,Camiseta Esporte,Camiseta,Cinza,GG,1,252.73,12.64,240.09,Cartão de Débito,Online,272.0,2
643,2026-07-02,17:15,164,Blusa X,Blusa,Cinza,G,4,193.36,116.02,657.42,Dinheiro,Física,507.0,20
644,17-03-2026,17:30,69324,Jaqueta Social,Jaqueta,Rosa,G,1,97.54,0.0,97.54,Dinheiro,Online,204.0,22
645,2026-04-03,16:15,39,Calça Social,Calça,Vermelha,GG,1,327.41,0.0,327.41,Cartão de Débito,Física,99.0,14
646,2026-09-01,16:15,90,Blusa Premium,Blusa,Branca,G,3,177.57,79.91,452.8,Cartão de Crédito,Online,,17
647,2026-04-03,10:30,106,Vestido Premium,Vestido,Cinza,G,0,201.43,0.0,201.43,PIX,Online,40.0,21
648,2026-03-11,13:15,143,Acessório Premium,Acessório,Rosa,M,3,297.19,0.0,891.57,Cartão de Crédito,Física,171.0,18
649,2026-07-27,15:30,39,Calça Social,Calça,Vermelha,GG,4,327.41,0.0,1309.64,PIX,Online,489.0,25
650,2026-04-25,17:00,83,Camiseta Básica,Camiseta,Rosa,M,1,221.65,33.25,"188,40",Cartão de Crédito,Online,11.0,3
651,2026-07-04,13:30,162,Blusa Premium,Blusa,Branca,M,4,219.23,0.0,876.92,PIX,Online,224.0,18
652,2026-08-01,15:15,35,Jaqueta Premium,Jaqueta,Preta,P,3,289.59,86.88,781.89,PIX,Física,555.0,20
653,2026-09-08,17:15,51,Jaqueta Slim,Jaqueta,Verde,M,2,118.56,0.0,237.12,Dinheiro,Online,,2
654,2026-07-03,11:45,78,Blusa Casual,Blusa,Cinza,M,1,332.45,0.0,332.45,Cartão de Débito,Física,,3
655,2026-03-16,13:30  ,118,Camiseta Esporte,Camiseta,Azul,M,3,214.08,32.11,610.13,PIX,Física,245.0,16
656,2026-07-21,21:00,37,Bermuda Básica,Bermuda,Branca,M,3,197.74,29.66,563.56,Cartão de Débito,Física,210.0,19
657,2026-06-27,18:15,44,Jaqueta Esporte,Jaqueta,Azul,GG,4,198.07,118.84,673.44,Cartão de Débito,Online,,6
658,2026-08-13,14:15,45,Blusa Social,Blusa,Cinza,G,2,158.82,31.76,285.88,Cartão De Débito,Física,3.0,16
659,2026-07-29,12:00,125,Vestido Esporte,Vestido,Vermelha,P,2,67.79,13.56,122.02,Cartão de Crédito,Física,441.0,17
660,2026-05-17,12:30,53,Camiseta Básica,Camiseta,Branca,P,4,204.54,0.0,818.16,Cartão de Débito,Física,494.0,23
661,2026-08-17,09:45,73,Vestido Social,Vestido,Preta,P,1,83.59,0.0,83.59,Cartão de Débito,Física,106.0,4
662,2026-07-03,14:15,52,Vestido Casual,Vestido,Rosa,GG,1,235.08,35.26,199.82,Crediário,Online,436.0,5
663,2026-04-06, 15:30,65,Jaqueta Social,Jaqueta,Cinza,GG,-1,77.68,0.0,155.36,Cartão de Débito,Online,441.0,7
664,2026-03-25,09:15,7,Jaqueta Esporte,Jaqueta,Preta,P,3,33.34,0.0,100.02,Cartão de Débito,Online,346.0,25
665,2026-07-25,12:15,167,Acessório Casual,Acessório,Preta,P,2,326.38,0.0,652.76,Crediário,Física,443.0,15
666,2026-08-23,14:00,63,Calça Premium,Calça,Vermelha,G,3,277.67,83.3,749.71,Cartão de Débito,Física,155.0,5
667,2026-09-05,17:45,118,Camiseta Esporte,Camiseta,Azul,M,2,214.08,42.82,385.34,Cartão de Crédito,Física,454.0,2
668,2026-07-12,19:00,95,Bermuda Básica,Bermuda,Verde,P,3,40.47,12.14,109.27,Cartão de Débito,Online,573.0,5
669,2026-08-13,15:45,19,Blusa Casual,Blusa,Preta,M,3,212.08,31.81,604.43,PIX,Online,573.0,5
670,2026-04-28,13:45,80,Jaqueta Casual,Jaqueta,Cinza,P,1,258.13,38.72,219.41,Dinheiro,Física,486.0,24
671,2026-08-12,15:30,119,Vestido Básica,Vestido,Azul,P,4,51.47,0.0,205.88,Dinheiro,Física,186.0,13
672,2026-04-25,19:45,109,Camiseta Básica,Camiseta,Cinza,P,1,128.12,12.81,115.31,PIX,Online,354.0,5
673,2026-09-06,18:00,97,Camiseta Slim,Camiseta,Azul,M,3,174.51,0.0,523.53,Cartão de Crédito,Física,80.0,7
674,2026-09-17,18:00,66,Bermuda X,Bermuda,Branca,G,3,98.66,0.0,295.98,Cartão de Débito,Online,191.0,8
675,2026-05-09,14:00,131,Vestido Básica,Vestido,Vermelha,M,2,38.91,3.89,73.93,Dinheiro,Física,120.0,25
676,21/08/2026,19:00,24,Blusa X,Blusa,Cinza,GG,3,80.81,12.12,230.31,Cartão de Débito,Física,297.0,7
677,2026-06-30,19:00,91,Camiseta Casual,Camiseta,Branca,P,1,29.36,0.0,29.36,Cartão de Débito,Física,71.0,14
678,2026-08-29,10:15,12,Bermuda Esporte,Bermuda,Cinza,M,1,327.44,0.0,327.44,PIX,Online,313.0,18
679,2026-05-15,12:00,108,Bermuda Social,Bermuda,Vermelha,P,3,179.79,0.0,"539,37",Crediário,Online,319.0,9
680,2026-08-17,19:15,158,Blusa Social,Blusa,Rosa,M,3,185.68,0.0,557.04,Dinheiro,Online,580.0,11
681,2026-07-28,20:45,66,Bermuda X,Bermuda,Branca,G,3,98.66,29.6,266.38,PIX,Online,365.0,24
682,2026-05-23,12:00,20,Calça X,Calça,Vermelha,P,1,211.81,0.0,211.81,PIX,Física,117.0,24
683,2026-04-13,14:00,147,Bermuda Básica,Bermuda,Branca,P,4,44.8,26.88,152.32,PIX,Física,534.0,11
684,2026-03-24,14:00,165,Blusa Casual,Blusa,Rosa,GG,1,156.99,297.09755884876574,156.99,Crediário,Física,19.0,22
685,2026-06-20,19:15,116,Blusa Casual,Blusa,Azul,G,1,332.71,16.64,316.07,Cartão de Crédito,Online,505.0,22
686,2026-04-10,16:45,155,Bermuda X,Bermuda,Preta,M,2,134.96,40.49,229.43,Cartão de Crédito,Online,47.0,12
687,2026-03-26,11:30,77,Vestido X,Vestido,Rosa,G,2,195.59,0.0,391.18,Cartão de Crédito,Online,349.0,7
688,2026-05-19,17:30,142,Acessório Básica,Acessório,Cinza,G,1,333.62,0.0,333.62,PIX,Online,92.0,6
689,2026-04-17,18:30,15,Blusa Social,Blusa,Azul,M,2,303.57,91.07,516.07,Cartão de Débito,Online,376.0,12
690,2026-06-21,09:45,67,Bermuda Básica,Bermuda,Cinza,P,1,318.87,15.94,302.93,PIX,Física,404.0,25
691,2026-05-28,18:30,80,Jaqueta Casual,Jaqueta,Cinza,P,3,258.13,116.16,658.23,Cartão de Débito,Online,262.0,14
692,2026-05-21,15:00,175,Calça Social,Calça,Rosa,P,1,90.45,0.0,90.45,PIX,Física,110.0,17
693,2026-05-10,18:45,18,Vestido Premium,Vestido,Vermelha,P,2,221.89,66.57,377.21,Crediário,Física,588.0,18
694,2026-03-31,11:30,43,Vestido Básica,Vestido,Rosa,G,1,212.4,0.0,212.4,Crediário,Online,,9
695,2026-04-04,12:15,64,Camiseta Básica,Camiseta,Rosa,M,3,108.86,32.66,293.92,Cartão de Débito,Online,202.0,25
696,2026-06-08,10:30,154,Acessório Esporte,Acessório,Azul,M,3,140.03,0.0,420.09,cartão de débito,Online,271.0,17
697,2026-09-05,18:15,13,Calça X,Calça,Verde,M,2,118.99,0.0,237.98,Cartão de Débito,Online,480.0,8
698,2026-07-10,13:30,29,Blusa Esporte,Blusa,Branca,M,4,318.44,0.0,1273.76,Cartão de Crédito,Física,116.0,10
699,12/08/26,20:00,124,Jaqueta Slim,Jaqueta,Verde,G,1,210.25,0.0,210.25,PIX,Online,129.0,4
700,2026-03-24,09:45,80,Jaqueta Casual,Jaqueta,Cinza,P,2,258.13,25.81,490.45,PIX,Física,,11
701,2026-09-04,20:15,138,Acessório Social,Acessório,Rosa,G,1,125.4,18.81,106.59,Dinheiro,Online,37.0,15
702,2026-05-11,21:30,80,Jaqueta Casual,Jaqueta,Cinza,P,2,258.13,0.0,516.26,Cartão de Débito,Online,,11
703,2026-05-05,13:00,19,Blusa Casual,Blusa,Preta,M,2,212.08,0.0,424.16,Cartão de Crédito,Física,,12
704,2026-04-21,18:30,142,Acessório Básica,Acessório,Cinza,G,2,333.62,66.72,"600,52",Cartão de Débito,Online,144.0,21
705,2026-08-06,17:15,22,Vestido Social,Vestido,Rosa,G,1,289.54,43.43,246.11,PIX,Online,323.0,13
706,2026-09-13,14:45,145,Bermuda Esporte,Bermuda,Cinza,G,2,144.91,43.47,246.35,Cartão de Débito,Física,476.0,1
707,2026-07-22,15:30,171,Acessório X,Acessório,Verde,G,1,85.73,8.57,77.16,Dinheiro,Online,64.0,15
708,2026-09-14,20:45,13,Calça X,Calça,Verde,M,2,118.99,23.8,214.18,Cartão De Débito,Online,,23
709,2026-06-16,09:30,61,Acessório Básica,Acessório,Rosa,M,4,281.06,56.21,1068.03,Cartão de Débito,Online,559.0,10
710,2026-06-28,20:30,104,Vestido Slim,Vestido,Verde,P,3,221.73,99.78,565.41,Dinheiro,Online,126.0,18
711,2026-08-30,15:00,136,Blusa Social,Blusa,Azul,P,1,114.45,17.17,97.28,Cartão de Crédito,Online,289.0,25
712,2026-06-15,15:15  ,113,Blusa Social,Blusa,Rosa,P,3,270.36,0.0,811.08,Cartão de Débito,Online,571.0,23
713,2026-04-13,17:00,64,Camiseta Básica,Camiseta,Rosa,M,1,108.86,5.44,103.42,Cartão de Crédito,Online,149.0,14
714,2026-06-25,14:00,80,Jaqueta Casual,Jaqueta,Cinza,P,4,258.13,154.88,877.64,Crediário,Física,331.0,19
715,2026-09-13,20:30,145,Bermuda Esporte,Bermuda,Cinza,G,3,144.91,0.0,"R$ 434,73",Cartão de Débito,Online,532.0,13
716,2026-06-19,14:45,177,Bermuda Básica,Bermuda,Branca,G,3,113.66,0.0,340.98,Cartão de Débito,Online,367.0,22
717,2026-08-27,11:45,74,Acessório Social,Acessório,Preta,GG,2,90.99,9.1,172.88,PIX,Online,286.0,7
718,2026-05-07,13:15,175,Calça Social,Calça,Rosa,P,4,90.45,54.27,307.53,Crediário,Física,542.0,21
719,2026-04-28,18:30,60,Acessório Esporte,Acessório,Azul,G,2,112.08,33.62,190.54,Cartão de Débito,Física,44.0,9
720,2026-03-23,15:45,106,Vestido Premium,Vestido,Cinza,G,1,201.43,0.0,201.43,Cartão de Crédito,Online,493.0,13
721,2026-04-13,18:30,109,Camiseta Básica,Camiseta,Cinza,P,4,128.12,51.25,461.23,Dinheiro,Online,178.0,1
722,2026-04-05,19:30,116,Blusa Casual,Blusa,Azul,G,4,332.71,199.63,1131.21,Cartão de Crédito,Física,414.0,19
723,2026-07-10,18:00,176,Camiseta Premium,Camiseta,Vermelha,GG,4,225.97,90.39,813.49,PIX,Física,41.0,23
724,2026-08-14,17:30,167,Acessório Casual,Acessório,Preta,P,2,326.38,97.91,554.85,Dinheiro,Online,363.0,12
725,2026-07-24,14:30,46,Acessório X,Acessório,Cinza,M,2,184.96,36.99,332.93,PIX,Física,575.0,23
726,2026-05-11,13:30,66,Bermuda X,Bermuda,Branca,G,4,98.66,0.0,394.64,Cartão de Crédito,Online,262.0,25
727,2026-05-03,10:30,96,Bermuda Casual,Bermuda,Branca,M,3,123.65,18.55,352.4,Cartão de Crédito,Online,89.0,11
728,2026-07-18,15:30,124,Jaqueta Slim,Jaqueta,Verde,G,1,210.25,0.0,210.25,Cartão de Débito,Física,380.0,5
729,2026-05-30,11:45,1,Acessório Premium,Acessório,Verde,G,1,129.26,0.0,129.26,Dinheiro,Física,391.0,18
730,2026-06-01,21:30,103,Jaqueta Social,Jaqueta,Verde,G,3,239.05,0.0,717.15,PIX,Física,49.0,23
731,2026-04-10,21:30,60,Acessório Esporte,Acessório,Azul,G,4,112.08,22.42,425.9,Cartão de Crédito,Online,544.0,20
732,2026-06-06,09:45,169,Vestido Esporte,Vestido,Rosa,M,1,120.16,12.02,108.14,PIX,Física,74.0,17
733,2026-08-02,10:30,98,Vestido Social,Vestido,Branca,G,3,290.16,0.0,870.48,PIX,Física,552.0,19
734,2026-03-15,19:30,99,Vestido Social,Vestido,Rosa,P,4,135.91,54.36,489.28,Cartão de Crédito,Online,484.0,7
735,2026-05-19,21:45,171,Acessório X,Acessório,Verde,G,4,85.73,0.0,342.92,Cartão De Crédito,Online,270.0,15
736,2026-03-14,09:00,32,Bermuda Premium,Bermuda,Azul,GG,1,298.98,44.85,254.13,Crediário,Online,139.0,25
737,2026-04-29,18:45,75,Jaqueta Casual,Jaqueta,Azul,G,3,238.16,0.0,714.48,PIX,Física,330.0,24
738,2026-04-09,12:30,90,Blusa Premium,Blusa,Branca,G,2,177.57,35.51,319.63,Cartão de Débito,Física,210.0,22
739,2026-03-19,16:15,20,Calça X,Calça,Vermelha,P,3,211.81,63.54,571.89,PIX,Online,492.0,18
740,2026-03-28,16:45,15,Blusa Social,Blusa,Azul,M,3,303.57,45.54,865.17,Cartão de Crédito,Online,424.0,2
741,2026-04-07,20:30,22,Vestido Social,Vestido,Rosa,G,4,289.54,0.0,1158.16,PIX,Física,348.0,2
742,2026-06-11,10:00,153,Vestido Básica,Vestido,Preta,G,2,129.37,0.0,258.74,Dinheiro,Online,341.0,11
743,2026-06-10,17:00  ,104,Vestido Slim,Vestido,Verde,P,4,221.73,0.0,886.92,Dinheiro,Física,220.0,21
744,2026-04-11,16:30,82,Vestido Slim,Vestido,Vermelha,P,3,342.99,154.35,874.62,PIX,Online,584.0,12
745,24/08/2026,15:00,15,Blusa Social,Blusa,Azul,M,-2,303.57,0.0,1214.28,PIX,Física,246.0,12
746,2026-07-01,15:00,63,Calça Premium,Calça,Vermelha,G,3,277.67,0.0,833.01,Crediário,Online,417.0,17
747,2026-03-24,13:45,144,Calça Social,Calça,Cinza,GG,1,200.29,0.0,200.29,Cartão de Débito,Física,496.0,1
748,2026-05-13,09:45,108,Bermuda Social,Bermuda,Vermelha,P,4,179.79,107.87,611.29,Cartão de Débito,Online,275.0,7
749,2026-09-13,19:15,81,Calça Social,Calça,Cinza,P,4,125.82,25.16,"478,12",Dinheiro,Online,68.0,25
750,2026-03-02,21:45,146,Acessório Esporte,Acessório,Vermelha,P,4,103.95,0.0,415.8,PIX,Online,348.0,4
751,2026-06-29,13:00,176,Camiseta Premium,Camiseta,Vermelha,GG,1,225.97,33.9,192.07,Dinheiro,Física,570.0,9
752,2026-03-18,14:45,74,Acessório Social,Acessório,Preta,GG,3,90.99,0.0,272.97,Cartão de Débito,Online,35.0,6
753,2026-06-28,14:15,34,Acessório Slim,Acessório,Azul,M,3,220.29,0.0,660.87,Dinheiro,Online,459.0,2
754,2026-09-04,14:30,1,Acessório Premium,Acessório,Verde,G,1,129.26,6.46,122.8,Cartão de Débito,Online,55.0,25
755,2026-06-30,13:45,30,Blusa Básica,Blusa,Preta,M,3,249.41,112.23,636.0,Dinheiro,Online,84.0,14
756,2026-06-08,21:45,29,Blusa Esporte,Blusa,Branca,M,3,318.44,143.3,812.02,Dinheiro,Física,231.0,22
757,2026-09-12,19:00,92,Calça Casual,Calça,Rosa,G,1,164.58,0.0,164.58,Cartão de Débito,Online,296.0,13
758,2026-06-27,21:15,98,Vestido Social,Vestido,Branca,G,4,290.16,0.0,"R$ 1.160,64",Cartão de Débito,Online,418.0,3
759,2026-08-09,13:15,5,Jaqueta Slim,Jaqueta,Branca,GG,1,87.47,13.12,74.35,Cartão de Débito,Física,43.0,22
760,2026-05-24,09:00,46,Acessório X,Acessório,Cinza,M,1,184.96,27.74,157.22,Cartão de Débito,Online,18.0,20
761,2026-03-27,12:15,76,Bermuda Premium,Bermuda,Vermelha,M,3,45.34,20.4,115.62,Cartão de Débito,Online,368.0,21
762,2026-03-09, 18:30,53,Camiseta Básica,Camiseta,Branca,P,3,204.54,30.68,582.94,Cartão de Crédito,Online,556.0,15
763,2026-06-18,19:15,81,Calça Social,Calça,Cinza,P,2,125.82,12.58,239.06,Cartão de Débito,Online,446.0,2
764,2026-07-20,15:00,52,Vestido Casual,Vestido,Rosa,GG,3,235.08,0.0,705.24,Dinheiro,Física,257.0,8
765,2026-04-17,20:00,90,Blusa Premium,Blusa,Branca,G,2,177.57,0.0,355.14,PIX,Física,392.0,12
766,2026-05-11,11:00,97,Camiseta Slim,Camiseta,Azul,M,1,174.51,0.0,174.51,Cartão de Crédito,Online,279.0,21
767,2026-06-10,11:30,139,Acessório Slim,Acessório,Branca,P,3,227.76,0.0,683.28,Crediário,Online,132.0,1
768,2026-08-24,16:45,155,Bermuda X,Bermuda,Preta,M,2,134.96,0.0,269.92,PIX,Online,,17
769,2026-09-03,18:30,148,Acessório Premium,Acessório,Vermelha,GG,1,36.52,0.0,36.52,PIX,Online,92.0,11
770,2026-05-17,13:30,53,Camiseta Básica,Camiseta,Branca,P,3,204.54,61.36,"R$ 552,26",Cartão de Crédito,Física,207.0,13
771,2026-08-25,17:00,71,Camiseta Esporte,Camiseta,Cinza,GG,2,252.73,75.82,429.64,Cartão de Crédito,Física,164.0,13
772,2026-05-01,19:15,59,Acessório X,Acessório,Azul,G,2,137.62,0.0,275.24,Cartão de Crédito,Física,567.0,16
773,2026-06-21,09:15,151,Blusa Casual,Blusa,Preta,P,3,121.09,18.16,345.11,Cartão de Débito,Online,495.0,15
774,2026-07-31,10:15,26,Bermuda Slim,Bermuda,Branca,P,1,207.97,0.0,207.97,Crediário,Online,577.0,17
775,2026-06-02,21:15,19,Blusa Casual,Blusa,Preta,M,1,212.08,0.0,212.08,Cartão de Crédito,Online,262.0,7
776,2026-03-08,14:15  ,161,Vestido X,Vestido,Azul,G,4,67.98,0.0,271.92,Cartão de Débito,Online,293.0,6
777,2026-04-22,15:15,15,Blusa Social,Blusa,Azul,M,4,303.57,121.43,1092.85,PIX,Online,235.0,10
778,2026-04-03,16:45,43,Vestido Básica,Vestido,Rosa,G,1,212.4,0.0,212.4,Cartão de Débito,Online,483.0,11
779,2026-08-24,20:45,138,Acessório Social,Acessório,Rosa,G,2,125.4,37.62,213.18,PIX,Online,487.0,17
780,2026-05-31,16:00,12,Bermuda Esporte,Bermuda,Cinza,M,1,327.44,32.74,294.7,Cartão de Débito,Física,573.0,19
781,09-04-2026,11:45,52,Vestido Casual,Vestido,Rosa,GG,3,235.08,105.79,599.45,Dinheiro,Online,28.0,22
782,2026-08-27,21:30,148,Acessório Premium,Acessório,Vermelha,GG,4,36.52,0.0,146.08,Cartão de Crédito,Física,139.0,3
783,12/06/2026,20:00,39,Calça Social,Calça,Vermelha,GG,3,327.41,0.0,"R$ 982,23",Cartão de Débito,Física,532.0,8
784,2026-06-14,13:45,170,Blusa Premium,Blusa,Azul,G,2,154.9,0.0,309.8,CARTÃO DE DÉBITO,Física,558.0,17
785,2026-04-13,15:00,138,Acessório Social,Acessório,Rosa,G,1,125.4,0.0,125.4,Cartão de Débito,Online,61.0,25
786,2026-06-08,21:00,20,Calça X,Calça,Vermelha,P,2,211.81,0.0,423.62,CARTÃO DE CRÉDITO,Online,137.0,10
787,2026-04-27,16:15,15,Blusa Social,Blusa,Azul,M,2,303.57,60.71,546.43,PIX,Física,470.0,4
788,2026-05-23,20:15,46,Acessório X,Acessório,Cinza,M,4,184.96,73.98,665.86,Cartão de Crédito,Física,190.0,15
789,2026-07-23,19:30,117,Vestido Casual,Vestido,Azul,P,3,314.94,0.0,944.82,Cartão de Crédito,Física,314.0,10
790,2026-08-23,19:30,110,Bermuda Esporte,Bermuda,Branca,GG,3,116.53,52.44,297.15,Dinheiro,Online,558.0,17
791,2026-06-27,18:45,144,Calça Social,Calça,Cinza,GG,-2,200.29,120.17,680.99,Cartão de Débito,Física,201.0,23
792,2026-08-01,15:15,137,Camiseta Esporte,Camiseta,Preta,M,3,149.09,0.0,447.27,Dinheiro,Online,176.0,6
793,2026-03-09,14:45,85,Blusa Casual,Blusa,Vermelha,G,2,273.43,82.03,464.83,Cartão de Débito,Física,510.0,21
794,2026-04-04,21:30,138,Acessório Social,Acessório,Rosa,G,1,125.4,0.0,125.4,PIX,Física,,19
795,2026-06-23,14:15,110,Bermuda Esporte,Bermuda,Branca,GG,3,116.53,17.48,332.11,PIX,Online,415.0,20
796,2026-08-30,19:00,35,Jaqueta Premium,Jaqueta,Preta,P,3,289.59,0.0,868.77,Dinheiro,Online,18.0,15
797,2026-09-23,09:15,141,Acessório Slim,Acessório,Rosa,G,3,250.39,0.0,751.17,Dinheiro,Física,584.0,10
798,2026-06-29,15:00,54,Calça Esporte,Calça,Verde,P,4,77.13,30.85,277.67,Dinheiro,Física,456.0,16
799,2026-04-15,20:45,11,Calça Básica,Calça,Vermelha,G,4,297.24,178.34,1010.62,PIX,Online,12.0,23
800,2026-03-27,10:45,15,Blusa Social,Blusa,Azul,M,1,303.57,45.54,258.03,Cartão de Débito,Física,69.0,1
801,2026-08-18,11:00,107,Blusa Slim,Blusa,Preta,M,3,264.43,0.0,793.29,Cartão de Crédito,Física,567.0,25
802,2026-03-01,17:30,94,Acessório Casual,Acessório,Verde,M,2,202.82,60.85,344.79,PIX,Online,423.0,22
803,02/03/2026,15:15,89,Acessório Slim,Acessório,Preta,P,4,283.36,113.34,1020.1,Cartão de Crédito,Online,112.0,12
804,2026-06-26,15:15,20,Calça X,Calça,Vermelha,P,3,211.81,0.0,635.43,Cartão de Crédito,Online,64.0,3
805,2026-06-04,20:30,15,Blusa Social,Blusa,Azul,M,2,303.57,0.0,607.14,Dinheiro,Física,110.0,20
806,2026-09-13,15:00,140,Acessório Premium,Acessório,Rosa,G,3,155.17,0.0,465.51,Crediário,Online,62.0,23
807,2026-05-27,15:00,144,Calça Social,Calça,Cinza,GG,1,200.29,0.0,200.29,Cartão de Débito,Online,243.0,22
808,2026-09-16,21:45,99,Vestido Social,Vestido,Rosa,P,3,135.91,61.16,346.57,Dinheiro,Online,408.0,1
809,2026-05-10,11:45,75,Jaqueta Casual,Jaqueta,Azul,G,3,238.16,0.0,714.48,Dinheiro,Física,375.0,12
810,2026-07-22,10:45,173,Jaqueta Casual,Jaqueta,Cinza,GG,2,328.02,0.0,656.04,Dinheiro,Física,570.0,7
811,2026-07-03,12:15,40,Bermuda Esporte,Bermuda,Azul,G,2,78.7,23.61,133.79,Cartão de Crédito,Online,134.0,5
812,2026-03-11,16:15,58,Acessório Básica,Acessório,Cinza,P,2,304.84,0.0,609.68,Cartão de Débito,Física,62.0,20
813,2026-04-01,15:30,137,Camiseta Esporte,Camiseta,Preta,M,3,149.09,0.0,447.27,Cartão de Crédito,Online,252.0,11
814,2026-08-25,15:45,67,Bermuda Básica,Bermuda,Cinza,P,4,318.87,191.32,1084.16,Cartão de Crédito,Online,350.0,13
815,2026-06-18,11:30,146,Acessório Esporte,Acessório,Vermelha,P,3,103.95,0.0,311.85,Cartão de Crédito,Física,42563.0,2
816,2026-07-03,09:00,144,Calça Social,Calça,Cinza,GG,1,200.29,0.0,"200,29",PIX,Online,238.0,15
817,2026-03-07,10:30,109,Camiseta Básica,Camiseta,Cinza,P,3,128.12,0.0,384.36,Cartão de Débito,Física,363.0,6
818,2026-05-02,09:15,19,Blusa Casual,Blusa,Preta,M,3,212.08,31.81,604.43,Cartão de Débito,Online,66.0,13
819,2026-08-06,19:15,93,Blusa Social,Blusa,Vermelha,GG,2,327.13,65.43,588.83,Cartão de Crédito,Física,,17
820,2026-04-11,19:30,47,Vestido Premium,Vestido,Cinza,G,4,115.65,46.26,416.34,PIX,Online,225.0,7
821,2026-05-14,09:30,74,Acessório Social,Acessório,Preta,GG,3,90.99,0.0,272.97,Cartão de Débito,Física,522.0,6
822,2026-06-22,09:00,129,Vestido X,Vestido,Branca,GG,2,295.38,88.61,502.15,Cartão de Débito,Física,93.0,20
823,2026-09-02,21:30,8,Blusa Social,Blusa,Preta,M,3,290.68,0.0,872.04,PIX,Online,11.0,2
824,18/03/2026,12:15,101,Vestido Social,Vestido,Vermelha,GG,2,158.47,0.0,316.94,Cartão de Débito,Física,524.0,24
825,2026-07-04,13:15,102,Bermuda X,Bermuda,Azul,G,3,181.84,81.83,463.69,Cartão de Crédito,Física,403.0,25
826,2026-03-30,17:15,95,Bermuda Básica,Bermuda,Verde,P,1,40.47,6.07,34.4,Cartão de Crédito,Física,340.0,18
827,2026-05-25,16:15,137,Camiseta Esporte,Camiseta,Preta,M,2,149.09,0.0,298.18,Dinheiro,Física,,13
828,2026-03-31,17:45,83,Camiseta Básica,Camiseta,Rosa,M,3,221.65,33.25,631.7,PIX,Online,34.0,3
829,2026-04-02,09:30,99,Vestido Social,Vestido,Rosa,P,1,135.91,6.8,129.11,Cartão de Débito,Online,587.0,16
830,2026-05-19,19:15,95,Bermuda Básica,Bermuda,Verde,P,2,40.47,8.09,72.85,Crediário,Online,68.0,5
831,2026-03-17,20:00,24,Blusa X,Blusa,Cinza,GG,1,80.81,8.08,72.73,Cartão de Débito,Física,564.0,11
832,2026-05-06,12:45,147,Bermuda Básica,Bermuda,Branca,P,3,44.8,6.72,127.68,PIX,Física,56.0,5
833,2026-05-22,12:00,148,Acessório Premium,Acessório,Vermelha,GG,4,36.52,0.0,146.08,Cartão de Débito,Online,183.0,11
834,2026-04-27,12:00,45,Blusa Social,Blusa,Cinza,G,3,158.82,0.0,476.46,Cartão de Crédito,Física,200.0,14
835,2026-06-28,13:30,74,Acessório Social,Acessório,Preta,GG,4,90.99,54.59,309.37,Crediário,Física,253.0,19
836,2026-05-20,13:30,10,Jaqueta Casual,Jaqueta,Cinza,GG,4,338.29,202.97,1150.19,Crediário,Física,211.0,18
837,2026-03-11,18:00,110,Bermuda Esporte,Bermuda,Branca,GG,1,116.53,0.0,"116,53",Cartão de Crédito,Online,577.0,2
838,2026-05-02,15:00,43,Vestido Básica,Vestido,Rosa,G,4,212.4,127.44,722.16,Cartão de Débito,Online,187.0,25
839,2026-07-10,21:00,75,Jaqueta Casual,Jaqueta,Azul,G,-1,238.16,0.0,714.48,PIX,Online,134.0,2
840,2026-03-29,09:00,49,Calça Básica,Calça,Verde,GG,3,193.27,86.97,492.84,Cartão de Crédito,Física,239.0,24
841,2026-04-04,15:30,2,Camiseta Básica,Camiseta,Cinza,P,2,57.67,11.53,"103,81",Dinheiro,Física,144.0,15
842,2026-05-31,12:45,32,Bermuda Premium,Bermuda,Azul,GG,2,298.98,0.0,597.96,Cartão de Crédito,Online,129.0,25
843,2026-07-18,17:00,168,Vestido Casual,Vestido,Azul,M,2,255.66,0.0,511.32,Crediário,Física,258.0,1
844,2026-05-22,18:00,4,Jaqueta Básica,Jaqueta,Vermelha,M,4,148.57,89.14,505.14,Crediário,Física,,12
845,2026-09-08,13:30,172,Camiseta Social,Camiseta,Rosa,G,-1,281.43,28.14,253.29,Cartão de Crédito,Online,21.0,11
846,2026-04-25,17:30,27,Vestido Premium,Vestido,Cinza,G,4,137.14,0.0,548.56,Cartão de Débito,Física,157.0,17
847,2026-05-18,15:15,54,Calça Esporte,Calça,Verde,P,1,77.13,11.57,65.56,PIX,Online,38.0,20
848,2026-03-19,10:45,107,Blusa Slim,Blusa,Preta,M,4,264.43,0.0,1057.72,PIX,Física,,21
849,2026-03-15,12:30,158,Blusa Social,Blusa,Rosa,M,3,185.68,0.0,557.04,Dinheiro,Física,363.0,2
850,2026-06-19,15:00,26,Bermuda Slim,Bermuda,Branca,P,1,207.97,10.4,197.57,Cartão de Crédito,Física,,8
851,2026-06-17,17:30,75,Jaqueta Casual,Jaqueta,Azul,G,1,238.16,0.0,238.16,Cartão de Crédito,Física,,25
852,2026-09-21,12:15,9,Jaqueta Social,Jaqueta,Rosa,G,3,97.54,0.0,292.62,Cartão de Crédito,Online,90.0,15
853,2026-07-31,13:30,131,Vestido Básica,Vestido,Vermelha,M,4,38.91,15.56,140.08,PIX,Online,5.0,13
854,2026-09-22,14:15,83,Camiseta Básica,Camiseta,Rosa,M,4,221.65,132.99,753.61,Cartão de Débito,Online,358.0,24
855,2026-08-02,20:30,69,Camiseta Social,Camiseta,Branca,M,3,96.99,0.0,290.97,Dinheiro,Online,352.0,6
856,2026-05-18,14:45,152,Acessório Básica,Acessório,Verde,GG,2,238.11,0.0,476.22,Dinheiro,Física,397.0,13
857,2026-07-10,11:45,109,Camiseta Básica,Camiseta,Cinza,P,2,128.12,25.62,230.62,Crediário,Física,526.0,19
858,2026-05-26,09:30,17,Acessório Casual,Acessório,Rosa,P,2,277.21,27.72,526.7,Cartão de Crédito,Online,306.0,11
859,2026-07-23,14:30,78,Blusa Casual,Blusa,Cinza,M,3,332.45,49.87,947.48,Cartão de Crédito,Física,500.0,15
860,2026-07-08,17:45,163,Jaqueta Básica,Jaqueta,Branca,M,2,212.45,0.0,424.9,PIX,Física,382.0,25
861,2026-04-19,12:15,57,Jaqueta Básica,Jaqueta,Verde,GG,2,111.2,11.12,211.28,Cartão de Débito,Física,287.0,18
862,2026-07-14,14:15,92,Calça Casual,Calça,Rosa,G,1,164.58,24.69,139.89,Cartão de Crédito,Online,39.0,7
863,2026-03-23,09:45,158,Blusa Social,Blusa,Rosa,M,2,185.68,0.0,371.36,Cartão de Crédito,Online,548.0,21
864,2026-06-22,10:15,70,Blusa Slim,Blusa,Verde,GG,3,203.23,91.45,518.24,Cartão de Débito,Física,,25
865,2026-05-06,12:30,89968,Jaqueta Premium,Jaqueta,Vermelha,G,3,65.29,19.59,176.28,PIX,Online,333.0,3
866,2026-07-28,12:15,62,Camiseta Básica,Camiseta,Azul,GG,1,140.6,7.03,133.57,PIX,Física,441.0,17
867,2026-08-19,16:45,114,Jaqueta Esporte,Jaqueta,Verde,P,3,60.77,0.0,182.31,Cartão de Débito,Online,271.0,1
868,2026-08-02,19:45,30,Blusa Básica,Blusa,Preta,M,4,249.41,0.0,997.64,Crediário,Online,,16
869,2026-06-05,13:00,47,Vestido Premium,Vestido,Cinza,G,2,115.65,0.0,231.3,Cartão de Débito,Física,537.0,14
870,2026-08-03,15:00,98,Vestido Social,Vestido,Branca,G,2,290.16,58.03,522.29,Cartão de Crédito,Online,55.0,17
871,2026-06-03,20:45,37,Bermuda Básica,Bermuda,Branca,M,3,197.74,0.0,593.22,Cartão de Débito,Física,544.0,21
872,2026-05-28,19:15,97,Camiseta Slim,Camiseta,Azul,M,4,174.51,0.0,698.04,Cartão de Crédito,Online,479.0,1
873,2026-03-18,09:15,21,Jaqueta Casual,Jaqueta,Cinza,G,4,186.68,112.01,634.71,Dinheiro,Online,258.0,16
874,2026-05-27,15:15,106,Vestido Premium,Vestido,Cinza,G,1,201.43,20.14,181.29,Cartão de Crédito,Online,504.0,4
875,2026-05-24,11:15,80,Jaqueta Casual,Jaqueta,Cinza,P,3,258.13,0.0,774.39,PIX,Física,146.0,14
876,2026-07-20,10:30,87,Camiseta Casual,Camiseta,Rosa,G,1,25.88,1.29,24.59,Cartão de Crédito,Física,262.0,3
877,2026-07-03,12:15,176,Camiseta Premium,Camiseta,Vermelha,GG,1,225.97,22.6,203.37,Crediário,Online,230.0,16
878,2026-07-15,09:00,162,Blusa Premium,Blusa,Branca,M,2,219.23,0.0,438.46,Cartão de Crédito,Online,446.0,10
879,2026-06-19,16:15,34,Acessório Slim,Acessório,Azul,M,4,220.29,0.0,881.16,Cartão de Débito,Física,571.0,23
880,2026-07-08,20:00,22,Vestido Social,Vestido,Rosa,G,2,289.54,57.91,521.17,Crediário,Online,512.0,16
881,2026-04-18,14:15,84,Jaqueta Básica,Jaqueta,Verde,P,2,313.9,31.39,596.41,Cartão de Crédito,Online,47.0,15
882,2026-08-23,10:15,17,Acessório Casual,Acessório,Rosa,P,4,277.21,0.0,1108.84,Dinheiro,Física,49.0,13
883,2026-05-30,12:30,65,Jaqueta Social,Jaqueta,Cinza,GG,1,77.68,0.0,77.68,Dinheiro,Física,560.0,6
884,2026-04-28,14:15,143,Acessório Premium,Acessório,Rosa,M,1,297.19,0.0,297.19,PIX,Online,417.0,23
885,2026-08-25,11:45,117,Vestido Casual,Vestido,Azul,P,4,314.94,0.0,1259.76,Crediário,Física,493.0,7
886,2026-04-21,11:30,121,Vestido Casual,Vestido,Verde,G,2,101.83,10.18,193.48,Cartão de Débito,Online,,24
887,2026-08-19,14:15,162,Blusa Premium,Blusa,Branca,M,2,219.23,43.85,394.61,Crediário,Física,310.0,25
888,2026-07-04,21:00,72,Blusa Premium,Blusa,Verde,GG,2,252.12,0.0,504.24,Cartão de Débito,Online,504.0,15
889,2026-03-04,11:00,45,Blusa Social,Blusa,Cinza,G,1,158.82,0.0,158.82,Cartão de Crédito,Física,469.0,2
890,2026-08-22,17:45,30,Blusa Básica,Blusa,Preta,M,2,249.41,0.0,498.82,Crediário,Online,43.0,9
891,2026-05-21,20:30,69,Camiseta Social,Camiseta,Branca,M,4,96.99,0.0,387.96,Dinheiro,Online,118.0,24
892,2026-04-07,13:15  ,20,Calça X,Calça,Vermelha,P,3,211.81,0.0,635.43,PIX,Online,20.0,1
893,2026-08-03,15:45,141,Acessório Slim,Acessório,Rosa,G,3,250.39,75.12,676.05,Cartão De Crédito,Física,128.0,13
894,2026-04-09,19:15,41,Jaqueta Casual,Jaqueta,Cinza,GG,2,274.27,27.43,521.11,Cartão de Débito,Online,,21
895,2026-06-29,13:30,153,Vestido Básica,Vestido,Preta,G,4,129.37,51.75,465.73,Cartão de Crédito,Online,504.0,12
896,2026-04-23,14:30,108,Bermuda Social,Bermuda,Vermelha,P,1,179.79,0.0,179.79,Cartão de Crédito,Online,567.0,3
897,2026-08-02,16:30,102,Bermuda X,Bermuda,Azul,G,3,181.84,81.83,463.69,PIX,Física,82.0,15
898,2026-05-15,10:30,6,Acessório X,Acessório,Azul,GG,2,334.07,0.0,668.14,Cartão de Débito,Online,165.0,11
899,2026-04-25,17:15,4,Jaqueta Básica,Jaqueta,Vermelha,M,4,148.57,29.71,564.57,Crediário,Online,,5
900,2026-06-16,13:30,89,Acessório Slim,Acessório,Preta,P,1,283.36,14.17,269.19,Cartão de Débito,Física,401.0,12
901,2026-05-30,16:30,100,Vestido Casual,Vestido,Preta,M,3,76.04,11.41,216.71,Dinheiro,Online,528.0,7
902,2026-05-01,17:00,89,Acessório Slim,Acessório,Preta,P,3,283.36,0.0,850.08,Cartão de Débito,Física,172.0,25
903,13/09/2026,20:45,37,Bermuda Básica,Bermuda,Branca,M,4,197.74,0.0,790.96,Crediário,Física,7.0,2
904,2026-03-30,21:15,159,Acessório Slim,Acessório,Azul,G,2,201.01,60.3,341.72,Dinheiro,Online,200.0,15
905,2026-04-28,18:00,151,Blusa Casual,Blusa,Preta,P,3,121.09,36.33,326.94,Cartão de Débito,Online,43.0,5
906,2026-05-15,18:15,76429,Acessório Básica,Acessório,Verde,GG,4,238.11,0.0,952.44,PIX,Online,,18
907,2026-03-25,21:30,114,Jaqueta Esporte,Jaqueta,Verde,P,4,60.77,0.0,243.08,Cartão de Crédito,Física,184.0,23
908,2026-08-27,19:45,163,Jaqueta Básica,Jaqueta,Branca,M,1,212.45,0.0,212.45,Crediário,Física,317.0,25
909,2026-08-07,12:30,48,Camiseta Esporte,Camiseta,Preta,G,1,170.37,17.04,153.33,crediário,Física,,11
910,2026-04-19,18:45,111,Acessório Esporte,Acessório,Rosa,M,4,333.04,0.0,1332.16,Cartão de Crédito,Física,43.0,10
911,2026-04-29,10:45,111,Acessório Esporte,Acessório,Rosa,M,2,333.04,99.91,566.17,Cartão de Débito,Online,288.0,13
912,2026-04-03,15:00,11,Calça Básica,Calça,Vermelha,G,4,297.24,0.0,1188.96,Cartão de Débito,Física,271.0,9
913,2026-09-01,18:30,57,Jaqueta Básica,Jaqueta,Verde,GG,4,111.2,44.48,400.32,Cartão de Débito,Física,,4
914,2026-09-25,18:15,58,Acessório Básica,Acessório,Cinza,P,3,304.84,91.45,823.07,Cartão de Crédito,Física,455.0,22
915,2026-04-03,09:30,34,Acessório Slim,Acessório,Azul,M,1,220.29,0.0,220.29,Crediário,Física,507.0,11
916,2026-03-26,21:15,62,Camiseta Básica,Camiseta,Azul,GG,4,140.6,56.24,506.16,Crediário,Física,468.0,4
917,2026-03-16,12:30,8,Blusa Social,Blusa,Preta,M,2,290.68,29.07,552.29,Cartão de Crédito,Física,,14
918,2026-08-01,13:15,71,Camiseta Esporte,Camiseta,Cinza,GG,2,252.73,0.0,505.46,Crediário,Física,387.0,7
919,2026-03-11,11:30,97,Camiseta Slim,Camiseta,Azul,M,3,174.51,0.0,523.53,Cartão de Crédito,Online,168.0,9
920,2026-06-16,19:00,97,Camiseta Slim,Camiseta,Azul,M,2,174.51,34.9,314.12,PIX,Física,279.0,2
921,2026-09-09,18:30,141,Acessório Slim,Acessório,Rosa,G,1,250.39,25.04,225.35,Cartão de Crédito,Online,372.0,14
922,2026-03-10,20:15,35,Jaqueta Premium,Jaqueta,Preta,P,3,289.59,130.32,738.45,Cartão de Crédito,Física,524.0,11
923,2026-09-15,17:15,90,Blusa Premium,Blusa,Branca,G,2,177.57,17.76,337.38,PIX,Física,188.0,23
924,2026-04-28,12:15,56,Bermuda Casual,Bermuda,Verde,P,4,269.73,161.84,917.08,Cartão De Débito,Física,586.0,25
925,2026-06-18, 21:00 ,59,Acessório X,Acessório,Azul,G,4,137.62,0.0,550.48,PIX,Física,,24
926,2026-08-31,16:15,79,Camiseta X,Camiseta,Cinza,G,2,76.54,15.31,137.77,PIX,Física,,21
927,2026-06-22,11:45,22,Vestido Social,Vestido,Rosa,G,2,289.54,0.0,579.08,Crediário,Online,152.0,1
928,2026-05-09,15:45,120,Vestido Premium,Vestido,Rosa,GG,4,304.25,0.0,1217.0,PIX,Online,268.0,11
929,2026-03-16,18:45,19,Blusa Casual,Blusa,Preta,M,1,212.08,10.6,201.48,PIX,Online,214.0,10
930,2026-07-09,17:15,104,Vestido Slim,Vestido,Verde,P,4,221.73,133.04,753.88,Dinheiro,Online,479.0,4
931,2026-03-23,14:30,169,Vestido Esporte,Vestido,Rosa,M,2,120.16,0.0,240.32,Crediário,Online,297.0,6
932,2026-05-30,13:45,90,Blusa Premium,Blusa,Branca,G,1,177.57,17.76,159.81,PIX,Online,46172.0,22
933,2026-03-19,19:00,165,Blusa Casual,Blusa,Rosa,GG,3,156.99,47.1,423.87,CREDIÁRIO,Física,504.0,5
934,2026-06-18,20:30,18,Vestido Premium,Vestido,Vermelha,P,3,221.89,0.0,665.67,Cartão de Crédito,Física,128.0,22
935,2026-07-26,19:45,151,Blusa Casual,Blusa,Preta,P,1,121.09,0.0,121.09,Cartão de Débito,Física,461.0,8
936,2026-03-06,18:15,42,Bermuda Casual,Bermuda,Branca,P,1,336.75,0.0,336.75,PIX,Física,130.0,1
937,13/07/26,19:45,55,Vestido Premium,Vestido,Verde,P,3,95.27,42.87,242.94,Dinheiro,Online,585.0,23
938,2026-03-16,18:30,30,Blusa Básica,Blusa,Preta,M,1,249.41,12.47,236.94,Cartão de Débito,Física,210.0,12
939,2026-08-14,12:15,73,Vestido Social,Vestido,Preta,P,3,83.59,25.08,225.69,Cartão de Crédito,Online,357.0,4
940,2026-09-11,10:30,83,Camiseta Básica,Camiseta,Rosa,M,1,221.65,22.17,199.48,Cartão de Crédito,Online,382.0,16
941,2026-04-16,21:00,102,Bermuda X,Bermuda,Azul,G,1,181.84,27.28,154.56,Cartão de Débito,Física,558.0,17
942,2026-07-09,17:30,148,Acessório Premium,Acessório,Vermelha,GG,4,36.52,0.0,146.08,PIX,Online,552.0,22
943,2026-08-07,09:15,23,Blusa X,Blusa,Preta,P,2,219.84,43.97,395.71,Cartão de Débito,Online,403.0,22
944,2026-04-12,14:15,159,Acessório Slim,Acessório,Azul,G,2,201.01,0.0,402.02,PIX,Online,364.0,13
945,2026-08-01,12:00,128,Bermuda Básica,Bermuda,Preta,GG,3,193.28,28.99,550.85,Cartão de Débito,Online,258.0,13
946,2026-07-25,14:15,146,Acessório Esporte,Acessório,Vermelha,P,1,103.95,15.59,88.36,Cartão de Crédito,Online,474.0,19
947,2026-06-23,14:30,50,Blusa Esporte,Blusa,Vermelha,GG,1,189.51,0.0,189.51,Cartão de Crédito,Física,421.0,12
948,2026-06-24,18:45,58,Acessório Básica,Acessório,Cinza,P,3,304.84,91.45,823.07,Dinheiro,Física,67.0,3
949,2026-05-14,10:00,7,Jaqueta Esporte,Jaqueta,Preta,P,1,33.34,3.33,30.01,Cartão de Crédito,Física,437.0,2
950,2026-08-04,13:15,106,Vestido Premium,Vestido,Cinza,G,1,201.43,10.07,191.36,Cartão de Crédito,Física,552.0,14
951,2026-07-14,16:30,56,Bermuda Casual,Bermuda,Verde,P,3,269.73,40.46,"768,73",Cartão de Crédito,Online,419.0,5
952,2026-04-09,13:00,107,Blusa Slim,Blusa,Preta,M,3,264.43,0.0,793.29,PIX,Física,26.0,21
953,2026-08-02,16:00,24,Blusa X,Blusa,Cinza,GG,2,80.81,0.0,161.62,Dinheiro,Física,25574.0,13
954,2026-05-17,16:15,6,Acessório X,Acessório,Azul,GG,2,334.07,0.0,668.14,Crediário,Online,20.0,24
955,2026-04-05,11:15,70,Blusa Slim,Blusa,Verde,GG,4,203.23,0.0,812.92,Crediário,Física,205.0,7
956,2026-07-02,09:30,68,Jaqueta Premium,Jaqueta,Vermelha,G,2,65.29,19.59,"R$ 110,99",PIX,Online,413.0,2
957,2026-04-05,09:15,180,Acessório X,Acessório,Cinza,G,2,73.69,7.37,140.01,Dinheiro,Física,20.0,25
958,2026-06-04,21:30,77,Vestido X,Vestido,Rosa,G,1,195.59,19.56,176.03,PIX,Online,407.0,14
959,2026-06-13,14:45,152,Acessório Básica,Acessório,Verde,GG,1,238.11,35.72,202.39,PIX,Online,216.0,7
960,2026-03-07,20:15,142,Acessório Básica,Acessório,Cinza,G,4,333.62,133.45,1201.03,Cartão de Crédito,Física,179.0,18
961,2026-03-06,15:15,83,Camiseta Básica,Camiseta,Rosa,M,2,221.65,66.5,376.8,Dinheiro,Física,407.0,8
962,08/03/2026,09:45,13,Calça X,Calça,Verde,M,1,118.99,0.0,118.99,Dinheiro,Online,555.0,8
963,2026-08-08,09:15,15,Blusa Social,Blusa,Azul,M,1,303.57,30.36,273.21,Cartão de Crédito,Online,328.0,20
964,2026-06-22,15:15,127,Vestido Social,Vestido,Rosa,G,2,72.5,0.0,145.0,Dinheiro,Física,178.0,23
965,2026-03-17,16:45,164,Blusa X,Blusa,Cinza,G,3,193.36,58.01,522.07,PIX,Física,466.0,11
966,2026-08-13, 18:00 ,105,Vestido Esporte,Vestido,Vermelha,P,4,168.87,0.0,675.48,PIX,Física,296.0,5
967,2026-03-07,10:30,16,Acessório Casual,Acessório,Verde,GG,2,160.59,0.0,321.18,Cartão de Crédito,Física,49.0,23
968,2026-05-17,14:15,99,Vestido Social,Vestido,Rosa,P,1,135.91,13.59,122.32,PIX,Física,202.0,2
969,2026-09-12,13:45,11,Calça Básica,Calça,Vermelha,G,2,297.24,0.0,594.48,PIX,Física,407.0,5
970,2026-05-17,18:00,37,Bermuda Básica,Bermuda,Branca,M,1,197.74,0.0,197.74,Cartão de Débito,Física,362.0,19
971,2026-06-30,09:00,164,Blusa X,Blusa,Cinza,G,4,193.36,116.02,657.42,Crediário,Física,183.0,20
972,2026-06-20,09:15,74,Acessório Social,Acessório,Preta,GG,3,90.99,27.3,245.67,Cartão de Débito,Física,27.0,10
973,2026-09-03,19:45,110,Bermuda Esporte,Bermuda,Branca,GG,2,116.53,11.65,221.41,Cartão de Débito,Física,377.0,9
974,2026-06-10,15:15,131,Vestido Básica,Vestido,Vermelha,M,4,38.91,23.35,132.29,PIX,Física,433.0,7
975,2026-05-28,18:30,75,Jaqueta Casual,Jaqueta,Azul,G,3,238.16,0.0,714.48,PIX,Física,71.0,10
976,2026-08-03,12:15,83,Camiseta Básica,Camiseta,Rosa,M,2,221.65,66.5,376.8,PIX,Física,312.0,14
977,20/08/26,10:15,149,Calça Premium,Calça,Vermelha,P,4,296.39,177.83,1007.73,Cartão de Débito,Online,,12
978,2026-03-19,20:15,171,Acessório X,Acessório,Verde,G,2,85.73,0.0,171.46,Cartão de Débito,Física,336.0,19
979,2026-03-20,10:30,27,Vestido Premium,Vestido,Cinza,G,4,137.14,27.43,521.13,Cartão de Débito,Online,294.0,13
980,2026-08-26,18:15  ,67,Bermuda Básica,Bermuda,Cinza,P,3,318.87,143.49,813.12,Cartão de Débito,Física,52.0,12
981,2026-05-01,18:45,178,Calça Básica,Calça,Azul,GG,2,144.41,0.0,288.82,Cartão de Débito,Online,495.0,16
982,2026-07-14,18:45,112,Calça Básica,Calça,Azul,M,1,318.38,31.84,"R$ 286,54",Cartão de Débito,Online,10.0,7
983,01/07/26,21:30,71,Camiseta Esporte,Camiseta,Cinza,GG,4,252.73,0.0,1010.92,Cartão de Débito,Online,299.0,3
984,2026-08-28,14:15,154,Acessório Esporte,Acessório,Azul,M,2,140.03,14.0,266.06,Crediário,Online,487.0,7
985,2026-05-26,15:45,158,Blusa Social,Blusa,Rosa,M,4,185.68,0.0,742.72,Cartão de Crédito,Física,,12
986,2026-08-04,19:00,5,Jaqueta Slim,Jaqueta,Branca,GG,2,87.47,26.24,148.7,Dinheiro,Online,515.0,22
987,2026-08-10,14:30,5,Jaqueta Slim,Jaqueta,Branca,GG,3,87.47,0.0,262.41,PIX,Online,,24
988,2026-06-25,20:15,65,Jaqueta Social,Jaqueta,Cinza,GG,2,77.68,23.3,132.06,PIX,Física,179.0,22
989,2026-07-28,18:30,152,Acessório Básica,Acessório,Verde,GG,3,238.11,0.0,714.33,Cartão de Crédito,Física,596.0,11
990,2026-06-28,11:00,96,Bermuda Casual,Bermuda,Branca,M,3,123.65,55.64,315.31,Cartão de Crédito,Física,594.0,6
991,2026-07-20,19:45,118,Camiseta Esporte,Camiseta,Azul,M,4,214.08,0.0,856.32,Cartão de Débito,Física,404.0,23
992,2026-03-29,10:00,40,Bermuda Esporte,Bermuda,Azul,G,3,78.7,23.61,212.49,Cartão de Débito,Física,556.0,22
993,2026-03-17,13:15,90,Blusa Premium,Blusa,Branca,G,3,177.57,0.0,532.71,Cartão de Crédito,Física,24.0,5
994,2026-09-09,12:00,165,Blusa Casual,Blusa,Rosa,GG,2,156.99,15.7,298.28,Crediário,Física,135.0,3
995,2026-07-31,12:15,51,Jaqueta Slim,Jaqueta,Verde,M,1,118.56,17.78,100.78,Cartão de Débito,Física,259.0,2
996,2026-09-02,12:15,96,Bermuda Casual,Bermuda,Branca,M,3,123.65,0.0,370.95,PIX,Física,387.0,24
997,2026-03-23,13:45,119,Vestido Básica,Vestido,Azul,P,1,51.47,0.0,51.47,PIX,Online,509.0,25
998,2026-05-30,20:00,62,Camiseta Básica,Camiseta,Azul,GG,3,140.6,63.27,358.53,PIX,Física,40.0,7
999,2026-04-18,21:00,8,Blusa Social,Blusa,Preta,M,3,290.68,0.0,872.04,PIX,Online,459.0,20
1000,2026-06-17,12:15,86,Bermuda Casual,Bermuda,Branca,P,2,211.18,0.0,422.36,Cartão de Débito,Online,184.0,20
1001,2026-09-22,20:30,127,Vestido Social,Vestido,Rosa,G,3,72.5,32.62,184.88,Crediário,Física,151.0,8
1002,2026-03-11,11:15,135,Camiseta Slim,Camiseta,Preta,GG,1,333.31,16.67,316.64,Cartão de Débito,Física,,15
1003,2026-09-17,10:30,73,Vestido Social,Vestido,Preta,P,3,83.59,12.54,238.23,PIX,Física,465.0,4
1004,2026-04-21,14:45,125,Vestido Esporte,Vestido,Vermelha,P,3,67.79,0.0,203.37,Cartão de Crédito,Física,327.0,6
1005,2026-05-21,18:00,18,Vestido Premium,Vestido,Vermelha,P,3,221.89,0.0,665.67,Dinheiro,Online,136.0,21
1006,2026-03-19,12:30,129,Vestido X,Vestido,Branca,GG,1,295.38,0.0,295.38,Cartão de Crédito,Física,475.0,25
1007,2026-03-22,10:15,102,Bermuda X,Bermuda,Azul,G,2,181.84,0.0,363.68,PIX,Online,350.0,8
1008,2026-05-30,19:45,7,Jaqueta Esporte,Jaqueta,Preta,P,4,33.34,6.67,126.69,Crediário,Física,450.0,14
1009,2026-08-21,09:00,166,Vestido Premium,Vestido,Vermelha,GG,2,194.42,58.33,330.51,Cartão de Débito,Online,518.0,3
1010,2026-08-17,10:30,20,Calça X,Calça,Vermelha,P,4,211.81,42.36,804.88,Cartão de Débito,Física,336.0,21
1011,2026-06-18,09:30,176,Camiseta Premium,Camiseta,Vermelha,GG,3,225.97,33.9,644.01,PIX,Online,385.0,13
1012,2026-06-29,17:00,44,Jaqueta Esporte,Jaqueta,Azul,GG,4,198.07,0.0,792.28,Dinheiro,Física,507.0,10
1013,2026-08-16,18:00,76,Bermuda Premium,Bermuda,Vermelha,M,2,45.34,0.0,90.68,PIX,Online,191.0,12
1014,2026-08-01,13:00,66,Bermuda X,Bermuda,Branca,G,1,98.66,0.0,98.66,Cartão de Crédito,Física,356.0,20
1015,2026-09-17,13:30,140,Acessório Premium,Acessório,Rosa,G,3,155.17,23.28,442.23,Cartão de Débito,Online,386.0,8
1016,2026-05-27,18:45,69,Camiseta Social,Camiseta,Branca,M,4,96.99,0.0,387.96,Dinheiro,Física,485.0,10
1017,2026-08-22,10:30,107,Blusa Slim,Blusa,Preta,M,2,264.43,0.0,528.86,Dinheiro,Física,161.0,14
1018,2026-07-18,10:00,64,Camiseta Básica,Camiseta,Rosa,M,3,108.86,0.0,326.58,PIX,Online,234.0,6
1019,2026-07-26,21:00,28,Camiseta Social,Camiseta,Rosa,GG,3,276.72,0.0,830.16,Cartão de Crédito,Física,270.0,19
1020,2026-03-14,18:30,146,Acessório Esporte,Acessório,Vermelha,P,3,103.95,46.78,265.07,PIX,Física,432.0,18
1021,31-03-2026,19:45,126,Vestido Slim,Vestido,Vermelha,M,1,262.43,39.36,223.07,PIX,Online,61.0,24
1022,2026-06-21,11:45,178,Calça Básica,Calça,Azul,GG,3,144.41,0.0,433.23,Cartão de Débito,Física,388.0,1
1023,2026-07-18,13:15,85,Blusa Casual,Blusa,Vermelha,G,3,273.43,0.0,820.29,Cartão de Débito,Física,524.0,4
1024,2026-04-18,09:00,149,Calça Premium,Calça,Vermelha,P,3,296.39,1682.7201503379645,889.17,Cartão De Crédito,Online,154.0,20
1025,2026-06-01,12:00,95,Bermuda Básica,Bermuda,Verde,P,2,40.47,4.05,76.89,Crediário,Online,192.0,21
1026,2026-09-07,18:15,30,Blusa Básica,Blusa,Preta,M,4,249.41,149.65,847.99,Cartão de Débito,Física,,8
1027,2026-04-08,11:15,92,Calça Casual,Calça,Rosa,G,3,164.58,74.06,419.68,Cartão de Débito,Física,297.0,25
1028,2026-07-24,17:00,27,Vestido Premium,Vestido,Cinza,G,1,137.14,20.57,116.57,Cartão de Crédito,Física,479.0,23
1029,2026-07-08,12:00,9,Jaqueta Social,Jaqueta,Rosa,G,3,97.54,14.63,277.99,Cartão de Débito,Física,400.0,3
1030,2026-06-08,18:45,113,Blusa Social,Blusa,Rosa,P,2,270.36,0.0,540.72,Cartão de Débito,Física,432.0,19
1031,2026-05-23,14:00,23,Blusa X,Blusa,Preta,P,3,219.84,0.0,659.52,Cartão de Crédito,Online,165.0,18
1032,2026-04-19, 19:00,13,Calça X,Calça,Verde,M,1,118.99,0.0,118.99,Cartão de Crédito,Online,407.0,6
1033,2026-07-18,12:45,156,Jaqueta Básica,Jaqueta,Branca,G,3,292.56,0.0,877.68,Cartão de Débito,Online,142.0,10
1034,2026-08-26,10:15,76,Bermuda Premium,Bermuda,Vermelha,M,3,45.34,0.0,"136,02",Cartão de Débito,Física,122.0,24
1035,2026-04-04,18:45,84,Jaqueta Básica,Jaqueta,Verde,P,1,313.9,15.7,298.2,Crediário,Física,461.0,5
1036,2026-03-08,21:00,18,Vestido Premium,Vestido,Vermelha,P,3,221.89,99.85,565.82,Dinheiro,Física,387.0,14
1037,2026-08-21,20:30,146,Acessório Esporte,Acessório,Vermelha,P,4,103.95,41.58,374.22,PIX,Online,289.0,20
1038,2026-06-09,19:45,99,Vestido Social,Vestido,Rosa,P,3,135.91,0.0,407.73,Crediário,Física,89.0,10
1039,2026-03-11,16:30,64,Camiseta Básica,Camiseta,Rosa,M,3,108.86,0.0,326.58,Cartão de Crédito,Física,231.0,5
1040,2026-03-16,17:15,135,Camiseta Slim,Camiseta,Preta,GG,3,333.31,50.0,949.93,PIX,Online,191.0,16
1041,2026-05-13,19:15,5,Jaqueta Slim,Jaqueta,Branca,GG,4,87.47,52.48,297.4,PIX,Física,236.0,22
1042,2026-09-08,21:30,168,Vestido Casual,Vestido,Azul,M,4,255.66,0.0,1022.64,CREDIÁRIO,Física,536.0,9
1043,2026-06-05,17:30,1,Acessório Premium,Acessório,Verde,G,4,129.26,25.85,491.19,Cartão de Débito,Online,267.0,5
1044,2026-09-21,13:30,61,Acessório Básica,Acessório,Rosa,M,1,281.06,28.11,252.95,PIX,Física,187.0,23
1045,2026-08-22,19:00,149,Calça Premium,Calça,Vermelha,P,1,296.39,44.46,251.93,Cartão de Crédito,Online,71.0,24
1046,2026-04-26,12:00,52,Vestido Casual,Vestido,Rosa,GG,4,235.08,0.0,940.32,Cartão de Débito,Online,326.0,22
1047,2026-04-30,18:45,94,Acessório Casual,Acessório,Verde,M,4,202.82,0.0,811.28,Dinheiro,Online,180.0,5
1048,2026-04-15,19:15,123,Blusa Esporte,Blusa,Rosa,P,2,261.56,0.0,523.12,Cartão de Débito,Física,534.0,18
1049,2026-06-24,13:00,97,Camiseta Slim,Camiseta,Azul,M,2,174.51,34.9,314.12,Crediário,Online,141.0,10
1050,2026-09-18,17:15,28,Camiseta Social,Camiseta,Rosa,GG,4,276.72,110.69,996.19,Cartão de Crédito,Online,219.0,22
1051,2026-05-23,14:45,136,Blusa Social,Blusa,Azul,P,2,114.45,34.34,194.56,PIX,Física,414.0,7
1052,2026-03-11,09:15,10,Jaqueta Casual,Jaqueta,Cinza,GG,3,338.29,50.74,964.13,PIX,Física,474.0,2
1053,2026-06-06,15:45,84,Jaqueta Básica,Jaqueta,Verde,P,2,313.9,0.0,627.8,PIX,Física,478.0,6
1054,2026-03-16,11:45,11,Calça Básica,Calça,Vermelha,G,1,297.24,0.0,297.24,Cartão de Débito,Física,312.0,20
1055,2026-08-22,20:30,168,Vestido Casual,Vestido,Azul,M,2,255.66,0.0,511.32,Cartão de Débito,Física,448.0,14
1056,2026-05-26,10:00,36,Vestido Social,Vestido,Azul,P,2,348.35,0.0,"696,70",PIX,Física,431.0,11
1057,2026-05-23,10:00,16,Acessório Casual,Acessório,Verde,GG,3,160.59,0.0,481.77,Cartão de Débito,Física,538.0,11
1058,2026-09-17,12:30,17,Acessório Casual,Acessório,Rosa,P,4,277.21,0.0,1108.84,PIX,Online,511.0,11
1059,2026-07-31,10:30,70,Blusa Slim,Blusa,Verde,GG,2,203.23,0.0,406.46,Cartão de Débito,Online,94.0,20
1060,2026-04-27,12:15,160,Calça X,Calça,Verde,P,2,137.04,13.7,260.38,Cartão de Débito,Online,263.0,16
1061,2026-06-29,20:45,29,Blusa Esporte,Blusa,Branca,M,3,318.44,0.0,"R$ 955,32",Cartão de Crédito,Física,82.0,9
1062,2026-06-28,15:00,66,Bermuda X,Bermuda,Branca,G,2,98.66,9.87,187.45,Crediário,Online,33.0,18
1063,2026-06-28,17:00,131,Vestido Básica,Vestido,Vermelha,M,3,38.91,0.0,116.73,Cartão de Débito,Física,310.0,5
1064,2026-07-30,19:15,167,Acessório Casual,Acessório,Preta,P,3,326.38,97.91,881.23,Cartão de Crédito,Online,543.0,17
1065,2026-08-29,21:15,137,Camiseta Esporte,Camiseta,Preta,M,1,149.09,0.0,149.09,Cartão de Débito,Física,385.0,22
1066,2026-03-05,17:15,5,Jaqueta Slim,Jaqueta,Branca,GG,2,87.47,17.49,"157,45",Crediário,Física,576.0,21
1067,2026-05-17,17:30,151,Blusa Casual,Blusa,Preta,P,1,121.09,0.0,121.09,Cartão de Crédito,Física,216.0,16
1068,2026-03-01,15:15,67,Bermuda Básica,Bermuda,Cinza,P,1,318.87,0.0,318.87,Cartão de Débito,Física,82.0,18
1069,2026-08-09,12:15,138,Acessório Social,Acessório,Rosa,G,4,125.4,0.0,501.6,PIX,Online,130.0,1
1070,2026-05-30,15:30,172,Camiseta Social,Camiseta,Rosa,G,4,281.43,168.86,956.86,Cartão de Crédito,Online,,15
1071,2026-05-25,15:45,51,Jaqueta Slim,Jaqueta,Verde,M,4,118.56,0.0,474.24,PIX,Física,248.0,9
1072,2026-03-02,14:15,112,Calça Básica,Calça,Azul,M,1,318.38,0.0,318.38,PIX,Online,193.0,8
1073,2026-03-14,11:00,15,Blusa Social,Blusa,Azul,M,4,303.57,60.71,1153.57,Crediário,Física,508.0,22
1074,2026-06-22,09:30,95,Bermuda Básica,Bermuda,Verde,P,2,40.47,0.0,80.94,Dinheiro,Física,547.0,1
1075,2026-07-17,16:15,91,Camiseta Casual,Camiseta,Branca,P,2,29.36,8.81,49.91,PIX,Física,542.0,17
1076,2026-03-20,19:00,12,Bermuda Esporte,Bermuda,Cinza,M,1,327.44,32.74,294.7,Cartão de Crédito,Online,478.0,14
1077,2026-03-18,18:30,178,Calça Básica,Calça,Azul,GG,1,144.41,7.22,137.19,Cartão de Crédito,Física,482.0,16
1078,2026-06-06,13:30  ,134,Calça Slim,Calça,Rosa,P,3,297.88,134.05,759.59,Cartão de Débito,Online,,3
1079,2026-06-11,21:45,57,Jaqueta Básica,Jaqueta,Verde,GG,3,111.2,33.36,300.24,PIX,Física,99.0,20
1080,2026-06-16,12:30,170,Blusa Premium,Blusa,Azul,G,2,154.9,30.98,278.82,Crediário,Física,511.0,4
1081,2026-04-24,17:00,131,Vestido Básica,Vestido,Vermelha,M,4,38.91,15.56,140.08,Cartão de Crédito,Física,276.0,1
1082,2026-09-07,21:30,111,Acessório Esporte,Acessório,Rosa,M,4,333.04,0.0,1332.16,Cartão de Débito,Física,377.0,2
1083,2026-07-04,18:45,93,Blusa Social,Blusa,Vermelha,GG,4,327.13,196.28,1112.24,PIX,Física,483.0,19
1084,2026-05-13,18:00,106,Vestido Premium,Vestido,Cinza,G,3,201.43,0.0,604.29,PIX,Online,392.0,20
1085,2026-03-15,13:30,119,Vestido Básica,Vestido,Azul,P,2,51.47,10.29,92.65,Cartão de Débito,Física,120.0,22
1086,2026-09-03,17:15,57,Jaqueta Básica,Jaqueta,Verde,GG,3,111.2,0.0,333.6,PIX,Física,360.0,13
1087,2026-03-07,16:30,139,Acessório Slim,Acessório,Branca,P,4,227.76,0.0,911.04,Cartão de Débito,Online,574.0,16
1088,2026-07-23,15:00,20,Calça X,Calça,Vermelha,P,1,211.81,0.0,211.81,Crediário,Física,525.0,7
1089,2026-09-20,20:00,118,Camiseta Esporte,Camiseta,Azul,M,1,214.08,0.0,214.08,Crediário,Física,89.0,15
1090,2026-05-21,11:30,19,Blusa Casual,Blusa,Preta,M,4,212.08,0.0,848.32,Cartão de Débito,Física,91.0,2
1091,2026-08-25,20:30,148,Acessório Premium,Acessório,Vermelha,GG,4,36.52,0.0,146.08,Cartão de Débito,Física,570.0,15
1092,2026-08-30,11:30,97,Camiseta Slim,Camiseta,Azul,M,3,174.51,26.18,"497,35",Cartão de Débito,Física,309.0,12
1093,2026-08-13,15:45,35,Jaqueta Premium,Jaqueta,Preta,P,4,289.59,0.0,1158.36,Crediário,Física,332.0,22
1094,14/03/2026,12:30,22185,Vestido Premium,Vestido,Cinza,G,4,115.65,0.0,462.6,Cartão de Débito,Física,183.0,4
1095,2026-06-20,21:15,38,Calça X,Calça,Azul,G,4,234.51,46.9,891.14,Crediário,Online,311.0,4
1096,2026-09-16,14:15,87,Camiseta Casual,Camiseta,Rosa,G,-1,25.88,0.0,77.64,Crediário,Online,348.0,7
1097,2026-08-31,16:30,180,Acessório X,Acessório,Cinza,G,2,73.69,0.0,147.38,Cartão de Crédito,Online,482.0,19
1098,2026-04-19,10:30,76,Bermuda Premium,Bermuda,Vermelha,M,1,45.34,0.0,45.34,Cartão de Débito,Física,277.0,10
1099,2026-06-21,15:00,164,Blusa X,Blusa,Cinza,G,1,193.36,19.34,174.02,Dinheiro,Física,75.0,12
1100,2026-06-30,15:30,103,Jaqueta Social,Jaqueta,Verde,G,1,239.05,0.0,239.05,PIX,Física,304.0,22
1101,2026-03-16,16:30,135,Camiseta Slim,Camiseta,Preta,GG,3,333.31,0.0,999.93,Cartão de Débito,Física,397.0,17
1102,2026-08-04,16:00,176,Camiseta Premium,Camiseta,Vermelha,GG,4,225.97,0.0,903.88,Cartão de Crédito,Física,586.0,5
1103,2026-09-12,10:30,44,Jaqueta Esporte,Jaqueta,Azul,GG,4,198.07,118.84,673.44,Cartão de Débito,Física,161.0,15
1104,2026-08-09,13:30,136,Blusa Social,Blusa,Azul,P,1,114.45,11.44,103.01,Crediário,Online,387.0,17
1105,2026-03-26, 21:00,157,Blusa Social,Blusa,Rosa,GG,2,325.37,65.07,585.67,Dinheiro,Online,330.0,3
1106,2026-05-16,18:00,119,Vestido Básica,Vestido,Azul,P,1,51.47,0.0,51.47,Cartão de Débito,Física,569.0,23
1107,2026-08-04,16:15,148,Acessório Premium,Acessório,Vermelha,GG,4,36.52,0.0,146.08,Cartão de Débito,Física,116.0,21
1108,2026-06-04,09:00,47,Vestido Premium,Vestido,Cinza,G,1,115.65,11.57,104.08,Cartão de Débito,Online,,1
1109,2026-07-20,13:45,94,Acessório Casual,Acessório,Verde,M,2,202.82,20.28,385.36,PIX,Online,56.0,16
1110,2026-03-28,14:15,19811,Blusa Social,Blusa,Preta,M,2,290.68,87.2,494.16,Cartão de Débito,Física,225.0,14
1111,2026-06-30,13:15,108,Bermuda Social,Bermuda,Vermelha,P,4,179.79,0.0,719.16,Crediário,Física,,4
1112,2026-05-27,13:15,29,Blusa Esporte,Blusa,Branca,M,1,318.44,0.0,318.44,Crediário,Online,459.0,9
1113,2026-03-21,12:00,146,Acessório Esporte,Acessório,Vermelha,P,3,103.95,46.78,265.07,PIX,Online,293.0,18
1114,2026-07-15,10:30  ,138,Acessório Social,Acessório,Rosa,G,3,125.4,0.0,376.2,Dinheiro,Online,351.0,9
1115,2026-09-11,11:15,129,Vestido X,Vestido,Branca,GG,1,295.38,14.77,"280,61",Dinheiro,Física,106.0,20
1116,2026-03-20, 10:30 ,94,Acessório Casual,Acessório,Verde,M,4,202.82,121.69,689.59,Crediário,Online,,23
1117,2026-08-22,09:00,154,Acessório Esporte,Acessório,Azul,M,2,140.03,42.01,238.05,Crediário,Física,239.0,25
1118,03-08-2026,15:15,17,Acessório Casual,Acessório,Rosa,P,3,277.21,0.0,831.63,Cartão de Crédito,Física,140.0,5
1119,2026-06-16, 15:45 ,67,Bermuda Básica,Bermuda,Cinza,P,4,318.87,127.55,1147.93,Cartão de Crédito,Online,552.0,21
1120,2026-04-09,18:30,54,Calça Esporte,Calça,Verde,P,4,77.13,0.0,308.52,Cartão de Débito,Online,193.0,13
1121,2026-06-14,21:30,96,Bermuda Casual,Bermuda,Branca,M,1,123.65,6.18,117.47,Cartão de Débito,Física,196.0,20
1122,2026-08-26,15:45,124,Jaqueta Slim,Jaqueta,Verde,G,3,210.25,0.0,630.75,PIX,Online,,5
1123,2026-05-12,16:15,175,Calça Social,Calça,Rosa,P,1,90.45,9.04,81.41,Crediário,Física,430.0,3
1124,2026-05-03,14:45,162,Blusa Premium,Blusa,Branca,M,1,219.23,0.0,219.23,Cartão de Débito,Online,443.0,5
1125,2026-09-09,20:45,142,Acessório Básica,Acessório,Cinza,G,3,333.62,0.0,1000.86,PIX,Física,293.0,24
1126,2026-07-21,17:00,142,Acessório Básica,Acessório,Cinza,G,3,333.62,50.04,950.82,Cartão de Crédito,Física,257.0,13
1127,2026-05-23,10:30,76,Bermuda Premium,Bermuda,Vermelha,M,-2,45.34,0.0,136.02,PIX,Online,556.0,10
1128,2026-03-11,14:30,8,Blusa Social,Blusa,Preta,M,3,290.68,0.0,872.04,PIX,Online,75.0,13
1129,2026-06-12,16:45,115,Jaqueta Social,Jaqueta,Preta,GG,2,278.18,83.45,472.91,PIX,Online,388.0,18
1130,2026-08-24,20:45,142,Acessório Básica,Acessório,Cinza,G,4,333.62,0.0,1334.48,Dinheiro,Online,3.0,4
1131,2026-09-10,18:30,158,Blusa Social,Blusa,Rosa,M,3,185.68,0.0,557.04,Cartão de Crédito,Física,478.0,1
1132,2026-03-03,19:30,154,Acessório Esporte,Acessório,Azul,M,3,140.03,0.0,420.09,Dinheiro,Física,45.0,4
1133,2026-08-15,15:45,85,Blusa Casual,Blusa,Vermelha,G,1,273.43,0.0,273.43,Cartão de Débito,Física,84.0,19
1134,2026-04-15,16:30,166,Vestido Premium,Vestido,Vermelha,GG,3,194.42,938.2257261637849,495.77,PIX,Física,132.0,8
1135,2026-05-05,17:15,38,Calça X,Calça,Azul,G,4,234.51,46.9,891.14,Dinheiro,Online,3.0,25
1136,2026-07-23,14:30,17,Acessório Casual,Acessório,Rosa,P,2,277.21,27.72,526.7,PIX,Física,335.0,25
1137,2026-09-21,19:15,12,Bermuda Esporte,Bermuda,Cinza,M,3,327.44,0.0,982.32,Cartão de Débito,Física,313.0,17
1138,2026-08-26,21:00,110,Bermuda Esporte,Bermuda,Branca,GG,3,116.53,0.0,349.59,Crediário,Online,345.0,12
1139,2026-04-11,09:00,13,Calça X,Calça,Verde,M,1,118.99,17.85,101.14,Cartão de Débito,Física,548.0,18
1140,2026-05-04,11:30,161,Vestido X,Vestido,Azul,G,4,67.98,0.0,271.92,Cartão de Crédito,Física,275.0,1
1141,2026-06-09,18:30,123,Blusa Esporte,Blusa,Rosa,P,4,261.56,156.94,889.3,Cartão de Crédito,Física,34.0,22
1142,2026-07-29,11:00,168,Vestido Casual,Vestido,Azul,M,4,255.66,0.0,1022.64,pix,Online,389.0,10
1143,2026-05-01,14:15,172,Camiseta Social,Camiseta,Rosa,G,1,281.43,505.9685542633672,267.36,Dinheiro,Online,229.0,20
1144,2026-08-29,13:30,32,Bermuda Premium,Bermuda,Azul,GG,2,298.98,0.0,597.96,PIX,Física,308.0,12
1145,2026-03-11,12:45,54,Calça Esporte,Calça,Verde,P,3,77.13,23.14,208.25,Cartão de Débito,Online,501.0,18
1146,2026-05-18,19:45,58,Acessório Básica,Acessório,Cinza,P,4,304.84,182.9,1036.46,Cartão de Crédito,Online,468.0,20
1147,2026-07-16,15:15,165,Blusa Casual,Blusa,Rosa,GG,4,156.99,0.0,627.96,Cartão de Crédito,Online,575.0,12
1148,2026-05-01,09:15,28,Camiseta Social,Camiseta,Rosa,GG,4,276.72,110.69,996.19,Cartão de Crédito,Física,238.0,20
1149,2026-05-05,18:45,44,Jaqueta Esporte,Jaqueta,Azul,GG,3,198.07,29.71,564.5,Dinheiro,Física,90.0,9
1150,2026-04-27,20:00,102,Bermuda X,Bermuda,Azul,G,2,181.84,0.0,363.68,Cartão de Crédito,Online,192.0,15
1151,2026-08-10,17:15,46,Acessório X,Acessório,Cinza,M,3,184.96,55.49,499.39,Cartão de Débito,Física,416.0,7
1152,2026-09-04,21:45,46,Acessório X,Acessório,Cinza,M,2,184.96,700.0594239718163,369.92,Dinheiro,Online,,4
1153,2026-03-27,18:15,103,Jaqueta Social,Jaqueta,Verde,G,3,239.05,71.72,645.43,Cartão de Débito,Online,565.0,5
1154,2026-07-09,14:45,79,Camiseta X,Camiseta,Cinza,G,3,76.54,34.44,195.18,Cartão de Crédito,Online,177.0,9
1155,2026-08-01,18:30,157,Blusa Social,Blusa,Rosa,GG,2,325.37,97.61,553.13,Crediário,Física,301.0,11
1156,2026-05-19,11:45,142,Acessório Básica,Acessório,Cinza,G,2,333.62,33.36,633.88,Cartão de Débito,Física,93.0,9
1157,2026-03-25,17:00,77,Vestido X,Vestido,Rosa,G,3,195.59,58.68,528.09,PIX,Física,362.0,24
1158,2026-04-05,19:00,20,Calça X,Calça,Vermelha,P,2,211.81,42.36,381.26,Cartão de Débito,Online,425.0,23
1159,2026-08-13,14:45,93,Blusa Social,Blusa,Vermelha,GG,1,327.13,0.0,327.13,Crediário,Online,462.0,18
1160,11-07-2026,21:00,157,Blusa Social,Blusa,Rosa,GG,2,325.37,0.0,650.74,Crediário,Online,588.0,12
1161,2026-04-27,18:15  ,119,Vestido Básica,Vestido,Azul,P,4,51.47,20.59,185.29,Cartão de Débito,Física,146.0,3
1162,2026-06-26,19:45,147,Bermuda Básica,Bermuda,Branca,P,1,44.8,6.72,38.08,Dinheiro,Online,255.0,10
1163,2026-07-16,21:45,151,Blusa Casual,Blusa,Preta,P,4,121.09,72.65,411.71,Cartão de Crédito,Online,23.0,4
1164,2026-07-26,11:45,62,Camiseta Básica,Camiseta,Azul,GG,3,140.6,0.0,421.8,PIX,Física,488.0,8
1165,2026-04-29,18:00,46,Acessório X,Acessório,Cinza,M,4,184.96,110.98,628.86,PIX,Online,443.0,11
1166,2026-07-30,20:15,37,Bermuda Básica,Bermuda,Branca,M,2,197.74,0.0,395.48,Crediário,Física,87.0,15
1167,2026-07-31,20:45,144,Calça Social,Calça,Cinza,GG,3,200.29,0.0,600.87,Dinheiro,Física,296.0,13
1168,2026-08-07,11:30,27,Vestido Premium,Vestido,Cinza,G,2,137.14,0.0,274.28,cartão de crédito,Online,595.0,9
1169,2026-04-11,18:30,147,Bermuda Básica,Bermuda,Branca,P,2,44.8,0.0,89.6,Cartão de Crédito,Online,408.0,5
1170,2026-07-10,10:00,54,Calça Esporte,Calça,Verde,P,4,77.13,0.0,308.52,Cartão de Débito,Online,292.0,8
1171,21/05/2026,21:15,18,Vestido Premium,Vestido,Vermelha,P,1,221.89,33.28,188.61,Dinheiro,Física,281.0,14
1172,2026-05-24,21:30,6950,Camiseta Social,Camiseta,Branca,GG,4,48.72,9.74,185.14,Cartão de Débito,Online,2.0,10
1173,2026-04-30,14:30,84,Jaqueta Básica,Jaqueta,Verde,P,4,313.9,0.0,1255.6,PIX,Online,422.0,1
1174,2026-09-19,10:45,129,Vestido X,Vestido,Branca,GG,4,295.38,0.0,1181.52,Cartão de Débito,Online,212.0,1
1175,2026-08-03,14:00,85,Blusa Casual,Blusa,Vermelha,G,4,273.43,0.0,"R$ 1.093,72",PIX,Física,311.0,11
1176,2026-07-25,10:45,78,Blusa Casual,Blusa,Cinza,M,2,332.45,99.74,565.16,Cartão de Débito,Online,153.0,23
1177,2026-04-22,13:15,179,Vestido Básica,Vestido,Azul,G,4,31.43,0.0,125.72,Cartão de Crédito,Física,470.0,19
1178,2026-07-30,15:45,43,Vestido Básica,Vestido,Rosa,G,3,212.4,63.72,573.48,Cartão de Crédito,Online,253.0,23
1179,2026-05-13,18:45,86,Bermuda Casual,Bermuda,Branca,P,2,211.18,63.35,359.01,Cartão de Crédito,Online,,10
1180,2026-05-01,16:45,97360,Camiseta Básica,Camiseta,Cinza,P,3,128.12,57.65,326.71,PIX,Online,221.0,20
1181,2026-08-27,12:00,74,Acessório Social,Acessório,Preta,GG,1,90.99,13.65,77.34,Cartão de Crédito,Online,563.0,21
1182,26/03/26,10:15,24,Blusa X,Blusa,Cinza,GG,3,80.81,0.0,242.43,Crediário,Online,108.0,7
1183,2026-05-21,09:00,9,Jaqueta Social,Jaqueta,Rosa,G,2,97.54,19.51,175.57,Cartão de Crédito,Online,499.0,6
1184,2026-05-23,21:30,46,Acessório X,Acessório,Cinza,M,2,184.96,55.49,314.43,Cartão de Débito,Online,365.0,6
1185,2026-03-12,18:00,97,Camiseta Slim,Camiseta,Azul,M,4,174.51,0.0,698.04,Cartão de Crédito,Online,308.0,11
1186,2026-06-15,09:45,178,Calça Básica,Calça,Azul,GG,4,144.41,0.0,577.64,PIX,Física,304.0,11
1187,2026-04-25,12:30,167,Acessório Casual,Acessório,Preta,P,3,326.38,146.87,832.27,Cartão de Débito,Online,4.0,17
1188,2026-03-28,19:45,15,Blusa Social,Blusa,Azul,M,2,303.57,0.0,607.14,Cartão de Crédito,Online,570.0,24
1189,2026-03-10,20:00,128,Bermuda Básica,Bermuda,Preta,GG,4,193.28,0.0,773.12,Cartão de Crédito,Online,331.0,19
1190,2026-07-26,11:30,122,Bermuda Casual,Bermuda,Rosa,GG,3,286.85,0.0,860.55,Cartão de Crédito,Física,53.0,7
1191,2026-08-14,21:00,137,Camiseta Esporte,Camiseta,Preta,M,2,149.09,0.0,298.18,Dinheiro,Física,474.0,18
1192,2026-09-16,10:00,20,Calça X,Calça,Vermelha,P,3,211.81,31.77,603.66,Cartão de Débito,Física,380.0,15
1193,2026-09-19,14:00,96,Bermuda Casual,Bermuda,Branca,M,3,123.65,0.0,370.95,PIX,Física,284.0,1
1194,2026-05-20,16:15,155,Bermuda X,Bermuda,Preta,M,2,134.96,40.49,229.43,Crediário,Online,153.0,15
1195,2026-05-02,10:30,128,Bermuda Básica,Bermuda,Preta,GG,3,193.28,28.99,550.85,PIX,Online,432.0,12
1196,2026-07-28,11:15,2,Camiseta Básica,Camiseta,Cinza,P,3,57.67,0.0,173.01,PIX,Online,345.0,12
1197,2026-05-29,14:00  ,60,Acessório Esporte,Acessório,Azul,G,3,112.08,0.0,336.24,PIX,Online,41.0,8
1198,2026-05-31,10:45,128,Bermuda Básica,Bermuda,Preta,GG,3,193.28,0.0,579.84,Cartão de Débito,Física,96.0,6
1199,2026-03-31,10:00,73,Vestido Social,Vestido,Preta,P,3,83.59,0.0,250.77,Cartão de Crédito,Online,593.0,1
1200,2026-06-27,20:30,9,Jaqueta Social,Jaqueta,Rosa,G,4,97.54,0.0,390.16,Cartão de Crédito,Online,160.0,21
1201,2026-09-18,16:30,13,Calça X,Calça,Verde,M,4,118.99,23.8,452.16,Cartão de Crédito,Física,553.0,22
1202,2026-08-28,10:15,97,Camiseta Slim,Camiseta,Azul,M,1,174.51,17.45,157.06,Cartão de Crédito,Online,,20
1203,2026-06-30,21:00,177,Bermuda Básica,Bermuda,Branca,G,1,113.66,5.68,107.98,Cartão de Crédito,Física,305.0,25
1204,2026-08-05,10:45,68,Jaqueta Premium,Jaqueta,Vermelha,G,1,65.29,3.26,62.03,PIX,Física,113.0,23
1205,2026-08-02,10:30,178,Calça Básica,Calça,Azul,GG,3,144.41,21.66,411.57,Dinheiro,Física,143.0,21
1206,2026-08-10,16:15,14,Bermuda Social,Bermuda,Branca,P,4,125.8,0.0,503.2,PIX,Física,349.0,4
1207,2026-04-23,19:00,138,Acessório Social,Acessório,Rosa,G,4,125.4,75.24,426.36,Cartão de Débito,Física,,2
1208,2026-03-01,11:00,55,Vestido Premium,Vestido,Verde,P,2,95.27,0.0,190.54,Pix,Física,450.0,13
1209,2026-07-05,20:00,178,Calça Básica,Calça,Azul,GG,1,144.41,7.22,137.19,Cartão de Crédito,Física,265.0,18
1210,2026-08-12,13:15,163,Jaqueta Básica,Jaqueta,Branca,M,1,212.45,21.24,191.21,Dinheiro,Online,275.0,16
1211,2026-06-27,21:30,120,Vestido Premium,Vestido,Rosa,GG,2,304.25,0.0,608.5,Cartão de Crédito,Online,427.0,11
1212,2026-08-12,12:30,58,Acessório Básica,Acessório,Cinza,P,3,304.84,0.0,914.52,PIX,Online,226.0,12
1213,2026-05-14,18:00,15,Blusa Social,Blusa,Azul,M,2,303.57,0.0,607.14,Cartão de Débito,Online,370.0,22
1214,2026-07-10,15:15,72,Blusa Premium,Blusa,Verde,GG,3,252.12,75.64,680.72,Cartão de Débito,Física,186.0,8
1215,2026-04-17,12:45,178,Calça Básica,Calça,Azul,GG,3,144.41,0.0,433.23,Cartão de Crédito,Física,252.0,8
1216,2026-03-24,20:15,143,Acessório Premium,Acessório,Rosa,M,4,297.19,178.31,1010.45,Cartão de Crédito,Online,309.0,23
1217,2026-09-01,16:15,99,Vestido Social,Vestido,Rosa,P,2,135.91,0.0,271.82,PIX,Online,352.0,25
1218,2026-05-03,21:30,104,Vestido Slim,Vestido,Verde,P,2,221.73,0.0,443.46,PIX,Online,511.0,4
1219,2026-05-14,10:15,3,Camiseta Social,Camiseta,Branca,GG,4,48.72,29.23,165.65,Cartão de Débito,Online,597.0,16
1220,2026-04-28,10:45,51,Jaqueta Slim,Jaqueta,Verde,M,1,118.56,0.0,118.56,Cartão de Débito,Física,428.0,2
1221,2026-04-01,17:00  ,111,Acessório Esporte,Acessório,Rosa,M,2,333.04,66.61,599.47,Cartão de Crédito,Física,,22
1222,2026-04-07,09:00,36,Vestido Social,Vestido,Azul,P,4,348.35,0.0,1393.4,Crediário,Online,,8
1223,2026-07-10,15:30,142,Acessório Básica,Acessório,Cinza,G,4,333.62,0.0,1334.48,PIX,Física,39.0,16
1224,2026-05-14,12:45,9,Jaqueta Social,Jaqueta,Rosa,G,4,97.54,19.51,370.65,Cartão de Crédito,Online,,18
1225,2026-06-25,19:45,16,Acessório Casual,Acessório,Verde,GG,2,160.59,0.0,321.18,Cartão de Débito,Online,46.0,20
1226,2026-06-19,20:00,157,Blusa Social,Blusa,Rosa,GG,1,325.37,0.0,325.37,Cartão de Crédito,Física,185.0,8
1227,2026-06-15,14:00,97,Camiseta Slim,Camiseta,Azul,M,1,174.51,0.0,174.51,Cartão de Débito,Online,238.0,14
1228,2026-08-10,17:00,18,Vestido Premium,Vestido,Vermelha,P,4,221.89,0.0,887.56,Dinheiro,Física,381.0,8
1229,2026-04-04,21:45,171,Acessório X,Acessório,Verde,G,3,85.73,38.58,218.61,Cartão de Crédito,Online,397.0,8
1230,2026-04-30,17:15,96,Bermuda Casual,Bermuda,Branca,M,1,123.65,0.0,123.65,Crediário,Online,92634.0,6
1231,2026-07-24,09:15,153,Vestido Básica,Vestido,Preta,G,3,129.37,0.0,388.11,Dinheiro,Física,31.0,25
1232,2026-04-25,19:45,175,Calça Social,Calça,Rosa,P,1,90.45,4.52,85.93,Cartão de Débito,Física,281.0,11
1233,2026-04-02,11:45,149,Calça Premium,Calça,Vermelha,P,3,296.39,44.46,844.71,Cartão de Débito,Física,14.0,21
1234,2026-06-05,14:45,36,Vestido Social,Vestido,Azul,P,3,348.35,0.0,1045.05,PIX,Física,286.0,19
1235,2026-06-10,15:30,105,Vestido Esporte,Vestido,Vermelha,P,2,168.87,0.0,337.74,Cartão de Débito,Física,332.0,16
1236,2026-04-19,12:00,151,Blusa Casual,Blusa,Preta,P,4,121.09,72.65,411.71,Dinheiro,Online,345.0,20
1237,2026-03-20,13:45,105,Vestido Esporte,Vestido,Vermelha,P,4,168.87,0.0,"675,48",Cartão de Crédito,Online,147.0,20
1238,2026-03-19,18:30,119,Vestido Básica,Vestido,Azul,P,2,51.47,5.15,97.79,Cartão de Débito,Física,556.0,25
1239,2026-07-06,17:00,58,Acessório Básica,Acessório,Cinza,P,1,304.84,30.48,274.36,Crediário,Online,382.0,5
1240,2026-09-06,12:00,78,Blusa Casual,Blusa,Cinza,M,1,332.45,0.0,332.45,Cartão de Débito,Online,52843.0,2
1241,2026-08-11,18:30,154,Acessório Esporte,Acessório,Azul,M,4,140.03,0.0,560.12,PIX,Física,449.0,5
1242,2026-03-16,12:15,160,Calça X,Calça,Verde,P,4,137.04,27.41,520.75,Cartão de Débito,Online,516.0,20
1243,2026-09-04,09:15,25,Blusa Social,Blusa,Rosa,M,2,285.55,0.0,571.1,Cartão de Débito,Online,234.0,8
1244,2026-09-03,21:00,2,Camiseta Básica,Camiseta,Cinza,P,1,57.67,8.65,49.02,Cartão de Débito,Online,,10
1245,2026-05-14,14:15,67,Bermuda Básica,Bermuda,Cinza,P,2,318.87,0.0,637.74,PIX,Online,14.0,5
1246,2026-07-30,18:00,155,Bermuda X,Bermuda,Preta,M,3,134.96,20.24,384.64,PIX,Online,160.0,13
1247,2026-08-10,09:30,84,Jaqueta Básica,Jaqueta,Verde,P,3,313.9,1693.0340664837431,894.62,Cartão de Débito,Online,,14
1248,2026-06-14,16:45,80,Jaqueta Casual,Jaqueta,Cinza,P,2,258.13,51.63,464.63,Cartão de Débito,Online,479.0,18
1249,2026-06-23,11:00,58,Acessório Básica,Acessório,Cinza,P,3,304.84,137.18,777.34,Cartão de Crédito,Física,364.0,23
1250,2026-03-01,14:30,171,Acessório X,Acessório,Verde,G,1,85.73,0.0,85.73,Cartão de Débito,Online,267.0,15
1251,2026-03-27,14:00,59,Acessório X,Acessório,Azul,G,3,137.62,0.0,412.86,Cartão de Crédito,Online,181.0,17
1252,2026-08-26,14:00,65,Jaqueta Social,Jaqueta,Cinza,GG,1,77.68,11.65,"66,03",PIX,Física,110.0,11
1253,2026-08-09,15:00,84,Jaqueta Básica,Jaqueta,Verde,P,3,313.9,0.0,941.7,Cartão de Crédito,Online,541.0,20
1254,2026-03-24,19:00,127,Vestido Social,Vestido,Rosa,G,1,72.5,10.88,61.62,PIX,Física,310.0,16
1255,2026-03-09,09:15,166,Vestido Premium,Vestido,Vermelha,GG,4,194.42,38.88,738.8,Cartão de Crédito,Física,273.0,23
1256,2026-04-18,17:45,61,Acessório Básica,Acessório,Rosa,M,4,281.06,56.21,1068.03,Dinheiro,Física,331.0,10
1257,2026-07-28,17:45,74,Acessório Social,Acessório,Preta,GG,3,90.99,27.3,245.67,Cartão de Débito,Online,,3
1258,2026-04-18, 12:15,135,Camiseta Slim,Camiseta,Preta,GG,1,333.31,33.33,299.98,Cartão de Débito,Online,590.0,20
1259,2026-03-25,12:15,149,Calça Premium,Calça,Vermelha,P,4,296.39,177.83,1007.73,Cartão de Débito,Online,509.0,17
1260,2026-05-27,20:45,72,Blusa Premium,Blusa,Verde,GG,2,252.12,0.0,504.24,Dinheiro,Física,3.0,4
1261,11/06/26,18:00,170,Blusa Premium,Blusa,Azul,G,1,154.9,0.0,154.9,Cartão de Débito,Online,72.0,10
1262,2026-07-22,20:30  ,14,Bermuda Social,Bermuda,Branca,P,4,125.8,75.48,427.72,PIX,Física,4.0,22
1263,2026-06-10,21:45,93,Blusa Social,Blusa,Vermelha,GG,1,327.13,16.36,310.77,PIX,Física,598.0,4
1264,2026-03-11,15:00,81,Calça Social,Calça,Cinza,P,1,125.82,18.87,106.95,PIX,Física,391.0,10
1265,2026-03-17,13:00,4,Jaqueta Básica,Jaqueta,Vermelha,M,2,148.57,0.0,297.14,Crediário,Online,417.0,24
1266,2026-05-04,13:00,75,Jaqueta Casual,Jaqueta,Azul,G,2,238.16,0.0,476.32,PIX,Online,441.0,1
1267,2026-03-13,16:00,153,Vestido Básica,Vestido,Preta,G,2,129.37,0.0,258.74,PIX,Física,545.0,22
1268,2026-08-03,10:30,112,Calça Básica,Calça,Azul,M,3,318.38,143.27,811.87,Cartão de Crédito,Física,600.0,4
1269,2026-05-27,16:00,147,Bermuda Básica,Bermuda,Branca,P,1,44.8,0.0,44.8,Cartão de Crédito,Online,453.0,22
1270,2026-05-18,13:45,35,Jaqueta Premium,Jaqueta,Preta,P,3,289.59,1644.1139321042247,868.77,Crediário,Online,439.0,6
1271,2026-08-15,14:30,141,Acessório Slim,Acessório,Rosa,G,3,250.39,0.0,751.17,CREDIÁRIO,Online,398.0,6
1272,2026-07-26, 13:15,114,Jaqueta Esporte,Jaqueta,Verde,P,4,60.77,36.46,206.62,Cartão de Crédito,Online,279.0,19
1273,2026-06-30,13:45,85,Blusa Casual,Blusa,Vermelha,G,1,273.43,0.0,273.43,PIX,Física,317.0,25
1274,2026-08-02,15:15,83,Camiseta Básica,Camiseta,Rosa,M,2,221.65,0.0,443.3,PIX,Online,557.0,20
1275,2026-08-13, 09:00 ,47,Vestido Premium,Vestido,Cinza,G,3,115.65,34.7,312.25,Cartão de Crédito,Online,470.0,11
1276,12-07-2026,14:15,180,Acessório X,Acessório,Cinza,G,4,73.69,14.74,280.02,Cartão de Débito,Física,588.0,20
1277,2026-09-16,12:30,123,Blusa Esporte,Blusa,Rosa,P,1,261.56,0.0,261.56,Dinheiro,Física,559.0,3
1278,2026-04-15,14:00,13,Calça X,Calça,Verde,M,2,118.99,35.7,202.28,Cartão de Crédito,Online,4.0,23
1279,2026-05-09,10:45,134,Calça Slim,Calça,Rosa,P,4,297.88,0.0,1191.52,Cartão de Crédito,Online,307.0,4
1280,2026-07-30,19:00,20,Calça X,Calça,Vermelha,P,3,211.81,31.77,603.66,Dinheiro,Online,258.0,22
1281,2026-06-02,15:45,153,Vestido Básica,Vestido,Preta,G,4,129.37,25.87,491.61,Cartão de Crédito,Online,86.0,17
1282,2026-07-28,14:15,118,Camiseta Esporte,Camiseta,Azul,M,3,214.08,64.22,578.02,Cartão de Crédito,Física,109.0,10
1283,2026-09-18,12:30,10,Jaqueta Casual,Jaqueta,Cinza,GG,4,338.29,135.32,1217.84,Cartão de Crédito,Online,520.0,19
1284,2026-06-22,17:30,79541,Acessório Slim,Acessório,Azul,M,4,220.29,0.0,881.16,PIX,Online,272.0,17
1285,2026-08-07,19:15,161,Vestido X,Vestido,Azul,G,2,67.98,0.0,135.96,Crediário,Online,581.0,8
1286,2026-06-22,11:00,89,Acessório Slim,Acessório,Preta,P,3,283.36,0.0,850.08,Cartão de Débito,Online,512.0,9
1287,2026-09-18,16:30,167,Acessório Casual,Acessório,Preta,P,3,326.38,146.87,832.27,Dinheiro,Física,428.0,11
1288,21-06-2026,18:45,16,Acessório Casual,Acessório,Verde,GG,3,160.59,0.0,481.77,Cartão de Débito,Física,375.0,13
1289,2026-08-09,14:15,178,Calça Básica,Calça,Azul,GG,1,144.41,7.22,137.19,Cartão de Crédito,Online,207.0,11
1290,2026-06-13,18:30,117,Vestido Casual,Vestido,Azul,P,4,314.94,125.98,1133.78,Cartão de Débito,Física,335.0,12
1291,01/08/2026,14:30,13,Calça X,Calça,Verde,M,2,118.99,35.7,202.28,PIX,Física,225.0,10
1292,2026-07-19, 21:15 ,133,Calça Social,Calça,Rosa,G,2,39.8,7.96,71.64,Cartão de Crédito,Física,203.0,9
1293,2026-03-06,13:45,59,Acessório X,Acessório,Azul,G,3,137.62,61.93,350.93,Cartão de Crédito,Física,496.0,8
1294,14-09-2026,15:30  ,52,Vestido Casual,Vestido,Rosa,GG,2,235.08,0.0,470.16,Cartão de Crédito,Física,175.0,13
1295,2026-03-06,13:45,84,Jaqueta Básica,Jaqueta,Verde,P,3,313.9,0.0,941.7,cartão de débito,Online,419.0,18
1296,30/08/2026,15:45,59,Acessório X,Acessório,Azul,G,3,137.62,20.64,392.22,Dinheiro,Online,544.0,2
1297,2026-07-15,16:30,52,Vestido Casual,Vestido,Rosa,GG,2,235.08,0.0,470.16,Dinheiro,Física,151.0,3
1298,2026-05-12,10:45,140,Acessório Premium,Acessório,Rosa,G,4,155.17,0.0,620.68,PIX,Online,228.0,25
1299,2026-03-10,17:15,162,Blusa Premium,Blusa,Branca,M,4,219.23,43.85,833.07,Cartão De Crédito,Física,567.0,24
1300,2026-08-24,15:45,126,Vestido Slim,Vestido,Vermelha,M,1,262.43,0.0,"262,43",Cartão de Débito,Física,570.0,16
1301,2026-07-22,14:30,54,Calça Esporte,Calça,Verde,P,1,77.13,3.86,73.27,PIX,Física,548.0,25
1302,2026-06-06,20:45,23,Blusa X,Blusa,Preta,P,1,219.84,10.99,208.85,Cartão de Débito,Online,120.0,13
1303,2026-06-15,16:45,165,Blusa Casual,Blusa,Rosa,GG,2,156.99,0.0,313.98,Cartão de Crédito,Online,86.0,4
1304,2026-08-25,21:00,41,Jaqueta Casual,Jaqueta,Cinza,GG,4,274.27,0.0,1097.08,Cartão de Débito,Online,273.0,21
1305,2026-04-18,09:15,166,Vestido Premium,Vestido,Vermelha,GG,4,194.42,0.0,777.68,Cartão de Débito,Online,124.0,4
1306,2026-04-20,19:30,78,Blusa Casual,Blusa,Cinza,M,3,332.45,99.74,897.61,Cartão de Crédito,Online,102.0,19
1307,2026-05-18,19:45,69,Camiseta Social,Camiseta,Branca,M,2,96.99,29.1,164.88,PIX,Física,319.0,21
1308,2026-04-29,10:00,94,Acessório Casual,Acessório,Verde,M,1,202.82,0.0,202.82,Cartão de Débito,Física,585.0,5
1309,2026-06-19,19:45,131,Vestido Básica,Vestido,Vermelha,M,1,38.91,0.0,38.91,cartão de débito,Online,98.0,5
1310,2026-08-08,14:00,91,Camiseta Casual,Camiseta,Branca,P,3,29.36,8.81,79.27,Crediário,Física,246.0,13
1311,2026-05-06,21:30,8,Blusa Social,Blusa,Preta,M,1,290.68,29.07,261.61,Cartão de Crédito,Online,331.0,3
1312,2026-04-19,13:45,7,Jaqueta Esporte,Jaqueta,Preta,P,4,33.34,0.0,133.36,Dinheiro,Online,420.0,11
1313,2026-03-14,12:30,13,Calça X,Calça,Verde,M,2,118.99,11.9,226.08,Crediário,Online,469.0,16
1314,2026-04-14,12:00,116,Blusa Casual,Blusa,Azul,G,2,332.71,33.27,632.15,Cartão de Crédito,Física,306.0,15
1315,01/07/26,16:30,63,Calça Premium,Calça,Vermelha,G,3,277.67,41.65,"791,36",Cartão de Débito,Física,349.0,2
1316,2026-03-02,11:15,75,Jaqueta Casual,Jaqueta,Azul,G,2,238.16,47.63,428.69,Dinheiro,Online,344.0,21
1317,2026-04-22,18:45,124,Jaqueta Slim,Jaqueta,Verde,G,4,210.25,0.0,841.0,PIX,Física,,14
1318,2026-03-15,12:45,161,Vestido X,Vestido,Azul,G,1,67.98,0.0,67.98,Cartão de Crédito,Física,221.0,14
1319,2026-09-14,10:15,128,Bermuda Básica,Bermuda,Preta,GG,4,193.28,38.66,734.46,Dinheiro,Online,600.0,6
1320,2026-04-01,16:15,121,Vestido Casual,Vestido,Verde,G,3,101.83,45.82,259.67,Dinheiro,Física,49.0,20
1321,2026-06-11,12:45,61,Acessório Básica,Acessório,Rosa,M,2,281.06,84.32,477.8,Cartão de Crédito,Física,130.0,3
1322,2026-07-30,17:00,92,Calça Casual,Calça,Rosa,G,4,164.58,0.0,658.32,Cartão de Débito,Online,593.0,6
1323,2026-04-29,09:15,154,Acessório Esporte,Acessório,Azul,M,4,140.03,0.0,560.12,Cartão de Débito,Física,70.0,5
1324,2026-06-29,11:15,5,Jaqueta Slim,Jaqueta,Branca,GG,2,87.47,0.0,174.94,Cartão de Débito,Física,47.0,15
1325,2026-07-26,20:15,55,Vestido Premium,Vestido,Verde,P,4,95.27,57.16,323.92,PIX,Física,597.0,4
1326,2026-07-27,12:30  ,57,Jaqueta Básica,Jaqueta,Verde,GG,3,111.2,50.04,283.56,PIX,Online,327.0,5
1327,2026-07-02,16:45,148,Acessório Premium,Acessório,Vermelha,GG,3,36.52,16.43,93.13,Dinheiro,Online,98.0,16
1328,2026-07-22,15:15,160,Calça X,Calça,Verde,P,1,137.04,0.0,137.04,PIX,Física,297.0,23
1329,2026-08-24,14:00,90597,Blusa X,Blusa,Vermelha,P,4,230.83,46.17,877.15,Dinheiro,Online,23.0,10
1330,2026-08-31,11:15,176,Camiseta Premium,Camiseta,Vermelha,GG,1,225.97,0.0,225.97,Cartão de Débito,Física,371.0,25
1331,2026-06-15,12:00,62,Camiseta Básica,Camiseta,Azul,GG,2,140.6,0.0,281.2,PIX,Física,342.0,21
1332,2026-05-17,18:45,134,Calça Slim,Calça,Rosa,P,2,297.88,0.0,595.76,Cartão de Débito,Física,13188.0,19
1333,2026-04-09,09:30,88,Camiseta Básica,Camiseta,Branca,GG,2,270.48,0.0,540.96,PIX,Online,435.0,3
1334,2026-05-06,19:00,155,Bermuda X,Bermuda,Preta,M,2,134.96,26.99,242.93,PIX,Online,512.0,8
1335,2026-03-27,14:00,70,Blusa Slim,Blusa,Verde,GG,2,203.23,0.0,406.46,Cartão de Crédito,Online,151.0,10
1336,2026-04-01,21:00,151,Blusa Casual,Blusa,Preta,P,3,121.09,36.33,326.94,Cartão de Débito,Online,183.0,10
1337,2026-06-17,16:00,65,Jaqueta Social,Jaqueta,Cinza,GG,2,77.68,23.3,132.06,Cartão de Crédito,Online,443.0,8
1338,2026-06-07,11:30,32,Bermuda Premium,Bermuda,Azul,GG,3,298.98,0.0,896.94,Cartão de Débito,Física,513.0,17
1339,2026-08-05,16:30,54,Calça Esporte,Calça,Verde,P,1,77.13,7.71,69.42,Cartão de Débito,Online,498.0,14
1340,2026-03-26,18:30,109,Camiseta Básica,Camiseta,Cinza,P,1,128.12,0.0,128.12,Cartão de Crédito,Física,455.0,7
1341,2026-03-06,12:00,95,Bermuda Básica,Bermuda,Verde,P,4,40.47,16.19,145.69,PIX,Online,230.0,2
1342,2026-09-04,12:15,44,Jaqueta Esporte,Jaqueta,Azul,GG,4,198.07,0.0,792.28,PIX,Online,419.0,20
1343,2026-07-12,19:30,132,Acessório Básica,Acessório,Branca,P,3,296.32,88.9,800.06,PIX,Física,421.0,6
1344,2026-03-17,20:45,174,Jaqueta Casual,Jaqueta,Preta,GG,4,214.83,85.93,773.39,Dinheiro,Física,278.0,13
1345,2026-09-08,13:45,17,Acessório Casual,Acessório,Rosa,P,3,277.21,0.0,"R$ 831,63",Cartão de Débito,Online,362.0,16
1346,2026-05-12,21:15,164,Blusa X,Blusa,Cinza,G,2,193.36,0.0,386.72,Cartão de Débito,Online,134.0,19
1347,2026-04-18,20:45  ,14,Bermuda Social,Bermuda,Branca,P,1,125.8,6.29,119.51,Cartão de Débito,Online,231.0,18
1348,2026-09-04,16:30,63,Calça Premium,Calça,Vermelha,G,3,277.67,0.0,833.01,Cartão de Débito,Online,136.0,13
1349,2026-05-17,19:00,155,Bermuda X,Bermuda,Preta,M,4,134.96,0.0,539.84,Cartão de Crédito,Online,329.0,20
1350,2026-03-23,13:30,105,Vestido Esporte,Vestido,Vermelha,P,2,168.87,0.0,337.74,crediário,Online,198.0,6
1351,2026-04-16,14:30,164,Blusa X,Blusa,Cinza,G,3,193.36,0.0,580.08,Cartão de Débito,Física,174.0,16
1352,2026-04-15,20:30,82,Vestido Slim,Vestido,Vermelha,P,3,342.99,51.45,977.52,PIX,Física,120.0,20
1353,2026-09-13,14:00,70,Blusa Slim,Blusa,Verde,GG,4,203.23,121.94,690.98,Crediário,Online,318.0,4
1354,2026-07-29,17:45,76,Bermuda Premium,Bermuda,Vermelha,M,1,45.34,0.0,45.34,PIX,Física,390.0,9
1355,2026-07-20,10:45,25,Blusa Social,Blusa,Rosa,M,2,285.55,28.56,542.54,Cartão de Crédito,Física,315.0,24
1356,2026-09-10,13:30,7,Jaqueta Esporte,Jaqueta,Preta,P,1,33.34,0.0,33.34,PIX,Online,469.0,11
1357,2026-08-23,21:00,164,Blusa X,Blusa,Cinza,G,2,193.36,0.0,386.72,Cartão de Crédito,Online,550.0,25
1358,2026-06-03,20:15,58,Acessório Básica,Acessório,Cinza,P,4,304.84,0.0,1219.36,PIX,Física,339.0,2
1359,2026-08-24,20:30,124,Jaqueta Slim,Jaqueta,Verde,G,4,210.25,0.0,841.0,Cartão de Crédito,Física,351.0,17
1360,2026-08-20,09:15,84,Jaqueta Básica,Jaqueta,Verde,P,3,313.9,47.08,894.62,Cartão de Débito,Física,449.0,16
1361,2026-04-30,12:30,180,Acessório X,Acessório,Cinza,G,4,73.69,0.0,294.76,Cartão de Crédito,Online,475.0,14
1362,2026-07-07,13:45,138,Acessório Social,Acessório,Rosa,G,2,125.4,0.0,250.8,PIX,Online,457.0,24
1363,2026-03-10,17:30,123,Blusa Esporte,Blusa,Rosa,P,1,261.56,0.0,261.56,Cartão De Débito,Física,422.0,6
1364,2026-07-02,10:00,121,Vestido Casual,Vestido,Verde,G,4,101.83,0.0,407.32,PIX,Física,390.0,19
1365,2026-09-03,11:45,88,Camiseta Básica,Camiseta,Branca,GG,4,270.48,0.0,"1.081,92",Cartão de Débito,Online,61.0,3
1366,2026-04-12,14:45,13,Calça X,Calça,Verde,M,4,118.99,71.39,404.57,Cartão de Débito,Online,562.0,20
1367,2026-04-18,21:15,126,Vestido Slim,Vestido,Vermelha,M,1,262.43,26.24,236.19,Crediário,Online,532.0,8
1368,2026-08-01,18:15,151,Blusa Casual,Blusa,Preta,P,1,121.09,12.11,108.98,Cartão de Débito,Física,63.0,1
1369,2026-09-17,18:00,35,Jaqueta Premium,Jaqueta,Preta,P,2,289.59,0.0,579.18,Cartão de Crédito,Online,489.0,25
1370,2026-06-09,12:45,26,Bermuda Slim,Bermuda,Branca,P,1,207.97,0.0,207.97,Cartão de Crédito,Online,366.0,9
1371,2026-04-07,09:00,167,Acessório Casual,Acessório,Preta,P,3,326.38,48.96,"930,18",Dinheiro,Física,8.0,7
1372,2026-06-18,15:30,49,Calça Básica,Calça,Verde,GG,4,193.27,115.96,657.12,Cartão de Débito,Online,112.0,9
1373,2026-03-24,21:45,95,Bermuda Básica,Bermuda,Verde,P,4,40.47,0.0,161.88,Dinheiro,Online,571.0,19
1374,2026-09-03,14:00,3,Camiseta Social,Camiseta,Branca,GG,3,48.72,7.31,138.85,Cartão de Crédito,Física,515.0,13
1375,2026-05-26,19:00,46,Acessório X,Acessório,Cinza,M,3,184.96,83.23,471.65,PIX,Online,502.0,2
1376,2026-07-31,20:15,154,Acessório Esporte,Acessório,Azul,M,2,140.03,0.0,"R$ 280,06",Dinheiro,Online,314.0,8
1377,2026-05-15,15:30,174,Jaqueta Casual,Jaqueta,Preta,GG,2,214.83,64.45,365.21,PIX,Física,495.0,15
1378,2026-08-19,16:00,90,Blusa Premium,Blusa,Branca,G,3,177.57,0.0,532.71,Cartão de Crédito,Física,,11
1379,2026-03-13,13:00,107,Blusa Slim,Blusa,Preta,M,1,264.43,26.44,237.99,Cartão De Crédito,Online,489.0,5
1380,2026-05-13,10:00,54,Calça Esporte,Calça,Verde,P,3,77.13,0.0,231.39,PIX,Física,78.0,22
1381,2026-07-13,19:30,85,Blusa Casual,Blusa,Vermelha,G,4,273.43,0.0,1093.72,Cartão de Crédito,Online,143.0,18
1382,2026-03-18,14:15,77,Vestido X,Vestido,Rosa,G,2,195.59,19.56,371.62,Cartão de Crédito,Física,539.0,5
1383,2026-03-08,10:15,176,Camiseta Premium,Camiseta,Vermelha,GG,4,225.97,90.39,813.49,Dinheiro,Física,253.0,9
1384,2026-08-30,10:00  ,177,Bermuda Básica,Bermuda,Branca,G,4,113.66,22.73,431.91,Cartão de Crédito,Física,456.0,12
1385,2026-07-13,17:45,177,Bermuda Básica,Bermuda,Branca,G,2,113.66,0.0,227.32,Cartão de Débito,Online,85.0,16
1386,2026-05-02,11:45,139,Acessório Slim,Acessório,Branca,P,4,227.76,0.0,"R$ 911,04",Cartão de Débito,Física,134.0,2
1387,2026-03-23,14:15,149,Calça Premium,Calça,Vermelha,P,2,296.39,29.64,563.14,PIX,Online,430.0,24
1388,2026-06-27,12:15,64,Camiseta Básica,Camiseta,Rosa,M,4,108.86,0.0,435.44,Crediário,Online,7.0,22
1389,2026-03-27,15:00,26,Bermuda Slim,Bermuda,Branca,P,2,207.97,0.0,415.94,Crediário,Física,161.0,16
1390,2026-09-01,10:45,49,Calça Básica,Calça,Verde,GG,3,193.27,57.98,"521,83",Cartão De Crédito,Física,488.0,24
1391,2026-03-04,14:15,131,Vestido Básica,Vestido,Vermelha,M,3,38.91,11.67,105.06,Cartão de Crédito,Online,281.0,11
1392,2026-03-16,10:00,87,Camiseta Casual,Camiseta,Rosa,G,1,25.88,0.0,"R$ 25,88",Cartão de Crédito,Online,452.0,19
1393,2026-06-30,17:45,62,Camiseta Básica,Camiseta,Azul,GG,2,140.6,0.0,281.2,cartão de crédito,Online,271.0,15
1394,2026-08-22,16:30,148,Acessório Premium,Acessório,Vermelha,GG,4,36.52,0.0,146.08,PIX,Física,373.0,23
1395,2026-03-28, 15:00,16953,Bermuda Esporte,Bermuda,Azul,G,2,78.7,15.74,141.66,Cartão de Débito,Online,55.0,22
1396,2026-07-19,21:45,157,Blusa Social,Blusa,Rosa,GG,3,325.37,0.0,976.11,PIX,Física,130.0,24
1397,2026-08-11,18:30,81,Calça Social,Calça,Cinza,P,2,125.82,37.75,213.89,PIX,Física,462.0,15
1398,2026-09-19,21:15,172,Camiseta Social,Camiseta,Rosa,G,4,281.43,56.29,1069.43,PIX,Física,114.0,19
1399,2026-04-07,12:30,110,Bermuda Esporte,Bermuda,Branca,GG,2,116.53,34.96,198.1,Cartão de Crédito,Física,47.0,19
1400,2026-07-08,13:00,4,Jaqueta Básica,Jaqueta,Vermelha,M,2,148.57,0.0,297.14,PIX,Física,493.0,8
1401,2026-04-14,12:00,63,Calça Premium,Calça,Vermelha,G,3,277.67,124.95,708.06,PIX,Online,104.0,19
1402,2026-03-12,09:30  ,124,Jaqueta Slim,Jaqueta,Verde,G,3,210.25,94.61,536.14,Cartão de Débito,Física,,12
1403,2026-08-03,20:00,33,Blusa X,Blusa,Vermelha,P,2,230.83,23.08,438.58,Cartão de Crédito,Física,534.0,21
1404,11-08-2026,13:30,38,Calça X,Calça,Azul,G,1,234.51,0.0,234.51,Dinheiro,Física,327.0,21
1405,2026-04-12,14:15,30,Blusa Básica,Blusa,Preta,M,4,249.41,49.88,947.76,Crediário,Física,466.0,8
1406,2026-04-05,16:00,128,Bermuda Básica,Bermuda,Preta,GG,3,193.28,0.0,579.84,Cartão de Crédito,Física,,5
1407,2026-07-12,21:45,60,Acessório Esporte,Acessório,Azul,G,4,112.08,44.83,403.49,Cartão de Crédito,Online,248.0,2
1408,2026-04-30,14:00,157,Blusa Social,Blusa,Rosa,GG,4,325.37,195.22,1106.26,PIX,Física,136.0,25
1409,2026-06-17,09:45,153,Vestido Básica,Vestido,Preta,G,3,129.37,0.0,388.11,Cartão de Crédito,Online,15.0,6
1410,2026-07-03,14:15,35,Jaqueta Premium,Jaqueta,Preta,P,1,289.59,0.0,289.59,Dinheiro,Online,384.0,11
1411,2026-03-23,18:00,16,Acessório Casual,Acessório,Verde,GG,3,160.59,72.27,409.5,Dinheiro,Física,290.0,1
1412,2026-07-19,21:30,98,Vestido Social,Vestido,Branca,G,2,290.16,87.05,493.27,Cartão de Crédito,Física,444.0,6
1413,2026-06-09,11:45,116,Blusa Casual,Blusa,Azul,G,1,332.71,0.0,332.71,Cartão de Crédito,Física,473.0,24
1414,2026-05-29,20:15,152,Acessório Básica,Acessório,Verde,GG,3,238.11,0.0,714.33,Cartão de Débito,Online,406.0,13
1415,2026-04-03,13:00,68,Jaqueta Premium,Jaqueta,Vermelha,G,1,65.29,9.79,55.5,PIX,Física,283.0,2
1416,2026-04-29, 10:30 ,172,Camiseta Social,Camiseta,Rosa,G,1,281.43,42.21,239.22,Cartão de Crédito,Online,221.0,24
1417,2026-05-11,18:30,118,Camiseta Esporte,Camiseta,Azul,M,1,214.08,0.0,214.08,Dinheiro,Física,351.0,20
1418,2026-07-31,12:15,129,Vestido X,Vestido,Branca,GG,1,295.38,0.0,295.38,Dinheiro,Física,265.0,22
1419,2026-06-30,14:15,105,Vestido Esporte,Vestido,Vermelha,P,3,168.87,0.0,506.61,Crediário,Física,431.0,20
1420,2026-08-28,13:45,136,Blusa Social,Blusa,Azul,P,3,114.45,0.0,343.35,Cartão de Crédito,Física,242.0,22
1421,2026-04-20,11:15,121,Vestido Casual,Vestido,Verde,G,2,101.83,0.0,203.66,Cartão de Débito,Física,179.0,19
1422,2026-04-07,15:30,3,Camiseta Social,Camiseta,Branca,GG,2,48.72,0.0,97.44,Cartão de Débito,Online,221.0,3
1423,2026-06-04,20:15,17,Acessório Casual,Acessório,Rosa,P,1,277.21,41.58,235.63,Dinheiro,Física,276.0,2
1424,2026-06-11,11:45,152,Acessório Básica,Acessório,Verde,GG,3,238.11,107.15,607.18,Cartão de Crédito,Online,386.0,22
1425,2026-09-18,13:30,24,Blusa X,Blusa,Cinza,GG,4,80.81,32.32,290.92,PIX,Online,93.0,2
1426,2026-04-01,20:45,11,Calça Básica,Calça,Vermelha,G,3,297.24,0.0,891.72,Cartão de Crédito,Online,523.0,2
1427,2026-08-27,20:00,176,Camiseta Premium,Camiseta,Vermelha,GG,2,225.97,22.6,"R$ 429,34",Cartão de Crédito,Física,282.0,7
1428,2026-03-31,11:45,156,Jaqueta Básica,Jaqueta,Branca,G,2,292.56,87.77,497.35,Cartão de Crédito,Física,458.0,19
1429,2026-08-17,10:15,161,Vestido X,Vestido,Azul,G,3,67.98,0.0,203.94,PIX,Física,419.0,5
1430,2026-09-04,20:45,3,Camiseta Social,Camiseta,Branca,GG,3,48.72,0.0,146.16,Cartão de Débito,Física,222.0,16
1431,2026-09-19,21:00,110,Bermuda Esporte,Bermuda,Branca,GG,3,116.53,17.48,332.11,Crediário,Física,596.0,23
1432,2026-05-25,10:45,97,Camiseta Slim,Camiseta,Azul,M,3,174.51,78.53,445.0,Cartão de Crédito,Online,250.0,8
1433,2026-03-19,19:30,48,Camiseta Esporte,Camiseta,Preta,G,1,170.37,0.0,170.37,PIX,Física,306.0,22
1434,2026-07-27,18:00,23,Blusa X,Blusa,Preta,P,3,219.84,0.0,659.52,PIX,Online,351.0,4
1435,2026-09-03,17:00,43,Vestido Básica,Vestido,Rosa,G,2,212.4,21.24,403.56,Cartão de Crédito,Física,166.0,11
1436,2026-03-10,16:30,81,Calça Social,Calça,Cinza,P,3,125.82,0.0,377.46,PIX,Online,250.0,1
1437,2026-06-24,12:30,78,Blusa Casual,Blusa,Cinza,M,2,332.45,99.74,565.16,Cartão de Débito,Online,373.0,22
1438,2026-08-05,11:00,17,Acessório Casual,Acessório,Rosa,P,1,277.21,0.0,277.21,Cartão de Crédito,Física,240.0,15
1439,2026-05-29,20:30,129,Vestido X,Vestido,Branca,GG,4,295.38,59.08,1122.44,Cartão de Débito,Online,565.0,6
1440,2026-06-02,21:30,146,Acessório Esporte,Acessório,Vermelha,P,2,103.95,0.0,207.9,Crediário,Física,351.0,8
1441,2026-07-20,10:15,65,Jaqueta Social,Jaqueta,Cinza,GG,4,77.68,0.0,310.72,Cartão de Débito,Online,504.0,1
1442,2026-04-10, 19:45,10,Jaqueta Casual,Jaqueta,Cinza,GG,1,338.29,0.0,338.29,Cartão de Débito,Online,539.0,16
1443,2026-06-01,09:15,93192,Acessório Básica,Acessório,Branca,P,4,296.32,0.0,1185.28,Cartão De Crédito,Online,88.0,7
1444,2026-09-16,11:15,178,Calça Básica,Calça,Azul,GG,4,144.41,0.0,577.64,Cartão de Crédito,Online,325.0,25
1445,2026-06-06,21:00,45,Blusa Social,Blusa,Cinza,G,2,158.82,0.0,317.64,Cartão de Débito,Online,510.0,6
1446,2026-09-15,14:15,51,Jaqueta Slim,Jaqueta,Verde,M,4,118.56,23.71,450.53,PIX,Física,145.0,19
1447,2026-04-01,14:45,128,Bermuda Básica,Bermuda,Preta,GG,1,193.28,19.33,173.95,Cartão de Débito,Online,74.0,13
1448,2026-05-26,17:45,9,Jaqueta Social,Jaqueta,Rosa,G,2,97.54,0.0,195.08,Cartão de Débito,Online,160.0,2
1449,2026-04-05,15:45,155,Bermuda X,Bermuda,Preta,M,4,134.96,53.98,485.86,dinheiro,Física,298.0,8
1450,2026-08-20,18:30,66,Bermuda X,Bermuda,Branca,G,4,98.66,0.0,394.64,Dinheiro,Online,181.0,25
1451,2026-05-25,11:00,157,Blusa Social,Blusa,Rosa,GG,3,325.37,146.42,829.69,Cartão de Crédito,Online,9.0,7
1452,2026-09-23,20:30,167,Acessório Casual,Acessório,Preta,P,2,326.38,97.91,554.85,Cartão de Débito,Física,63.0,20
1453,2026-06-10,11:45,164,Blusa X,Blusa,Cinza,G,2,193.36,58.01,"328,71",Crediário,Online,,14
1454,2026-07-27, 14:15,84,Jaqueta Básica,Jaqueta,Verde,P,1,313.9,0.0,313.9,Cartão de Débito,Online,175.0,14
1455,2026-05-07,12:00,171,Acessório X,Acessório,Verde,G,4,85.73,0.0,342.92,cartão de crédito,Física,550.0,20
1456,2026-08-02,17:30,176,Camiseta Premium,Camiseta,Vermelha,GG,-1,225.97,0.0,903.88,Cartão de Crédito,Online,336.0,9
1457,2026-06-11, 14:30 ,79,Camiseta X,Camiseta,Cinza,G,3,76.54,11.48,218.14,Cartão de Débito,Online,307.0,24
1458,2026-08-15,18:30,112,Calça Básica,Calça,Azul,M,1,318.38,15.92,302.46,Cartão de Débito,Online,249.0,2
1459,2026-08-29,14:00,23,Blusa X,Blusa,Preta,P,4,219.84,87.94,791.42,Cartão de Débito,Online,312.0,19
1460,2026-09-18,20:45,56,Bermuda Casual,Bermuda,Verde,P,3,269.73,121.38,687.81,Cartão de Crédito,Online,,25
1461,2026-07-28,19:45,50,Blusa Esporte,Blusa,Vermelha,GG,4,189.51,0.0,758.04,Cartão de Débito,Online,549.0,9
1462,2026-08-04,11:30,88,Camiseta Básica,Camiseta,Branca,GG,3,270.48,0.0,811.44,Cartão de Crédito,Online,461.0,21
1463,2026-09-12,13:00,137,Camiseta Esporte,Camiseta,Preta,M,2,149.09,0.0,298.18,cartao credito,Online,398.0,13
1464,2026-07-10,16:15  ,57,Jaqueta Básica,Jaqueta,Verde,GG,1,111.2,11.12,100.08,Cartão de Débito,Física,416.0,1
1465,2026-09-13,09:45,30,Blusa Básica,Blusa,Preta,M,1,249.41,37.41,212.0,Cartão de Débito,Online,284.0,7
1466,2026-03-09,10:45,120,Vestido Premium,Vestido,Rosa,GG,2,304.25,0.0,608.5,PIX,Física,,25
1467,2026-03-21,12:00,54,Calça Esporte,Calça,Verde,P,4,77.13,15.43,293.09,Dinheiro,Online,348.0,12
1468,2026-06-05,20:30,75,Jaqueta Casual,Jaqueta,Azul,G,3,238.16,0.0,714.48,Cartão de Débito,Física,282.0,18
1469,2026-05-24,11:30,96,Bermuda Casual,Bermuda,Branca,M,2,123.65,24.73,222.57,Crediário,Online,,2
1470,2026-07-31,18:00,83,Camiseta Básica,Camiseta,Rosa,M,2,221.65,44.33,398.97,Cartão de Crédito,Física,563.0,12
1471,2026-03-08,19:45,109,Camiseta Básica,Camiseta,Cinza,P,2,128.12,0.0,256.24,Crediário,Física,480.0,22
1472,2026-03-05,09:45,155,Bermuda X,Bermuda,Preta,M,3,134.96,60.73,344.15,Cartão de Débito,Online,575.0,3
1473,2026-05-05,19:00,117,Vestido Casual,Vestido,Azul,P,4,314.94,188.96,1070.8,Crediário,Física,279.0,3
1474,2026-03-07,16:30,180,Acessório X,Acessório,Cinza,G,4,73.69,0.0,294.76,Cartão de Débito,Física,537.0,2
1475,2026-07-13,19:45,28,Camiseta Social,Camiseta,Rosa,GG,3,276.72,41.51,788.65,PIX,Online,149.0,21
1476,2026-08-17, 14:30,15,Blusa Social,Blusa,Azul,M,2,303.57,91.07,516.07,Cartão de Crédito,Física,495.0,6
1477,2026-08-06,18:45,88,Camiseta Básica,Camiseta,Branca,GG,3,270.48,0.0,811.44,Cartão de Débito,Física,316.0,8
1478,2026-05-01,10:00,130,Blusa Esporte,Blusa,Verde,GG,4,154.8,61.92,557.28,Cartão de Débito,Online,152.0,10
1479,2026-03-31,13:00,166,Vestido Premium,Vestido,Vermelha,GG,1,194.42,0.0,194.42,Cartão de Débito,Física,425.0,25
1480,2026-07-22,11:15,30,Blusa Básica,Blusa,Preta,M,1,249.41,12.47,236.94,cartao credito,Física,207.0,9
1481,2026-09-15,13:00,10,Jaqueta Casual,Jaqueta,Cinza,GG,2,338.29,33.83,642.75,PIX,Física,109.0,2
1482,2026-06-24,10:30,16,Acessório Casual,Acessório,Verde,GG,1,160.59,24.09,136.5,Dinheiro,Física,383.0,16
1483,2026-07-08,10:15,101,Vestido Social,Vestido,Vermelha,GG,3,158.47,0.0,475.41,Cartão de Crédito,Física,429.0,17
1484,2026-09-21,20:45,167,Acessório Casual,Acessório,Preta,P,2,326.38,0.0,652.76,Dinheiro,Física,437.0,6
1485,2026-07-04,10:15,63,Calça Premium,Calça,Vermelha,G,4,277.67,0.0,1110.68,Cartão de Débito,Online,416.0,14
1486,2026-07-21,16:30,66,Bermuda X,Bermuda,Branca,G,1,98.66,0.0,98.66,Dinheiro,Online,204.0,10
1487,27/07/26,18:15,125,Vestido Esporte,Vestido,Vermelha,P,3,67.79,20.34,183.03,PIX,Física,302.0,2
1488,2026-05-11,13:45,171,Acessório X,Acessório,Verde,G,2,85.73,17.15,154.31,PIX,Física,597.0,8
1489,2026-06-22,10:00,6,Acessório X,Acessório,Azul,GG,2,334.07,0.0,668.14,Cartão de Débito,Online,504.0,5
1490,2026-05-24,12:30,161,Vestido X,Vestido,Azul,G,2,67.98,0.0,135.96,Cartão de Crédito,Física,236.0,8
1491,2026-03-23,12:45,68,Jaqueta Premium,Jaqueta,Vermelha,G,1,65.29,0.0,65.29,PIX,Online,371.0,15
1492,2026-03-22,13:00,81,Calça Social,Calça,Cinza,P,1,125.82,0.0,125.82,Cartão de Crédito,Online,276.0,21
1493,2026-05-15,21:15,70,Blusa Slim,Blusa,Verde,GG,3,203.23,0.0,609.69,Dinheiro,Física,124.0,8
1494,2026-07-09,21:15,30,Blusa Básica,Blusa,Preta,M,3,249.41,0.0,748.23,Cartão de Crédito,Online,186.0,6
1495,2026-04-15,09:45,113,Blusa Social,Blusa,Rosa,P,3,270.36,40.55,770.53,PIX,Online,147.0,20
1496,2026-09-15,19:00,18,Vestido Premium,Vestido,Vermelha,P,1,221.89,0.0,221.89,Cartão de Débito,Física,149.0,14
1497,2026-06-08,11:30,90,Blusa Premium,Blusa,Branca,G,4,177.57,0.0,710.28,Cartão de Crédito,Online,299.0,5
1498,2026-07-13,12:45,65,Jaqueta Social,Jaqueta,Cinza,GG,3,77.68,0.0,233.04,Cartão de Crédito,Física,354.0,19
1499,2026-07-17,09:45,169,Vestido Esporte,Vestido,Rosa,M,4,120.16,24.03,456.61,Cartão de Débito,Online,595.0,11
1500,2026-08-06,17:45,126,Vestido Slim,Vestido,Vermelha,M,2,262.43,52.49,"472,37",Cartão de Crédito,Física,535.0,16
1501,2026-08-13,16:30,25,Blusa Social,Blusa,Rosa,M,1,285.55,0.0,285.55,Dinheiro,Online,283.0,21
1502,2026-09-23,21:30,20,Calça X,Calça,Vermelha,P,4,211.81,0.0,847.24,Dinheiro,Física,278.0,7
1503,2026-08-10,12:15,68,Jaqueta Premium,Jaqueta,Vermelha,G,4,65.29,39.17,221.99,Cartão de Crédito,Física,403.0,11
1504,2026-05-28,13:00,135,Camiseta Slim,Camiseta,Preta,GG,4,333.31,199.99,1133.25,PIX,Física,8.0,15
1505,2026-03-17,12:45,123,Blusa Esporte,Blusa,Rosa,P,2,261.56,52.31,470.81,Cartão de Débito,Física,231.0,24
1506,2026-03-23,14:00,157,Blusa Social,Blusa,Rosa,GG,3,325.37,97.61,878.5,Crediário,Física,493.0,6
1507,01-06-2026,18:45,99,Vestido Social,Vestido,Rosa,P,1,135.91,20.39,115.52,PIX,Física,,22
1508,2026-08-18,16:15,10,Jaqueta Casual,Jaqueta,Cinza,GG,2,338.29,101.49,575.09,Cartão de Crédito,Física,145.0,12
1509,2026-05-19,14:30,46,Acessório X,Acessório,Cinza,M,3,184.96,27.74,527.14,Dinheiro,Online,232.0,11
1510,2026-03-24,20:15,78,Blusa Casual,Blusa,Cinza,M,2,332.45,0.0,664.9,Cartão de Débito,Online,181.0,19
1511,2026-03-26,18:45,44,Jaqueta Esporte,Jaqueta,Azul,GG,2,198.07,0.0,396.14,PIX,Física,261.0,12
1512,2026-07-10,14:15,110,Bermuda Esporte,Bermuda,Branca,GG,1,116.53,17.48,99.05,Cartão de Débito,Física,591.0,11
1513,2026-09-06,14:00,178,Calça Básica,Calça,Azul,GG,2,144.41,28.88,259.94,PIX,Online,497.0,6
1514,2026-04-18,10:30,110,Bermuda Esporte,Bermuda,Branca,GG,4,116.53,0.0,466.12,Dinheiro,Física,112.0,25
1515,2026-06-28,14:00,62,Camiseta Básica,Camiseta,Azul,GG,1,140.6,14.06,"R$ 126,54",Cartão de Crédito,Online,568.0,21
1516,2026-03-17,09:15,4,Jaqueta Básica,Jaqueta,Vermelha,M,4,148.57,89.14,505.14,Crediário,Física,397.0,13
1517,2026-07-03,21:45,99,Vestido Social,Vestido,Rosa,P,0,135.91,40.77,231.05,Cartão de Débito,Online,131.0,4
1518,2026-06-18,18:15,45,Blusa Social,Blusa,Cinza,G,1,158.82,7.94,"150,88",PIX,Online,340.0,12
1519,2026-03-26,09:30,169,Vestido Esporte,Vestido,Rosa,M,1,120.16,6.01,114.15,Cartão de Débito,Online,,17
1520,2026-06-02,14:15,47,Vestido Premium,Vestido,Cinza,G,4,115.65,69.39,393.21,Dinheiro,Online,72876.0,22
1521,2026-04-02,20:00,112,Calça Básica,Calça,Azul,M,2,318.38,0.0,636.76,PIX,Online,240.0,5
1522,2026-03-13,20:45,120,Vestido Premium,Vestido,Rosa,GG,2,304.25,0.0,608.5,Cartão de Débito,Física,459.0,15
1523,2026-09-07,17:45,94,Acessório Casual,Acessório,Verde,M,3,202.82,30.42,578.04,PIX,Física,271.0,12
1524,2026-07-13,17:15,22,Vestido Social,Vestido,Rosa,G,4,289.54,0.0,1158.16,Dinheiro,Física,70.0,4
1525,2026-08-01,10:15,88,Camiseta Básica,Camiseta,Branca,GG,1,270.48,0.0,270.48,PIX,Online,243.0,19
1526,2026-09-25,18:00,73,Vestido Social,Vestido,Preta,P,3,83.59,0.0,250.77,CARTÃO DE DÉBITO,Online,51.0,13
1527,2026-07-10,20:30,78,Blusa Casual,Blusa,Cinza,M,2,332.45,99.74,565.16,Cartão de Crédito,Online,210.0,2
1528,2026-06-11,14:00,151,Blusa Casual,Blusa,Preta,P,1,121.09,0.0,121.09,Crediário,Física,245.0,24
1529,2026-03-01,15:00,140,Acessório Premium,Acessório,Rosa,G,2,155.17,0.0,310.34,Cartão de Crédito,Física,464.0,4
1530,2026-04-13,13:15,56,Bermuda Casual,Bermuda,Verde,P,4,269.73,161.84,917.08,Crediário,Online,124.0,4
1531,2026-06-09,20:00,119,Vestido Básica,Vestido,Azul,P,2,51.47,0.0,102.94,Dinheiro,Física,550.0,1
1532,2026-03-03,15:30,140,Acessório Premium,Acessório,Rosa,G,3,155.17,0.0,465.51,PIX,Física,329.0,24
1533,2026-06-04,11:15,124,Jaqueta Slim,Jaqueta,Verde,G,4,210.25,42.05,798.95,Cartão de Crédito,Física,63.0,2
1534,2026-03-29,16:00,111,Acessório Esporte,Acessório,Rosa,M,2,333.04,0.0,666.08,Cartão de Débito,Online,479.0,2
1535,2026-06-08,12:45,180,Acessório X,Acessório,Cinza,G,2,73.69,22.11,125.27,Dinheiro,Online,233.0,20
1536,2026-09-07,11:15,57,Jaqueta Básica,Jaqueta,Verde,GG,2,111.2,22.24,200.16,Cartão de Débito,Online,154.0,8
1537,2026-04-10,21:15,113,Blusa Social,Blusa,Rosa,P,3,270.36,0.0,811.08,Cartão de Débito,Física,96.0,13
1538,2026-07-20,10:00,91,Camiseta Casual,Camiseta,Branca,P,4,29.36,11.74,105.7,PIX,Física,131.0,21
1539,2026-04-07,20:45,21,Jaqueta Casual,Jaqueta,Cinza,G,4,186.68,37.34,709.38,Cartão de Débito,Online,260.0,19
1540,2026-05-11,09:00,109,Camiseta Básica,Camiseta,Cinza,P,3,128.12,57.65,326.71,Dinheiro,Online,,23
1541,2026-08-01,09:15,65,Jaqueta Social,Jaqueta,Cinza,GG,1,77.68,0.0,77.68,Cartão de Débito,Física,404.0,19
1542,2026-03-25,17:00,179,Vestido Básica,Vestido,Azul,G,1,31.43,0.0,31.43,Crediário,Online,,11
1543,2026-05-25,14:30,156,Jaqueta Básica,Jaqueta,Branca,G,3,292.56,131.65,746.03,Cartão de Débito,Online,297.0,19
1544,2026-05-01,17:00,21,Jaqueta Casual,Jaqueta,Cinza,G,2,186.68,18.67,354.69,Dinheiro,Física,269.0,25
1545,12-05-2026,09:45,154,Acessório Esporte,Acessório,Azul,M,2,140.03,0.0,280.06,PIX,Física,343.0,1
1546,2026-06-28,20:15,27,Vestido Premium,Vestido,Cinza,G,4,137.14,54.86,493.7,cartao credito,Online,395.0,13
1547,2026-03-30,12:45,119,Vestido Básica,Vestido,Azul,P,4,51.47,10.29,195.59,Cartão de Débito,Física,504.0,10
1548,2026-03-01,12:15,88,Camiseta Básica,Camiseta,Branca,GG,2,270.48,0.0,540.96,Dinheiro,Física,268.0,6
1549,2026-04-29, 15:15 ,180,Acessório X,Acessório,Cinza,G,2,73.69,0.0,147.38,Cartão de Débito,Online,399.0,2
1550,2026-04-17,15:45,6,Acessório X,Acessório,Azul,GG,4,334.07,0.0,1336.28,Cartão de Débito,Online,,5
1551,2026-09-18,11:00,111,Acessório Esporte,Acessório,Rosa,M,3,333.04,1701.7204655863345,899.21,Cartão de Crédito,Online,147.0,8
1552,2026-08-03,18:15,64,Camiseta Básica,Camiseta,Rosa,M,3,108.86,0.0,326.58,Cartão de Débito,Física,226.0,14
1553,2026-08-09,16:00,46,Acessório X,Acessório,Cinza,M,1,184.96,0.0,184.96,Cartão de Crédito,Física,189.0,11
1554,2026-07-05,15:00,55,Vestido Premium,Vestido,Verde,P,1,95.27,4.76,90.51,PIX,Física,552.0,9
1555,2026-05-05,10:45,159,Acessório Slim,Acessório,Azul,G,2,201.01,40.2,361.82,Cartão de Crédito,Física,128.0,9
1556,2026-09-20,13:30,73,Vestido Social,Vestido,Preta,P,3,83.59,37.62,213.15,Cartão de Crédito,Física,488.0,12
1557,28/06/26,11:30,126,Vestido Slim,Vestido,Vermelha,M,4,262.43,1986.5548727608534,1049.72,Cartão de Débito,Física,385.0,3
1558,2026-04-14,11:15,17,Acessório Casual,Acessório,Rosa,P,3,277.21,0.0,831.63,Crediário,Online,85.0,3
1559,08/09/26,17:45,36,Vestido Social,Vestido,Azul,P,1,348.35,34.84,313.51,Cartão de Crédito,Física,324.0,8
1560,2026-06-07,18:15,58,Acessório Básica,Acessório,Cinza,P,4,304.84,182.9,1036.46,PIX,Física,342.0,15
1561,24/07/26,20:00,82,Vestido Slim,Vestido,Vermelha,P,4,342.99,205.79,1166.17,Cartão de Crédito,Física,246.0,11
1562,2026-05-29,18:15,145,Bermuda Esporte,Bermuda,Cinza,G,2,144.91,14.49,275.33,Cartão de Débito,Física,557.0,6
1563,2026-03-16,17:30,56,Bermuda Casual,Bermuda,Verde,P,3,269.73,40.46,768.73,PIX,Física,257.0,1
1564,2026-07-17,09:15,159,Acessório Slim,Acessório,Azul,G,1,201.01,10.05,190.96,Cartão de Crédito,Física,230.0,19
1565,2026-08-23,15:00,170,Blusa Premium,Blusa,Azul,G,2,154.9,0.0,309.8,Dinheiro,Física,204.0,17
1566,2026-04-23,21:15,81,Calça Social,Calça,Cinza,P,1,125.82,18.87,106.95,Cartão de Débito,Online,193.0,2
1567,2026-07-18,19:15,141,Acessório Slim,Acessório,Rosa,G,3,250.39,0.0,751.17,Cartão de Débito,Física,433.0,3
1568,2026-06-05,13:30,171,Acessório X,Acessório,Verde,G,3,85.73,12.86,244.33,Cartão de Crédito,Física,136.0,22
1569,2026-09-20,09:15,103,Jaqueta Social,Jaqueta,Verde,G,2,239.05,23.9,454.2,PIX,Online,68.0,18
1570,2026-07-25,09:00,131,Vestido Básica,Vestido,Vermelha,M,1,38.91,0.0,38.91,Cartão de Crédito,Online,140.0,6
1571,2026-06-08,19:45,159,Acessório Slim,Acessório,Azul,G,1,201.01,0.0,201.01,Cartão de Débito,Física,146.0,22
1572,13/03/26,14:45,169,Vestido Esporte,Vestido,Rosa,M,4,120.16,0.0,480.64,PIX,Online,183.0,15
1573,2026-07-22,11:45,133,Calça Social,Calça,Rosa,G,3,39.8,0.0,119.4,Cartão de Crédito,Física,45.0,9
1574,2026-07-17,19:15,28,Camiseta Social,Camiseta,Rosa,GG,3,276.72,0.0,830.16,Crediário,Física,228.0,20
1575,2026-08-18,14:15,160,Calça X,Calça,Verde,P,2,137.04,13.7,260.38,PIX,Física,96.0,21
1576,2026-05-31,18:45,56,Bermuda Casual,Bermuda,Verde,P,1,269.73,40.46,229.27,PIX,Online,242.0,15
1577,2026-03-18,17:30,154,Acessório Esporte,Acessório,Azul,M,4,140.03,0.0,560.12,Cartão de Débito,Física,117.0,9
1578,2026-06-03,13:45,125,Vestido Esporte,Vestido,Vermelha,P,4,67.79,0.0,"R$ 271,16",Cartão de Crédito,Física,52.0,15
1579,2026-08-17,13:30,174,Jaqueta Casual,Jaqueta,Preta,GG,-1,214.83,0.0,644.49,Dinheiro,Física,102.0,12
1580,2026-08-29,17:45,108,Bermuda Social,Bermuda,Vermelha,P,1,179.79,0.0,179.79,PIX,Física,133.0,3
1581,2026-03-08,12:45,17,Acessório Casual,Acessório,Rosa,P,2,277.21,55.44,498.98,Cartão de Débito,Online,264.0,19
1582,2026-05-10,16:15,112,Calça Básica,Calça,Azul,M,2,318.38,0.0,636.76,Cartão de Débito,Física,588.0,1
1583,22-05-2026,16:30,9,Jaqueta Social,Jaqueta,Rosa,G,4,97.54,0.0,390.16,Cartão de Crédito,Física,202.0,24
1584,2026-09-15,11:30,98,Vestido Social,Vestido,Branca,G,4,290.16,58.03,1102.61,PIX,Online,472.0,21
1585,2026-09-06,11:00,4,Jaqueta Básica,Jaqueta,Vermelha,M,4,148.57,0.0,594.28,PIX,Física,315.0,7
1586,11/08/2026,14:15,143,Acessório Premium,Acessório,Rosa,M,2,297.19,0.0,594.38,cartao credito,Física,368.0,4
1587,2026-04-11, 19:30 ,61,Acessório Básica,Acessório,Rosa,M,1,281.06,28.11,252.95,PIX,Online,317.0,12
1588,2026-04-17,19:00,73,Vestido Social,Vestido,Preta,P,4,83.59,16.72,317.64,Cartão de Crédito,Online,91.0,21
1589,2026-07-20,20:15,114,Jaqueta Esporte,Jaqueta,Verde,P,1,60.77,0.0,60.77,PIX,Física,421.0,11
1590,2026-06-15,18:30,155,Bermuda X,Bermuda,Preta,M,2,134.96,13.5,"256,42",PIX,Física,507.0,25
1591,2026-05-20,14:30,124,Jaqueta Slim,Jaqueta,Verde,G,3,210.25,31.54,599.21,Crediário,Online,153.0,23
1592,2026-05-23,09:45,108,Bermuda Social,Bermuda,Vermelha,P,2,179.79,53.94,305.64,PIX,Online,,5
1593,2026-06-29,13:15,86,Bermuda Casual,Bermuda,Branca,P,4,211.18,84.47,760.25,PIX,Online,57.0,3
1594,2026-06-18,15:45,42,Bermuda Casual,Bermuda,Branca,P,3,336.75,0.0,1010.25,Cartão de Crédito,Física,406.0,15
1595,2026-07-15,15:45,149,Calça Premium,Calça,Vermelha,P,4,296.39,0.0,1185.56,PIX,Online,249.0,22
1596,2026-04-10,18:30,100,Vestido Casual,Vestido,Preta,M,4,76.04,0.0,304.16,Crediário,Online,592.0,9
1597,2026-06-08,17:15,70,Blusa Slim,Blusa,Verde,GG,3,203.23,0.0,609.69,PIX,Online,46.0,20
1598,2026-06-19,13:15,137,Camiseta Esporte,Camiseta,Preta,M,1,149.09,14.91,134.18,PIX,Física,104.0,14
1599,2026-08-07,12:45,57,Jaqueta Básica,Jaqueta,Verde,GG,1,111.2,0.0,111.2,Cartão de Débito,Online,214.0,9
1600,2026-09-20,10:30,53,Camiseta Básica,Camiseta,Branca,P,4,204.54,0.0,818.16,Cartão de Crédito,Online,509.0,18
1601,2026-09-04,19:00,121,Vestido Casual,Vestido,Verde,G,2,101.83,20.37,183.29,Dinheiro,Online,301.0,4
1602,2026-08-31,13:15,142,Acessório Básica,Acessório,Cinza,G,2,333.62,100.09,567.15,Cartão de Débito,Física,418.0,21
1603,2026-04-09,16:30,179,Vestido Básica,Vestido,Azul,G,1,31.43,1.57,29.86,PIX,Física,350.0,10
1604,2026-03-10,20:45,102,Bermuda X,Bermuda,Azul,G,1,181.84,0.0,181.84,PIX,Física,533.0,16
1605,2026-03-09,09:15,179,Vestido Básica,Vestido,Azul,G,4,31.43,0.0,125.72,PIX,Online,159.0,11
1606,2026-05-17,16:15,125,Vestido Esporte,Vestido,Vermelha,P,2,67.79,0.0,135.58,PIX,Física,248.0,25
1607,2026-09-23,18:30  ,77,Vestido X,Vestido,Rosa,G,4,195.59,0.0,782.36,PIX,Online,490.0,2
1608,2026-08-22,10:15,151,Blusa Casual,Blusa,Preta,P,3,121.09,36.33,326.94,Dinheiro,Online,161.0,4
1609,2026-06-26,17:45,108,Bermuda Social,Bermuda,Vermelha,P,4,179.79,0.0,719.16,PIX,Online,246.0,6
1610,2026-07-24,11:30,105,Vestido Esporte,Vestido,Vermelha,P,2,168.87,0.0,337.74,Cartão de Crédito,Física,248.0,15
1611,2026-08-15,16:45,81,Calça Social,Calça,Cinza,P,4,125.82,50.33,452.95,Crediário,Física,40.0,14
1612,2026-09-13,17:45,145,Bermuda Esporte,Bermuda,Cinza,G,2,144.91,43.47,246.35,Cartão de Débito,Física,467.0,15
1613,2026-08-02,18:00,35,Jaqueta Premium,Jaqueta,Preta,P,2,289.59,28.96,550.22,Cartão de Crédito,Física,329.0,20
1614,2026-05-31,10:15,90,Blusa Premium,Blusa,Branca,G,1,177.57,0.0,177.57,Cartão de Débito,Física,,17
1615,2026-05-23,19:15,55,Vestido Premium,Vestido,Verde,P,3,95.27,28.58,257.23,PIX,Online,316.0,18
1616,2026-08-12,12:30,91,Camiseta Casual,Camiseta,Branca,P,2,29.36,111.12534973947082,58.72,Cartão de Crédito,Física,49.0,17
1617,2026-05-23,20:15,95,Bermuda Básica,Bermuda,Verde,P,2,40.47,8.09,72.85,Dinheiro,Online,492.0,1
1618,24/05/2026,16:00,57,Jaqueta Básica,Jaqueta,Verde,GG,4,111.2,66.72,378.08,Cartão de Crédito,Física,189.0,8
1619,2026-04-15,21:30,133,Calça Social,Calça,Rosa,G,1,39.8,1.99,37.81,Cartão de Débito,Física,318.0,19
1620,2026-05-03,11:30,78,Blusa Casual,Blusa,Cinza,M,4,332.45,199.47,1130.33,Cartão de Débito,Online,121.0,16
1621,2026-05-17,11:30,122,Bermuda Casual,Bermuda,Rosa,GG,4,286.85,114.74,1032.66,Cartão de Crédito,Física,461.0,2
1622,2026-04-18,15:00,112,Calça Básica,Calça,Azul,M,4,318.38,0.0,1273.52,Dinheiro,Online,46.0,24
1623,2026-06-16,10:30,141,Acessório Slim,Acessório,Rosa,G,4,250.39,50.08,951.48,PIX,Física,474.0,17
1624,2026-09-17,13:00,105,Vestido Esporte,Vestido,Vermelha,P,4,168.87,101.32,574.16,Cartão de Débito,Online,510.0,9
1625,2026-08-15,14:30,13,Calça X,Calça,Verde,M,2,118.99,0.0,237.98,Crediário,Online,569.0,10
1626,2026-07-28,11:00,124,Jaqueta Slim,Jaqueta,Verde,G,2,210.25,0.0,420.5,Dinheiro,Online,277.0,13
1627,2026-08-25,10:15,122,Bermuda Casual,Bermuda,Rosa,GG,3,286.85,0.0,860.55,Cartão de Crédito,Online,147.0,24
1628,2026-08-28,18:15,97,Camiseta Slim,Camiseta,Azul,M,3,174.51,0.0,523.53,Dinheiro,Física,264.0,10
1629,2026-07-28,12:45,44,Jaqueta Esporte,Jaqueta,Azul,GG,0,198.07,29.71,564.5,Crediário,Física,481.0,6
1630,2026-08-12,16:00,31,Vestido Slim,Vestido,Azul,P,3,35.57,10.67,96.04,Dinheiro,Física,502.0,13
1631,2026-05-28,09:45,158,Blusa Social,Blusa,Rosa,M,3,185.68,0.0,557.04,Dinheiro,Física,495.0,21
1632,2026-08-09,17:15  ,36,Vestido Social,Vestido,Azul,P,1,348.35,0.0,348.35,Cartão de Crédito,Física,347.0,15
1633,2026-05-14,19:15,179,Vestido Básica,Vestido,Azul,G,3,31.43,0.0,94.29,Cartão de Crédito,Online,79686.0,17
1634,2026-06-15,12:00,113,Blusa Social,Blusa,Rosa,P,4,270.36,0.0,1081.44,Cartão de Débito,Física,561.0,13
1635,2026-06-11,13:00,170,Blusa Premium,Blusa,Azul,G,1,154.9,0.0,154.9,Cartão de Crédito,Física,456.0,23
1636,2026-06-27,21:00,41,Jaqueta Casual,Jaqueta,Cinza,GG,3,274.27,41.14,781.67,Cartão de Débito,Online,61.0,1
1637,2026-04-04,20:45,132,Acessório Básica,Acessório,Branca,P,4,296.32,0.0,1185.28,Cartão de Débito,Online,556.0,20
1638,2026-08-04,17:30,1,Acessório Premium,Acessório,Verde,G,1,129.26,12.93,116.33,PIX,Física,206.0,21
1639,2026-09-23,10:00,60,Acessório Esporte,Acessório,Azul,G,4,112.08,0.0,448.32,Cartão de Crédito,Online,519.0,19
1640,2026-06-28,15:15,169,Vestido Esporte,Vestido,Rosa,M,3,120.16,0.0,360.48,Cartão de Crédito,Física,212.0,17
1641,2026-09-16,10:30,167,Acessório Casual,Acessório,Preta,P,1,326.38,16.32,310.06,PIX,Física,454.0,11
1642,2026-08-04,20:45,100,Vestido Casual,Vestido,Preta,M,1,76.04,7.6,68.44,Dinheiro,Online,25.0,14
1643,2026-07-07,09:15,76,Bermuda Premium,Bermuda,Vermelha,M,4,45.34,0.0,181.36,Cartão de Débito,Online,62.0,20
1644,2026-07-11,20:45,23,Blusa X,Blusa,Preta,P,2,219.84,65.95,373.73,PIX,Online,,23
1645,2026-09-06,19:30,22,Vestido Social,Vestido,Rosa,G,3,289.54,130.29,"R$ 738,33",Cartão de Crédito,Online,515.0,16
1646,2026-06-24,13:45,159,Acessório Slim,Acessório,Azul,G,4,201.01,0.0,804.04,Cartão de Crédito,Física,378.0,2
1647,2026-09-16,19:00,52,Vestido Casual,Vestido,Rosa,GG,1,235.08,0.0,235.08,PIX,Física,255.0,8
1648,2026-04-20,20:30,127,Vestido Social,Vestido,Rosa,G,2,72.5,0.0,145.0,Dinheiro,Online,499.0,2
1649,2026-03-03,16:45,11,Calça Básica,Calça,Vermelha,G,4,297.24,0.0,1188.96,Cartão de Débito,Online,320.0,12
1650,2026-06-26,16:45,3,Camiseta Social,Camiseta,Branca,GG,2,48.72,0.0,97.44,CARTÃO DE DÉBITO,Online,100.0,12
1651,01/09/2026,19:15,177,Bermuda Básica,Bermuda,Branca,G,3,113.66,0.0,340.98,Cartão de Débito,Online,360.0,4
1652,2026-07-17,12:00,92,Calça Casual,Calça,Rosa,G,2,164.58,0.0,329.16,PIX,Física,2.0,2
1653,2026-08-14,19:30,71,Camiseta Esporte,Camiseta,Cinza,GG,4,252.73,50.55,960.37,Cartão de Crédito,Online,483.0,7
1654,2026-08-30,09:00,124,Jaqueta Slim,Jaqueta,Verde,G,1,210.25,10.51,199.74,Cartão de Débito,Física,275.0,5
1655,2026-08-11,17:15,129,Vestido X,Vestido,Branca,GG,3,295.38,0.0,886.14,Cartão de Débito,Online,413.0,20
1656,2026-07-07,15:15,162,Blusa Premium,Blusa,Branca,M,1,219.23,10.96,208.27,PIX,Física,,19
1657,2026-03-06,14:45,42,Bermuda Casual,Bermuda,Branca,P,4,336.75,0.0,1347.0,Cartão de Crédito,Online,222.0,6
1658,2026-06-26,13:30,177,Bermuda Básica,Bermuda,Branca,G,1,113.66,5.68,107.98,Cartão de Crédito,Física,,12
1659,2026-07-15,21:30,170,Blusa Premium,Blusa,Azul,G,2,154.9,46.47,263.33,Cartão de Débito,Online,117.0,13
1660,2026-04-17,18:00,6,Acessório X,Acessório,Azul,GG,1,334.07,16.7,317.37,Cartão De Crédito,Online,136.0,8
1661,2026-05-01,18:45,110,Bermuda Esporte,Bermuda,Branca,GG,3,116.53,17.48,332.11,Cartão de Débito,Online,299.0,11
1662,2026-07-21,11:00,121,Vestido Casual,Vestido,Verde,G,1,101.83,10.18,91.65,Cartão de Débito,Online,554.0,22
1663,2026-07-29,15:30,38,Calça X,Calça,Azul,G,3,234.51,70.35,633.18,PIX,Física,598.0,22
1664,2026-09-03,18:45,6,Acessório X,Acessório,Azul,GG,4,334.07,0.0,1336.28,PIX,Online,,1
1665,2026-06-11,19:45,108,Bermuda Social,Bermuda,Vermelha,P,1,179.79,8.99,170.8,PIX,Física,104.0,1
1666,2026-05-25,15:00,156,Jaqueta Básica,Jaqueta,Branca,G,4,292.56,117.02,1053.22,PIX,Física,542.0,15
1667,2026-08-06,09:15,76,Bermuda Premium,Bermuda,Vermelha,M,3,45.34,6.8,129.22,Cartão de Débito,Física,6.0,1
1668,2026-07-07,20:00,84,Jaqueta Básica,Jaqueta,Verde,P,4,313.9,0.0,1255.6,Crediário,Física,559.0,10
1669,2026-05-25,16:00,146,Acessório Esporte,Acessório,Vermelha,P,1,103.95,0.0,103.95,Cartão de Débito,Online,43.0,1
1670,2026-04-16,14:15,105,Vestido Esporte,Vestido,Vermelha,P,4,168.87,67.55,607.93,Crediário,Online,206.0,25
1671,2026-06-25,12:30,110,Bermuda Esporte,Bermuda,Branca,GG,2,116.53,11.65,221.41,Cartão de Crédito,Online,29.0,7
1672,2026-06-30,18:45,42,Bermuda Casual,Bermuda,Branca,P,1,336.75,0.0,336.75,Cartão de Crédito,Física,190.0,2
1673,2026-08-19,19:45,38,Calça X,Calça,Azul,G,2,234.51,0.0,469.02,PIX,Online,145.0,9
1674,2026-05-27,09:00,80,Jaqueta Casual,Jaqueta,Cinza,P,2,258.13,77.44,438.82,Cartão de Crédito,Online,559.0,10
1675,2026-05-22,11:45,163,Jaqueta Básica,Jaqueta,Branca,M,1,212.45,0.0,"R$ 212,45",Dinheiro,Online,,5
1676,2026-07-03,13:15,48,Camiseta Esporte,Camiseta,Preta,G,1,170.37,0.0,170.37,Cartão de Crédito,Online,527.0,17
1677,2026-06-06,11:30,23,Blusa X,Blusa,Preta,P,4,219.84,0.0,879.36,Cartão de Crédito,Online,,20
1678,2026-07-17,21:15,171,Acessório X,Acessório,Verde,G,4,85.73,0.0,342.92,Cartão de Débito,Física,463.0,22
1679,2026-06-09,09:00,25,Blusa Social,Blusa,Rosa,M,1,285.55,0.0,285.55,Cartão de Débito,Online,183.0,25
1680,2026-05-11,12:45,178,Calça Básica,Calça,Azul,GG,4,144.41,0.0,"577,64",Dinheiro,Física,529.0,9
1681,2026-09-22,14:15,90,Blusa Premium,Blusa,Branca,G,1,177.57,0.0,177.57,PIX,Online,173.0,12
1682,2026-06-13,09:30,56,Bermuda Casual,Bermuda,Verde,P,4,269.73,0.0,1078.92,Cartão de Débito,Física,230.0,22
1683,2026-08-23,11:30,169,Vestido Esporte,Vestido,Rosa,M,2,120.16,36.05,204.27,Dinheiro,Física,320.0,2
1684,2026-09-01,14:45,55,Vestido Premium,Vestido,Verde,P,0,95.27,14.29,271.52,PIX,Física,276.0,18
1685,2026-07-08,11:15  ,7,Jaqueta Esporte,Jaqueta,Preta,P,3,33.34,5.0,95.02,Cartão de Débito,Física,10.0,2
1686,2026-08-09,14:45,91,Camiseta Casual,Camiseta,Branca,P,4,29.36,0.0,117.44,Cartão de Débito,Online,530.0,15
1687,2026-09-15,21:45,93,Blusa Social,Blusa,Vermelha,GG,1,327.13,16.36,310.77,Dinheiro,Online,441.0,4
1688,2026-06-05,19:45,63,Calça Premium,Calça,Vermelha,G,1,277.67,0.0,277.67,Cartão de Débito,Física,83.0,10
1689,2026-05-10,17:00,126,Vestido Slim,Vestido,Vermelha,M,2,262.43,78.73,446.13,Cartão de Crédito,Física,469.0,7
1690,2026-05-29,12:45,24,Blusa X,Blusa,Cinza,GG,2,80.81,0.0,"161,62",Dinheiro,Física,8.0,22
1691,2026-08-26,12:00,146,Acessório Esporte,Acessório,Vermelha,P,1,103.95,0.0,103.95,Cartão de Crédito,Física,125.0,11
1692,2026-03-23,21:00,151,Blusa Casual,Blusa,Preta,P,2,121.09,36.33,205.85,Cartão de Débito,Online,256.0,24
1693,2026-08-03,20:45,80,Jaqueta Casual,Jaqueta,Cinza,P,4,258.13,0.0,1032.52,PIX,Física,242.0,14
1694,2026-04-16,11:30,74,Acessório Social,Acessório,Preta,GG,1,90.99,0.0,90.99,crediário,Física,478.0,22
1695,2026-07-19,18:00,26,Bermuda Slim,Bermuda,Branca,P,4,207.97,0.0,831.88,Cartão de Débito,Física,319.0,16
1696,2026-03-05,21:15,143,Acessório Premium,Acessório,Rosa,M,4,297.19,0.0,1188.76,PIX,Física,327.0,11
1697,2026-07-02,18:15,166,Vestido Premium,Vestido,Vermelha,GG,3,194.42,0.0,583.26,Dinheiro,Online,319.0,16
1698,2026-07-02,12:00,106,Vestido Premium,Vestido,Cinza,G,2,201.43,60.43,342.43,Cartão de Crédito,Física,206.0,3
1699,2026-06-04,19:15,102,Bermuda X,Bermuda,Azul,G,2,181.84,0.0,363.68,Cartão de Débito,Online,143.0,2
1700,2026-04-03,11:15,155,Bermuda X,Bermuda,Preta,M,3,134.96,20.24,384.64,Dinheiro,Física,104.0,19
1701,2026-04-21,20:15,30,Blusa Básica,Blusa,Preta,M,2,249.41,74.82,424.0,Cartão de Crédito,Online,121.0,12
1702,2026-06-30,13:45,3,Camiseta Social,Camiseta,Branca,GG,4,48.72,9.74,185.14,Crediário,Física,351.0,15
1703,2026-04-16,14:15,177,Bermuda Básica,Bermuda,Branca,G,3,113.66,0.0,340.98,Cartão de Crédito,Online,6.0,5
1704,2026-09-16,11:15,140,Acessório Premium,Acessório,Rosa,G,1,155.17,15.52,139.65,Cartão de Débito,Física,6.0,1
1705,2026-05-21,16:30,81,Calça Social,Calça,Cinza,P,2,125.82,0.0,251.64,Cartão de Crédito,Online,330.0,12
1706,2026-05-19,11:15,113,Blusa Social,Blusa,Rosa,P,2,270.36,0.0,"540,72",Cartão de Débito,Física,587.0,12
1707,2026-03-29,18:30,6,Acessório X,Acessório,Azul,GG,3,334.07,50.11,952.1,Cartão de Débito,Online,408.0,7
1708,2026-03-27,16:30,64,Camiseta Básica,Camiseta,Rosa,M,2,108.86,0.0,217.72,PIX,Física,128.0,12
1709,2026-04-19,17:30,12,Bermuda Esporte,Bermuda,Cinza,M,3,327.44,0.0,982.32,Cartão de Crédito,Online,254.0,22
1710,2026-05-14,15:30,109,Camiseta Básica,Camiseta,Cinza,P,3,128.12,0.0,384.36,Cartão de Débito,Online,272.0,24
1711,2026-08-02,12:15,37,Bermuda Básica,Bermuda,Branca,M,2,197.74,59.32,336.16,Cartão de Crédito,Física,505.0,19
1712,2026-05-22,17:00,27,Vestido Premium,Vestido,Cinza,G,2,137.14,13.71,260.57,Dinheiro,Online,44.0,23
1713,2026-07-06,16:30,80,Jaqueta Casual,Jaqueta,Cinza,P,4,258.13,154.88,877.64,PIX,Online,186.0,19
1714,2026-05-22,19:15,56,Bermuda Casual,Bermuda,Verde,P,4,269.73,107.89,971.03,Cartão de Débito,Online,133.0,9
1715,2026-08-06,20:15,170,Blusa Premium,Blusa,Azul,G,4,154.9,0.0,619.6,Cartão de Débito,Online,380.0,18
1716,2026-05-12,19:45,43,Vestido Básica,Vestido,Rosa,G,4,212.4,127.44,722.16,Crediário,Física,379.0,5
1717,2026-04-04,14:00,140,Acessório Premium,Acessório,Rosa,G,3,155.17,0.0,465.51,Cartão de Crédito,Física,88.0,15
1718,2026-08-30,16:15,144,Calça Social,Calça,Cinza,GG,3,200.29,0.0,600.87,Cartão de Crédito,Física,580.0,22
1719,2026-03-30,10:45,93,Blusa Social,Blusa,Vermelha,GG,3,327.13,49.07,932.32,Cartão de Crédito,Física,503.0,20
1720,2026-09-23,17:00,11,Calça Básica,Calça,Vermelha,G,3,297.24,133.76,757.96,Cartão de Débito,Online,472.0,10
1721,2026-04-22,16:15,38,Calça X,Calça,Azul,G,4,234.51,0.0,"938,04",PIX,Física,536.0,21
1722,2026-05-21,15:30,147,Bermuda Básica,Bermuda,Branca,P,4,44.8,0.0,179.2,Cartão de Débito,Online,37.0,21
1723,2026-07-06,09:00,166,Vestido Premium,Vestido,Vermelha,GG,3,194.42,87.49,495.77,Cartão de Débito,Online,106.0,4
1724,2026-07-06,20:00,63,Calça Premium,Calça,Vermelha,G,1,277.67,27.77,249.9,Crediário,Física,512.0,6
1725,17/05/2026,16:45,14,Bermuda Social,Bermuda,Branca,P,2,125.8,25.16,226.44,PIX,Online,11337.0,11
1726,2026-06-19,18:15,141,Acessório Slim,Acessório,Rosa,G,3,250.39,112.68,638.49,PIX,Online,340.0,8
1727,2026-03-20,19:45,86,Bermuda Casual,Bermuda,Branca,P,3,211.18,0.0,633.54,Cartão de Débito,Online,,1
1728,2026-03-19,10:30,113,Blusa Social,Blusa,Rosa,P,3,270.36,0.0,811.08,Cartão de Crédito,Física,221.0,22
1729,2026-08-16, 13:45 ,41,Jaqueta Casual,Jaqueta,Cinza,GG,3,274.27,123.42,699.39,Cartão de Débito,Física,597.0,14
1730,2026-05-23,19:45,4,Jaqueta Básica,Jaqueta,Vermelha,M,3,148.57,22.29,423.42,Cartão de Débito,Online,58.0,13
1731,2026-04-13,12:15,23,Blusa X,Blusa,Preta,P,1,219.84,10.99,208.85,Cartão de Débito,Física,177.0,24
1732,2026-07-01,15:30,82,Vestido Slim,Vestido,Vermelha,P,4,342.99,0.0,1371.96,Cartão de Crédito,Online,85.0,22
1733,2026-04-17,13:30,23,Blusa X,Blusa,Preta,P,2,219.84,21.98,417.7,Cartão de Crédito,Online,94.0,16
1734,2026-07-11,20:45,6,Acessório X,Acessório,Azul,GG,2,334.07,0.0,668.14,Cartão de Crédito,Física,179.0,13
1735,2026-05-07,17:15,19,Blusa Casual,Blusa,Preta,M,3,212.08,31.81,604.43,Cartão de Débito,Física,53.0,12
1736,2026-04-10,20:00,134,Calça Slim,Calça,Rosa,P,1,297.88,29.79,268.09,Cartão de Débito,Online,311.0,9
1737,2026-08-08,09:00,93,Blusa Social,Blusa,Vermelha,GG,4,327.13,130.85,1177.67,Cartão de Débito,Online,541.0,2
1738,2026-04-24,15:00,23,Blusa X,Blusa,Preta,P,4,219.84,0.0,879.36,PIX,Física,109.0,13
1739,2026-05-28,10:15,74,Acessório Social,Acessório,Preta,GG,2,90.99,9.1,172.88,Cartão de Débito,Física,272.0,22
1740,2026-05-17,19:00,58,Acessório Básica,Acessório,Cinza,P,3,304.84,45.73,868.79,Cartão de Débito,Online,,1
1741,2026-06-20,10:15,19,Blusa Casual,Blusa,Preta,M,1,212.08,21.21,190.87,Cartão de Crédito,Online,288.0,1
1742,2026-06-13,20:15,56,Bermuda Casual,Bermuda,Verde,P,3,269.73,40.46,768.73,Cartão de Débito,Online,24.0,4
1743,2026-08-10,20:00,136,Blusa Social,Blusa,Azul,P,2,114.45,0.0,228.9,PIX,Online,121.0,7
1744,2026-07-03,13:15,59,Acessório X,Acessório,Azul,G,3,137.62,0.0,412.86,Crediário,Física,81.0,11
1745,2026-09-25,09:30,77,Vestido X,Vestido,Rosa,G,3,195.59,29.34,557.43,Crediário,Online,366.0,21
1746,2026-07-17,20:00,165,Blusa Casual,Blusa,Rosa,GG,0,156.99,31.4,596.56,Cartão de Crédito,Física,298.0,22
1747,2026-05-18,14:15,34,Acessório Slim,Acessório,Azul,M,4,220.29,0.0,881.16,Cartão de Débito,Física,296.0,19
1748,2026-03-14,14:15,16,Acessório Casual,Acessório,Verde,GG,3,160.59,72.27,409.5,Cartão de Débito,Online,155.0,21
1749,2026-05-28,16:30,37,Bermuda Básica,Bermuda,Branca,M,3,197.74,88.98,504.24,Cartão de Débito,Física,156.0,6
1750,2026-05-07,14:00,123,Blusa Esporte,Blusa,Rosa,P,3,261.56,0.0,784.68,Dinheiro,Física,264.0,1
1751,2026-03-25,12:15,47,Vestido Premium,Vestido,Cinza,G,2,115.65,0.0,231.3,Dinheiro,Física,449.0,18
1752,2026-05-16,13:30,174,Jaqueta Casual,Jaqueta,Preta,GG,4,214.83,128.9,730.42,Cartão de Débito,Online,580.0,9
1753,30/07/2026,16:15,164,Blusa X,Blusa,Cinza,G,4,193.36,116.02,657.42,Crediário,Física,108.0,13
1754,2026-04-01,12:00,171,Acessório X,Acessório,Verde,G,1,85.73,0.0,85.73,Dinheiro,Online,381.0,20
1755,2026-08-06,11:45,4,Jaqueta Básica,Jaqueta,Vermelha,M,1,148.57,22.29,126.28,Cartão de Crédito,Física,284.0,5
1756,2026-09-08,20:30,136,Blusa Social,Blusa,Azul,P,3,114.45,51.5,291.85,Cartão de Débito,Online,541.0,13
1757,2026-09-04,14:00,5,Jaqueta Slim,Jaqueta,Branca,GG,3,87.47,26.24,236.17,Crediário,Online,428.0,21
1758,2026-06-13,16:00,2,Camiseta Básica,Camiseta,Cinza,P,3,57.67,0.0,173.01,Cartão de Crédito,Física,277.0,18
1759,2026-03-29,12:15,147,Bermuda Básica,Bermuda,Branca,P,4,44.8,17.92,161.28,crediário,Online,582.0,16
1760,2026-08-12,12:45,59,Acessório X,Acessório,Azul,G,3,137.62,41.29,371.57,Dinheiro,Online,448.0,20
1761,2026-07-07,16:45,134,Calça Slim,Calça,Rosa,P,4,297.88,2142.1530719362504,1131.94,PIX,Online,459.0,6
1762,2026-04-27,21:30,91,Camiseta Casual,Camiseta,Branca,P,2,29.36,5.87,52.85,Cartão de Crédito,Física,515.0,24
1763,2026-07-09,14:30,3,Camiseta Social,Camiseta,Branca,GG,2,48.72,0.0,97.44,Cartão de Débito,Física,179.0,20
1764,2026-06-04,12:30,176,Camiseta Premium,Camiseta,Vermelha,GG,3,225.97,101.69,576.22,Cartão de Crédito,Online,284.0,4
1765,2026-05-12,10:45,124,Jaqueta Slim,Jaqueta,Verde,G,3,210.25,0.0,630.75,PIX,Física,210.0,10
1766,2026-06-18,19:00,98,Vestido Social,Vestido,Branca,G,3,290.16,0.0,870.48,Cartão de Débito,Online,270.0,9
1767,2026-04-24,18:15,16,Acessório Casual,Acessório,Verde,GG,4,160.59,64.24,578.12,Dinheiro,Online,335.0,15
1768,2026-04-29,20:45,66,Bermuda X,Bermuda,Branca,G,1,98.66,0.0,98.66,Crediário,Física,387.0,9
1769,02-03-2026,21:30,20,Calça X,Calça,Vermelha,P,2,211.81,21.18,402.44,Cartão de Crédito,Online,162.0,6
1770,2026-08-30,09:45,88,Camiseta Básica,Camiseta,Branca,GG,1,270.48,40.57,229.91,Cartão de Débito,Física,53.0,21
1771,2026-05-11,10:15,34,Acessório Slim,Acessório,Azul,M,1,220.29,22.03,198.26,Cartão de Débito,Física,141.0,19
1772,2026-05-17,18:45  ,116,Blusa Casual,Blusa,Azul,G,2,332.71,0.0,665.42,PIX,Online,591.0,15
1773,2026-07-06,18:15,96,Bermuda Casual,Bermuda,Branca,M,4,123.65,0.0,494.6,Cartão de Débito,Física,210.0,23
1774,2026-05-16,19:30,101,Vestido Social,Vestido,Vermelha,GG,3,158.47,47.54,427.87,Crediário,Física,39.0,21
1775,2026-05-17,11:45,165,Blusa Casual,Blusa,Rosa,GG,2,156.99,0.0,313.98,Crediário,Física,151.0,8
1776,2026-04-01,13:45,50,Blusa Esporte,Blusa,Vermelha,GG,4,189.51,37.9,720.14,PIX,Física,211.0,22
1777,2026-07-13,21:15,31,Vestido Slim,Vestido,Azul,P,2,35.57,10.67,60.47,Dinheiro,Online,,4
1778,2026-03-25,16:15,53,Camiseta Básica,Camiseta,Branca,P,4,204.54,0.0,818.16,PIX,Física,277.0,13
1779,2026-09-01,09:00,38,Calça X,Calça,Azul,G,2,234.51,0.0,469.02,PIX,Online,445.0,9
1780,2026-07-05,17:30,166,Vestido Premium,Vestido,Vermelha,GG,4,194.42,0.0,777.68,Crediário,Física,402.0,19
1781,2026-06-07,14:45,89,Acessório Slim,Acessório,Preta,P,3,283.36,0.0,850.08,Dinheiro,Online,540.0,24
1782,2026-08-15,16:00,11,Calça Básica,Calça,Vermelha,G,1,297.24,0.0,297.24,Cartão de Débito,Física,,20
1783,2026-04-02,20:45,122,Bermuda Casual,Bermuda,Rosa,GG,2,286.85,0.0,573.7,Cartão de Débito,Online,211.0,25
1784,2026-06-01,17:15,68,Jaqueta Premium,Jaqueta,Vermelha,G,1,65.29,6.53,58.76,Cartão de Débito,Online,142.0,1
1785,2026-07-25,16:30  ,48,Camiseta Esporte,Camiseta,Preta,G,3,170.37,25.56,485.55,Dinheiro,Física,340.0,4
1786,2026-08-12,13:45,11,Calça Básica,Calça,Vermelha,G,1,297.24,14.86,282.38,Cartão de Débito,Física,,18
1787,2026-05-20,12:15,5,Jaqueta Slim,Jaqueta,Branca,GG,2,87.47,26.24,"R$ 148,70",Cartão de Crédito,Online,71.0,21
1788,2026-07-07,10:30,56,Bermuda Casual,Bermuda,Verde,P,1,269.73,0.0,269.73,Cartão de Crédito,Física,71.0,3
1789,2026-07-21,09:30,135,Camiseta Slim,Camiseta,Preta,GG,4,333.31,66.66,1266.58,Dinheiro,Online,560.0,20
1790,2026-06-22,21:15,115,Jaqueta Social,Jaqueta,Preta,GG,3,278.18,83.45,751.09,DINHEIRO,Física,88.0,13
1791,2026-05-26,10:15,112,Calça Básica,Calça,Azul,M,3,318.38,47.76,907.38,PIX,Online,318.0,4
1792,2026-07-28,20:45,92,Calça Casual,Calça,Rosa,G,2,164.58,32.92,296.24,Dinheiro,Física,595.0,4
1793,2026-06-14,19:30,164,Blusa X,Blusa,Cinza,G,1,193.36,9.67,183.69,PIX,Física,183.0,22
1794,2026-08-31,11:45,121,Vestido Casual,Vestido,Verde,G,1,101.83,0.0,101.83,PIX,Online,452.0,25
1795,2026-09-17,20:45,90,Blusa Premium,Blusa,Branca,G,2,177.57,0.0,355.14,Cartão de Crédito,Online,110.0,17
1796,2026-05-06,13:30,166,Vestido Premium,Vestido,Vermelha,GG,3,194.42,87.49,495.77,Cartão de Crédito,Física,437.0,11
1797,2026-04-13,10:00,62,Camiseta Básica,Camiseta,Azul,GG,1,140.6,21.09,119.51,Cartão de Crédito,Física,281.0,10
1798,2026-09-22,18:00,3,Camiseta Social,Camiseta,Branca,GG,3,48.72,14.62,131.54,Dinheiro,Online,258.0,17
1799,2026-07-14,19:15,122,Bermuda Casual,Bermuda,Rosa,GG,4,286.85,172.11,975.29,Cartão de Crédito,Física,186.0,2
1800,2026-04-21,17:30,140,Acessório Premium,Acessório,Rosa,G,1,155.17,15.52,139.65,Cartão de Débito,Online,286.0,6
1801,2026-06-09,19:15,145,Bermuda Esporte,Bermuda,Cinza,G,2,144.91,0.0,289.82,Cartão de Débito,Física,,17
1802,2026-05-26,20:00,109,Camiseta Básica,Camiseta,Cinza,P,4,128.12,0.0,"512,48",Cartão de Débito,Física,114.0,6
1803,2026-07-21, 10:30 ,98,Vestido Social,Vestido,Branca,G,2,290.16,0.0,"R$ 580,32",Pix,Física,202.0,9
1804,2026-06-08,20:45,147,Bermuda Básica,Bermuda,Branca,P,3,44.8,0.0,134.4,Cartão de Débito,Online,259.0,6
1805,2026-04-08,18:15,160,Calça X,Calça,Verde,P,4,137.04,82.22,465.94,Cartão de Crédito,Online,254.0,13
1806,2026-07-08,14:45,3,Camiseta Social,Camiseta,Branca,GG,4,48.72,29.23,165.65,PIX,Física,58.0,24
1807,2026-04-12,17:00,53,Camiseta Básica,Camiseta,Branca,P,1,204.54,0.0,204.54,Crediário,Online,375.0,24
1808,2026-03-20,18:30,162,Blusa Premium,Blusa,Branca,M,1,219.23,0.0,219.23,Dinheiro,Online,124.0,6
1809,2026-07-23,18:45,118,Camiseta Esporte,Camiseta,Azul,M,2,214.08,64.22,363.94,Crediário,Online,449.0,2
1810,2026-07-15,09:45,30,Blusa Básica,Blusa,Preta,M,4,249.41,149.65,847.99,PIX,Física,550.0,24
1811,27-06-2026,17:45,95,Bermuda Básica,Bermuda,Verde,P,2,40.47,0.0,80.94,Cartão de Crédito,Online,572.0,17
1812,2026-06-13,20:30,84,Jaqueta Básica,Jaqueta,Verde,P,2,313.9,0.0,627.8,Cartão de Crédito,Online,421.0,20
1813,2026-09-15,15:45,20,Calça X,Calça,Vermelha,P,3,211.81,63.54,571.89,Crediário,Física,492.0,16
1814,2026-04-30,20:45,108,Bermuda Social,Bermuda,Vermelha,P,2,179.79,0.0,359.58,Cartão de Débito,Física,217.0,8
1815,2026-06-16,16:45,131,Vestido Básica,Vestido,Vermelha,M,2,38.91,7.78,70.04,Crediário,Física,149.0,15
1816,2026-09-20,19:00,8,Blusa Social,Blusa,Preta,M,1,290.68,43.6,247.08,Dinheiro,Online,108.0,16
1817,2026-04-18,16:30,116,Blusa Casual,Blusa,Azul,G,3,332.71,1888.9227747864104,998.13,CARTÃO DE DÉBITO,Online,177.0,22
1818,2026-05-14,20:00,65,Jaqueta Social,Jaqueta,Cinza,GG,1,77.68,0.0,77.68,Dinheiro,Online,443.0,5
1819,2026-03-10,13:45,164,Blusa X,Blusa,Cinza,G,4,193.36,116.02,657.42,PIX,Online,551.0,16
1820,2026-05-10,11:45,115,Jaqueta Social,Jaqueta,Preta,GG,3,278.18,41.73,792.81,Cartão de Crédito,Online,330.0,7
1821,2026-06-05,17:00,80,Jaqueta Casual,Jaqueta,Cinza,P,3,258.13,0.0,774.39,Cartão de Débito,Online,186.0,20
1822,2026-03-21,18:45,66,Bermuda X,Bermuda,Branca,G,1,98.66,0.0,98.66,Cartão de Débito,Física,,9
1823,2026-09-17,21:30,17,Acessório Casual,Acessório,Rosa,P,2,277.21,83.16,471.26,Cartão de Crédito,Física,82.0,7
1824,2026-07-07,13:45,69,Camiseta Social,Camiseta,Branca,M,3,96.99,0.0,"290,97",Cartão de Débito,Física,159.0,16
1825,2026-08-27,14:15,79,Camiseta X,Camiseta,Cinza,G,2,76.54,7.65,145.43,Cartão de Débito,Física,277.0,19
1826,2026-06-28,12:15,10,Jaqueta Casual,Jaqueta,Cinza,GG,4,338.29,202.97,1150.19,PIX,Online,148.0,12
1827,2026-05-23,09:45,29,Blusa Esporte,Blusa,Branca,M,2,318.44,0.0,636.88,Crediário,Física,386.0,9
1828,2026-09-04,18:30,149,Calça Premium,Calça,Vermelha,P,1,296.39,0.0,296.39,PIX,Online,20.0,24
1829,2026-04-20,18:00,177,Bermuda Básica,Bermuda,Branca,G,3,113.66,0.0,340.98,PIX,Online,407.0,12
1830,2026-04-11,16:45,153,Vestido Básica,Vestido,Preta,G,3,129.37,19.41,368.7,Cartão de Débito,Física,363.0,1
1831,2026-07-01,15:30,179,Vestido Básica,Vestido,Azul,G,3,31.43,4.71,"89,58",Cartão de Débito,Online,48864.0,5
1832,2026-04-24,16:45,166,Vestido Premium,Vestido,Vermelha,GG,2,194.42,38.88,349.96,dinheiro,Online,15.0,5
1833,2026-04-24,13:00,91,Camiseta Casual,Camiseta,Branca,P,3,29.36,8.81,79.27,Cartão de Crédito,Online,459.0,15
1834,2026-06-08,10:15,61,Acessório Básica,Acessório,Rosa,M,2,281.06,0.0,562.12,PIX,Física,264.0,10
1835,2026-08-10,11:30,176,Camiseta Premium,Camiseta,Vermelha,GG,4,225.97,0.0,903.88,Cartão de Débito,Física,52.0,14
1836,2026-07-18,16:45,112,Calça Básica,Calça,Azul,M,2,318.38,0.0,636.76,Cartão de Crédito,Física,321.0,24
1837,2026-05-04,14:15,168,Vestido Casual,Vestido,Azul,M,1,255.66,38.35,217.31,Cartão de Débito,Online,592.0,18
1838,2026-06-26,11:30,141,Acessório Slim,Acessório,Rosa,G,4,250.39,0.0,1001.56,PIX,Online,82.0,25
1839,2026-03-31,14:00,66,Bermuda X,Bermuda,Branca,G,4,98.66,0.0,394.64,Crediário,Online,,4
1840,2026-03-07,13:15,151,Blusa Casual,Blusa,Preta,P,3,121.09,54.49,308.78,Dinheiro,Online,12.0,3
1841,2026-03-02,19:15,177,Bermuda Básica,Bermuda,Branca,G,2,113.66,34.1,193.22,Dinheiro,Online,30.0,20
1842,2026-06-03,19:30,19,Blusa Casual,Blusa,Preta,M,1,212.08,0.0,212.08,Dinheiro,Física,215.0,17
1843,2026-07-26,15:30,90,Blusa Premium,Blusa,Branca,G,4,177.57,71.03,639.25,Pix,Online,474.0,17
1844,2026-04-13,14:00,57,Jaqueta Básica,Jaqueta,Verde,GG,3,111.2,33.36,300.24,Cartão de Débito,Online,440.0,24
1845,2026-04-13,16:15,34,Acessório Slim,Acessório,Azul,M,1,220.29,0.0,220.29,Crediário,Online,148.0,16
1846,2026-04-09,17:45,42,Bermuda Casual,Bermuda,Branca,P,2,336.75,101.02,572.48,Cartão De Crédito,Física,276.0,5
1847,2026-06-13,15:00,86,Bermuda Casual,Bermuda,Branca,P,2,211.18,21.12,401.24,Crediário,Online,106.0,3
1848,2026-04-20,11:00,40,Bermuda Esporte,Bermuda,Azul,G,2,78.7,15.74,"R$ 141,66",Cartão de Crédito,Física,,22
1849,2026-08-19,20:45,142,Acessório Básica,Acessório,Cinza,G,1,333.62,16.68,316.94,Crediário,Online,514.0,20
1850,2026-04-03,09:00,105,Vestido Esporte,Vestido,Vermelha,P,2,168.87,16.89,320.85,PIX,Física,374.0,13
1851,2026-05-14,20:15,27,Vestido Premium,Vestido,Cinza,G,2,137.14,0.0,274.28,Cartão de Crédito,Física,12.0,8
1852,2026-06-14,15:15,75,Jaqueta Casual,Jaqueta,Azul,G,1,238.16,23.82,214.34,Cartão de Débito,Física,22.0,15
1853,2026-08-02,15:15,82,Vestido Slim,Vestido,Vermelha,P,1,342.99,51.45,291.54,Dinheiro,Online,523.0,19
1854,2026-07-05,14:15,168,Vestido Casual,Vestido,Azul,M,2,255.66,76.7,434.62,CARTÃO DE CRÉDITO,Física,94.0,6
1855,2026-04-23,10:15,76,Bermuda Premium,Bermuda,Vermelha,M,4,45.34,0.0,181.36,Crediário,Física,,24
1856,2026-08-03,09:45,12,Bermuda Esporte,Bermuda,Cinza,M,2,327.44,98.23,556.65,Cartão de Crédito,Online,249.0,13
1857,2026-05-18,18:45,31154,Calça Básica,Calça,Verde,GG,2,193.27,38.65,347.89,Cartão de Débito,Física,125.0,19
1858,2026-03-11,20:45,101,Vestido Social,Vestido,Vermelha,GG,4,158.47,63.39,570.49,Cartão de Débito,Online,16.0,23
1859,2026-03-21,20:45,25,Blusa Social,Blusa,Rosa,M,2,285.55,0.0,571.1,PIX,Online,32.0,14
1860,2026-07-01,12:30,120,Vestido Premium,Vestido,Rosa,GG,3,304.25,91.28,821.47,Crediário,Física,531.0,2
1861,2026-09-13,20:45,83,Camiseta Básica,Camiseta,Rosa,M,4,221.65,132.99,753.61,Dinheiro,Online,220.0,24
1862,2026-03-26,16:00,84,Jaqueta Básica,Jaqueta,Verde,P,1,313.9,0.0,313.9,Cartão de Crédito,Física,378.0,5
1863,2026-07-23,13:30,107,Blusa Slim,Blusa,Preta,M,1,264.43,0.0,264.43,PIX,Online,160.0,12
1864,2026-05-06,11:00,54,Calça Esporte,Calça,Verde,P,1,77.13,3.86,73.27,Cartão de Débito,Física,264.0,24
1865,2026-03-03,16:30,31,Vestido Slim,Vestido,Azul,P,4,35.57,7.11,135.17,PIX,Física,107.0,2
1866,2026-08-02,15:00,92,Calça Casual,Calça,Rosa,G,4,164.58,65.83,592.49,Crediário,Física,,17
1867,2026-08-11,11:45,60,Acessório Esporte,Acessório,Azul,G,3,112.08,16.81,319.43,Crediário,Online,67.0,21
1868,2026-06-09,15:15,163,Jaqueta Básica,Jaqueta,Branca,M,2,212.45,0.0,424.9,Dinheiro,Online,389.0,11
1869,2026-07-24,20:15,130,Blusa Esporte,Blusa,Verde,GG,2,154.8,15.48,294.12,Cartão de Débito,Física,524.0,13
1870,2026-04-18,12:30,131,Vestido Básica,Vestido,Vermelha,M,4,38.91,0.0,155.64,Cartão de Crédito,Online,154.0,4
1871,2026-06-03,17:45,78,Blusa Casual,Blusa,Cinza,M,1,332.45,0.0,332.45,CARTÃO DE CRÉDITO,Online,129.0,1
1872,2026-06-04,20:15,31,Vestido Slim,Vestido,Azul,P,1,35.57,0.0,35.57,Cartão de Crédito,Online,549.0,10
1873,2026-07-11,20:30,66,Bermuda X,Bermuda,Branca,G,1,98.66,4.93,93.73,Cartão de Crédito,Física,9.0,4
1874,2026-06-28,10:45,37,Bermuda Básica,Bermuda,Branca,M,3,197.74,0.0,593.22,Cartão de Débito,Online,374.0,15
1875,2026-04-05,21:45,130,Blusa Esporte,Blusa,Verde,GG,4,154.8,0.0,619.2,Cartão de Crédito,Online,464.0,19
1876,2026-06-07,21:30,7,Jaqueta Esporte,Jaqueta,Preta,P,2,33.34,3.33,63.35,PIX,Online,357.0,15
1877,2026-04-01,15:45,115,Jaqueta Social,Jaqueta,Preta,GG,1,278.18,41.73,236.45,PIX,Física,17.0,22
1878,20/09/2026,21:45,100,Vestido Casual,Vestido,Preta,M,1,76.04,0.0,76.04,Dinheiro,Online,538.0,9
1879,2026-03-20,09:00,173,Jaqueta Casual,Jaqueta,Cinza,GG,3,328.02,0.0,984.06,PIX,Física,502.0,22
1880,2026-09-15,17:15,147,Bermuda Básica,Bermuda,Branca,P,2,44.8,0.0,89.6,Cartão de Débito,Física,520.0,4
1881,2026-03-20,17:00,135,Camiseta Slim,Camiseta,Preta,GG,4,333.31,199.99,1133.25,Cartão de Crédito,Física,216.0,8
1882,2026-04-27,16:45,101,Vestido Social,Vestido,Vermelha,GG,4,158.47,31.69,602.19,Cartão de Crédito,Física,158.0,2
1883,2026-07-20, 20:45 ,158,Blusa Social,Blusa,Rosa,M,2,185.68,55.7,315.66,pix,Online,370.0,12
1884,2026-03-29,16:30,71,Camiseta Esporte,Camiseta,Cinza,GG,4,252.73,0.0,1010.92,Cartão de Crédito,Online,369.0,1
1885,2026-07-26,20:30,115,Jaqueta Social,Jaqueta,Preta,GG,2,278.18,0.0,556.36,Crediário,Online,415.0,4
1886,2026-04-06,13:45,140,Acessório Premium,Acessório,Rosa,G,3,155.17,0.0,465.51,PIX,Online,220.0,4
1887,2026-04-22,13:00,58,Acessório Básica,Acessório,Cinza,P,2,304.84,0.0,609.68,Dinheiro,Online,540.0,17
1888,2026-06-07,16:30,125,Vestido Esporte,Vestido,Vermelha,P,4,67.79,0.0,271.16,Pix,Online,248.0,7
1889,2026-07-31,11:00,6,Acessório X,Acessório,Azul,GG,3,334.07,150.33,851.88,Cartão de Débito,Física,310.0,9
1890,2026-09-02,15:00,158,Blusa Social,Blusa,Rosa,M,3,185.68,55.7,501.34,cartão de crédito,Física,,13
1891,2026-06-16,18:15,168,Vestido Casual,Vestido,Azul,M,1,255.66,0.0,255.66,Cartão de Crédito,Física,427.0,15
1892,2026-07-31,12:45,85,Blusa Casual,Blusa,Vermelha,G,2,273.43,27.34,519.52,Cartão de Débito,Online,,24
1893,2026-09-12,20:00,51,Jaqueta Slim,Jaqueta,Verde,M,2,118.56,35.57,201.55,Cartão de Débito,Online,,20
1894,2026-09-15,18:15,139,Acessório Slim,Acessório,Branca,P,4,227.76,0.0,911.04,PIX,Online,360.0,25
1895,2026-03-20,14:45,124,Jaqueta Slim,Jaqueta,Verde,G,2,210.25,0.0,420.5,Crediário,Física,302.0,20
1896,2026-09-14,20:15,153,Vestido Básica,Vestido,Preta,G,1,129.37,0.0,129.37,Dinheiro,Online,421.0,4
1897,18/03/26,16:15,54,Calça Esporte,Calça,Verde,P,3,77.13,34.71,196.68,Cartão de Débito,Física,69.0,1
1898,2026-08-11,16:45,51,Jaqueta Slim,Jaqueta,Verde,M,1,118.56,0.0,118.56,Cartão de Débito,Física,290.0,17
1899,2026-08-22,21:15,157,Blusa Social,Blusa,Rosa,GG,2,325.37,65.07,585.67,Crediário,Online,492.0,25
1900,2026-09-12,19:00,97,Camiseta Slim,Camiseta,Azul,M,4,174.51,0.0,698.04,PIX,Física,10.0,18
1901,2026-04-30,17:30,62,Camiseta Básica,Camiseta,Azul,GG,2,140.6,14.06,267.14,Cartão de Crédito,Online,139.0,13
1902,2026-04-04,15:45,28,Camiseta Social,Camiseta,Rosa,GG,2,276.72,0.0,553.44,Dinheiro,Online,312.0,13
1903,2026-05-12,21:15,175,Calça Social,Calça,Rosa,P,3,90.45,0.0,271.35,Cartão de Débito,Online,93.0,16
1904,2026-03-30,12:00,49,Calça Básica,Calça,Verde,GG,2,193.27,57.98,328.56,Cartão de Débito,Física,491.0,8
1905,2026-05-30,11:15,126,Vestido Slim,Vestido,Vermelha,M,4,262.43,0.0,1049.72,Cartão de Débito,Online,183.0,1
1906,2026-03-09,21:00,7,Jaqueta Esporte,Jaqueta,Preta,P,3,33.34,15.0,85.02,Dinheiro,Online,229.0,3
1907,2026-06-22,19:30,69,Camiseta Social,Camiseta,Branca,M,3,96.99,0.0,290.97,Cartão de Débito,Física,369.0,12
1908,2026-08-13,18:15,44,Jaqueta Esporte,Jaqueta,Azul,GG,4,198.07,118.84,673.44,Cartão de Crédito,Física,462.0,11
1909,2026-07-28,19:00,3,Camiseta Social,Camiseta,Branca,GG,4,48.72,0.0,194.88,Cartão de Crédito,Online,10.0,15
1910,2026-05-20,19:30,64,Camiseta Básica,Camiseta,Rosa,M,3,108.86,32.66,293.92,Dinheiro,Online,7.0,7
1911,2026-09-21,20:00,47,Vestido Premium,Vestido,Cinza,G,4,115.65,0.0,462.6,Cartão de Débito,Online,399.0,3
1912,2026-08-16,09:00,121,Vestido Casual,Vestido,Verde,G,4,101.83,40.73,366.59,CARTÃO DE CRÉDITO,Online,187.0,19
1913,2026-03-06,14:15,77,Vestido X,Vestido,Rosa,G,3,195.59,58.68,528.09,Cartão de Crédito,Física,368.0,13
1914,2026-07-20,11:45,174,Jaqueta Casual,Jaqueta,Preta,GG,4,214.83,0.0,859.32,Cartão de Débito,Física,220.0,12
1915,2026-04-21,13:00,163,Jaqueta Básica,Jaqueta,Branca,M,1,212.45,0.0,212.45,PIX,Online,445.0,1
1916,2026-03-13,09:45,122,Bermuda Casual,Bermuda,Rosa,GG,1,286.85,0.0,286.85,PIX,Física,390.0,22
1917,2026-06-07,16:45,160,Calça X,Calça,Verde,P,2,137.04,0.0,274.08,Cartão de Débito,Física,412.0,15
1918,2026-05-11,14:15,55,Vestido Premium,Vestido,Verde,P,3,95.27,42.87,242.94,Cartão de Crédito,Física,577.0,19
1919,2026-09-24,14:45,120,Vestido Premium,Vestido,Rosa,GG,2,304.25,0.0,608.5,Crediário,Física,106.0,7
1920,2026-04-23,10:00,109,Camiseta Básica,Camiseta,Cinza,P,1,128.12,0.0,128.12,Cartão de Débito,Física,345.0,22
1921,2026-06-29,10:30,144,Calça Social,Calça,Cinza,GG,4,200.29,40.06,761.1,Crediário,Online,28.0,1
1922,2026-04-26,13:30,77,Vestido X,Vestido,Rosa,G,3,195.59,29.34,557.43,Cartão de Débito,Online,304.0,21
1923,2026-05-27,15:00,2,Camiseta Básica,Camiseta,Cinza,P,4,57.67,0.0,230.68,PIX,Física,200.0,22
1924,2026-06-22,09:45,83,Camiseta Básica,Camiseta,Rosa,M,4,221.65,44.33,842.27,Cartão de Débito,Física,556.0,5
1925,2026-07-30,13:15,129,Vestido X,Vestido,Branca,GG,2,295.38,88.61,502.15,PIX,Online,,16
1926,2026-05-02, 14:15,34,Acessório Slim,Acessório,Azul,M,3,220.29,0.0,660.87,PIX,Online,459.0,19
1927,2026-03-06,20:30,28,Camiseta Social,Camiseta,Rosa,GG,4,276.72,0.0,1106.88,PIX,Online,309.0,12
1928,2026-04-10,18:45,65,Jaqueta Social,Jaqueta,Cinza,GG,4,77.68,15.54,295.18,Crediário,Online,74.0,14
1929,2026-03-03,10:30,63,Calça Premium,Calça,Vermelha,G,4,277.67,111.07,999.61,Cartão de Crédito,Online,,17
1930,2026-04-25,17:45,41,Jaqueta Casual,Jaqueta,Cinza,GG,4,274.27,109.71,987.37,PIX,Online,168.0,4
1931,2026-03-06,11:30,115,Jaqueta Social,Jaqueta,Preta,GG,2,278.18,55.64,500.72,Cartão de Débito,Física,337.0,3
1932,2026-05-03,20:30,86,Bermuda Casual,Bermuda,Branca,P,3,211.18,31.68,601.86,Cartão de Débito,Física,139.0,16
1933,2026-05-19,13:45,79,Camiseta X,Camiseta,Cinza,G,2,76.54,0.0,153.08,Dinheiro,Física,294.0,2
1934,25/03/26,18:00,129,Vestido X,Vestido,Branca,GG,2,295.38,88.61,502.15,PIX,Física,41.0,14
1935,2026-08-21,13:15,69,Camiseta Social,Camiseta,Branca,M,3,96.99,43.65,247.32,Dinheiro,Física,155.0,17
1936,2026-07-15,18:00,35,Jaqueta Premium,Jaqueta,Preta,P,2,289.59,0.0,579.18,Cartão de Crédito,Online,194.0,25
1937,2026-06-25,19:30,109,Camiseta Básica,Camiseta,Cinza,P,1,128.12,0.0,128.12,PIX,Física,58.0,21
1938,2026-08-18,11:30,159,Acessório Slim,Acessório,Azul,G,2,201.01,40.2,361.82,PIX,Online,124.0,11
1939,2026-08-18,12:45,69,Camiseta Social,Camiseta,Branca,M,4,96.99,0.0,387.96,Cartão de Débito,Online,325.0,22
1940,2026-04-09,17:45,20,Calça X,Calça,Vermelha,P,2,211.81,42.36,381.26,Cartão de Crédito,Física,191.0,4
1941,2026-07-11,21:30,145,Bermuda Esporte,Bermuda,Cinza,G,1,144.91,21.74,123.17,Crediário,Online,12.0,18
1942,2026-03-28,16:45,131,Vestido Básica,Vestido,Vermelha,M,3,38.91,11.67,105.06,Cartão de Crédito,Online,230.0,1
1943,2026-04-29,15:45,101,Vestido Social,Vestido,Vermelha,GG,4,158.47,0.0,633.88,Cartão de Crédito,Física,456.0,10
1944,2026-07-08,18:45,131,Vestido Básica,Vestido,Vermelha,M,1,38.91,0.0,38.91,Cartão de Débito,Online,224.0,20
1945,2026-03-05,20:00,152,Acessório Básica,Acessório,Verde,GG,1,238.11,0.0,238.11,Dinheiro,Física,377.0,16
1946,2026-09-21,15:30,16,Acessório Casual,Acessório,Verde,GG,1,160.59,0.0,160.59,Dinheiro,Online,247.0,23
1947,2026-04-18,19:45,107,Blusa Slim,Blusa,Preta,M,1,264.43,0.0,264.43,PIX,Online,297.0,8
1948,2026-05-25,16:15,71,Camiseta Esporte,Camiseta,Cinza,GG,2,252.73,75.82,429.64,Cartão de Débito,Física,361.0,6
1949,2026-05-26,11:45,127,Vestido Social,Vestido,Rosa,G,1,72.5,7.25,65.25,Cartão de Crédito,Online,160.0,9
1950,2026-07-19,19:00,81,Calça Social,Calça,Cinza,P,3,125.82,0.0,377.46,Cartão de Débito,Online,46.0,13
1951,2026-07-11,09:00,29,Blusa Esporte,Blusa,Branca,M,3,318.44,0.0,955.32,Cartão de Débito,Física,321.0,18
1952,2026-04-30,19:45,95,Bermuda Básica,Bermuda,Verde,P,3,40.47,0.0,121.41,Crediário,Online,162.0,25
1953,2026-06-19,17:45,28,Camiseta Social,Camiseta,Rosa,GG,3,276.72,41.51,788.65,Cartão de Crédito,Online,349.0,3
1954,2026-03-21,11:15,116,Blusa Casual,Blusa,Azul,G,1,332.71,0.0,332.71,PIX,Online,368.0,21
1955,2026-09-18,18:00,125,Vestido Esporte,Vestido,Vermelha,P,2,67.79,13.56,122.02,Cartão de Débito,Online,24.0,24
1956,2026-04-05,12:30,51,Jaqueta Slim,Jaqueta,Verde,M,4,118.56,0.0,474.24,Cartão de Crédito,Física,483.0,24
1957,24/08/2026,15:30,135,Camiseta Slim,Camiseta,Preta,GG,1,333.31,0.0,333.31,Cartão de Crédito,Física,407.0,9
1958,2026-05-28,16:15,164,Blusa X,Blusa,Cinza,G,2,193.36,19.34,367.38,Dinheiro,Online,557.0,12
1959,2026-03-02,16:30,12,Bermuda Esporte,Bermuda,Cinza,M,2,327.44,0.0,654.88,Cartão de Débito,Online,17.0,10
1960,2026-08-19,13:15,174,Jaqueta Casual,Jaqueta,Preta,GG,2,214.83,21.48,408.18,Cartão de Crédito,Física,110.0,24
1961,2026-08-15,16:30,146,Acessório Esporte,Acessório,Vermelha,P,1,103.95,15.59,88.36,Dinheiro,Física,91.0,25
1962,2026-09-05,20:30,109,Camiseta Básica,Camiseta,Cinza,P,3,128.12,38.44,345.92,Dinheiro,Física,378.0,8
1963,2026-06-15,20:00,49,Calça Básica,Calça,Verde,GG,3,193.27,28.99,550.82,Cartão de Crédito,Online,483.0,2
1964,2026-08-18,20:15,48,Camiseta Esporte,Camiseta,Preta,G,4,170.37,1096.2273516703997,579.26,PIX,Física,244.0,14
1965,2026-08-12,17:00,62,Camiseta Básica,Camiseta,Azul,GG,2,140.6,14.06,267.14,Cartão de Crédito,Física,420.0,24
1966,2026-06-21,12:30,18,Vestido Premium,Vestido,Vermelha,P,1,221.89,11.09,210.8,PIX,Física,267.0,22
1967,2026-07-28,16:45,33,Blusa X,Blusa,Vermelha,P,1,230.83,23.08,207.75,Cartão de Débito,Online,195.0,17
1968,2026-08-08,21:15,24,Blusa X,Blusa,Cinza,GG,1,80.81,0.0,"R$ 80,81",Dinheiro,Física,555.0,13
1969,2026-05-26,16:15,171,Acessório X,Acessório,Verde,G,2,85.73,0.0,171.46,Crediário,Física,303.0,2
1970,2026-03-19,11:15,109,Camiseta Básica,Camiseta,Cinza,P,2,128.12,12.81,243.43,PIX,Online,,5
1971,2026-04-25,16:00,168,Vestido Casual,Vestido,Azul,M,2,255.66,0.0,511.32,Dinheiro,Online,567.0,9
1972,2026-09-07,13:00,4,Jaqueta Básica,Jaqueta,Vermelha,M,2,148.57,44.57,"252,57",Cartão de Crédito,Física,67.0,19
1973,2026-09-01,09:15,92,Calça Casual,Calça,Rosa,G,2,164.58,0.0,329.16,Cartão de Débito,Online,413.0,10
1974,2026-05-29,14:00,164,Blusa X,Blusa,Cinza,G,1,193.36,0.0,193.36,PIX,Física,58.0,7
1975,2026-04-03,13:15,55,Vestido Premium,Vestido,Verde,P,3,95.27,0.0,285.81,PIX,Física,470.0,25
1976,2026-08-21,20:45,89,Acessório Slim,Acessório,Preta,P,1,283.36,0.0,283.36,Cartão De Débito,Online,376.0,21
1977,2026-08-03,13:15,115,Jaqueta Social,Jaqueta,Preta,GG,1,278.18,27.82,250.36,Cartão de Débito,Online,481.0,15
1978,2026-07-26,12:00,24,Blusa X,Blusa,Cinza,GG,4,80.81,48.49,274.75,Cartão de Crédito,Online,491.0,3
1979,2026-08-30,15:00,176,Camiseta Premium,Camiseta,Vermelha,GG,4,225.97,0.0,903.88,PIX,Online,187.0,18
1980,2026-06-13,15:45,48,Camiseta Esporte,Camiseta,Preta,G,2,170.37,0.0,340.74,Cartão de Crédito,Física,386.0,15
1981,2026-05-30,21:30,45,Blusa Social,Blusa,Cinza,G,3,158.82,0.0,476.46,Cartão de Débito,Física,399.0,12
1982,2026-08-23,18:15,46,Acessório X,Acessório,Cinza,M,2,184.96,18.5,351.42,Cartão de Crédito,Física,419.0,6
1983,2026-04-07,17:45,171,Acessório X,Acessório,Verde,G,4,85.73,0.0,342.92,Cartão de Débito,Online,53.0,14
1984,2026-03-06,16:30,3,Camiseta Social,Camiseta,Branca,GG,4,48.72,0.0,194.88,PIX,Física,468.0,19
1985,2026-03-05,17:00,40,Bermuda Esporte,Bermuda,Azul,G,2,78.7,15.74,141.66,Cartão de Crédito,Física,71549.0,8
1986,2026-05-14,15:00,155,Bermuda X,Bermuda,Preta,M,3,134.96,60.73,344.15,Dinheiro,Física,316.0,16
1987,2026-05-18,13:30,18,Vestido Premium,Vestido,Vermelha,P,4,221.89,133.13,754.43,Dinheiro,Online,145.0,20
1988,2026-05-11,18:30,128,Bermuda Básica,Bermuda,Preta,GG,3,193.28,0.0,579.84,Cartão de Débito,Online,276.0,15
1989,2026-09-01,14:30,87,Camiseta Casual,Camiseta,Rosa,G,2,25.88,2.59,49.17,Cartão de Crédito,Física,175.0,6
1990,2026-05-10,12:45,19,Blusa Casual,Blusa,Preta,M,2,212.08,0.0,424.16,cartão de débito,Online,597.0,2
1991,2026-09-10,17:15,73,Vestido Social,Vestido,Preta,P,1,83.59,8.36,75.23,Dinheiro,Física,116.0,16
1992,2026-06-15,11:45,109,Camiseta Básica,Camiseta,Cinza,P,2,128.12,0.0,256.24,cartao credito,Online,589.0,18
1993,2026-08-20,21:00,56,Bermuda Casual,Bermuda,Verde,P,4,269.73,53.95,1024.97,Cartão de Crédito,Online,516.0,4
1994,2026-04-20,19:30,86,Bermuda Casual,Bermuda,Branca,P,1,211.18,0.0,211.18,PIX,Física,588.0,14
1995,2026-09-23,19:15,155,Bermuda X,Bermuda,Preta,M,1,134.96,0.0,134.96,Crediário,Física,439.0,4
1996,2026-05-15,21:00,93,Blusa Social,Blusa,Vermelha,GG,2,327.13,65.43,588.83,Cartão de Crédito,Física,,1
1997,2026-06-24,13:45,98,Vestido Social,Vestido,Branca,G,2,290.16,58.03,522.29,Cartão de Débito,Física,173.0,21
1998,2026-08-08,20:30,89,Acessório Slim,Acessório,Preta,P,3,283.36,127.51,722.57,Cartão de Crédito,Online,324.0,2
1999,2026-03-13,10:30,4,Jaqueta Básica,Jaqueta,Vermelha,M,3,148.57,22.29,423.42,Cartão de Crédito,Física,41.0,8
2000,2026-07-28,20:00,102,Bermuda X,Bermuda,Azul,G,1,181.84,0.0,"R$ 181,84",Crediário,Física,300.0,20
2001,2026-09-08,10:00,178,Calça Básica,Calça,Azul,GG,3,144.41,0.0,433.23,Dinheiro,Online,421.0,19
2002,25-03-2026,21:15,136,Blusa Social,Blusa,Azul,P,2,114.45,22.89,206.01,Dinheiro,Física,489.0,20
2003,2026-08-16,16:45,169,Vestido Esporte,Vestido,Rosa,M,2,120.16,0.0,240.32,Cartão de Crédito,Física,197.0,4
2004,2026-09-05,15:00,110,Bermuda Esporte,Bermuda,Branca,GG,2,116.53,0.0,233.06,Crediário,Online,414.0,15
2005,16/06/2026,12:45,11,Calça Básica,Calça,Vermelha,G,4,297.24,0.0,1188.96,Cartão de Crédito,Física,477.0,24
2006,2026-06-01,19:00,74,Acessório Social,Acessório,Preta,GG,1,90.99,0.0,90.99,Cartão de Débito,Física,425.0,25
2007,2026-04-07,15:15,130,Blusa Esporte,Blusa,Verde,GG,3,154.8,0.0,464.4,PIX,Física,262.0,2
2008,2026-08-04,13:45,80,Jaqueta Casual,Jaqueta,Cinza,P,4,258.13,154.88,877.64,PIX,Física,,1
2009,2026-05-09,12:00,147,Bermuda Básica,Bermuda,Branca,P,4,44.8,0.0,179.2,PIX,Online,549.0,8
2010,2026-08-21,21:00  ,38,Calça X,Calça,Azul,G,4,234.51,0.0,938.04,PIX,Física,300.0,20
2011,2026-03-26,15:45,174,Jaqueta Casual,Jaqueta,Preta,GG,3,214.83,0.0,644.49,Cartão de Crédito,Física,160.0,25
2012,2026-07-09,19:30,177,Bermuda Básica,Bermuda,Branca,G,2,113.66,0.0,227.32,Crediário,Física,84.0,9
2013,2026-07-17,21:30,55,Vestido Premium,Vestido,Verde,P,3,95.27,0.0,285.81,Cartão de Débito,Física,432.0,12
2014,2026-06-11,14:30,55,Vestido Premium,Vestido,Verde,P,2,95.27,0.0,190.54,PIX,Física,482.0,23
2015,2026-03-07,20:15,32,Bermuda Premium,Bermuda,Azul,GG,1,298.98,44.85,254.13,Cartão de Crédito,Física,,23
2016,2026-09-06,13:00,52,Vestido Casual,Vestido,Rosa,GG,2,235.08,0.0,470.16,PIX,Online,363.0,1
2017,2026-09-17,12:00,157,Blusa Social,Blusa,Rosa,GG,1,325.37,0.0,325.37,Crediário,Física,,3
2018,2026-05-06,15:30,32,Bermuda Premium,Bermuda,Azul,GG,3,298.98,89.69,807.25,Cartão de Débito,Física,327.0,12
2019,2026-04-16,12:00,12,Bermuda Esporte,Bermuda,Cinza,M,2,327.44,0.0,654.88,PIX,Física,173.0,17
2020,2026-09-12,10:15,95,Bermuda Básica,Bermuda,Verde,P,1,40.47,6.07,34.4,Cartão de Crédito,Física,499.0,25
2021,2026-08-29,20:45,69,Camiseta Social,Camiseta,Branca,M,4,96.99,38.8,349.16,Cartão de Crédito,Online,13.0,22
2022,2026-04-28, 17:15,70,Blusa Slim,Blusa,Verde,GG,-1,203.23,121.94,690.98,Dinheiro,Online,73.0,5
2023,2026-03-29,14:30,64,Camiseta Básica,Camiseta,Rosa,M,1,108.86,0.0,108.86,PIX,Online,252.0,12
2024,2026-09-05,19:00,129,Vestido X,Vestido,Branca,GG,4,295.38,0.0,1181.52,PIX,Física,588.0,22
2025,2026-08-08,17:30,164,Blusa X,Blusa,Cinza,G,2,193.36,0.0,386.72,Cartão de Crédito,Online,470.0,18
2026,2026-07-04,21:00,147,Bermuda Básica,Bermuda,Branca,P,1,44.8,0.0,44.8,Cartão de Débito,Física,581.0,24
2027,2026-09-15,15:00,171,Acessório X,Acessório,Verde,G,4,85.73,17.15,325.77,PIX,Física,15.0,10
2028,2026-09-03,16:45,175,Calça Social,Calça,Rosa,P,2,90.45,27.14,153.76,Cartão De Débito,Física,521.0,3
2029,2026-03-29,20:30,55,Vestido Premium,Vestido,Verde,P,-2,95.27,0.0,95.27,PIX,Online,159.0,7
2030,2026-04-09, 17:45,173,Jaqueta Casual,Jaqueta,Cinza,GG,4,328.02,0.0,1312.08,Cartão de Crédito,Física,476.0,23
2031,2026-07-11,17:15,131,Vestido Básica,Vestido,Vermelha,M,1,38.91,3.89,35.02,Cartão de Débito,Física,316.0,1
2032,2026-08-06,11:00,66,Bermuda X,Bermuda,Branca,G,2,98.66,0.0,197.32,Cartão de Débito,Física,405.0,16
2033,2026-06-07,21:45,77,Vestido X,Vestido,Rosa,G,4,195.59,117.35,665.01,Cartão de Crédito,Online,248.0,6
2034,2026-09-10,11:30,159,Acessório Slim,Acessório,Azul,G,2,201.01,20.1,381.92,Crediário,Física,390.0,7
2035,2026-08-20,10:30,83,Camiseta Básica,Camiseta,Rosa,M,1,221.65,0.0,221.65,PIX,Online,537.0,15
2036,2026-04-22,13:00,134,Calça Slim,Calça,Rosa,P,1,297.88,0.0,297.88,Cartão de Débito,Física,595.0,10
2037,2026-05-07,15:00,15,Blusa Social,Blusa,Azul,M,1,303.57,30.36,273.21,Cartão de Débito,Física,33.0,22
2038,2026-07-18,13:45,85,Blusa Casual,Blusa,Vermelha,G,1,273.43,41.01,232.42,PIX,Online,154.0,21
2039,2026-05-12,10:15,127,Vestido Social,Vestido,Rosa,G,3,72.5,0.0,217.5,Cartão de Débito,Online,251.0,15
2040,2026-06-24,09:30,136,Blusa Social,Blusa,Azul,P,1,114.45,5.72,108.73,PIX,Online,316.0,15
2041,2026-08-17,14:30,78,Blusa Casual,Blusa,Cinza,M,3,332.45,0.0,997.35,PIX,Online,424.0,7
2042,2026-03-08,13:00,137,Camiseta Esporte,Camiseta,Preta,M,3,149.09,44.73,402.54,Dinheiro,Física,264.0,25
2043,2026-04-27,19:30,65,Jaqueta Social,Jaqueta,Cinza,GG,2,77.68,7.77,"R$ 147,59",Cartão de Crédito,Física,217.0,8
2044,2026-05-30,13:00,119,Vestido Básica,Vestido,Azul,P,2,51.47,0.0,102.94,PIX,Online,405.0,21
2045,2026-09-21,19:15,69,Camiseta Social,Camiseta,Branca,M,1,96.99,14.55,82.44,PIX,Online,29.0,25
2046,2026-09-25,16:45,179,Vestido Básica,Vestido,Azul,G,3,31.43,4.71,89.58,Cartão de Crédito,Online,113.0,11
2047,2026-04-30,10:45,152,Acessório Básica,Acessório,Verde,GG,2,238.11,0.0,476.22,Dinheiro,Online,295.0,3
2048,2026-03-01,20:45,20,Calça X,Calça,Vermelha,P,2,211.81,0.0,423.62,Cartão de Débito,Online,388.0,23
2049,2026-06-05, 19:30 ,28,Camiseta Social,Camiseta,Rosa,GG,1,276.72,41.51,"R$ 235,21",PIX,Física,449.0,19
2050,2026-06-14,16:30,110,Bermuda Esporte,Bermuda,Branca,GG,4,116.53,0.0,466.12,Cartão de Crédito,Física,321.0,4
2051,2026-07-03,21:00,12,Bermuda Esporte,Bermuda,Cinza,M,2,327.44,98.23,556.65,PIX,Física,108.0,23
2052,2026-05-01, 17:15,161,Vestido X,Vestido,Azul,G,2,67.98,0.0,135.96,PIX,Online,594.0,6
2053,2026-07-12,09:30,34,Acessório Slim,Acessório,Azul,M,4,220.29,44.06,837.1,Cartão de Crédito,Física,125.0,24
2054,2026-03-28,09:45,168,Vestido Casual,Vestido,Azul,M,3,255.66,0.0,766.98,Cartão de Crédito,Online,100.0,5
2055,2026-05-30,21:30,5,Jaqueta Slim,Jaqueta,Branca,GG,2,87.47,0.0,174.94,Cartão de Débito,Online,598.0,13
2056,2026-07-26,14:15,44,Jaqueta Esporte,Jaqueta,Azul,GG,2,198.07,19.81,376.33,Cartão de Crédito,Física,112.0,21
2057,2026-07-06,10:00,95,Bermuda Básica,Bermuda,Verde,P,2,40.47,4.05,76.89,PIX,Física,58.0,21
2058,2026-06-13,19:30,163,Jaqueta Básica,Jaqueta,Branca,M,1,212.45,0.0,212.45,Cartão de Crédito,Online,246.0,1
2059,2026-04-21,18:45,21,Jaqueta Casual,Jaqueta,Cinza,G,4,186.68,0.0,746.72,Cartão de Débito,Online,34.0,19
2060,2026-04-21,14:30,50,Blusa Esporte,Blusa,Vermelha,GG,2,189.51,56.85,322.17,Dinheiro,Física,525.0,16
2061,2026-09-22,09:15,124,Jaqueta Slim,Jaqueta,Verde,G,3,210.25,0.0,630.75,Cartão de Crédito,Física,201.0,15
2062,2026-06-11,17:00,35,Jaqueta Premium,Jaqueta,Preta,P,2,289.59,86.88,492.3,Cartão de Débito,Online,369.0,1
2063,2026-05-13,18:45,133,Calça Social,Calça,Rosa,G,1,39.8,3.98,35.82,Crediário,Física,252.0,3
2064,16/08/26,21:30,71,Camiseta Esporte,Camiseta,Cinza,GG,2,252.73,75.82,429.64,PIX,Física,445.0,8
2065,2026-05-09,19:30  ,120,Vestido Premium,Vestido,Rosa,GG,2,304.25,91.28,517.22,Cartão de Débito,Online,79.0,12
2066,2026-05-05,21:30,34,Acessório Slim,Acessório,Azul,M,1,220.29,22.03,198.26,Crediário,Online,263.0,19
2067,2026-03-17,14:15,56,Bermuda Casual,Bermuda,Verde,P,4,269.73,0.0,1078.92,PIX,Física,245.0,23
2068,2026-05-09,19:00,176,Camiseta Premium,Camiseta,Vermelha,GG,2,225.97,67.79,384.15,Cartão de Débito,Física,204.0,12
2069,2026-05-03,16:45,63,Calça Premium,Calça,Vermelha,G,4,277.67,0.0,1110.68,Cartão de Crédito,Física,464.0,15
2070,2026-08-08,21:15,94,Acessório Casual,Acessório,Verde,M,2,202.82,40.56,365.08,Cartão de Débito,Física,401.0,23
2071,2026-07-03,13:15,176,Camiseta Premium,Camiseta,Vermelha,GG,2,225.97,0.0,451.94,PIX,Online,210.0,10
2072,2026-09-18,18:45,110,Bermuda Esporte,Bermuda,Branca,GG,4,116.53,23.31,442.81,Cartão de Débito,Online,120.0,24
2073,14/09/26,13:30  ,162,Blusa Premium,Blusa,Branca,M,2,219.23,0.0,438.46,Cartão de Débito,Online,264.0,23
2074,2026-05-22,13:00,108,Bermuda Social,Bermuda,Vermelha,P,3,179.79,26.97,512.4,Cartão de Crédito,Física,414.0,4
2075,2026-06-28,19:15,74,Acessório Social,Acessório,Preta,GG,4,90.99,18.2,345.76,Crediário,Online,,11
2076,2026-04-29,20:15,70,Blusa Slim,Blusa,Verde,GG,4,203.23,0.0,812.92,Crediário,Física,321.0,11
2077,2026-07-24,14:15,19,Blusa Casual,Blusa,Preta,M,2,212.08,42.42,381.74,Crediário,Física,407.0,12
2078,25-03-2026,21:00,83,Camiseta Básica,Camiseta,Rosa,M,1,221.65,0.0,221.65,Crediário,Online,153.0,6
2079,2026-04-20,21:45,6,Acessório X,Acessório,Azul,GG,1,334.07,50.11,283.96,Cartão de Débito,Física,,6
2080,2026-07-02,20:30,34,Acessório Slim,Acessório,Azul,M,4,220.29,0.0,881.16,Cartão de Crédito,Online,342.0,1
2081,2026-06-25,15:30,145,Bermuda Esporte,Bermuda,Cinza,G,2,144.91,14.49,275.33,Crediário,Física,270.0,4
2082,2026-07-15,17:30,113,Blusa Social,Blusa,Rosa,P,4,270.36,0.0,1081.44,Dinheiro,Online,475.0,21
2083,2026-04-14,11:30,1,Acessório Premium,Acessório,Verde,G,4,129.26,25.85,491.19,Cartão de Crédito,Online,296.0,11
2084,2026-05-06,14:15,86,Bermuda Casual,Bermuda,Branca,P,4,211.18,0.0,844.72,Cartão de Débito,Online,273.0,10
2085,2026-06-01,19:30,95,Bermuda Básica,Bermuda,Verde,P,3,40.47,18.21,103.2,Cartão de Crédito,Online,475.0,14
2086,2026-05-11,13:45,106,Vestido Premium,Vestido,Cinza,G,3,201.43,60.43,543.86,Cartão de Crédito,Online,415.0,4
2087,2026-03-08,15:00,38,Calça X,Calça,Azul,G,3,234.51,35.18,668.35,Crediário,Física,87.0,1
2088,2026-04-14,21:45,26,Bermuda Slim,Bermuda,Branca,P,3,207.97,0.0,623.91,Cartão de Débito,Física,95.0,25
2089,2026-07-23,17:30,50,Blusa Esporte,Blusa,Vermelha,GG,1,189.51,9.48,180.03,PIX,Física,167.0,12
2090,2026-07-26,10:45,125,Vestido Esporte,Vestido,Vermelha,P,2,67.79,6.78,128.8,Crediário,Online,111.0,21
2091,2026-09-18,12:00,45,Blusa Social,Blusa,Cinza,G,1,158.82,0.0,158.82,Cartão de Crédito,Física,173.0,10
2092,2026-09-16,11:00,142,Acessório Básica,Acessório,Cinza,G,4,333.62,0.0,1334.48,Cartão de Débito,Online,323.0,21
2093,2026-05-12,09:00,115,Jaqueta Social,Jaqueta,Preta,GG,2,278.18,27.82,528.54,Cartão de Débito,Física,404.0,23
2094,2026-09-15,20:15,112,Calça Básica,Calça,Azul,M,3,318.38,0.0,955.14,Cartão de Crédito,Física,492.0,22
2095,2026-03-08,19:45,148,Acessório Premium,Acessório,Vermelha,GG,1,36.52,5.48,31.04,Cartão de Crédito,Física,167.0,10
2096,2026-08-14,20:45,59,Acessório X,Acessório,Azul,G,4,137.62,27.52,522.96,PIX,Online,260.0,7
2097,2026-08-14,21:00,33,Blusa X,Blusa,Vermelha,P,3,230.83,0.0,692.49,Cartão de Crédito,Online,180.0,10
2098,2026-08-31,11:15,138,Acessório Social,Acessório,Rosa,G,1,125.4,0.0,125.4,Dinheiro,Online,43152.0,10
2099,2026-03-18,14:00,121,Vestido Casual,Vestido,Verde,G,1,101.83,5.09,96.74,Cartão de Crédito,Física,256.0,10
2100,2026-08-23,15:15,95,Bermuda Básica,Bermuda,Verde,P,1,40.47,6.07,34.4,PIX,Física,,21
2101,2026-04-29,17:45,163,Jaqueta Básica,Jaqueta,Branca,M,1,212.45,10.62,201.83,Crediário,Física,40.0,21
2102,2026-08-12,09:00,159,Acessório Slim,Acessório,Azul,G,2,201.01,60.3,341.72,Cartão de Débito,Online,530.0,12
2103,2026-06-22,19:15,69,Camiseta Social,Camiseta,Branca,M,2,96.99,0.0,193.98,Dinheiro,Online,29.0,22
2104,2026-07-22,19:30,149,Calça Premium,Calça,Vermelha,P,-1,296.39,0.0,889.17,Pix,Física,416.0,23
2105,2026-08-25,14:30,58,Acessório Básica,Acessório,Cinza,P,3,304.84,45.73,868.79,Cartão de Débito,Online,265.0,5
2106,2026-03-10,12:15,1,Acessório Premium,Acessório,Verde,G,1,129.26,0.0,129.26,Dinheiro,Física,,25
2107,2026-08-04,16:00,69,Camiseta Social,Camiseta,Branca,M,3,96.99,0.0,"R$ 290,97",Cartão de Débito,Online,68.0,10
2108,04/05/2026,21:45,47,Vestido Premium,Vestido,Cinza,G,4,115.65,0.0,462.6,Cartão de Débito,Física,71.0,2
2109,2026-07-22,15:00,74,Acessório Social,Acessório,Preta,GG,-2,90.99,0.0,181.98,Cartão de Débito,Física,246.0,6
2110,2026-05-16,11:15,152,Acessório Básica,Acessório,Verde,GG,1,238.11,11.91,226.2,Cartão de Crédito,Online,428.0,15
2111,2026-05-30,11:45,6,Acessório X,Acessório,Azul,GG,4,334.07,0.0,1336.28,Cartão de Crédito,Online,332.0,17
2112,2026-03-10,18:00,95,Bermuda Básica,Bermuda,Verde,P,2,40.47,4.05,76.89,Dinheiro,Física,27.0,15
2113,2026-09-13,12:15,122,Bermuda Casual,Bermuda,Rosa,GG,3,286.85,129.08,731.47,PIX,Online,475.0,3
2114,2026-06-16,09:30,44,Jaqueta Esporte,Jaqueta,Azul,GG,2,198.07,0.0,396.14,Crediário,Online,563.0,6
2115,2026-06-25,18:00,136,Blusa Social,Blusa,Azul,P,3,114.45,34.34,309.01,PIX,Física,451.0,10
2116,13-08-2026,13:00,80,Jaqueta Casual,Jaqueta,Cinza,P,1,258.13,0.0,258.13,Cartão de Crédito,Física,530.0,23
2117,2026-05-16,10:45,100,Vestido Casual,Vestido,Preta,M,2,76.04,7.6,144.48,Cartão de Crédito,Online,542.0,23
2118,2026-09-17,20:30  ,106,Vestido Premium,Vestido,Cinza,G,4,201.43,120.86,684.86,Cartão de Crédito,Física,395.0,17
2119,2026-05-21,11:30,71,Camiseta Esporte,Camiseta,Cinza,GG,3,252.73,113.73,644.46,Cartão de Débito,Física,,11
2120,2026-04-21,16:45,176,Camiseta Premium,Camiseta,Vermelha,GG,2,225.97,67.79,384.15,Cartão de Débito,Online,317.0,13
2121,2026-04-10,19:30,102,Bermuda X,Bermuda,Azul,G,4,181.84,0.0,727.36,Cartão de Crédito,Física,517.0,20
2122,2026-09-05,17:30,162,Blusa Premium,Blusa,Branca,M,2,219.23,43.85,394.61,Cartão de Crédito,Online,136.0,10
2123,2026-03-20,12:30,54,Calça Esporte,Calça,Verde,P,1,77.13,0.0,77.13,Cartão de Débito,Física,193.0,6
2124,2026-04-15,18:00,8,Blusa Social,Blusa,Preta,M,3,290.68,87.2,784.84,Dinheiro,Física,,7
2125,2026-08-08,20:00,159,Acessório Slim,Acessório,Azul,G,3,201.01,60.3,542.73,Cartão de Crédito,Física,412.0,14
2126,2026-06-26,15:30,169,Vestido Esporte,Vestido,Rosa,M,3,120.16,36.05,324.43,Cartão de Débito,Física,61.0,5
2127,2026-04-18,16:15,38,Calça X,Calça,Azul,G,3,234.51,35.18,668.35,DINHEIRO,Online,241.0,8
2128,2026-03-12,19:15,21,Jaqueta Casual,Jaqueta,Cinza,G,4,186.68,0.0,746.72,Crediário,Física,350.0,1
2129,2026-05-20,17:15,25,Blusa Social,Blusa,Rosa,M,1,285.55,0.0,"R$ 285,55",Crediário,Física,335.0,1
2130,2026-07-20,10:15,141,Acessório Slim,Acessório,Rosa,G,1,250.39,12.52,237.87,PIX,Física,47.0,12
2131,2026-08-22,10:15,7,Jaqueta Esporte,Jaqueta,Preta,P,1,33.34,3.33,30.01,PIX,Física,153.0,14
2132,2026-09-07,12:00,13,Calça X,Calça,Verde,M,1,118.99,0.0,118.99,Cartão de Débito,Online,476.0,5
2133,2026-09-20,09:15,106,Vestido Premium,Vestido,Cinza,G,1,201.43,20.14,181.29,Cartão de Crédito,Física,12.0,12
2134,2026-03-09,21:00,180,Acessório X,Acessório,Cinza,G,2,73.69,0.0,147.38,PIX,Online,34.0,5
2135,2026-05-10,21:00,114,Jaqueta Esporte,Jaqueta,Verde,P,4,60.77,12.15,230.93,Cartão de Débito,Online,,8
2136,2026-04-09,09:15,58,Acessório Básica,Acessório,Cinza,P,1,304.84,30.48,274.36,Cartão de Débito,Online,342.0,13
2137,2026-04-14,09:45,32,Bermuda Premium,Bermuda,Azul,GG,1,298.98,0.0,298.98,Cartão de Débito,Física,482.0,25
2138,2026-04-04,11:00,123,Blusa Esporte,Blusa,Rosa,P,2,261.56,52.31,470.81,Cartão de Débito,Física,228.0,25
2139,2026-04-22,20:30,79,Camiseta X,Camiseta,Cinza,G,3,76.54,11.48,218.14,Dinheiro,Física,192.0,13
2140,2026-04-05,15:45,55,Vestido Premium,Vestido,Verde,P,4,95.27,0.0,381.08,Dinheiro,Online,138.0,15
2141,2026-03-14,14:45,44,Jaqueta Esporte,Jaqueta,Azul,GG,4,198.07,0.0,792.28,Cartão de Crédito,Online,547.0,19
2142,2026-08-14,16:15,45,Blusa Social,Blusa,Cinza,G,3,158.82,0.0,476.46,Cartão de Débito,Online,472.0,11
2143,2026-04-05,13:30,45,Blusa Social,Blusa,Cinza,G,2,158.82,0.0,317.64,Dinheiro,Física,271.0,13
2144,2026-09-24,11:15,140,Acessório Premium,Acessório,Rosa,G,2,155.17,0.0,310.34,Cartão de Débito,Física,3.0,1
2145,2026-07-19,16:00,94,Acessório Casual,Acessório,Verde,M,4,202.82,81.13,730.15,PIX,Física,18.0,8
2146,2026-08-07,13:00,38,Calça X,Calça,Azul,G,3,234.51,0.0,703.53,Cartão de Débito,Física,124.0,13
2147,2026-05-16,09:15,35,Jaqueta Premium,Jaqueta,Preta,P,4,289.59,0.0,1158.36,PIX,Online,462.0,1
2148,2026-07-28,21:00,101,Vestido Social,Vestido,Vermelha,GG,3,158.47,23.77,451.64,Cartão de Débito,Física,391.0,8
2149,2026-09-25,10:30,149,Calça Premium,Calça,Vermelha,P,1,296.39,29.64,266.75,Cartão de Débito,Online,416.0,22
2150,2026-05-24,15:30,142,Acessório Básica,Acessório,Cinza,G,2,333.62,0.0,667.24,Cartão de Débito,Física,582.0,12
2151,2026-04-17,15:45,158,Blusa Social,Blusa,Rosa,M,3,185.68,0.0,557.04,Crediário,Online,320.0,23
2152,2026-03-05,18:30,160,Calça X,Calça,Verde,P,2,137.04,41.11,232.97,Cartão de Crédito,Física,461.0,19
2153,2026-08-16,14:15,149,Calça Premium,Calça,Vermelha,P,3,296.39,0.0,889.17,Crediário,Online,230.0,10
2154,2026-08-08,10:00,146,Acessório Esporte,Acessório,Vermelha,P,3,103.95,0.0,311.85,Cartão de Crédito,Online,408.0,1
2155,2026-09-05,19:00,172,Camiseta Social,Camiseta,Rosa,G,4,281.43,0.0,1125.72,Cartão de Crédito,Online,106.0,25
2156,2026-07-26,19:45,17,Acessório Casual,Acessório,Rosa,P,2,277.21,55.44,498.98,Cartão de Débito,Online,514.0,20
2157,2026-08-05,20:30,25,Blusa Social,Blusa,Rosa,M,3,285.55,0.0,856.65,Cartão de Débito,Online,480.0,9
2158,2026-07-23,17:30,42,Bermuda Casual,Bermuda,Branca,P,4,336.75,0.0,1347.0,Cartão de Débito,Online,508.0,13
2159,2026-07-29, 11:45 ,109,Camiseta Básica,Camiseta,Cinza,P,4,128.12,51.25,461.23,CARTÃO DE DÉBITO,Online,30.0,15
2160,2026-08-27,13:45,153,Vestido Básica,Vestido,Preta,G,4,129.37,51.75,465.73,Cartão de Crédito,Física,524.0,17
2161,2026-08-02,13:00,21,Jaqueta Casual,Jaqueta,Cinza,G,2,186.68,0.0,373.36,Cartão de Débito,Online,586.0,18
2162,2026-09-16,20:45,45,Blusa Social,Blusa,Cinza,G,1,158.82,0.0,158.82,PIX,Física,542.0,14
2163,2026-07-10,09:45,49,Calça Básica,Calça,Verde,GG,3,193.27,57.98,521.83,PIX,Online,205.0,20
2164,2026-03-15,14:00,157,Blusa Social,Blusa,Rosa,GG,4,325.37,65.07,1236.41,Cartão de Débito,Online,,12
2165,2026-07-24,17:30,20,Calça X,Calça,Vermelha,P,4,211.81,84.72,762.52,Cartão de Crédito,Física,373.0,2
2166,2026-05-18,13:30,176,Camiseta Premium,Camiseta,Vermelha,GG,4,225.97,90.39,813.49,Cartão de Crédito,Física,3.0,15
2167,2026-05-16,12:00,54,Calça Esporte,Calça,Verde,P,2,77.13,0.0,154.26,Cartão de Crédito,Física,160.0,3
2168,2026-09-17,11:15,61,Acessório Básica,Acessório,Rosa,M,4,281.06,0.0,1124.24,Crediário,Física,525.0,7
2169,2026-05-12,14:30,47,Vestido Premium,Vestido,Cinza,G,3,115.65,0.0,346.95,Crediário,Física,,15
2170,2026-05-01,20:30,62,Camiseta Básica,Camiseta,Azul,GG,2,140.6,14.06,267.14,Cartão de Crédito,Online,,9
2171,2026-06-03,20:00,34,Acessório Slim,Acessório,Azul,M,2,220.29,708.7079738408452,374.49,Dinheiro,Física,453.0,11
2172,2026-04-22,21:45,85,Blusa Casual,Blusa,Vermelha,G,1,273.43,0.0,273.43,PIX,Física,246.0,20
2173,2026-04-30,14:45,161,Vestido X,Vestido,Azul,G,1,67.98,0.0,67.98,Cartão de Débito,Online,279.0,11
2174,2026-07-04,18:45,58,Acessório Básica,Acessório,Cinza,P,1,304.84,45.73,"259,11",Crediário,Online,246.0,15
2175,2026-04-26,21:45,166,Vestido Premium,Vestido,Vermelha,GG,2,194.42,0.0,388.84,Cartão de Crédito,Online,391.0,22
2176,2026-08-23,20:15,154,Acessório Esporte,Acessório,Azul,M,2,140.03,0.0,280.06,Cartão de Débito,Online,167.0,22
2177,2026-03-29,17:30,178,Calça Básica,Calça,Azul,GG,2,144.41,28.88,259.94,PIX,Física,239.0,11
2178,2026-08-17,17:15,74,Acessório Social,Acessório,Preta,GG,3,90.99,13.65,259.32,Cartão de Débito,Online,292.0,3
2179,2026-03-02,15:30,138,Acessório Social,Acessório,Rosa,G,4,125.4,0.0,501.6,Cartão de Crédito,Física,,13
2180,2026-06-13,13:00  ,93,Blusa Social,Blusa,Vermelha,GG,1,327.13,0.0,327.13,Cartão de Débito,Física,441.0,24
2181,2026-07-07,09:15,52,Vestido Casual,Vestido,Rosa,GG,4,235.08,141.05,"799,27",Cartão de Crédito,Física,490.0,20
2182,2026-09-18,12:30,12,Bermuda Esporte,Bermuda,Cinza,M,3,327.44,0.0,982.32,PIX,Física,301.0,12
2183,2026-07-25,15:00,166,Vestido Premium,Vestido,Vermelha,GG,3,194.42,58.33,524.93,Cartão de Crédito,Online,61.0,16
2184,2026-04-04,15:15,73,Vestido Social,Vestido,Preta,P,3,83.59,0.0,250.77,Cartão de Crédito,Online,47.0,23
2185,2026-08-08,16:15,131,Vestido Básica,Vestido,Vermelha,M,3,38.91,0.0,116.73,Cartão de Débito,Online,150.0,16
2186,2026-08-07,20:00,162,Blusa Premium,Blusa,Branca,M,2,219.23,0.0,438.46,PIX,Online,460.0,4
2187,2026-04-27,10:00,72,Blusa Premium,Blusa,Verde,GG,4,252.12,151.27,"857,21",Cartão de Crédito,Física,515.0,11
2188,2026-06-20,16:45,106,Vestido Premium,Vestido,Cinza,G,3,201.43,60.43,543.86,Cartão de Crédito,Online,,8
2189,2026-03-17,11:00,71,Camiseta Esporte,Camiseta,Cinza,GG,2,252.73,50.55,454.91,Cartão de Débito,Física,58.0,21
2190,2026-07-28,17:00,44,Jaqueta Esporte,Jaqueta,Azul,GG,2,198.07,0.0,396.14,Cartão de Crédito,Física,140.0,25
2191,2026-03-23,14:00,39,Calça Social,Calça,Vermelha,GG,3,327.41,147.33,834.9,Cartão de Crédito,Online,456.0,1
2192,2026-04-08,15:15,46,Acessório X,Acessório,Cinza,M,1,184.96,18.5,166.46,PIX,Física,83827.0,3
2193,2026-05-21,18:15,139,Acessório Slim,Acessório,Branca,P,4,227.76,136.66,774.38,PIX,Online,194.0,7
2194,2026-07-24,14:15,169,Vestido Esporte,Vestido,Rosa,M,1,120.16,18.02,102.14,Cartão de Crédito,Online,306.0,17
2195,2026-07-16,15:00,137,Camiseta Esporte,Camiseta,Preta,M,2,149.09,44.73,253.45,Dinheiro,Física,397.0,7
2196,2026-03-20,13:00,116,Blusa Casual,Blusa,Azul,G,1,332.71,0.0,332.71,Cartão de Débito,Física,395.0,7
2197,2026-06-07,21:00,145,Bermuda Esporte,Bermuda,Cinza,G,3,144.91,0.0,434.73,PIX,Online,299.0,12
2198,2026-07-05,18:15,106,Vestido Premium,Vestido,Cinza,G,1,201.43,30.21,171.22,Cartão de Crédito,Física,216.0,6
2199,2026-06-04,20:45,143,Acessório Premium,Acessório,Rosa,M,1,297.19,44.58,252.61,PIX,Física,502.0,12
2200,2026-05-27,13:15,12,Bermuda Esporte,Bermuda,Cinza,M,2,327.44,0.0,654.88,Crediário,Online,227.0,25
2201,2026-04-06,20:30,11,Calça Básica,Calça,Vermelha,G,2,297.24,0.0,594.48,PIX,Online,476.0,16
2202,2026-09-07,16:00,79,Camiseta X,Camiseta,Cinza,G,4,76.54,0.0,306.16,Cartão de Débito,Online,102.0,20
2203,2026-09-15,13:15,113,Blusa Social,Blusa,Rosa,P,1,270.36,0.0,270.36,Cartão de Débito,Física,107.0,24
2204,2026-04-01,15:45,131,Vestido Básica,Vestido,Vermelha,M,1,38.91,3.89,35.02,Cartão de Débito,Online,562.0,5
2205,2026-03-28,16:30,58,Acessório Básica,Acessório,Cinza,P,1,304.84,45.73,259.11,Cartão de Débito,Online,222.0,13
2206,2026-03-20,18:30,169,Vestido Esporte,Vestido,Rosa,M,1,120.16,12.02,108.14,Cartão de Crédito,Física,205.0,25
2207,30-07-2026,19:15,9,Jaqueta Social,Jaqueta,Rosa,G,1,97.54,4.88,"92,66",Cartão de Débito,Online,540.0,18
2208,2026-04-09,21:15,176,Camiseta Premium,Camiseta,Vermelha,GG,2,225.97,45.19,406.75,Cartão de Crédito,Física,554.0,18
2209,2026-04-11,12:30,138,Acessório Social,Acessório,Rosa,G,3,125.4,0.0,376.2,Crediário,Física,171.0,25
2210,2026-05-13,09:30,140,Acessório Premium,Acessório,Rosa,G,1,155.17,15.52,139.65,Cartão de Débito,Online,237.0,11
2211,2026-04-05,21:00,102,Bermuda X,Bermuda,Azul,G,4,181.84,109.1,"R$ 618,26",Cartão de Crédito,Online,528.0,25
2212,2026-08-19,15:45,53,Camiseta Básica,Camiseta,Branca,P,4,204.54,40.91,777.25,Cartão de Débito,Online,192.0,11
2213,2026-04-29,21:00,139,Acessório Slim,Acessório,Branca,P,2,227.76,0.0,455.52,Cartão de Débito,Online,514.0,3
2214,2026-07-24,11:45,145,Bermuda Esporte,Bermuda,Cinza,G,1,144.91,0.0,144.91,Cartão de Crédito,Física,291.0,10
2215,14-08-2026,17:30,4,Jaqueta Básica,Jaqueta,Vermelha,M,1,148.57,0.0,148.57,Cartão de Crédito,Online,211.0,25
2216,2026-08-01,13:45,164,Blusa X,Blusa,Cinza,G,4,193.36,38.67,734.77,PIX,Física,165.0,10
2217,2026-07-19,10:00,17,Acessório Casual,Acessório,Rosa,P,3,277.21,83.16,748.47,Cartão de Crédito,Online,344.0,2
2218,2026-06-26,21:30,127,Vestido Social,Vestido,Rosa,G,1,72.5,7.25,65.25,PIX,Online,429.0,7
2219,2026-08-06,12:30,102,Bermuda X,Bermuda,Azul,G,1,181.84,0.0,181.84,Dinheiro,Online,89.0,13
2220,2026-08-03,20:30,122,Bermuda Casual,Bermuda,Rosa,GG,3,286.85,129.08,731.47,Cartão de Débito,Online,252.0,22
2221,2026-07-22,17:00,129,Vestido X,Vestido,Branca,GG,1,295.38,44.31,251.07,Cartão de Débito,Física,3.0,3
2222,2026-09-12,14:30,40,Bermuda Esporte,Bermuda,Azul,G,2,78.7,7.87,149.53,PIX,Online,513.0,13
2223,2026-07-16,12:15,84,Jaqueta Básica,Jaqueta,Verde,P,4,313.9,0.0,1255.6,cartão de débito,Física,108.0,24
2224,2026-05-18,14:15,136,Blusa Social,Blusa,Azul,P,2,114.45,22.89,206.01,Cartão de Débito,Online,358.0,14
2225,2026-08-18,16:45,106,Vestido Premium,Vestido,Cinza,G,4,201.43,0.0,805.72,Cartão de Débito,Física,144.0,13
2226,2026-03-08,18:00,151,Blusa Casual,Blusa,Preta,P,4,121.09,0.0,484.36,Cartão de Débito,Física,225.0,14
2227,2026-04-07,14:30,42,Bermuda Casual,Bermuda,Branca,P,2,336.75,67.35,606.15,Cartão de Crédito,Online,458.0,1
2228,2026-04-11,13:15,164,Blusa X,Blusa,Cinza,G,3,193.36,0.0,580.08,PIX,Online,141.0,19
2229,2026-05-05,11:15,3,Camiseta Social,Camiseta,Branca,GG,1,48.72,2.44,46.28,Dinheiro,Física,74.0,10
2230,2026-08-02,12:00,135,Camiseta Slim,Camiseta,Preta,GG,1,333.31,0.0,333.31,Crediário,Online,316.0,23
2231,2026-05-19,20:00,85,Blusa Casual,Blusa,Vermelha,G,2,273.43,82.03,464.83,Cartão de Crédito,Física,,5
2232,2026-08-20,10:45,10,Jaqueta Casual,Jaqueta,Cinza,GG,4,338.29,202.97,1150.19,PIX,Online,4.0,6
2233,2026-07-12,15:15,171,Acessório X,Acessório,Verde,G,1,85.73,0.0,85.73,PIX,Física,23.0,18
2234,2026-09-17,12:30,51,Jaqueta Slim,Jaqueta,Verde,M,3,118.56,17.78,337.9,Pix,Física,356.0,3
2235,2026-03-26,12:30,39,Calça Social,Calça,Vermelha,GG,4,327.41,0.0,1309.64,Cartão de Débito,Online,451.0,13
2236,2026-07-31,10:00,136,Blusa Social,Blusa,Azul,P,2,114.45,11.44,217.46,Cartão de Crédito,Física,60.0,25
2237,2026-06-24,16:30,131,Vestido Básica,Vestido,Vermelha,M,2,38.91,0.0,77.82,Crediário,Física,,21
2238,2026-07-04,12:15,19,Blusa Casual,Blusa,Preta,M,3,212.08,0.0,636.24,Dinheiro,Física,107.0,17
2239,2026-03-22,16:15,82,Vestido Slim,Vestido,Vermelha,P,4,342.99,0.0,1371.96,Cartão de Crédito,Online,190.0,8
2240,2026-05-18,20:15,123,Blusa Esporte,Blusa,Rosa,P,4,261.56,156.94,889.3,Cartão de Crédito,Online,149.0,16
2241,2026-03-26,17:45,4,Jaqueta Básica,Jaqueta,Vermelha,M,4,148.57,29.71,564.57,PIX,Online,125.0,11
2242,2026-04-30,14:30,90,Blusa Premium,Blusa,Branca,G,1,177.57,0.0,177.57,Cartão de Débito,Online,464.0,12
2243,27-07-2026,11:30,165,Blusa Casual,Blusa,Rosa,GG,4,156.99,62.8,565.16,Cartão de Débito,Online,260.0,23
2244,2026-09-23,11:45,102,Bermuda X,Bermuda,Azul,G,2,181.84,54.55,309.13,Cartão de Débito,Física,467.0,22
2245,2026-08-01,11:30,68,Jaqueta Premium,Jaqueta,Vermelha,G,3,65.29,0.0,195.87,Cartão de Crédito,Online,557.0,21
2246,2026-09-11,09:00,1,Acessório Premium,Acessório,Verde,G,4,129.26,0.0,517.04,Crediário,Online,187.0,5
2247,2026-07-21,09:15,57,Jaqueta Básica,Jaqueta,Verde,GG,2,111.2,0.0,222.4,PIX,Física,175.0,17
2248,2026-03-18,16:30,64,Camiseta Básica,Camiseta,Rosa,M,3,108.86,0.0,"R$ 326,58",Cartão de Crédito,Física,16.0,5
2249,2026-08-19,10:00,105,Vestido Esporte,Vestido,Vermelha,P,2,168.87,16.89,"320,85",Dinheiro,Online,208.0,10
2250,2026-04-05,13:30,94,Acessório Casual,Acessório,Verde,M,2,202.82,60.85,344.79,Cartão de Débito,Online,224.0,23
2251,2026-03-17,10:00,8,Blusa Social,Blusa,Preta,M,1,290.68,14.53,276.15,Cartão de Crédito,Online,389.0,22
2252,2026-07-12,10:15,109,Camiseta Básica,Camiseta,Cinza,P,2,128.12,25.62,230.62,Dinheiro,Online,528.0,9
2253,2026-07-04,21:15,157,Blusa Social,Blusa,Rosa,GG,0,325.37,32.54,618.2,Crediário,Online,110.0,25
2254,2026-06-03,09:30,32,Bermuda Premium,Bermuda,Azul,GG,1,298.98,44.85,254.13,cartão de débito,Online,480.0,19
2255,2026-08-23,21:45,127,Vestido Social,Vestido,Rosa,G,4,72.5,0.0,290.0,Cartão de Crédito,Online,103.0,1
2256,2026-03-31,15:30,168,Vestido Casual,Vestido,Azul,M,2,255.66,0.0,511.32,Cartão de Crédito,Física,143.0,5
2257,2026-05-14,09:30,110,Bermuda Esporte,Bermuda,Branca,GG,3,116.53,34.96,314.63,Cartão de Crédito,Online,505.0,11
2258,2026-07-09,14:00,95,Bermuda Básica,Bermuda,Verde,P,1,40.47,0.0,40.47,Cartão de Débito,Física,435.0,3
2259,2026-08-21,09:45,124,Jaqueta Slim,Jaqueta,Verde,G,4,210.25,0.0,841.0,PIX,Online,269.0,8
2260,2026-06-04,16:45,102,Bermuda X,Bermuda,Azul,G,2,181.84,36.37,327.31,PIX,Física,55.0,7
2261,2026-09-11,10:30,105,Vestido Esporte,Vestido,Vermelha,P,2,168.87,0.0,337.74,Dinheiro,Física,155.0,14
2262,2026-06-08,09:30,116,Blusa Casual,Blusa,Azul,G,2,332.71,0.0,665.42,Cartão de Crédito,Online,209.0,21
2263,2026-04-04,12:00,137,Camiseta Esporte,Camiseta,Preta,M,1,149.09,22.36,126.73,Cartão de Débito,Física,557.0,21
2264,2026-03-24,20:45,60,Acessório Esporte,Acessório,Azul,G,2,112.08,11.21,212.95,Crediário,Física,583.0,22
2265,01/05/26,09:00,48,Camiseta Esporte,Camiseta,Preta,G,2,170.37,51.11,289.63,Cartão de Crédito,Física,372.0,1
2266,05/04/2026,17:45,32,Bermuda Premium,Bermuda,Azul,GG,2,298.98,89.69,508.27,Cartão de Débito,Física,160.0,16
2267,2026-04-10,16:45,98,Vestido Social,Vestido,Branca,G,2,290.16,29.02,551.3,Cartão de Crédito,Física,357.0,6
2268,2026-03-10,09:45,175,Calça Social,Calça,Rosa,P,2,90.45,0.0,"180,90",Cartão de Crédito,Física,11.0,21
2269,2026-07-12,17:45,146,Acessório Esporte,Acessório,Vermelha,P,4,103.95,0.0,415.8,Cartão de Débito,Online,418.0,12
2270,2026-08-14,19:45,150,Blusa Esporte,Blusa,Vermelha,M,1,241.11,0.0,241.11,Dinheiro,Física,457.0,14
2271,2026-07-12,14:00,30,Blusa Básica,Blusa,Preta,M,2,249.41,49.88,448.94,PIX,Online,291.0,11
2272,2026-04-20,18:00,11,Calça Básica,Calça,Vermelha,G,4,297.24,59.45,1129.51,Dinheiro,Online,289.0,25
2273,2026-06-17,15:15  ,25,Blusa Social,Blusa,Rosa,M,3,285.55,0.0,856.65,Cartão de Crédito,Online,180.0,19
2274,06-06-2026,13:30,19,Blusa Casual,Blusa,Preta,M,3,212.08,63.62,572.62,Dinheiro,Online,507.0,3
2275,2026-05-22,17:30,15,Blusa Social,Blusa,Azul,M,4,303.57,0.0,1214.28,Cartão de Débito,Física,496.0,10
2276,2026-03-01,15:15,144,Calça Social,Calça,Cinza,GG,2,200.29,40.06,360.52,PIX,Física,538.0,19
2277,2026-08-06,12:15,135,Camiseta Slim,Camiseta,Preta,GG,4,333.31,0.0,1333.24,Crediário,Online,441.0,10
2278,11-05-2026,21:00,60,Acessório Esporte,Acessório,Azul,G,3,112.08,50.44,285.8,Dinheiro,Online,442.0,24
2279,2026-06-25,17:00,4,Jaqueta Básica,Jaqueta,Vermelha,M,4,148.57,29.71,564.57,Cartão de Crédito,Online,84.0,4
2280,2026-05-25,21:30,84,Jaqueta Básica,Jaqueta,Verde,P,2,313.9,62.78,565.02,Dinheiro,Física,543.0,19
2281,2026-03-05,14:00,50,Blusa Esporte,Blusa,Vermelha,GG,4,189.51,37.9,720.14,PIX,Física,241.0,20
2282,02-09-2026,18:30,131,Vestido Básica,Vestido,Vermelha,M,1,38.91,1.95,36.96,PIX,Física,,6
2283,2026-03-19,17:45,44,Jaqueta Esporte,Jaqueta,Azul,GG,1,198.07,29.71,168.36,Cartão de Crédito,Online,138.0,18
2284,2026-04-04,21:15,174,Jaqueta Casual,Jaqueta,Preta,GG,4,214.83,85.93,773.39,PIX,Online,376.0,6
2285,2026-08-06,14:30,167,Acessório Casual,Acessório,Preta,P,4,326.38,65.28,1240.24,Cartão de Débito,Física,,23
2286,2026-09-14,11:00,65,Jaqueta Social,Jaqueta,Cinza,GG,3,77.68,0.0,233.04,Cartão de Crédito,Física,573.0,19
2287,2026-03-22,17:45,55,Vestido Premium,Vestido,Verde,P,2,95.27,28.58,161.96,Cartão de Débito,Física,199.0,24
2288,2026-08-04,19:15,42,Bermuda Casual,Bermuda,Branca,P,2,336.75,0.0,673.5,PIX,Online,,23
2289,2026-07-14,19:45,75,Jaqueta Casual,Jaqueta,Azul,G,4,238.16,47.63,905.01,Cartão de Débito,Online,299.0,21
2290,2026-08-26,20:30,30,Blusa Básica,Blusa,Preta,M,2,249.41,0.0,498.82,PIX,Online,435.0,21
2291,2026-09-09,11:45,104,Vestido Slim,Vestido,Verde,P,2,221.73,0.0,443.46,Cartão de Crédito,Física,319.0,13
2292,2026-06-23,11:00,147,Bermuda Básica,Bermuda,Branca,P,2,44.8,8.96,80.64,Cartão de Débito,Física,281.0,2
2293,2026-06-10,20:00,124,Jaqueta Slim,Jaqueta,Verde,G,4,210.25,84.1,756.9,Cartão de Débito,Física,292.0,12
2294,02/07/26,09:15,69,Camiseta Social,Camiseta,Branca,M,2,96.99,0.0,193.98,Cartão de Débito,Física,434.0,23
2295,2026-05-07,20:45,66803,Blusa X,Blusa,Vermelha,P,2,230.83,0.0,461.66,Cartão de Débito,Online,116.0,14
2296,2026-05-31,16:45,128,Bermuda Básica,Bermuda,Preta,GG,2,193.28,57.98,328.58,Crediário,Online,,1
2297,2026-07-21,10:15,27,Vestido Premium,Vestido,Cinza,G,3,137.14,20.57,390.85,Cartão de Crédito,Online,153.0,7
2298,2026-07-19,10:00,86,Bermuda Casual,Bermuda,Branca,P,1,211.18,31.68,179.5,Dinheiro,Online,29.0,5
2299,2026-05-03,17:45,89,Acessório Slim,Acessório,Preta,P,1,283.36,0.0,283.36,Dinheiro,Física,572.0,19
2300,2026-06-11,12:45,142,Acessório Básica,Acessório,Cinza,G,4,333.62,0.0,1334.48,Cartão de Débito,Online,406.0,11
2301,2026-06-18,20:00,83,Camiseta Básica,Camiseta,Rosa,M,3,221.65,0.0,664.95,Cartão de Crédito,Online,322.0,21
2302,2026-05-25,20:00,6,Acessório X,Acessório,Azul,GG,2,334.07,66.81,601.33,Dinheiro,Online,570.0,9
2303,2026-07-17,15:30,180,Acessório X,Acessório,Cinza,G,3,73.69,0.0,221.07,Dinheiro,Física,193.0,17
2304,2026-08-15,17:15,41,Jaqueta Casual,Jaqueta,Cinza,GG,4,274.27,164.56,"R$ 932,52",PIX,Física,251.0,19
2305,2026-06-09,10:15,2,Camiseta Básica,Camiseta,Cinza,P,1,57.67,8.65,49.02,Cartão de Crédito,Online,349.0,5
2306,2026-07-17,10:00,134,Calça Slim,Calça,Rosa,P,1,297.88,0.0,297.88,Cartão de Crédito,Física,458.0,3
2307,2026-09-02,17:15,124,Jaqueta Slim,Jaqueta,Verde,G,2,210.25,0.0,420.5,Pix,Online,198.0,7
2308,2026-03-05,16:00,149,Calça Premium,Calça,Vermelha,P,1,296.39,0.0,296.39,PIX,Física,435.0,8
2309,2026-06-04,21:30,31,Vestido Slim,Vestido,Azul,P,2,35.57,7.11,64.03,Dinheiro,Online,556.0,8
2310,2026-03-20,12:00,118,Camiseta Esporte,Camiseta,Azul,M,4,214.08,0.0,856.32,Cartão de Crédito,Online,56.0,8
2311,2026-06-11,16:00,80,Jaqueta Casual,Jaqueta,Cinza,P,1,258.13,0.0,258.13,Cartão de Débito,Online,543.0,17
2312,2026-09-08,10:30,120,Vestido Premium,Vestido,Rosa,GG,2,304.25,30.42,578.08,PIX,Online,316.0,6
2313,2026-06-19,10:00,70,Blusa Slim,Blusa,Verde,GG,1,203.23,0.0,203.23,Dinheiro,Física,481.0,10
2314,2026-08-04,18:15,62,Camiseta Básica,Camiseta,Azul,GG,1,140.6,0.0,140.6,Cartão de Débito,Física,301.0,7
2315,2026-09-05,17:15,59,Acessório X,Acessório,Azul,G,1,137.62,20.64,116.98,Cartão de Débito,Física,335.0,12
2316,2026-06-30,15:15,172,Camiseta Social,Camiseta,Rosa,G,3,281.43,0.0,844.29,Dinheiro,Online,86.0,16
2317,2026-05-22,14:15,101,Vestido Social,Vestido,Vermelha,GG,2,158.47,31.69,285.25,PIX,Online,329.0,25
2318,2026-06-11,21:00,99,Vestido Social,Vestido,Rosa,P,2,135.91,0.0,271.82,Cartão de Crédito,Física,29138.0,3
2319,2026-07-28,16:45,115,Jaqueta Social,Jaqueta,Preta,GG,4,278.18,55.64,1057.08,Cartão de Crédito,Física,521.0,14
2320,20/05/26,17:45,112,Calça Básica,Calça,Azul,M,3,318.38,0.0,"R$ 955,14",Cartão de Crédito,Física,194.0,11
2321,2026-06-17,17:15,108,Bermuda Social,Bermuda,Vermelha,P,2,179.79,35.96,323.62,PIX,Física,69.0,25
2322,2026-05-16,15:00,65,Jaqueta Social,Jaqueta,Cinza,GG,4,77.68,0.0,310.72,Cartão de Débito,Física,152.0,22
2323,2026-06-22,16:30,117,Vestido Casual,Vestido,Azul,P,4,314.94,125.98,1133.78,Dinheiro,Online,512.0,23
2324,2026-09-01,15:45,24,Blusa X,Blusa,Cinza,GG,3,80.81,24.24,218.19,Cartão de Débito,Física,290.0,24
2325,12-07-2026,17:45,10,Jaqueta Casual,Jaqueta,Cinza,GG,3,338.29,0.0,1014.87,PIX,Online,132.0,20
2326,2026-09-06,09:00,94,Acessório Casual,Acessório,Verde,M,4,202.82,0.0,811.28,Cartão de Crédito,Física,48.0,11
2327,2026-04-28,19:45,1,Acessório Premium,Acessório,Verde,G,2,129.26,0.0,258.52,Dinheiro,Física,417.0,5
2328,2026-03-06,21:30,139,Acessório Slim,Acessório,Branca,P,1,227.76,0.0,227.76,Cartão de Débito,Online,235.0,6
2329,2026-09-23,11:45,176,Camiseta Premium,Camiseta,Vermelha,GG,4,225.97,0.0,903.88,Crediário,Online,307.0,11
2330,2026-04-10,12:45,23,Blusa X,Blusa,Preta,P,3,219.84,98.93,560.59,Cartão de Crédito,Online,535.0,15
2331,2026-07-09,13:30,149,Calça Premium,Calça,Vermelha,P,3,296.39,133.38,755.79,Crediário,Física,343.0,9
2332,2026-06-30,20:00,144,Calça Social,Calça,Cinza,GG,1,200.29,20.03,180.26,Cartão de Débito,Online,419.0,14
2333,2026-09-04,12:00,9,Jaqueta Social,Jaqueta,Rosa,G,1,97.54,9.75,"87,79",Cartão de Crédito,Online,451.0,1
2334,2026-06-01,17:45,64,Camiseta Básica,Camiseta,Rosa,M,3,108.86,16.33,310.25,Dinheiro,Online,517.0,16
2335,2026-05-04,21:30,19,Blusa Casual,Blusa,Preta,M,1,212.08,0.0,"R$ 212,08",PIX,Física,126.0,5
2336,2026-06-15,15:30,79,Camiseta X,Camiseta,Cinza,G,3,76.54,11.48,218.14,Crediário,Física,253.0,20
2337,2026-08-25,18:30,125,Vestido Esporte,Vestido,Vermelha,P,2,67.79,0.0,"R$ 135,58",Cartão de Crédito,Online,219.0,25
2338,25/06/26,16:30,111,Acessório Esporte,Acessório,Rosa,M,1,333.04,0.0,333.04,PIX,Física,99.0,20
2339,2026-08-22,09:45,99,Vestido Social,Vestido,Rosa,P,3,135.91,0.0,407.73,Crediário,Online,220.0,7
2340,2026-08-10,16:00,177,Bermuda Básica,Bermuda,Branca,G,3,113.66,0.0,340.98,Dinheiro,Online,301.0,23
2341,2026-05-27,12:15,164,Blusa X,Blusa,Cinza,G,2,193.36,19.34,367.38,Dinheiro,Física,198.0,3
2342,2026-03-14,18:00,149,Calça Premium,Calça,Vermelha,P,3,296.39,44.46,844.71,Cartão de Débito,Online,495.0,12
2343,2026-08-27,21:30,163,Jaqueta Básica,Jaqueta,Branca,M,4,212.45,0.0,"849,80",PIX,Online,309.0,11
2344,2026-08-13,20:45,147,Bermuda Básica,Bermuda,Branca,P,4,44.8,8.96,170.24,PIX,Online,281.0,10
2345,2026-03-04,21:15,58,Acessório Básica,Acessório,Cinza,P,4,304.84,0.0,1219.36,Cartão de Crédito,Física,267.0,18
2346,2026-07-13,18:00,113,Blusa Social,Blusa,Rosa,P,3,270.36,40.55,770.53,PIX,Física,527.0,25
2347,2026-03-30,21:45,83,Camiseta Básica,Camiseta,Rosa,M,4,221.65,0.0,886.6,Dinheiro,Física,259.0,10
2348,2026-05-22,19:30,160,Calça X,Calça,Verde,P,1,137.04,0.0,137.04,PIX,Online,205.0,6
2349,2026-09-25,21:30,154,Acessório Esporte,Acessório,Azul,M,3,140.03,0.0,420.09,Cartão de Débito,Online,,17
2350,2026-04-05,17:15,177,Bermuda Básica,Bermuda,Branca,G,1,113.66,11.37,102.29,PIX,Física,60.0,21
2351,2026-09-19,14:45,88,Camiseta Básica,Camiseta,Branca,GG,1,270.48,27.05,243.43,Cartão de Crédito,Física,19.0,8
2352,2026-05-27,21:00,29,Blusa Esporte,Blusa,Branca,M,4,318.44,63.69,1210.07,PIX,Física,240.0,5
2353,2026-09-13,10:30,167,Acessório Casual,Acessório,Preta,P,4,326.38,65.28,1240.24,PIX,Online,434.0,19
2354,2026-03-17,09:00,11,Calça Básica,Calça,Vermelha,G,3,297.24,89.17,802.55,Crediário,Online,2.0,19
2355,2026-03-17,12:15,61,Acessório Básica,Acessório,Rosa,M,3,281.06,0.0,843.18,Cartão de Débito,Online,,23
2356,2026-08-15,17:45,157,Blusa Social,Blusa,Rosa,GG,4,325.37,0.0,1301.48,PIX,Física,177.0,9
2357,2026-08-02,12:15,20,Calça X,Calça,Vermelha,P,0,211.81,0.0,423.62,Cartão de Débito,Física,18.0,5
2358,2026-09-07,21:45,71,Camiseta Esporte,Camiseta,Cinza,GG,3,252.73,0.0,758.19,Crediário,Online,554.0,13
2359,2026-04-27,17:45,4,Jaqueta Básica,Jaqueta,Vermelha,M,3,148.57,0.0,445.71,Cartão de Crédito,Física,405.0,20
2360,2026-04-18,09:15,45,Blusa Social,Blusa,Cinza,G,3,158.82,71.47,404.99,PIX,Online,442.0,6
2361,2026-06-19,13:45,109,Camiseta Básica,Camiseta,Cinza,P,3,128.12,0.0,384.36,Dinheiro,Física,582.0,2
2362,2026-08-06,15:15,13,Calça X,Calça,Verde,M,2,118.99,23.8,214.18,Dinheiro,Física,364.0,6
2363,2026-03-21,12:45,138,Acessório Social,Acessório,Rosa,G,1,125.4,0.0,125.4,Cartão de Crédito,Física,585.0,22
2364,2026-09-03,09:45,84,Jaqueta Básica,Jaqueta,Verde,P,1,313.9,0.0,313.9,Cartão de Crédito,Online,114.0,9
2365,2026-09-10,20:15,124,Jaqueta Slim,Jaqueta,Verde,G,1,210.25,0.0,210.25,Cartão de Crédito,Online,298.0,18
2366,2026-05-25,21:30,148,Acessório Premium,Acessório,Vermelha,GG,4,36.52,0.0,146.08,Crediário,Física,71.0,9
2367,12/03/2026,18:15,78,Blusa Casual,Blusa,Cinza,M,1,332.45,0.0,332.45,Cartão de Débito,Física,397.0,17
2368,2026-08-18,17:30,158,Blusa Social,Blusa,Rosa,M,1,185.68,27.85,157.83,PIX,Física,18.0,6
2369,2026-03-07,10:30,110,Bermuda Esporte,Bermuda,Branca,GG,3,116.53,17.48,332.11,PIX,Online,435.0,3
2370,2026-04-02,17:30,22,Vestido Social,Vestido,Rosa,G,1,289.54,28.95,260.59,Cartão de Débito,Online,535.0,20
2371,2026-04-27,19:30,150,Blusa Esporte,Blusa,Vermelha,M,3,241.11,72.33,651.0,cartão de crédito,Online,465.0,16
2372,2026-03-05,11:15,178,Calça Básica,Calça,Azul,GG,1,144.41,21.66,122.75,Dinheiro,Física,177.0,22
2373,2026-08-07,20:45,32,Bermuda Premium,Bermuda,Azul,GG,4,298.98,0.0,1195.92,PIX,Física,140.0,25
2374,22/05/26,18:45,110,Bermuda Esporte,Bermuda,Branca,GG,1,116.53,5.83,110.7,Dinheiro,Física,493.0,10
2375,2026-09-14,17:30,63,Calça Premium,Calça,Vermelha,G,3,277.67,0.0,833.01,Cartão de Débito,Online,171.0,24
2376,2026-07-30, 10:30 ,73,Vestido Social,Vestido,Preta,P,1,83.59,0.0,83.59,PIX,Física,540.0,20
2377,2026-04-20,13:45,169,Vestido Esporte,Vestido,Rosa,M,2,120.16,12.02,228.3,Cartão de Débito,Física,363.0,25
2378,2026-09-16,18:30,38,Calça X,Calça,Azul,G,1,234.51,35.18,199.33,PIX,Online,340.0,12
2379,2026-07-24,17:45,161,Vestido X,Vestido,Azul,G,4,67.98,40.79,231.13,PIX,Física,475.0,13
2380,2026-04-07,11:45,53,Camiseta Básica,Camiseta,Branca,P,3,204.54,92.04,521.58,Cartão de Débito,Física,99.0,16
2381,2026-05-25,14:30,88,Camiseta Básica,Camiseta,Branca,GG,1,270.48,27.05,243.43,Cartão de Crédito,Online,505.0,14
2382,2026-06-21,10:15,62,Camiseta Básica,Camiseta,Azul,GG,3,140.6,63.27,"358,53",Cartão de Crédito,Online,578.0,18
2383,2026-03-16,12:30,142,Acessório Básica,Acessório,Cinza,G,1,333.62,50.04,"283,58",Cartão de Débito,Física,5.0,13
2384,2026-07-28,13:30,33,Blusa X,Blusa,Vermelha,P,3,230.83,0.0,692.49,Cartão de Débito,Online,573.0,16
2385,2026-03-28,11:00,116,Blusa Casual,Blusa,Azul,G,1,332.71,33.27,299.44,Dinheiro,Online,144.0,4
2386,2026-08-19,15:30,166,Vestido Premium,Vestido,Vermelha,GG,4,194.42,77.77,699.91,Cartão de Débito,Online,590.0,22
2387,2026-06-12,10:30,162,Blusa Premium,Blusa,Branca,M,1,219.23,10.96,208.27,PIX,Online,463.0,15
2388,2026-07-30,12:00,70,Blusa Slim,Blusa,Verde,GG,1,203.23,20.32,182.91,PIX,Física,407.0,17
2389,2026-03-11,20:30,161,Vestido X,Vestido,Azul,G,2,67.98,0.0,135.96,Dinheiro,Física,247.0,16
2390,2026-04-06,19:30,153,Vestido Básica,Vestido,Preta,G,4,129.37,77.62,439.86,Cartão de Crédito,Física,133.0,21
2391,2026-09-10,17:00,128,Bermuda Básica,Bermuda,Preta,GG,1,193.28,28.99,164.29,Dinheiro,Online,468.0,8
2392,2026-05-11,17:15,117,Vestido Casual,Vestido,Azul,P,1,314.94,15.75,299.19,Cartão de Crédito,Física,50.0,18
2393,2026-03-25,18:45,92,Calça Casual,Calça,Rosa,G,4,164.58,1245.845371942923,658.32,Dinheiro,Online,436.0,8
2394,2026-04-24,20:15,79,Camiseta X,Camiseta,Cinza,G,1,76.54,11.48,65.06,Cartão de Crédito,Física,377.0,10
2395,2026-04-06,21:15,123,Blusa Esporte,Blusa,Rosa,P,4,261.56,104.62,941.62,Cartão de Crédito,Online,66.0,6
2396,2026-07-02,10:30,9,Jaqueta Social,Jaqueta,Rosa,G,1,97.54,9.75,87.79,PIX,Online,195.0,21
2397,2026-05-20,10:30,16,Acessório Casual,Acessório,Verde,GG,4,160.59,64.24,578.12,PIX,Física,471.0,10
2398,2026-08-21,13:30,149,Calça Premium,Calça,Vermelha,P,4,296.39,0.0,1185.56,Cartão de Débito,Física,519.0,14
2399,2026-08-12,12:30,14,Bermuda Social,Bermuda,Branca,P,2,125.8,0.0,251.6,Cartão de Débito,Online,155.0,12
2400,2026-07-18,16:15,165,Blusa Casual,Blusa,Rosa,GG,4,156.99,31.4,596.56,CARTÃO DE CRÉDITO,Online,193.0,11
2401,2026-05-05,19:00,175,Calça Social,Calça,Rosa,P,4,90.45,54.27,"307,53",Cartão de Débito,Física,212.0,24
2402,2026-05-01,14:45,163,Jaqueta Básica,Jaqueta,Branca,M,1,212.45,0.0,212.45,Cartão de Débito,Online,267.0,18
2403,2026-05-17, 21:45,65,Jaqueta Social,Jaqueta,Cinza,GG,1,77.68,0.0,77.68,Cartão de Crédito,Online,6.0,13
2404,22/09/2026,21:15,158,Blusa Social,Blusa,Rosa,M,2,185.68,0.0,371.36,Crediário,Online,158.0,17
2405,2026-04-17,17:15,60,Acessório Esporte,Acessório,Azul,G,2,112.08,0.0,224.16,Cartão de Débito,Física,215.0,25
2406,2026-06-29,14:30,131,Vestido Básica,Vestido,Vermelha,M,2,38.91,11.67,66.15,Cartão de Crédito,Física,224.0,3
2407,2026-04-01,16:00,79,Camiseta X,Camiseta,Cinza,G,-1,76.54,22.96,206.66,CARTÃO DE DÉBITO,Online,49.0,3
2408,2026-04-29,16:30,59,Acessório X,Acessório,Azul,G,3,137.62,61.93,350.93,PIX,Física,156.0,21
2409,2026-09-13,12:15,40,Bermuda Esporte,Bermuda,Azul,G,2,78.7,0.0,157.4,Crediário,Física,254.0,5
2410,2026-06-05,10:45,142,Acessório Básica,Acessório,Cinza,G,4,333.62,200.17,1134.31,Dinheiro,Online,129.0,21
2411,2026-08-02,09:15,145,Bermuda Esporte,Bermuda,Cinza,G,1,144.91,21.74,123.17,Cartão de Crédito,Física,86.0,8
2412,2026-09-14,12:15,23,Blusa X,Blusa,Preta,P,1,219.84,0.0,219.84,PIX,Física,203.0,25
2413,10/04/2026,20:30,96,Bermuda Casual,Bermuda,Branca,M,4,123.65,0.0,494.6,CARTÃO DE DÉBITO,Online,50.0,4
2414,2026-06-29,19:45,112,Calça Básica,Calça,Azul,M,4,318.38,191.03,1082.49,Cartão de Débito,Online,,16
2415,2026-03-18,20:45,114,Jaqueta Esporte,Jaqueta,Verde,P,4,60.77,0.0,243.08,Crediário,Online,584.0,1
2416,2026-03-24,13:30,92,Calça Casual,Calça,Rosa,G,1,164.58,8.23,156.35,Cartão de Débito,Online,573.0,22
2417,2026-08-08,13:15,47,Vestido Premium,Vestido,Cinza,G,1,115.65,0.0,115.65,Dinheiro,Online,422.0,12
2418,2026-08-22,17:45,32,Bermuda Premium,Bermuda,Azul,GG,3,298.98,44.85,852.09,Dinheiro,Online,441.0,15
2419,2026-09-05,20:00,173,Jaqueta Casual,Jaqueta,Cinza,GG,1,328.02,0.0,328.02,PIX,Física,212.0,9
2420,2026-03-29,20:15,101,Vestido Social,Vestido,Vermelha,GG,4,158.47,0.0,633.88,Crediário,Física,411.0,16
2421,2026-08-10,18:15,8,Blusa Social,Blusa,Preta,M,2,290.68,87.2,494.16,Cartão de Débito,Online,541.0,20
2422,2026-07-12,19:30,177,Bermuda Básica,Bermuda,Branca,G,3,113.66,0.0,340.98,Cartão de Crédito,Física,85.0,3
2423,2026-04-22, 15:30 ,156,Jaqueta Básica,Jaqueta,Branca,G,4,292.56,175.54,994.7,Cartão de Débito,Física,278.0,22
2424,2026-07-03,21:15,167,Acessório Casual,Acessório,Preta,P,3,326.38,0.0,979.14,PIX,Online,213.0,5
2425,2026-07-13,10:30,107,Blusa Slim,Blusa,Preta,M,2,264.43,26.44,502.42,Cartão de Crédito,Online,300.0,6
2426,2026-03-12,09:45,3,Camiseta Social,Camiseta,Branca,GG,2,48.72,0.0,97.44,PIX,Online,56.0,6
2427,2026-05-06,09:00,4,Jaqueta Básica,Jaqueta,Vermelha,M,4,148.57,59.43,534.85,Cartão de Débito,Online,86.0,23
2428,2026-09-07,13:30,1,Acessório Premium,Acessório,Verde,G,4,129.26,77.56,439.48,Cartão de Crédito,Física,5.0,22
2429,2026-08-02,17:00,88,Camiseta Básica,Camiseta,Branca,GG,3,270.48,121.72,689.72,PIX,Online,580.0,3
2430,2026-03-05,15:00,80,Jaqueta Casual,Jaqueta,Cinza,P,3,258.13,0.0,774.39,Cartão de Débito,Online,537.0,17
2431,2026-07-11,21:30,87,Camiseta Casual,Camiseta,Rosa,G,2,25.88,0.0,51.76,Dinheiro,Online,,22
2432,2026-08-01,19:15,83,Camiseta Básica,Camiseta,Rosa,M,1,221.65,0.0,221.65,Cartão de Crédito,Física,596.0,23
2433,2026-03-30,19:45,167,Acessório Casual,Acessório,Preta,P,3,326.38,97.91,881.23,Cartão de Débito,Física,269.0,23
2434,2026-07-07,20:15,113,Blusa Social,Blusa,Rosa,P,4,270.36,162.22,"R$ 919,22",Crediário,Física,264.0,18
2435,2026-03-14,16:45,64,Camiseta Básica,Camiseta,Rosa,M,2,108.86,10.89,206.83,PIX,Física,296.0,17
2436,2026-07-08,20:30,125,Vestido Esporte,Vestido,Vermelha,P,4,67.79,0.0,271.16,Cartão de Débito,Física,594.0,22
2437,2026-04-18,11:30,38,Calça X,Calça,Azul,G,2,234.51,0.0,469.02,Cartão de Débito,Física,463.0,10
2438,2026-04-28,21:45,145,Bermuda Esporte,Bermuda,Cinza,G,2,144.91,43.47,246.35,Cartão de Débito,Online,149.0,4
2439,2026-05-28,11:45,53,Camiseta Básica,Camiseta,Branca,P,1,204.54,0.0,204.54,Dinheiro,Física,478.0,25
2440,2026-04-04,10:30,139,Acessório Slim,Acessório,Branca,P,2,227.76,0.0,455.52,PIX,Física,573.0,12
2441,2026-08-12,12:45,115,Jaqueta Social,Jaqueta,Preta,GG,4,278.18,55.64,1057.08,Crediário,Online,259.0,8
2442,2026-06-30,14:00,11,Calça Básica,Calça,Vermelha,G,3,297.24,89.17,802.55,PIX,Online,475.0,19
2443,2026-09-16,16:45,147,Bermuda Básica,Bermuda,Branca,P,4,44.8,17.92,161.28,Cartão de Débito,Física,306.0,20
2444,2026-04-29,20:30,134,Calça Slim,Calça,Rosa,P,4,297.88,59.58,1131.94,Cartão de Crédito,Física,296.0,11
2445,2026-05-12,19:15,6,Acessório X,Acessório,Azul,GG,1,334.07,16.7,317.37,PIX,Online,152.0,25
2446,2026-07-19,18:00,171,Acessório X,Acessório,Verde,G,1,85.73,4.29,81.44,Cartão de Débito,Física,14.0,12
2447,2026-09-13,16:30,44,Jaqueta Esporte,Jaqueta,Azul,GG,0,198.07,9.9,188.17,Cartão de Débito,Online,13.0,22
2448,2026-09-09,12:45,108,Bermuda Social,Bermuda,Vermelha,P,4,179.79,107.87,611.29,Cartão de Crédito,Online,354.0,10
2449,2026-07-03,20:00,100,Vestido Casual,Vestido,Preta,M,4,76.04,0.0,304.16,Crediário,Online,464.0,10
2450,2026-04-06,19:00,4,Jaqueta Básica,Jaqueta,Vermelha,M,2,148.57,29.71,267.43,PIX,Física,483.0,5
2451,2026-07-21,16:15,142,Acessório Básica,Acessório,Cinza,G,1,333.62,16.68,316.94,pix,Online,89.0,11
2452,2026-07-18,09:00,64,Camiseta Básica,Camiseta,Rosa,M,4,108.86,0.0,"435,44",Cartão de Débito,Física,431.0,16
2453,2026-09-17,17:00,161,Vestido X,Vestido,Azul,G,4,67.98,0.0,271.92,Cartão de Débito,Física,115.0,19
2454,2026-04-08,17:45,13,Calça X,Calça,Verde,M,4,118.99,71.39,404.57,Dinheiro,Física,312.0,6
2455,2026-04-17,17:15,3,Camiseta Social,Camiseta,Branca,GG,2,48.72,0.0,97.44,cartao credito,Online,305.0,7
2456,2026-08-12,21:15,12,Bermuda Esporte,Bermuda,Cinza,M,4,327.44,0.0,1309.76,Cartão de Crédito,Física,155.0,15
2457,2026-08-10,14:30,127,Vestido Social,Vestido,Rosa,G,4,72.5,0.0,290.0,Pix,Online,151.0,6
2458,2026-06-23,20:15,88,Camiseta Básica,Camiseta,Branca,GG,4,270.48,108.19,973.73,cartão de débito,Física,160.0,1
2459,2026-04-08,15:00,50,Blusa Esporte,Blusa,Vermelha,GG,2,189.51,0.0,379.02,Cartão de Débito,Online,360.0,19
2460,2026-09-19,16:15,35,Jaqueta Premium,Jaqueta,Preta,P,4,289.59,173.75,984.61,Crediário,Online,487.0,5
2461,2026-03-16,21:15,98,Vestido Social,Vestido,Branca,G,4,290.16,58.03,1102.61,PIX,Física,54.0,17
2462,2026-03-24,18:00,48,Camiseta Esporte,Camiseta,Preta,G,4,170.37,0.0,681.48,Cartão de Crédito,Física,474.0,16
2463,2026-03-11,10:45,135,Camiseta Slim,Camiseta,Preta,GG,1,333.31,16.67,316.64,Crediário,Online,509.0,21
2464,2026-08-22,13:15,93,Blusa Social,Blusa,Vermelha,GG,1,327.13,0.0,327.13,Crediário,Online,64.0,15
2465,2026-08-12,12:45,147,Bermuda Básica,Bermuda,Branca,P,1,44.8,0.0,44.8,Crediário,Física,,1
2466,2026-06-15,17:30,127,Vestido Social,Vestido,Rosa,G,4,72.5,43.5,246.5,Cartão de Crédito,Física,340.0,15
2467,2026-03-24,21:30,38,Calça X,Calça,Azul,G,4,234.51,46.9,891.14,PIX,Física,507.0,7
2468,19/05/2026,19:30,39,Calça Social,Calça,Vermelha,GG,4,327.41,0.0,1309.64,cartao credito,Física,94.0,12
2469,2026-08-20,12:30,28,Camiseta Social,Camiseta,Rosa,GG,3,276.72,0.0,830.16,Cartão de Débito,Física,58.0,6
2470,2026-03-09,20:15,73,Vestido Social,Vestido,Preta,P,1,83.59,4.18,79.41,Cartão de Crédito,Física,,17
2471,2026-09-05,11:30,134,Calça Slim,Calça,Rosa,P,1,297.88,0.0,297.88,Cartão de Crédito,Física,297.0,2
2472,2026-05-02,10:45,110,Bermuda Esporte,Bermuda,Branca,GG,3,116.53,52.44,297.15,Cartão de Débito,Física,303.0,24
2473,2026-06-07,21:30,45478,Blusa Esporte,Blusa,Vermelha,GG,2,189.51,37.9,341.12,Cartão de Crédito,Física,7.0,20
2474,2026-09-12,17:15,63,Calça Premium,Calça,Vermelha,G,3,277.67,0.0,833.01,PIX,Online,138.0,20
2475,2026-09-11,16:30,96,Bermuda Casual,Bermuda,Branca,M,3,123.65,18.55,352.4,Cartão de Crédito,Física,21.0,11
2476,2026-04-21,17:00,2,Camiseta Básica,Camiseta,Cinza,P,2,57.67,0.0,115.34,Cartão de Débito,Física,596.0,9
2477,2026-05-02,11:15,85,Blusa Casual,Blusa,Vermelha,G,1,273.43,41.01,232.42,PIX,Online,195.0,14
2478,2026-07-08,09:45,59,Acessório X,Acessório,Azul,G,2,137.62,0.0,275.24,pix,Física,341.0,12
2479,2026-03-23,11:15,100,Vestido Casual,Vestido,Preta,M,2,76.04,7.6,144.48,Cartão de Débito,Física,388.0,5
2480,2026-04-22,16:15,93,Blusa Social,Blusa,Vermelha,GG,1,327.13,0.0,327.13,Cartão de Crédito,Online,465.0,4
2481,2026-04-14,09:00  ,123,Blusa Esporte,Blusa,Rosa,P,4,261.56,156.94,889.3,Cartão de Débito,Física,29.0,17
2482,2026-03-23,19:30,70,Blusa Slim,Blusa,Verde,GG,2,203.23,20.32,386.14,Crediário,Online,70.0,7
2483,2026-06-26,21:30,19,Blusa Casual,Blusa,Preta,M,1,212.08,21.21,190.87,PIX,Física,418.0,1
2484,2026-05-07,21:45,91,Camiseta Casual,Camiseta,Branca,P,3,29.36,4.4,83.68,Crediário,Física,330.0,12
2485,2026-06-10,17:00,62,Camiseta Básica,Camiseta,Azul,GG,3,140.6,0.0,421.8,Cartão de Crédito,Física,591.0,11
2486,2026-09-16,21:00  ,38,Calça X,Calça,Azul,G,3,234.51,0.0,703.53,Cartão de Crédito,Online,412.0,22
2487,2026-09-01,09:45,172,Camiseta Social,Camiseta,Rosa,G,1,281.43,0.0,281.43,Cartão de Crédito,Física,89.0,3
2488,2026-06-08,13:00,95,Bermuda Básica,Bermuda,Verde,P,1,40.47,6.07,34.4,Cartão de Crédito,Online,131.0,20
2489,2026-05-28,13:00,176,Camiseta Premium,Camiseta,Vermelha,GG,4,225.97,0.0,903.88,Cartão de Débito,Física,189.0,19
2490,2026-06-27,15:15,10,Jaqueta Casual,Jaqueta,Cinza,GG,3,338.29,0.0,1014.87,Cartão de Débito,Online,11.0,21
2491,2026-09-08,13:00,46,Acessório X,Acessório,Cinza,M,1,184.96,0.0,184.96,Cartão de Débito,Física,234.0,9
2492,2026-05-01,13:15,139,Acessório Slim,Acessório,Branca,P,1,227.76,0.0,227.76,Cartão de Débito,Física,396.0,8
2493,2026-06-03,19:45,138,Acessório Social,Acessório,Rosa,G,3,125.4,37.62,"R$ 338,58",Cartão de Débito,Online,580.0,11
2494,2026-08-15,21:15,143,Acessório Premium,Acessório,Rosa,M,1,297.19,0.0,297.19,Cartão de Crédito,Online,181.0,24
2495,2026-09-16,11:30,105,Vestido Esporte,Vestido,Vermelha,P,3,168.87,0.0,506.61,Cartão de Débito,Física,255.0,15
2496,2026-07-27,10:15,149,Calça Premium,Calça,Vermelha,P,3,296.39,0.0,889.17,Cartão de Débito,Física,96.0,16
2497,2026-09-22,19:15,125,Vestido Esporte,Vestido,Vermelha,P,4,67.79,0.0,271.16,Cartão de Crédito,Física,136.0,7
2498,2026-06-09,20:45,48,Camiseta Esporte,Camiseta,Preta,G,4,170.37,102.22,579.26,Cartão de Débito,Online,413.0,24
2499,2026-05-28,18:00,105,Vestido Esporte,Vestido,Vermelha,P,4,168.87,0.0,675.48,cartão de crédito,Online,473.0,12
2500,2026-09-13,14:15,93,Blusa Social,Blusa,Vermelha,GG,2,327.13,32.71,621.55,Dinheiro,Online,213.0,23
2501,2026-05-14,20:30,148,Acessório Premium,Acessório,Vermelha,GG,3,36.52,10.96,98.6,Cartão de Débito,Online,,11
2502,2026-07-28,14:45,147,Bermuda Básica,Bermuda,Branca,P,-2,44.8,0.0,179.2,Dinheiro,Online,303.0,21
2503,2026-09-12,17:30,87,Camiseta Casual,Camiseta,Rosa,G,1,25.88,0.0,25.88,Cartão de Crédito,Online,407.0,9
2504,2026-06-28,19:45,168,Vestido Casual,Vestido,Azul,M,3,255.66,38.35,728.63,Cartão de Crédito,Física,238.0,9
2505,2026-08-02,10:00,154,Acessório Esporte,Acessório,Azul,M,1,140.03,21.0,119.03,Dinheiro,Física,471.0,17
2506,2026-06-19,20:00,84,Jaqueta Básica,Jaqueta,Verde,P,3,313.9,0.0,941.7,Cartão de Débito,Online,542.0,6
2507,2026-06-21,09:30,157,Blusa Social,Blusa,Rosa,GG,4,325.37,0.0,1301.48,Cartão de Débito,Online,275.0,23
2508,2026-06-18,11:30,16,Acessório Casual,Acessório,Verde,GG,3,160.59,0.0,481.77,Cartão de Crédito,Online,121.0,8
2509,2026-07-02,16:15,8,Blusa Social,Blusa,Preta,M,4,290.68,116.27,1046.45,Cartão de Débito,Online,450.0,24
2510,2026-04-01,17:00,115,Jaqueta Social,Jaqueta,Preta,GG,1,278.18,0.0,278.18,Cartão de Débito,Física,553.0,2
2511,2026-06-04,19:30,128,Bermuda Básica,Bermuda,Preta,GG,1,193.28,19.33,173.95,Cartão de Débito,Física,425.0,22
2512,21/05/2026,18:45,172,Camiseta Social,Camiseta,Rosa,G,4,281.43,0.0,1125.72,Cartão de Crédito,Online,471.0,14
2513,2026-07-10,15:15,125,Vestido Esporte,Vestido,Vermelha,P,2,67.79,20.34,115.24,cartão de crédito,Online,543.0,3
2514,2026-05-04, 12:30,163,Jaqueta Básica,Jaqueta,Branca,M,4,212.45,42.49,807.31,Cartão de Crédito,Online,138.0,13
2515,2026-07-21,11:15  ,31,Vestido Slim,Vestido,Azul,P,4,35.57,7.11,135.17,Dinheiro,Online,1.0,4
2516,17-08-2026,18:00,131,Vestido Básica,Vestido,Vermelha,M,3,38.91,0.0,116.73,Dinheiro,Online,514.0,19
2517,2026-04-08,16:15,180,Acessório X,Acessório,Cinza,G,4,73.69,29.48,265.28,Cartão de Crédito,Online,317.0,5
2518,2026-09-02,16:15,139,Acessório Slim,Acessório,Branca,P,1,227.76,34.16,193.6,Cartão de Débito,Online,206.0,3
2519,2026-06-10,19:45,146,Acessório Esporte,Acessório,Vermelha,P,4,103.95,0.0,415.8,Cartão de Crédito,Física,434.0,22
2520,2026-05-09,18:30,101,Vestido Social,Vestido,Vermelha,GG,2,158.47,0.0,316.94,Dinheiro,Física,167.0,24
2521,2026-07-04,09:30,14903,Acessório Casual,Acessório,Rosa,P,2,277.21,0.0,554.42,Cartão de Crédito,Online,526.0,24
2522,2026-06-09,15:15,101,Vestido Social,Vestido,Vermelha,GG,3,158.47,47.54,427.87,PIX,Física,295.0,21
2523,2026-05-13,14:00,45,Blusa Social,Blusa,Cinza,G,2,158.82,0.0,317.64,Cartão de Crédito,Online,77.0,21
2524,2026-07-16,20:00,71,Camiseta Esporte,Camiseta,Cinza,GG,1,252.73,0.0,252.73,PIX,Física,195.0,2
2525,2026-09-14,18:00,121,Vestido Casual,Vestido,Verde,G,2,101.83,0.0,203.66,PIX,Física,486.0,23
2526,2026-09-13,13:45,166,Vestido Premium,Vestido,Vermelha,GG,2,194.42,19.44,369.4,Cartão de Débito,Física,176.0,24
2527,2026-08-14,20:45,97,Camiseta Slim,Camiseta,Azul,M,2,174.51,17.45,331.57,PIX,Física,180.0,21
2528,2026-08-06,12:45,74,Acessório Social,Acessório,Preta,GG,1,90.99,13.65,77.34,Cartão de Débito,Online,216.0,14
2529,2026-06-14,13:00,137,Camiseta Esporte,Camiseta,Preta,M,2,149.09,0.0,298.18,Cartão de Crédito,Online,145.0,17
2530,2026-09-22,21:30,14,Bermuda Social,Bermuda,Branca,P,1,125.8,12.58,113.22,Cartão de Débito,Online,204.0,18
2531,2026-05-18,13:15,139,Acessório Slim,Acessório,Branca,P,4,227.76,0.0,911.04,Cartão de Débito,Física,324.0,24
2532,2026-04-16,10:15,104,Vestido Slim,Vestido,Verde,P,1,221.73,33.26,188.47,Cartão de Débito,Online,467.0,16
2533,2026-06-11,09:15,65,Jaqueta Social,Jaqueta,Cinza,GG,2,77.68,15.54,139.82,PIX,Física,296.0,17
2534,2026-03-23,09:15,58,Acessório Básica,Acessório,Cinza,P,2,304.84,0.0,609.68,pix,Física,6.0,18
2535,2026-03-23,12:45,137,Camiseta Esporte,Camiseta,Preta,M,4,149.09,89.45,506.91,Cartão de Débito,Online,390.0,5
2536,2026-05-08,20:30,38,Calça X,Calça,Azul,G,3,234.51,0.0,703.53,Cartão de Débito,Online,482.0,7
2537,2026-07-06,20:45,155,Bermuda X,Bermuda,Preta,M,4,134.96,80.98,458.86,PIX,Física,267.0,6
2538,29-06-2026,18:15,166,Vestido Premium,Vestido,Vermelha,GG,3,194.42,0.0,583.26,Cartão de Crédito,Online,159.0,1
2539,2026-05-23,10:15  ,127,Vestido Social,Vestido,Rosa,G,3,72.5,0.0,217.5,Cartão de Débito,Física,274.0,6
2540,2026-09-23,14:00,2,Camiseta Básica,Camiseta,Cinza,P,3,57.67,8.65,164.36,CARTÃO DE DÉBITO,Física,447.0,14
2541,03-03-2026,09:00,50,Blusa Esporte,Blusa,Vermelha,GG,4,189.51,37.9,720.14,Cartão de Crédito,Física,434.0,24
2542,2026-04-04,14:00,16,Acessório Casual,Acessório,Verde,GG,4,160.59,32.12,610.24,pix,Física,55.0,19
2543,2026-06-04,14:15,147,Bermuda Básica,Bermuda,Branca,P,4,44.8,0.0,179.2,Cartão de Crédito,Física,478.0,5
2544,17/04/26, 21:30,20,Calça X,Calça,Vermelha,P,3,211.81,0.0,635.43,Cartão de Débito,Física,479.0,5
2545,2026-03-11,12:00,159,Acessório Slim,Acessório,Azul,G,2,201.01,20.1,381.92,Cartão de Crédito,Online,163.0,25
2546,2026-04-20,17:00,122,Bermuda Casual,Bermuda,Rosa,GG,4,286.85,57.37,1090.03,Dinheiro,Física,561.0,12
2547,2026-04-17,15:45,59,Acessório X,Acessório,Azul,G,3,137.62,41.29,371.57,Cartão de Débito,Física,503.0,12
2548,27/03/26,12:30,143,Acessório Premium,Acessório,Rosa,M,3,297.19,133.74,757.83,PIX,Online,328.0,15
2549,2026-08-07,17:15,117,Vestido Casual,Vestido,Azul,P,4,314.94,0.0,1259.76,Crediário,Online,270.0,9
2550,2026-06-29, 16:45 ,171,Acessório X,Acessório,Verde,G,3,85.73,12.86,244.33,Cartão de Débito,Física,596.0,17
2551,2026-03-02,15:30,81,Calça Social,Calça,Cinza,P,2,125.82,0.0,251.64,Cartão de Débito,Física,351.0,16
2552,2026-09-14,20:15,153,Vestido Básica,Vestido,Preta,G,4,129.37,77.62,439.86,Cartão de Débito,Física,427.0,14
2553,2026-04-25,19:45,73,Vestido Social,Vestido,Preta,P,1,83.59,0.0,83.59,Cartão de Débito,Online,198.0,17
2554,2026-06-11,19:00,127,Vestido Social,Vestido,Rosa,G,2,72.5,21.75,123.25,Crediário,Online,588.0,9
2555,2026-07-07,10:45,49,Calça Básica,Calça,Verde,GG,1,193.27,28.99,164.28,Cartão de Crédito,Online,16.0,7
2556,2026-09-13,21:30,85,Blusa Casual,Blusa,Vermelha,G,3,273.43,0.0,820.29,Crediário,Online,367.0,3
2557,2026-04-17,17:00,152,Acessório Básica,Acessório,Verde,GG,3,238.11,0.0,714.33,Cartão de Débito,Online,265.0,16
2558,2026-07-05,13:00,36,Vestido Social,Vestido,Azul,P,1,348.35,34.84,313.51,cartão de débito,Online,565.0,19
2559,2026-08-15,10:45  ,90,Blusa Premium,Blusa,Branca,G,4,177.57,0.0,710.28,Cartão de Débito,Online,292.0,16
2560,2026-09-19,11:00,71,Camiseta Esporte,Camiseta,Cinza,GG,2,252.73,0.0,505.46,cartao credito,Online,48.0,9
2561,2026-08-23,15:00,93,Blusa Social,Blusa,Vermelha,GG,2,327.13,0.0,654.26,PIX,Física,581.0,18
2562,2026-06-22,16:15,9,Jaqueta Social,Jaqueta,Rosa,G,4,97.54,39.02,351.14,PIX,Online,392.0,15
2563,2026-03-13,14:00,159,Acessório Slim,Acessório,Azul,G,2,201.01,0.0,402.02,Cartão de Débito,Online,416.0,1
2564,2026-08-12,10:00,14,Bermuda Social,Bermuda,Branca,P,3,125.8,18.87,358.53,PIX,Online,334.0,21
2565,25-08-2026,16:45,128,Bermuda Básica,Bermuda,Preta,GG,4,193.28,0.0,773.12,Cartão de Débito,Online,549.0,15
2566,2026-05-14,13:30,51,Jaqueta Slim,Jaqueta,Verde,M,1,118.56,17.78,100.78,Cartão de Crédito,Física,134.0,1
2567,2026-07-21,20:00,158,Blusa Social,Blusa,Rosa,M,3,185.68,27.85,529.19,Cartão de Crédito,Física,586.0,3
2568,2026-06-27,14:00,70,Blusa Slim,Blusa,Verde,GG,1,203.23,20.32,182.91,Dinheiro,Física,387.0,17
2569,2026-03-07,15:45,51,Jaqueta Slim,Jaqueta,Verde,M,1,118.56,0.0,118.56,Cartão de Débito,Online,172.0,21
2570,2026-07-08,12:45,11,Calça Básica,Calça,Vermelha,G,1,297.24,14.86,282.38,Cartão de Crédito,Física,490.0,22
2571,2026-05-18,17:30,68,Jaqueta Premium,Jaqueta,Vermelha,G,4,65.29,13.06,248.1,Crediário,Física,28291.0,15
2572,2026-07-28,09:00,52,Vestido Casual,Vestido,Rosa,GG,1,235.08,0.0,235.08,Cartão de Crédito,Física,407.0,7
2573,2026-09-07,11:15,19,Blusa Casual,Blusa,Preta,M,2,212.08,21.21,402.95,Cartão de Débito,Física,42.0,23
2574,11-05-2026,16:00,103,Jaqueta Social,Jaqueta,Verde,G,2,239.05,0.0,478.1,Cartão de Crédito,Online,480.0,3
2575,2026-06-04,12:15,150,Blusa Esporte,Blusa,Vermelha,M,4,241.11,96.44,868.0,Cartão de Crédito,Online,193.0,23
2576,2026-05-30,11:15,112,Calça Básica,Calça,Azul,M,2,318.38,0.0,636.76,Dinheiro,Online,567.0,1
2577,2026-08-29,20:30,67,Bermuda Básica,Bermuda,Cinza,P,4,318.87,0.0,1275.48,PIX,Online,349.0,12
2578,2026-03-12,17:30,65,Jaqueta Social,Jaqueta,Cinza,GG,1,77.68,0.0,77.68,Cartão de Crédito,Online,116.0,19
2579,2026-06-26,17:00,96,Bermuda Casual,Bermuda,Branca,M,2,123.65,0.0,247.3,PIX,Física,457.0,11
2580,2026-04-28,11:00,100,Vestido Casual,Vestido,Preta,M,3,76.04,0.0,228.12,Cartão de Débito,Online,236.0,10
2581,2026-05-16,11:00,140,Acessório Premium,Acessório,Rosa,G,3,155.17,46.55,418.96,Cartão de Débito,Física,360.0,4
2582,2026-03-22,15:00,161,Vestido X,Vestido,Azul,G,1,67.98,0.0,67.98,Dinheiro,Online,561.0,22
2583,2026-04-29,16:30,59,Acessório X,Acessório,Azul,G,3,137.62,20.64,392.22,Cartão de Crédito,Física,349.0,6
2584,2026-07-05,10:00,108,Bermuda Social,Bermuda,Vermelha,P,2,179.79,0.0,359.58,Pix,Física,28.0,24
2585,2026-08-19,15:00,108,Bermuda Social,Bermuda,Vermelha,P,3,179.79,0.0,539.37,PIX,Física,2.0,12
2586,2026-04-02,13:30,177,Bermuda Básica,Bermuda,Branca,G,2,113.66,22.73,204.59,Cartão de Crédito,Online,,25
2587,2026-09-24,10:30,76,Bermuda Premium,Bermuda,Vermelha,M,2,45.34,9.07,81.61,Cartão de Crédito,Online,230.0,12
2588,2026-03-30,09:45,145,Bermuda Esporte,Bermuda,Cinza,G,3,144.91,43.47,391.26,Cartão de Crédito,Física,284.0,9
2589,2026-03-13,15:45,82,Vestido Slim,Vestido,Vermelha,P,4,342.99,68.6,1303.36,Dinheiro,Física,115.0,14
2590,2026-05-20,16:00,57,Jaqueta Básica,Jaqueta,Verde,GG,2,111.2,0.0,222.4,Cartão de Crédito,Física,,22
2591,2026-08-05,10:15  ,1,Acessório Premium,Acessório,Verde,G,1,129.26,12.93,"116,33",PIX,Física,577.0,16
2592,2026-03-05,09:45,153,Vestido Básica,Vestido,Preta,G,1,129.37,0.0,129.37,PIX,Online,404.0,25
2593,2026-04-11,17:15,156,Jaqueta Básica,Jaqueta,Branca,G,3,292.56,43.88,833.8,Crediário,Online,482.0,24
2594,2026-04-02,10:15,16,Acessório Casual,Acessório,Verde,GG,2,160.59,0.0,321.18,PIX,Física,309.0,22
2595,11/09/26,16:45,135,Camiseta Slim,Camiseta,Preta,GG,3,333.31,0.0,999.93,Cartão de Crédito,Física,126.0,2
2596,2026-09-13,18:45,163,Jaqueta Básica,Jaqueta,Branca,M,1,212.45,10.62,201.83,Cartão de Crédito,Online,574.0,24
2597,2026-03-23,20:45,29,Blusa Esporte,Blusa,Branca,M,4,318.44,191.06,1082.7,Crediário,Online,504.0,19
2598,2026-08-15,15:15,15,Blusa Social,Blusa,Azul,M,3,303.57,45.54,865.17,Cartão de Crédito,Física,367.0,5
2599,2026-04-24,12:15,66,Bermuda X,Bermuda,Branca,G,3,98.66,0.0,295.98,Cartão de Débito,Física,581.0,24
2600,2026-05-28,18:00,74,Acessório Social,Acessório,Preta,GG,1,90.99,0.0,90.99,Cartão de Débito,Online,197.0,1
2601,2026-06-23,13:30,46,Acessório X,Acessório,Cinza,M,2,184.96,55.49,314.43,PIX,Física,122.0,21
2602,2026-06-28,11:45,125,Vestido Esporte,Vestido,Vermelha,P,1,67.79,0.0,67.79,Crediário,Online,119.0,12
2603,2026-04-27,12:45,34,Acessório Slim,Acessório,Azul,M,3,220.29,0.0,660.87,Dinheiro,Física,75.0,2
2604,2026-05-10,13:15,68,Jaqueta Premium,Jaqueta,Vermelha,G,3,65.29,0.0,"195,87",PIX,Física,64.0,24
2605,2026-04-20,18:30,150,Blusa Esporte,Blusa,Vermelha,M,1,241.11,12.06,229.05,Dinheiro,Física,,25
2606,2026-06-25,13:45,37,Bermuda Básica,Bermuda,Branca,M,4,197.74,0.0,790.96,Crediário,Física,476.0,21
2607,2026-07-03,10:45,102,Bermuda X,Bermuda,Azul,G,2,181.84,36.37,327.31,Dinheiro,Online,397.0,11
2608,2026-04-27,18:45,28,Camiseta Social,Camiseta,Rosa,GG,1,276.72,41.51,235.21,Cartão de Crédito,Online,501.0,6
2609,05/04/2026,13:00,109,Camiseta Básica,Camiseta,Cinza,P,2,128.12,0.0,256.24,Cartão de Débito,Online,422.0,15
2610,2026-04-29,10:00,168,Vestido Casual,Vestido,Azul,M,3,255.66,0.0,766.98,PIX,Online,206.0,10
2611,2026-03-14,15:00,60,Acessório Esporte,Acessório,Azul,G,3,112.08,50.44,285.8,Cartão de Débito,Online,59.0,22
2612,2026-03-28,11:15,96,Bermuda Casual,Bermuda,Branca,M,2,123.65,0.0,247.3,Dinheiro,Física,504.0,6
2613,2026-07-29,09:15,21,Jaqueta Casual,Jaqueta,Cinza,G,1,186.68,0.0,186.68,Cartão de Débito,Física,456.0,4
2614,2026-05-17,12:30,154,Acessório Esporte,Acessório,Azul,M,1,140.03,0.0,140.03,Cartão de Débito,Online,141.0,24
2615,2026-09-05,09:45,20,Calça X,Calça,Vermelha,P,4,211.81,0.0,847.24,PIX,Física,316.0,2
2616,2026-08-29,11:00,87,Camiseta Casual,Camiseta,Rosa,G,3,25.88,11.65,65.99,Cartão de Crédito,Física,335.0,16
2617,2026-08-05, 15:15,32,Bermuda Premium,Bermuda,Azul,GG,3,298.98,134.54,762.4,Cartão de Débito,Online,31.0,6
2618,2026-03-21,11:45,63,Calça Premium,Calça,Vermelha,G,2,277.67,0.0,555.34,Cartão de Crédito,Online,198.0,18
2619,2026-04-17,10:15,79,Camiseta X,Camiseta,Cinza,G,2,76.54,7.65,145.43,Cartão De Crédito,Online,356.0,3
2620,2026-03-10,18:45,3,Camiseta Social,Camiseta,Branca,GG,1,48.72,0.0,48.72,Cartão de Débito,Online,523.0,10
2621,2026-03-16,12:45,3,Camiseta Social,Camiseta,Branca,GG,1,48.72,0.0,48.72,Crediário,Física,85.0,10
2622,2026-06-27,17:30,123,Blusa Esporte,Blusa,Rosa,P,1,261.56,0.0,261.56,PIX,Online,106.0,23
2623,2026-03-29,17:00,106,Vestido Premium,Vestido,Cinza,G,4,201.43,80.57,"R$ 725,15",Cartão de Crédito,Física,458.0,7
2624,2026-08-01,20:15,177,Bermuda Básica,Bermuda,Branca,G,3,113.66,51.15,289.83,Dinheiro,Física,17.0,22
2625,2026-07-19,09:00,101,Vestido Social,Vestido,Vermelha,GG,4,158.47,0.0,633.88,Cartão de Crédito,Online,30.0,1
2626,2026-05-06,19:30,53,Camiseta Básica,Camiseta,Branca,P,2,204.54,0.0,409.08,Cartão de Débito,Física,337.0,24
2627,2026-04-29,16:45,47,Vestido Premium,Vestido,Cinza,G,4,115.65,0.0,462.6,Cartão de Débito,Online,380.0,1
2628,2026-08-20,16:30,68,Jaqueta Premium,Jaqueta,Vermelha,G,3,65.29,29.38,166.49,Cartão de Débito,Física,540.0,7
2629,2026-03-11,14:30,145,Bermuda Esporte,Bermuda,Cinza,G,1,144.91,0.0,144.91,Dinheiro,Física,,7
2630,2026-07-10,16:15,84,Jaqueta Básica,Jaqueta,Verde,P,2,313.9,0.0,627.8,PIX,Online,319.0,12
2631,2026-04-22,10:00,57,Jaqueta Básica,Jaqueta,Verde,GG,3,111.2,0.0,333.6,PIX,Física,267.0,5
2632,2026-07-29,16:15,164,Blusa X,Blusa,Cinza,G,4,193.36,0.0,773.44,Cartão de Débito,Online,434.0,7
2633,2026-04-14,09:30,130,Blusa Esporte,Blusa,Verde,GG,1,154.8,0.0,"154,80",PIX,Online,46.0,20
2634,2026-03-30,11:30,127,Vestido Social,Vestido,Rosa,G,3,72.5,0.0,217.5,Cartão de Débito,Física,288.0,20
2635,2026-09-16,09:15,114,Jaqueta Esporte,Jaqueta,Verde,P,2,60.77,6.08,115.46,Cartão de Crédito,Online,144.0,18
2636,2026-07-22,13:30,39,Calça Social,Calça,Vermelha,GG,3,327.41,0.0,982.23,Crediário,Física,351.0,5
2637,2026-04-01,11:45,81,Calça Social,Calça,Cinza,P,4,125.82,0.0,503.28,Cartão de Crédito,Física,421.0,15
2638,2026-03-15,18:00,133,Calça Social,Calça,Rosa,G,1,39.8,3.98,35.82,Crediário,Online,23.0,9
2639,2026-09-01,19:30  ,176,Camiseta Premium,Camiseta,Vermelha,GG,4,225.97,45.19,858.69,Cartão de Crédito,Online,302.0,18
2640,2026-09-01,19:00,4,Jaqueta Básica,Jaqueta,Vermelha,M,2,148.57,0.0,"R$ 297,14",Cartão de Débito,Física,387.0,13
2641,2026-07-04, 19:15 ,171,Acessório X,Acessório,Verde,G,3,85.73,25.72,231.47,Cartão de Débito,Online,531.0,11
2642,2026-07-13,10:00,82,Vestido Slim,Vestido,Vermelha,P,4,342.99,68.6,1303.36,PIX,Online,100.0,20
2643,2026-06-24,19:45,108,Bermuda Social,Bermuda,Vermelha,P,4,179.79,71.92,647.24,Cartão de Crédito,Física,515.0,2
2644,2026-09-13,09:00,143,Acessório Premium,Acessório,Rosa,M,4,297.19,0.0,1188.76,Cartão de Crédito,Física,401.0,17
2645,2026-06-05,19:15,80,Jaqueta Casual,Jaqueta,Cinza,P,4,258.13,103.25,929.27,Cartão de Crédito,Online,112.0,3
2646,2026-03-21,19:00,28,Camiseta Social,Camiseta,Rosa,GG,1,276.72,27.67,249.05,Dinheiro,Online,276.0,23
2647,2026-06-02,15:45,101,Vestido Social,Vestido,Vermelha,GG,1,158.47,0.0,158.47,Cartão de Crédito,Física,111.0,17
2648,2026-04-16,10:45,57,Jaqueta Básica,Jaqueta,Verde,GG,2,111.2,33.36,189.04,Dinheiro,Física,325.0,7
2649,2026-04-09,12:45,167,Acessório Casual,Acessório,Preta,P,4,326.38,65.28,1240.24,PIX,Física,240.0,19
2650,2026-05-13,19:15,87,Camiseta Casual,Camiseta,Rosa,G,3,25.88,0.0,77.64,Cartão de Débito,Física,568.0,18
2651,2026-05-18,13:00,26,Bermuda Slim,Bermuda,Branca,P,4,207.97,0.0,831.88,Crediário,Online,420.0,16
2652,2026-03-07,20:15,180,Acessório X,Acessório,Cinza,G,2,73.69,0.0,147.38,Cartão de Débito,Online,305.0,7
2653,2026-03-17,19:00,95,Bermuda Básica,Bermuda,Verde,P,2,40.47,4.05,76.89,Cartão de Crédito,Online,541.0,13
2654,2026-06-14,15:15,80,Jaqueta Casual,Jaqueta,Cinza,P,3,258.13,0.0,774.39,Cartão de Débito,Física,214.0,13
2655,2026-08-25,14:15,108,Bermuda Social,Bermuda,Vermelha,P,4,179.79,71.92,647.24,Crediário,Física,199.0,9
2656,2026-08-09,18:00,126,Vestido Slim,Vestido,Vermelha,M,4,262.43,0.0,"R$ 1.049,72",Cartão de Débito,Online,427.0,24
2657,2026-03-15,12:15,26,Bermuda Slim,Bermuda,Branca,P,2,207.97,20.8,395.14,Cartão de Débito,Online,431.0,25
2658,2026-08-05,10:45,117,Vestido Casual,Vestido,Azul,P,4,314.94,0.0,1259.76,Cartão de Crédito,Online,184.0,12
2659,21/07/26,17:15,59,Acessório X,Acessório,Azul,G,3,137.62,41.29,371.57,Cartão de Débito,Online,40.0,12
2660,2026-03-03,16:15,119,Vestido Básica,Vestido,Azul,P,1,51.47,0.0,51.47,Cartão de Débito,Física,18.0,11
2661,2026-08-15,18:00,71,Camiseta Esporte,Camiseta,Cinza,GG,2,252.73,0.0,505.46,Cartão de Crédito,Física,546.0,6
2662,2026-07-24,13:30,113,Blusa Social,Blusa,Rosa,P,3,270.36,121.66,"R$ 689,42",Dinheiro,Online,35.0,2
2663,2026-04-24,16:30,47,Vestido Premium,Vestido,Cinza,G,1,115.65,11.57,104.08,Cartão de Débito,Online,50.0,14
2664,2026-03-05,17:30,120,Vestido Premium,Vestido,Rosa,GG,1,304.25,0.0,304.25,Cartão de Crédito,Física,104.0,3
2665,2026-06-25,20:00,115,Jaqueta Social,Jaqueta,Preta,GG,4,278.18,111.27,1001.45,PIX,Online,464.0,4
2666,2026-09-05,19:15,152,Acessório Básica,Acessório,Verde,GG,4,238.11,0.0,952.44,Crediário,Online,363.0,5
2667,2026-03-28,10:45,80,Jaqueta Casual,Jaqueta,Cinza,P,1,258.13,12.91,245.22,Dinheiro,Física,313.0,19
2668,2026-05-09,09:45,61,Acessório Básica,Acessório,Rosa,M,2,281.06,0.0,562.12,Dinheiro,Online,33.0,20
2669,2026-06-22,21:00,14,Bermuda Social,Bermuda,Branca,P,1,125.8,0.0,125.8,Dinheiro,Online,584.0,17
2670,2026-08-04,15:00  ,154,Acessório Esporte,Acessório,Azul,M,3,140.03,0.0,420.09,PIX,Online,280.0,24
2671,2026-08-03,15:30,86,Bermuda Casual,Bermuda,Branca,P,2,211.18,0.0,422.36,PIX,Física,446.0,1
2672,2026-07-24,19:15,99,Vestido Social,Vestido,Rosa,P,4,135.91,0.0,543.64,PIX,Física,46.0,16
2673,2026-05-27,21:30,22,Vestido Social,Vestido,Rosa,G,3,289.54,43.43,825.19,Dinheiro,Online,221.0,18
2674,2026-05-22,21:15,46,Acessório X,Acessório,Cinza,M,4,184.96,110.98,628.86,Cartão de Crédito,Online,435.0,4
2675,2026-07-31,19:15,8,Blusa Social,Blusa,Preta,M,2,290.68,0.0,581.36,Cartão de Débito,Online,,10
2676,2026-04-24,21:15,58,Acessório Básica,Acessório,Cinza,P,4,304.84,0.0,"R$ 1.219,36",Cartão de Débito,Online,112.0,8
2677,2026-09-07,15:30,131,Vestido Básica,Vestido,Vermelha,M,1,38.91,5.84,33.07,Crediário,Física,21.0,4
2678,2026-05-20,13:45,66,Bermuda X,Bermuda,Branca,G,1,98.66,4.93,93.73,PIX,Online,188.0,23
2679,2026-05-10,09:15,77,Vestido X,Vestido,Rosa,G,4,195.59,0.0,782.36,Cartão de Débito,Física,520.0,15
2680,2026-08-05,12:15,144,Calça Social,Calça,Cinza,GG,4,200.29,0.0,801.16,DINHEIRO,Online,547.0,20
2681,2026-05-30,16:45,81,Calça Social,Calça,Cinza,P,4,125.82,25.16,478.12,Cartão de Débito,Física,433.0,22
2682,2026-03-14,13:00,88,Camiseta Básica,Camiseta,Branca,GG,4,270.48,0.0,1081.92,Cartão de Crédito,Online,85.0,13
2683,2026-03-14,18:30,39,Calça Social,Calça,Vermelha,GG,4,327.41,0.0,1309.64,Cartão de Crédito,Física,87.0,6
2684,2026-06-10,12:30,46,Acessório X,Acessório,Cinza,M,3,184.96,83.23,471.65,Crediário,Física,496.0,10
2685,2026-08-07,16:15,164,Blusa X,Blusa,Cinza,G,2,193.36,0.0,386.72,Crediário,Online,172.0,7
2686,2026-06-08,09:15,180,Acessório X,Acessório,Cinza,G,3,73.69,0.0,221.07,Cartão de Crédito,Online,,22
2687,2026-06-26,13:30,88,Camiseta Básica,Camiseta,Branca,GG,1,270.48,13.52,256.96,Cartão de Débito,Física,40.0,7
2688,2026-08-14,13:15,10,Jaqueta Casual,Jaqueta,Cinza,GG,2,338.29,0.0,676.58,PIX,Física,592.0,11
2689,2026-06-23,19:45,24,Blusa X,Blusa,Cinza,GG,4,80.81,0.0,323.24,PIX,Física,82.0,19
2690,2026-08-24,19:45,161,Vestido X,Vestido,Azul,G,4,67.98,0.0,271.92,PIX,Online,79.0,13
2691,2026-04-09,20:45,79,Camiseta X,Camiseta,Cinza,G,2,76.54,260.7244453952128,137.77,PIX,Online,463.0,13
2692,2026-05-23,13:30,95,Bermuda Básica,Bermuda,Verde,P,2,40.47,4.05,76.89,Cartão de Crédito,Física,48.0,21
2693,2026-03-21,14:15,15,Blusa Social,Blusa,Azul,M,4,303.57,0.0,1214.28,Cartão de Débito,Física,30.0,3
2694,2026-07-30,15:00,145,Bermuda Esporte,Bermuda,Cinza,G,3,144.91,43.47,391.26,Cartão de Débito,Online,213.0,25
2695,2026-05-31,14:30,130,Blusa Esporte,Blusa,Verde,GG,3,154.8,0.0,464.4,PIX,Online,70.0,1
2696,2026-04-03, 14:30,121,Vestido Casual,Vestido,Verde,G,4,101.83,0.0,407.32,PIX,Online,564.0,18
2697,2026-03-05,17:00,31,Vestido Slim,Vestido,Azul,P,2,35.57,7.11,64.03,Cartão de Crédito,Física,110.0,4
2698,2026-06-22,21:30,88,Camiseta Básica,Camiseta,Branca,GG,4,270.48,162.29,919.63,Cartão de Débito,Online,447.0,8
2699,2026-09-04,12:30,77,Vestido X,Vestido,Rosa,G,3,195.59,0.0,586.77,PIX,Online,559.0,2
2700,2026-03-29,16:00,153,Vestido Básica,Vestido,Preta,G,3,129.37,0.0,388.11,Cartão de Crédito,Física,52.0,7
2701,2026-05-07,20:00,100,Vestido Casual,Vestido,Preta,M,2,76.04,7.6,144.48,PIX,Online,172.0,9
2702,2026-03-09,13:45,95,Bermuda Básica,Bermuda,Verde,P,2,40.47,8.09,72.85,Cartão de Débito,Física,518.0,12
2703,2026-03-28,19:00,180,Acessório X,Acessório,Cinza,G,4,73.69,0.0,294.76,CARTÃO DE CRÉDITO,Física,439.0,15
2704,11-06-2026,20:30,52,Vestido Casual,Vestido,Rosa,GG,1,235.08,422.6434665755453,223.33,Cartão de Débito,Física,345.0,4
2705,2026-07-31,21:45,152,Acessório Básica,Acessório,Verde,GG,4,238.11,47.62,904.82,Cartão de Crédito,Online,502.0,20
2706,2026-04-09,19:15,108,Bermuda Social,Bermuda,Vermelha,P,3,179.79,80.91,458.46,Cartão de Débito,Física,234.0,15
2707,21-05-2026,19:00,111,Acessório Esporte,Acessório,Rosa,M,2,333.04,33.3,632.78,Cartão de Débito,Online,50.0,20
2708,2026-05-22,21:15,136,Blusa Social,Blusa,Azul,P,1,114.45,5.72,108.73,Dinheiro,Física,554.0,23
2709,2026-07-03,17:30,152,Acessório Básica,Acessório,Verde,GG,4,238.11,0.0,952.44,Cartão de Crédito,Física,212.0,22
2710,2026-09-21,14:30,142,Acessório Básica,Acessório,Cinza,G,1,333.62,0.0,333.62,PIX,Física,176.0,15
2711,2026-03-03,20:15,139,Acessório Slim,Acessório,Branca,P,2,227.76,22.78,432.74,PIX,Física,503.0,16
2712,2026-05-23,11:45,175,Calça Social,Calça,Rosa,P,3,90.45,40.7,230.65,Pix,Online,182.0,14
2713,2026-04-04,14:45,52,Vestido Casual,Vestido,Rosa,GG,2,235.08,47.02,423.14,Dinheiro,Física,45.0,2
2714,2026-04-22,18:00,16,Acessório Casual,Acessório,Verde,GG,1,160.59,16.06,144.53,PIX,Física,,6
2715,2026-07-30,18:00,141,Acessório Slim,Acessório,Rosa,G,1,250.39,0.0,250.39,Cartão De Crédito,Física,113.0,16
2716,2026-08-06,18:15,18,Vestido Premium,Vestido,Vermelha,P,1,221.89,33.28,188.61,Cartão de Crédito,Online,,15
2717,2026-06-21,11:00,83,Camiseta Básica,Camiseta,Rosa,M,2,221.65,0.0,443.3,Cartão de Crédito,Online,216.0,25
2718,2026-06-03,14:45,113,Blusa Social,Blusa,Rosa,P,3,270.36,0.0,811.08,PIX,Física,73.0,4
2719,2026-08-18,18:30,167,Acessório Casual,Acessório,Preta,P,1,326.38,16.32,310.06,Cartão de Débito,Online,571.0,10
2720,2026-09-12,09:45,80,Jaqueta Casual,Jaqueta,Cinza,P,1,258.13,25.81,232.32,Dinheiro,Física,348.0,11
2721,2026-07-14,14:00,78,Blusa Casual,Blusa,Cinza,M,2,332.45,99.74,565.16,Cartão de Débito,Física,279.0,10
2722,2026-03-20,19:45,165,Blusa Casual,Blusa,Rosa,GG,2,156.99,0.0,313.98,Cartão de Débito,Física,574.0,14
2723,2026-03-31,14:00,99,Vestido Social,Vestido,Rosa,P,3,135.91,0.0,407.73,Cartão de Débito,Online,548.0,11
2724,2026-04-05,18:00,42,Bermuda Casual,Bermuda,Branca,P,2,336.75,0.0,673.5,Cartão de Débito,Online,562.0,24
2725,2026-04-23,11:15,32,Bermuda Premium,Bermuda,Azul,GG,2,298.98,29.9,568.06,Cartão de Crédito,Física,542.0,18
2726,2026-09-19,13:15,117,Vestido Casual,Vestido,Azul,P,1,314.94,47.24,267.7,PIX,Online,329.0,25
2727,2026-04-27,19:45,88,Camiseta Básica,Camiseta,Branca,GG,4,270.48,0.0,1081.92,Cartão de Crédito,Física,453.0,19
2728,2026-07-15,20:45,63575,Calça Social,Calça,Cinza,P,4,125.82,0.0,503.28,Cartão de Débito,Física,,12
2729,2026-05-12,18:00,143,Acessório Premium,Acessório,Rosa,M,2,297.19,0.0,594.38,Dinheiro,Física,442.0,20
2730,23/07/2026,14:45,70826,Vestido Slim,Vestido,Verde,P,3,221.73,0.0,665.19,Cartão de Débito,Online,101.0,9
2731,2026-04-06,13:15,168,Vestido Casual,Vestido,Azul,M,2,255.66,0.0,511.32,PIX,Online,452.0,11
2732,2026-06-23,14:30,152,Acessório Básica,Acessório,Verde,GG,4,238.11,0.0,952.44,PIX,Online,254.0,15
2733,2026-09-09,21:30,18,Vestido Premium,Vestido,Vermelha,P,4,221.89,88.76,798.8,Cartão de Crédito,Física,578.0,21
2734,2026-08-07,11:15,72,Blusa Premium,Blusa,Verde,GG,2,252.12,0.0,504.24,Cartão de Crédito,Online,429.0,16
2735,2026-09-19,10:30,81,Calça Social,Calça,Cinza,P,1,125.82,12.58,113.24,Cartão de Débito,Online,257.0,18
2736,28/03/2026,16:00,180,Acessório X,Acessório,Cinza,G,1,73.69,0.0,73.69,Dinheiro,Online,335.0,11
2737,2026-04-21,16:00,65,Jaqueta Social,Jaqueta,Cinza,GG,4,77.68,0.0,310.72,PIX,Física,589.0,19
2738,2026-06-14,11:30,53,Camiseta Básica,Camiseta,Branca,P,3,204.54,0.0,613.62,PIX,Física,,15
2739,2026-04-18,20:45,76,Bermuda Premium,Bermuda,Vermelha,M,1,45.34,0.0,45.34,Cartão de Débito,Física,532.0,4
2740,2026-09-15,17:45,2,Camiseta Básica,Camiseta,Cinza,P,4,57.67,0.0,230.68,Cartão de Crédito,Online,184.0,14
2741,2026-09-20, 17:15 ,42,Bermuda Casual,Bermuda,Branca,P,4,336.75,134.7,"R$ 1.212,30",Cartão de Débito,Física,320.0,6
2742,2026-09-09,16:00,47,Vestido Premium,Vestido,Cinza,G,3,115.65,0.0,346.95,Cartão de Débito,Online,284.0,14
2743,2026-09-08,20:15,86,Bermuda Casual,Bermuda,Branca,P,1,211.18,10.56,200.62,Cartão de Débito,Online,32.0,7
2744,2026-05-01,12:30,156,Jaqueta Básica,Jaqueta,Branca,G,3,292.56,0.0,877.68,PIX,Online,479.0,5
2745,17-06-2026,17:00,70,Blusa Slim,Blusa,Verde,GG,2,203.23,60.97,345.49,Cartão de Crédito,Online,501.0,6
2746,2026-03-31,17:30,98,Vestido Social,Vestido,Branca,G,3,290.16,130.57,739.91,Cartão de Débito,Física,563.0,19
2747,2026-03-30,11:15,34,Acessório Slim,Acessório,Azul,M,2,220.29,22.03,418.55,PIX,Física,161.0,6
2748,2026-06-14,14:15,177,Bermuda Básica,Bermuda,Branca,G,2,113.66,34.1,193.22,Dinheiro,Física,484.0,10
2749,2026-03-18,17:15,148,Acessório Premium,Acessório,Vermelha,GG,1,36.52,3.65,32.87,Cartão de Crédito,Física,,20
2750,2026-07-21,10:45,149,Calça Premium,Calça,Vermelha,P,4,296.39,0.0,1185.56,PIX,Física,113.0,8
2751,2026-04-26,21:15,81,Calça Social,Calça,Cinza,P,2,125.82,0.0,251.64,Cartão de Crédito,Online,49.0,5
2752,2026-07-06,16:45,106,Vestido Premium,Vestido,Cinza,G,3,201.43,60.43,543.86,Dinheiro,Online,144.0,21
2753,2026-05-27,16:00,46257,Jaqueta Social,Jaqueta,Preta,GG,2,278.18,83.45,"R$ 472,91",pix,Física,27.0,12
2754,2026-06-09,11:45,134,Calça Slim,Calça,Rosa,P,3,297.88,0.0,893.64,Dinheiro,Online,199.0,1
2755,2026-05-02,19:00,116,Blusa Casual,Blusa,Azul,G,1,332.71,49.91,282.8,Cartão de Débito,Física,30.0,21
2756,2026-08-24,14:00,25,Blusa Social,Blusa,Rosa,M,1,285.55,0.0,"285,55",Cartão de Débito,Online,,19
2757,2026-05-10,09:15,173,Jaqueta Casual,Jaqueta,Cinza,GG,1,328.02,32.8,295.22,Cartão de Crédito,Online,91.0,23
2758,24/05/2026,11:00,163,Jaqueta Básica,Jaqueta,Branca,M,4,212.45,127.47,722.33,PIX,Física,,11
2759,2026-09-09,14:00,113,Blusa Social,Blusa,Rosa,P,2,270.36,0.0,540.72,Cartão de Débito,Física,64.0,10
2760,2026-08-16,13:45,66,Bermuda X,Bermuda,Branca,G,4,98.66,59.2,335.44,Cartão de Crédito,Online,465.0,21
2761,2026-07-14,21:00,60,Acessório Esporte,Acessório,Azul,G,1,112.08,0.0,112.08,PIX,Física,453.0,10
2762,2026-06-01,11:15,19,Blusa Casual,Blusa,Preta,M,2,212.08,21.21,"R$ 402,95",PIX,Física,560.0,7
2763,2026-09-06,16:45,48,Camiseta Esporte,Camiseta,Preta,G,3,170.37,0.0,511.11,Cartão de Crédito,Online,590.0,23
2764,2026-09-22, 20:45,170,Blusa Premium,Blusa,Azul,G,2,154.9,0.0,309.8,PIX,Física,583.0,21
2765,2026-05-20,17:15,162,Blusa Premium,Blusa,Branca,M,1,219.23,21.92,197.31,CARTÃO DE CRÉDITO,Online,430.0,1
2766,2026-07-13,20:15,141,Acessório Slim,Acessório,Rosa,G,3,250.39,0.0,751.17,Cartão de Crédito,Física,307.0,13
2767,2026-07-24,20:30,170,Blusa Premium,Blusa,Azul,G,2,154.9,0.0,309.8,PIX,Online,266.0,17
2768,2026-03-07,18:00,73,Vestido Social,Vestido,Preta,P,1,83.59,12.54,71.05,Cartão de Débito,Online,156.0,11
2769,2026-04-07,13:45,145,Bermuda Esporte,Bermuda,Cinza,G,3,144.91,43.47,391.26,PIX,Online,515.0,25
2770,14/07/26,16:30,39,Calça Social,Calça,Vermelha,GG,4,327.41,65.48,1244.16,Dinheiro,Online,441.0,3
2771,2026-09-22,15:30,87,Camiseta Casual,Camiseta,Rosa,G,3,25.88,0.0,77.64,Cartão de Crédito,Online,574.0,8
2772,2026-09-22,14:45,50,Blusa Esporte,Blusa,Vermelha,GG,3,189.51,85.28,483.25,Cartão de Crédito,Online,450.0,5
2773,2026-09-16,15:00,56,Bermuda Casual,Bermuda,Verde,P,4,269.73,0.0,1078.92,PIX,Online,568.0,2
2774,2026-03-29,21:45,77,Vestido X,Vestido,Rosa,G,3,195.59,0.0,586.77,Cartão de Débito,Física,318.0,4
2775,2026-09-07,09:45,113,Blusa Social,Blusa,Rosa,P,1,270.36,0.0,270.36,Cartão de Débito,Online,531.0,8
2776,2026-03-29, 15:00 ,59,Acessório X,Acessório,Azul,G,2,137.62,0.0,275.24,Crediário,Física,336.0,24
2777,2026-03-04,11:15,61,Acessório Básica,Acessório,Rosa,M,1,281.06,0.0,281.06,Cartão de Débito,Física,297.0,7
2778,2026-06-12,10:00,88,Camiseta Básica,Camiseta,Branca,GG,2,270.48,54.1,486.86,Cartão de Crédito,Online,25.0,23
2779,2026-07-16,15:00,2,Camiseta Básica,Camiseta,Cinza,P,3,57.67,25.95,147.06,Cartão de Débito,Online,158.0,21
2780,2026-09-02,10:15,139,Acessório Slim,Acessório,Branca,P,4,227.76,45.55,865.49,Cartão de Crédito,Física,78.0,9
2781,2026-08-31,17:00,61,Acessório Básica,Acessório,Rosa,M,1,281.06,28.11,252.95,Crediário,Física,299.0,23
2782,2026-08-09,17:15,166,Vestido Premium,Vestido,Vermelha,GG,2,194.42,0.0,388.84,Dinheiro,Física,215.0,2
2783,2026-03-15,14:00,46,Acessório X,Acessório,Cinza,M,1,184.96,0.0,184.96,PIX,Física,195.0,12
2784,2026-08-27,15:00,158,Blusa Social,Blusa,Rosa,M,3,185.68,55.7,"501,34",Cartão de Crédito,Física,16.0,20
2785,2026-05-08,13:30,25,Blusa Social,Blusa,Rosa,M,2,285.55,0.0,571.1,Cartão de Débito,Online,292.0,9
2786,2026-04-12,20:15,78,Blusa Casual,Blusa,Cinza,M,2,332.45,0.0,664.9,Cartão de Débito,Online,439.0,25
2787,15-07-2026,13:15,172,Camiseta Social,Camiseta,Rosa,G,3,281.43,84.43,759.86,PIX,Física,168.0,16
2788,2026-04-05,16:00,134,Calça Slim,Calça,Rosa,P,2,297.88,0.0,595.76,Cartão de Débito,Online,388.0,10
2789,2026-04-29,11:00,66,Bermuda X,Bermuda,Branca,G,4,98.66,0.0,394.64,PIX,Online,276.0,2
2790,2026-03-07,15:45,52,Vestido Casual,Vestido,Rosa,GG,4,235.08,0.0,940.32,Cartão de Crédito,Online,96.0,24
2791,2026-06-27,20:15,101,Vestido Social,Vestido,Vermelha,GG,1,158.47,15.85,142.62,Cartão de Débito,Física,433.0,6
2792,2026-06-26,13:30,73,Vestido Social,Vestido,Preta,P,3,83.59,0.0,250.77,PIX,Online,112.0,13
2793,2026-07-04,12:00,126,Vestido Slim,Vestido,Vermelha,M,4,262.43,104.97,944.75,Cartão de Débito,Online,191.0,1
2794,2026-06-29,16:45,50,Blusa Esporte,Blusa,Vermelha,GG,1,189.51,0.0,189.51,PIX,Física,58.0,7
2795,2026-06-16,18:15,88,Camiseta Básica,Camiseta,Branca,GG,2,270.48,0.0,540.96,PIX,Online,286.0,2
2796,2026-07-24,14:45,179,Vestido Básica,Vestido,Azul,G,2,31.43,0.0,62.86,Cartão de Crédito,Física,575.0,9
2797,2026-05-05,14:00,71,Camiseta Esporte,Camiseta,Cinza,GG,4,252.73,0.0,1010.92,Dinheiro,Física,154.0,3
2798,2026-03-08,13:15,52,Vestido Casual,Vestido,Rosa,GG,1,235.08,23.51,211.57,PIX,Física,122.0,3
2799,2026-05-31,09:15,155,Bermuda X,Bermuda,Preta,M,4,134.96,80.98,458.86,Dinheiro,Física,153.0,16
2800,2026-03-23,16:00,148,Acessório Premium,Acessório,Vermelha,GG,4,36.52,14.61,131.47,PIX,Online,497.0,9
2801,2026-04-12,12:15,58,Acessório Básica,Acessório,Cinza,P,2,304.84,0.0,609.68,Cartão de Débito,Online,473.0,9
2802,2026-06-03,21:15,142,Acessório Básica,Acessório,Cinza,G,2,333.62,66.72,600.52,Cartão de Crédito,Física,251.0,25
2803,2026-07-20, 13:30 ,132,Acessório Básica,Acessório,Branca,P,2,296.32,0.0,592.64,Crediário,Online,156.0,19
2804,2026-08-26,16:00,82,Vestido Slim,Vestido,Vermelha,P,2,342.99,102.9,583.08,Cartão de Débito,Online,221.0,8
2805,2026-07-05,20:45,94,Acessório Casual,Acessório,Verde,M,2,202.82,40.56,"365,08",Cartão de Crédito,Online,383.0,24
2806,2026-09-17,10:45,116,Blusa Casual,Blusa,Azul,G,3,332.71,49.91,"948,22",Cartão de Crédito,Física,290.0,3
2807,2026-07-08,20:00,79,Camiseta X,Camiseta,Cinza,G,-1,76.54,45.92,260.24,Cartão de Débito,Física,63.0,23
2808,2026-07-20,11:45,113,Blusa Social,Blusa,Rosa,P,1,270.36,0.0,270.36,Cartão de Crédito,Online,,13
2809,2026-05-16,12:00,103,Jaqueta Social,Jaqueta,Verde,G,4,239.05,0.0,956.2,Cartão de Crédito,Física,99.0,2
2810,2026-05-10,09:15,116,Blusa Casual,Blusa,Azul,G,3,332.71,0.0,998.13,PIX,Online,267.0,17
2811,2026-04-12,12:00,17,Acessório Casual,Acessório,Rosa,P,2,277.21,0.0,554.42,Crediário,Online,467.0,15
2812,2026-09-03,18:00,54,Calça Esporte,Calça,Verde,P,2,77.13,0.0,154.26,PIX,Física,323.0,6
2813,2026-06-26,10:45,19,Blusa Casual,Blusa,Preta,M,2,212.08,0.0,424.16,Cartão de Débito,Online,144.0,6
2814,2026-03-26, 10:15 ,43,Vestido Básica,Vestido,Rosa,G,2,212.4,0.0,424.8,Cartão de Crédito,Física,59.0,3
2815,2026-04-20,12:30,61,Acessório Básica,Acessório,Rosa,M,4,281.06,0.0,1124.24,Cartão de Débito,Física,565.0,3
2816,2026-03-10,20:15,170,Blusa Premium,Blusa,Azul,G,1,154.9,15.49,139.41,Cartão De Débito,Online,422.0,19
2817,2026-03-11,18:15,29,Blusa Esporte,Blusa,Branca,M,4,318.44,63.69,1210.07,Cartão de Débito,Física,16.0,3
2818,2026-08-03,20:15,144,Calça Social,Calça,Cinza,GG,2,200.29,20.03,380.55,PIX,Física,203.0,25
2819,2026-05-02,10:30,37,Bermuda Básica,Bermuda,Branca,M,1,197.74,9.89,187.85,Cartão de Débito,Física,488.0,16
2820,2026-06-08,21:45,64,Camiseta Básica,Camiseta,Rosa,M,3,108.86,0.0,326.58,Crediário,Física,464.0,1
2821,2026-06-07,11:15,150,Blusa Esporte,Blusa,Vermelha,M,4,241.11,48.22,"916,22",Crediário,Física,,3
2822,2026-05-03,20:15,161,Vestido X,Vestido,Azul,G,1,67.98,3.4,64.58,PIX,Online,,10
2823,2026-06-17,10:00,178,Calça Básica,Calça,Azul,GG,1,144.41,0.0,144.41,Cartão de Débito,Física,234.0,11
2824,2026-06-16,15:30,108,Bermuda Social,Bermuda,Vermelha,P,1,179.79,8.99,170.8,Cartão de Débito,Online,349.0,6
2825,2026-04-13,14:30,21,Jaqueta Casual,Jaqueta,Cinza,G,2,186.68,0.0,373.36,PIX,Online,484.0,20
2826,2026-09-15,16:45,36,Vestido Social,Vestido,Azul,P,4,348.35,69.67,1323.73,Cartão de Crédito,Online,437.0,16
2827,2026-05-19,20:45,149,Calça Premium,Calça,Vermelha,P,4,296.39,59.28,1126.28,PIX,Online,130.0,7
2828,2026-05-23,11:15,15,Blusa Social,Blusa,Azul,M,3,303.57,0.0,910.71,Cartão de Crédito,Física,150.0,23
2829,2026-08-28,18:00,99,Vestido Social,Vestido,Rosa,P,1,135.91,0.0,135.91,Dinheiro,Online,375.0,15
2830,2026-05-07,19:00,102,Bermuda X,Bermuda,Azul,G,2,181.84,0.0,363.68,Cartão de Crédito,Online,171.0,19
2831,2026-09-04,21:30,174,Jaqueta Casual,Jaqueta,Preta,GG,4,214.83,0.0,859.32,Crediário,Online,133.0,22
2832,2026-03-10,20:15,149,Calça Premium,Calça,Vermelha,P,1,296.39,14.82,281.57,PIX,Física,,13
2833,2026-06-01,14:45,138,Acessório Social,Acessório,Rosa,G,1,125.4,6.27,119.13,Cartão de Crédito,Online,43.0,3
2834,2026-07-08,10:00,35,Jaqueta Premium,Jaqueta,Preta,P,1,289.59,43.44,246.15,PIX,Física,370.0,4
2835,2026-06-20,15:45,133,Calça Social,Calça,Rosa,G,3,39.8,17.91,101.49,Cartão de Crédito,Online,479.0,24
2836,2026-09-25,13:00,137,Camiseta Esporte,Camiseta,Preta,M,2,149.09,0.0,"R$ 298,18",Cartão de Débito,Física,22.0,8
2837,2026-07-23,11:45,119,Vestido Básica,Vestido,Azul,P,2,51.47,0.0,102.94,Cartão de Débito,Física,226.0,5
2838,2026-09-11,11:45,129,Vestido X,Vestido,Branca,GG,4,295.38,59.08,1122.44,Cartão de Crédito,Online,206.0,12
2839,2026-09-18,21:00,88,Camiseta Básica,Camiseta,Branca,GG,1,270.48,27.05,243.43,Cartão de Crédito,Online,488.0,6
2840,05/09/2026,12:00,139,Acessório Slim,Acessório,Branca,P,4,227.76,0.0,911.04,Cartão de Crédito,Online,446.0,9
2841,09/06/2026,14:00,24,Blusa X,Blusa,Cinza,GG,3,80.81,36.36,206.07,Cartão de Crédito,Física,120.0,24
2842,2026-06-30,11:15,108,Bermuda Social,Bermuda,Vermelha,P,2,179.79,53.94,305.64,Cartão de Débito,Física,68.0,2
2843,2026-04-28,15:45,96,Bermuda Casual,Bermuda,Branca,M,4,123.65,74.19,420.41,PIX,Online,110.0,11
2844,2026-04-27,16:15,119,Vestido Básica,Vestido,Azul,P,4,51.47,0.0,205.88,Cartão de Débito,Online,533.0,10
2845,2026-07-07,19:15,150,Blusa Esporte,Blusa,Vermelha,M,2,241.11,0.0,482.22,PIX,Online,,12
2846,2026-05-06,13:15,40,Bermuda Esporte,Bermuda,Azul,G,2,78.7,7.87,149.53,Cartão de Crédito,Online,558.0,7
2847,2026-08-03,15:30,74,Acessório Social,Acessório,Preta,GG,1,90.99,0.0,90.99,Cartão de Crédito,Online,575.0,11
2848,2026-09-12,15:15,45,Blusa Social,Blusa,Cinza,G,4,158.82,95.29,539.99,PIX,Física,297.0,17
2849,2026-07-08,17:15,21,Jaqueta Casual,Jaqueta,Cinza,G,1,186.68,0.0,186.68,Crediário,Online,109.0,3
2850,2026-06-05,14:00,31,Vestido Slim,Vestido,Azul,P,1,35.57,0.0,35.57,PIX,Física,165.0,20
2851,2026-05-11,20:15,172,Camiseta Social,Camiseta,Rosa,G,4,281.43,112.57,1013.15,Cartão de Débito,Online,89.0,2
2852,2026-03-16,21:15,116,Blusa Casual,Blusa,Azul,G,2,332.71,0.0,665.42,cartão de débito,Online,550.0,12
2853,2026-09-13,11:15,118,Camiseta Esporte,Camiseta,Azul,M,1,214.08,0.0,214.08,Cartão de Crédito,Online,532.0,13
2854,2026-07-05,18:00,150,Blusa Esporte,Blusa,Vermelha,M,3,241.11,0.0,723.33,Cartão de Crédito,Online,413.0,22
2855,2026-05-06,10:00,4,Jaqueta Básica,Jaqueta,Vermelha,M,1,148.57,22.29,126.28,Cartão de Débito,Online,229.0,20
2856,2026-04-17,17:45,32,Bermuda Premium,Bermuda,Azul,GG,1,298.98,44.85,254.13,Dinheiro,Física,230.0,16
2857,2026-06-07,21:00,180,Acessório X,Acessório,Cinza,G,1,73.69,0.0,73.69,Dinheiro,Física,4.0,20
2858,2026-06-12,14:15,91,Camiseta Casual,Camiseta,Branca,P,2,29.36,0.0,58.72,PIX,Física,59.0,4
2859,2026-03-26,20:15,64,Camiseta Básica,Camiseta,Rosa,M,1,108.86,0.0,108.86,PIX,Online,397.0,24
2860,2026-09-05,19:30,85,Blusa Casual,Blusa,Vermelha,G,1,273.43,0.0,273.43,PIX,Online,254.0,24
2861,2026-06-06,18:15,150,Blusa Esporte,Blusa,Vermelha,M,4,241.11,0.0,964.44,Cartão de Crédito,Física,63.0,20
2862,2026-07-06,16:15,157,Blusa Social,Blusa,Rosa,GG,3,325.37,0.0,976.11,Dinheiro,Física,121.0,3
2863,2026-03-15,18:00,140,Acessório Premium,Acessório,Rosa,G,1,155.17,23.28,131.89,Cartão de Débito,Física,354.0,17
2864,2026-07-12,10:45,46,Acessório X,Acessório,Cinza,M,2,184.96,55.49,314.43,Cartão de Débito,Online,28.0,11
2865,2026-08-28,20:15,50,Blusa Esporte,Blusa,Vermelha,GG,1,189.51,18.95,170.56,PIX,Física,460.0,13
2866,2026-06-13,12:30,114,Jaqueta Esporte,Jaqueta,Verde,P,2,60.77,18.23,103.31,Cartão de Crédito,Física,38.0,1
2867,2026-08-09,21:15,141,Acessório Slim,Acessório,Rosa,G,4,250.39,0.0,1001.56,Cartão de Débito,Física,40.0,7
2868,2026-09-24,21:30,159,Acessório Slim,Acessório,Azul,G,4,201.01,0.0,804.04,Crediário,Online,326.0,11
2869,2026-07-20,18:00,61,Acessório Básica,Acessório,Rosa,M,2,281.06,56.21,505.91,Cartão de Débito,Física,206.0,16
2870,2026-09-20,13:30,15,Blusa Social,Blusa,Azul,M,3,303.57,136.61,774.1,PIX,Física,542.0,25
2871,2026-08-18,17:15,114,Jaqueta Esporte,Jaqueta,Verde,P,4,60.77,12.15,230.93,PIX,Online,271.0,7
2872,2026-06-04, 10:15,22,Vestido Social,Vestido,Rosa,G,4,289.54,57.91,1100.25,Cartão de Débito,Física,479.0,14
2873,2026-05-04,13:15,128,Bermuda Básica,Bermuda,Preta,GG,1,193.28,28.99,164.29,Cartão de Débito,Online,178.0,25
2874,2026-04-24,14:45,64,Camiseta Básica,Camiseta,Rosa,M,4,108.86,21.77,413.67,Cartão de Crédito,Online,169.0,5
2875,2026-05-23,13:15,126,Vestido Slim,Vestido,Vermelha,M,1,262.43,26.24,236.19,Cartão de Débito,Online,331.0,16
2876,2026-08-24,20:00,109,Camiseta Básica,Camiseta,Cinza,P,2,128.12,0.0,256.24,Cartão de Crédito,Online,146.0,24
2877,2026-07-27,12:45,105,Vestido Esporte,Vestido,Vermelha,P,3,168.87,0.0,506.61,Dinheiro,Online,267.0,11
2878,2026-04-08,18:30,65,Jaqueta Social,Jaqueta,Cinza,GG,2,77.68,0.0,155.36,Crediário,Online,106.0,21
2879,2026-05-13,09:00,61,Acessório Básica,Acessório,Rosa,M,4,281.06,0.0,1124.24,Cartão de Crédito,Online,185.0,9
2880,2026-03-01,17:15,49,Calça Básica,Calça,Verde,GG,3,193.27,0.0,579.81,Dinheiro,Online,308.0,13
2881,2026-03-12,10:45,159,Acessório Slim,Acessório,Azul,G,1,201.01,0.0,201.01,PIX,Online,294.0,13
2882,2026-05-15,14:15,46,Acessório X,Acessório,Cinza,M,1,184.96,18.5,166.46,Cartão de Crédito,Física,307.0,25
2883,2026-07-01,12:15,154,Acessório Esporte,Acessório,Azul,M,4,140.03,0.0,560.12,Cartão de Débito,Física,64.0,15
2884,2026-03-04,09:00,130,Blusa Esporte,Blusa,Verde,GG,2,154.8,0.0,309.6,Cartão de Débito,Física,395.0,1
2885,2026-03-15,09:45,99,Vestido Social,Vestido,Rosa,P,4,135.91,27.18,516.46,Crediário,Física,209.0,3
2886,2026-03-06,21:45,65,Jaqueta Social,Jaqueta,Cinza,GG,2,77.68,0.0,155.36,Cartão de Crédito,Física,275.0,11
2887,2026-08-04,12:15,67,Bermuda Básica,Bermuda,Cinza,P,2,318.87,95.66,542.08,Cartão de Crédito,Online,470.0,24
2888,09-07-2026,19:00,163,Jaqueta Básica,Jaqueta,Branca,M,4,212.45,84.98,764.82,PIX,Online,191.0,3
2889,2026-09-11,16:45,176,Camiseta Premium,Camiseta,Vermelha,GG,3,225.97,101.69,576.22,Cartão de Débito,Física,,8
2890,2026-05-14,11:30,108,Bermuda Social,Bermuda,Vermelha,P,3,179.79,53.94,485.43,Cartão de Crédito,Online,499.0,25
2891,2026-08-01,17:00,143,Acessório Premium,Acessório,Rosa,M,2,297.19,29.72,564.66,Cartão de Débito,Física,475.0,11
2892,2026-07-13,12:00,23,Blusa X,Blusa,Preta,P,3,219.84,32.98,626.54,Cartão de Débito,Física,472.0,12
2893,2026-08-27,13:45,122,Bermuda Casual,Bermuda,Rosa,GG,3,286.85,0.0,860.55,Cartão de Débito,Online,363.0,23
2894,2026-05-27,21:45,15,Blusa Social,Blusa,Azul,M,3,303.57,45.54,865.17,Cartão de Débito,Física,492.0,6
2895,2026-06-05,16:00,63,Calça Premium,Calça,Vermelha,G,2,277.67,27.77,527.57,Dinheiro,Física,599.0,16
2896,23/04/26,10:00,12,Bermuda Esporte,Bermuda,Cinza,M,2,327.44,98.23,556.65,Crediário,Online,408.0,11
2897,2026-08-15,13:00,104,Vestido Slim,Vestido,Verde,P,3,221.73,0.0,665.19,Crediário,Online,574.0,1
2898,2026-05-09,09:00,27,Vestido Premium,Vestido,Cinza,G,1,137.14,20.57,116.57,Cartão de Débito,Online,42.0,19
2899,2026-06-03,09:15,13,Calça X,Calça,Verde,M,4,118.99,47.6,"R$ 428,36",Cartão de Débito,Online,373.0,12
2900,2026-06-25,12:15,131,Vestido Básica,Vestido,Vermelha,M,3,38.91,187.7700477035132,99.22,PIX,Online,127.0,6
2901,2026-03-18,17:15,99,Vestido Social,Vestido,Rosa,P,4,135.91,0.0,543.64,Cartão de Crédito,Física,305.0,2
2902,2026-06-18,20:45,58,Acessório Básica,Acessório,Cinza,P,2,304.84,0.0,609.68,Cartão de Crédito,Online,118.0,4
2903,2026-05-27,18:15,153,Vestido Básica,Vestido,Preta,G,1,129.37,12.94,116.43,PIX,Online,205.0,11
2904,03/08/2026,19:30,52,Vestido Casual,Vestido,Rosa,GG,4,235.08,47.02,893.3,Pix,Física,344.0,7
2905,2026-09-07,11:15,118,Camiseta Esporte,Camiseta,Azul,M,3,214.08,0.0,642.24,Cartão de Débito,Online,121.0,6
2906,2026-06-06,11:30,92,Calça Casual,Calça,Rosa,G,3,164.58,74.06,419.68,Cartão de Débito,Online,590.0,21
2907,2026-08-25,19:00,108,Bermuda Social,Bermuda,Vermelha,P,4,179.79,107.87,611.29,PIX,Física,267.0,25
2908,2026-07-26,12:30,53,Camiseta Básica,Camiseta,Branca,P,4,204.54,122.72,695.44,PIX,Online,537.0,3
2909,2026-08-10,17:15,152,Acessório Básica,Acessório,Verde,GG,4,238.11,0.0,952.44,Cartão de Débito,Online,176.0,2
2910,2026-07-14,21:45,28,Camiseta Social,Camiseta,Rosa,GG,1,276.72,0.0,276.72,Cartão de Crédito,Física,74.0,21
2911,2026-04-04,20:30,107,Blusa Slim,Blusa,Preta,M,2,264.43,79.33,449.53,Cartão de Débito,Física,86.0,23
2912,2026-08-28,11:30,97,Camiseta Slim,Camiseta,Azul,M,1,174.51,8.73,165.78,Dinheiro,Online,84.0,11
2913,2026-06-12,18:15,146,Acessório Esporte,Acessório,Vermelha,P,4,103.95,41.58,374.22,Cartão de Débito,Física,138.0,19
2914,2026-09-07,18:00,127,Vestido Social,Vestido,Rosa,G,4,72.5,29.0,261.0,Cartão de Crédito,Online,181.0,18
2915,2026-05-04,15:00,100,Vestido Casual,Vestido,Preta,M,2,76.04,22.81,129.27,Cartão de Crédito,Física,173.0,7
2916,2026-04-15,09:45,132,Acessório Básica,Acessório,Branca,P,2,296.32,59.26,533.38,PIX,Física,453.0,8
2917,2026-09-24,19:00,3,Camiseta Social,Camiseta,Branca,GG,4,48.72,29.23,165.65,Cartão de Débito,Online,76.0,24
2918,2026-03-15,11:30,11,Calça Básica,Calça,Vermelha,G,2,297.24,0.0,594.48,Cartão de Débito,Online,415.0,14
2919,31/03/2026,11:15,18,Vestido Premium,Vestido,Vermelha,P,4,221.89,88.76,798.8,Cartão de Crédito,Física,61.0,3
2920,2026-07-09,21:45,7,Jaqueta Esporte,Jaqueta,Preta,P,4,33.34,20.0,113.36,Cartão de Crédito,Física,1237.0,4
2921,2026-05-09,12:00,97,Camiseta Slim,Camiseta,Azul,M,4,174.51,104.71,593.33,Cartão de Crédito,Física,36.0,22
2922,2026-05-21,19:15,163,Jaqueta Básica,Jaqueta,Branca,M,3,212.45,0.0,637.35,Cartão de Crédito,Online,329.0,20
2923,2026-09-16,14:30,172,Camiseta Social,Camiseta,Rosa,G,3,281.43,0.0,844.29,Cartão de Crédito,Online,187.0,11
2924,2026-05-29,16:00  ,47,Vestido Premium,Vestido,Cinza,G,3,115.65,17.35,329.6,PIX,Online,321.0,3
2925,2026-08-02,17:30,146,Acessório Esporte,Acessório,Vermelha,P,2,103.95,20.79,187.11,PIX,Online,356.0,1
2926,2026-04-20,12:15,38,Calça X,Calça,Azul,G,3,234.51,0.0,703.53,Crediário,Física,285.0,13
2927,2026-05-28,19:45  ,160,Calça X,Calça,Verde,P,3,137.04,20.56,390.56,Cartão de Débito,Física,436.0,15
2928,2026-08-30,21:45,75,Jaqueta Casual,Jaqueta,Azul,G,3,238.16,0.0,714.48,Dinheiro,Online,299.0,2
2929,2026-05-13,17:00,115,Jaqueta Social,Jaqueta,Preta,GG,1,278.18,13.91,264.27,Cartão de Crédito,Física,98.0,16
2930,2026-03-31,19:00,28,Camiseta Social,Camiseta,Rosa,GG,4,276.72,166.03,940.85,Cartão de Débito,Física,502.0,12
2931,2026-04-04,10:00,176,Camiseta Premium,Camiseta,Vermelha,GG,3,225.97,67.79,610.12,Cartão de Débito,Física,101.0,4
2932,2026-04-22,21:45,179,Vestido Básica,Vestido,Azul,G,3,31.43,14.14,80.15,Cartão de Crédito,Online,553.0,13
2933,2026-06-29,15:45,107,Blusa Slim,Blusa,Preta,M,2,264.43,0.0,528.86,Cartão de Crédito,Física,,15
2934,2026-07-13,09:45,110,Bermuda Esporte,Bermuda,Branca,GG,3,116.53,0.0,349.59,Cartão de Débito,Online,22150.0,19
2935,2026-06-07,17:45,3,Camiseta Social,Camiseta,Branca,GG,4,48.72,29.23,165.65,Cartão de Débito,Online,507.0,9
2936,2026-04-23,16:45,56,Bermuda Casual,Bermuda,Verde,P,1,269.73,0.0,269.73,Cartão de Débito,Física,119.0,10
2937,2026-03-24,21:45,115,Jaqueta Social,Jaqueta,Preta,GG,3,278.18,0.0,834.54,Cartão de Débito,Online,487.0,22
2938,2026-05-24,17:30,35,Jaqueta Premium,Jaqueta,Preta,P,3,289.59,0.0,868.77,PIX,Online,506.0,14
2939,2026-04-04,17:00,173,Jaqueta Casual,Jaqueta,Cinza,GG,3,328.02,0.0,984.06,Crediário,Física,178.0,7
2940,2026-07-28,18:15,162,Blusa Premium,Blusa,Branca,M,4,219.23,131.54,"745,38",Cartão de Débito,Física,374.0,8
2941,2026-03-10,17:00,180,Acessório X,Acessório,Cinza,G,1,73.69,3.68,70.01,Cartão de Crédito,Online,399.0,19
2942,2026-08-03,10:15,27,Vestido Premium,Vestido,Cinza,G,3,137.14,0.0,411.42,PIX,Física,,16
2943,2026-03-24,19:45,143,Acessório Premium,Acessório,Rosa,M,2,297.19,89.16,505.22,Cartão de Débito,Física,118.0,12
2944,2026-06-04,13:15,78,Blusa Casual,Blusa,Cinza,M,4,332.45,0.0,1329.8,Cartão de Débito,Online,361.0,1
2945,12/09/2026,10:00,34,Acessório Slim,Acessório,Azul,M,2,220.29,0.0,440.58,Cartão de Crédito,Online,,11
2946,2026-08-07,20:30,177,Bermuda Básica,Bermuda,Branca,G,3,113.66,0.0,340.98,Cartão de Crédito,Online,555.0,16
2947,2026-03-04,20:30,127,Vestido Social,Vestido,Rosa,G,3,72.5,0.0,217.5,Crediário,Online,210.0,8
2948,2026-03-20,13:00,92,Calça Casual,Calça,Rosa,G,2,164.58,0.0,329.16,Dinheiro,Física,143.0,24
2949,2026-09-05,19:00,178,Calça Básica,Calça,Azul,GG,4,144.41,86.65,490.99,Cartão de Crédito,Online,74.0,6
2950,2026-05-05,09:00,104,Vestido Slim,Vestido,Verde,P,1,221.73,0.0,221.73,Cartão de Débito,Física,305.0,24
2951,2026-08-02,16:30,55,Vestido Premium,Vestido,Verde,P,4,95.27,38.11,342.97,PIX,Online,95.0,16
2952,2026-04-23,16:00,127,Vestido Social,Vestido,Rosa,G,2,72.5,14.5,130.5,Cartão de Débito,Física,41.0,21
2953,2026-07-27,19:15,112,Calça Básica,Calça,Azul,M,1,318.38,602.5219490812793,318.38,Cartão de Crédito,Online,,2
2954,31-07-2026,16:15,65,Jaqueta Social,Jaqueta,Cinza,GG,3,77.68,0.0,233.04,Crediário,Física,460.0,19
2955,2026-03-03,10:45,14,Bermuda Social,Bermuda,Branca,P,4,125.8,0.0,503.2,PIX,Física,591.0,8
2956,2026-03-18, 13:45 ,121,Vestido Casual,Vestido,Verde,G,1,101.83,0.0,101.83,Cartão de Débito,Física,543.0,7
2957,2026-03-09,17:00,47,Vestido Premium,Vestido,Cinza,G,2,115.65,0.0,231.3,Crediário,Física,124.0,24
2958,2026-03-05,11:30,140,Acessório Premium,Acessório,Rosa,G,1,155.17,0.0,155.17,Cartão de Crédito,Física,201.0,22
2959,2026-08-30,11:00,50,Blusa Esporte,Blusa,Vermelha,GG,4,189.51,0.0,758.04,Dinheiro,Online,480.0,3
2960,2026-08-28,17:30,119,Vestido Básica,Vestido,Azul,P,1,51.47,2.57,48.9,Cartão de Crédito,Online,454.0,8
2961,2026-08-10,20:45,171,Acessório X,Acessório,Verde,G,1,85.73,12.86,"R$ 72,87",Cartão de Débito,Online,,13
2962,2026-09-23,17:15,15,Blusa Social,Blusa,Azul,M,2,303.57,0.0,607.14,Cartão de Débito,Física,496.0,18
2963,2026-07-02,20:45,169,Vestido Esporte,Vestido,Rosa,M,1,120.16,12.02,108.14,Dinheiro,Online,321.0,3
2964,2026-08-16,20:15,45,Blusa Social,Blusa,Cinza,G,2,158.82,0.0,"317,64",Cartão de Crédito,Física,,20
2965,2026-06-08,14:00,82,Vestido Slim,Vestido,Vermelha,P,1,342.99,51.45,291.54,Cartão de Débito,Online,177.0,24
2966,2026-09-14,10:00,66,Bermuda X,Bermuda,Branca,G,2,98.66,19.73,"177,59",PIX,Online,340.0,13
2967,2026-05-17,19:15,24,Blusa X,Blusa,Cinza,GG,4,80.81,16.16,307.08,Dinheiro,Física,41.0,17
2968,2026-09-21,18:00,140,Acessório Premium,Acessório,Rosa,G,1,155.17,0.0,155.17,Dinheiro,Física,213.0,2
2969,2026-04-12,09:15,24,Blusa X,Blusa,Cinza,GG,1,80.81,8.08,72.73,Dinheiro,Física,225.0,12
2970,2026-09-16,09:45,66,Bermuda X,Bermuda,Branca,G,4,98.66,59.2,335.44,Cartão de Débito,Online,355.0,3
2971,04-07-2026,20:00,151,Blusa Casual,Blusa,Preta,P,2,121.09,24.22,217.96,Cartão de Crédito,Física,32.0,19
2972,2026-07-18,20:30,151,Blusa Casual,Blusa,Preta,P,2,121.09,0.0,242.18,Cartão de Débito,Física,95.0,18
2973,2026-06-09,16:45,85,Blusa Casual,Blusa,Vermelha,G,4,273.43,109.37,984.35,Crediário,Física,171.0,16
2974,2026-05-29,13:30,101,Vestido Social,Vestido,Vermelha,GG,3,158.47,71.31,404.1,Dinheiro,Online,340.0,14
2975,2026-05-18,11:00,118,Camiseta Esporte,Camiseta,Azul,M,4,214.08,0.0,856.32,Cartão de Débito,Física,546.0,4
2976,2026-04-24,15:00,85,Blusa Casual,Blusa,Vermelha,G,2,273.43,27.34,519.52,Cartão de Débito,Física,6.0,24
2977,2026-06-03,15:30,55,Vestido Premium,Vestido,Verde,P,4,95.27,0.0,381.08,Crediário,Online,486.0,3
2978,2026-09-18,16:30,162,Blusa Premium,Blusa,Branca,M,3,219.23,65.77,591.92,PIX,Física,393.0,5
2979,2026-06-16,13:45,92,Calça Casual,Calça,Rosa,G,1,164.58,16.46,148.12,Cartão de Débito,Física,249.0,3
2980,2026-09-17,09:30,142,Acessório Básica,Acessório,Cinza,G,3,333.62,100.09,900.77,PIX,Online,51367.0,15
2981,2026-07-17,16:00,62,Camiseta Básica,Camiseta,Azul,GG,0,140.6,0.0,421.8,Dinheiro,Online,128.0,12
2982,2026-03-08,17:30,128,Bermuda Básica,Bermuda,Preta,GG,2,193.28,57.98,"R$ 328,58",Cartão de Crédito,Física,268.0,6
2983,2026-07-27,21:30,78,Blusa Casual,Blusa,Cinza,M,1,332.45,0.0,332.45,Cartão de Débito,Online,127.0,24
2984,2026-05-22,10:45,40,Bermuda Esporte,Bermuda,Azul,G,1,78.7,7.87,70.83,Dinheiro,Online,287.0,11
2985,2026-05-03, 13:30 ,81,Calça Social,Calça,Cinza,P,4,125.82,25.16,478.12,Cartão de Débito,Física,11.0,7
2986,2026-05-26,11:00,8,Blusa Social,Blusa,Preta,M,1,290.68,550.1007605972306,290.68,Crediário,Online,202.0,10
2987,2026-08-24,10:15,61,Acessório Básica,Acessório,Rosa,M,2,281.06,84.32,477.8,Dinheiro,Física,417.0,17
2988,2026-08-19,11:45,88,Camiseta Básica,Camiseta,Branca,GG,2,270.48,0.0,540.96,Dinheiro,Online,566.0,4
2989,2026-05-07,19:00,176,Camiseta Premium,Camiseta,Vermelha,GG,1,225.97,0.0,225.97,Cartão de Débito,Online,487.0,2
2990,2026-06-16,11:15,82,Vestido Slim,Vestido,Vermelha,P,2,342.99,34.3,"651,68",Cartão de Débito,Física,469.0,9
2991,2026-08-25,16:15,142,Acessório Básica,Acessório,Cinza,G,2,333.62,66.72,600.52,Cartão de Crédito,Online,286.0,12
2992,2026-06-09,14:30,77,Vestido X,Vestido,Rosa,G,2,195.59,19.56,371.62,PIX,Online,495.0,20
2993,2026-03-29,19:45,66,Bermuda X,Bermuda,Branca,G,3,98.66,44.4,251.58,Cartão de Débito,Física,476.0,6
2994,2026-04-23,09:45,98,Vestido Social,Vestido,Branca,G,4,290.16,116.06,1044.58,PIX,Online,256.0,19
2995,2026-05-14,13:30,120,Vestido Premium,Vestido,Rosa,GG,3,304.25,0.0,912.75,PIX,Física,356.0,24
2996,2026-08-28,12:45,70,Blusa Slim,Blusa,Verde,GG,2,203.23,0.0,406.46,Cartão de Crédito,Física,480.0,13
2997,2026-05-05,19:45,168,Vestido Casual,Vestido,Azul,M,4,255.66,102.26,920.38,PIX,Física,502.0,11
2998,2026-03-06,16:45,56,Bermuda Casual,Bermuda,Verde,P,2,269.73,0.0,539.46,Cartão de Débito,Física,32.0,3
2999,2026-04-30,20:15,21,Jaqueta Casual,Jaqueta,Cinza,G,4,186.68,0.0,746.72,Cartão de Crédito,Física,9.0,4
3000,2026-05-31,14:45,143,Acessório Premium,Acessório,Rosa,M,4,297.19,0.0,1188.76,Cartão de Crédito,Física,,7
3001,2026-03-08, 14:15 ,169,Vestido Esporte,Vestido,Rosa,M,1,120.16,18.02,102.14,Cartão de Débito,Online,8.0,21
3002,2026-03-23,21:15,2,Camiseta Básica,Camiseta,Cinza,P,2,57.67,0.0,115.34,Crediário,Online,372.0,1
3003,2026-07-31,14:15,174,Jaqueta Casual,Jaqueta,Preta,GG,4,214.83,85.93,773.39,Cartão de Crédito,Online,201.0,2
3004,2026-08-24,09:15,54,Calça Esporte,Calça,Verde,P,1,77.13,0.0,77.13,Dinheiro,Física,333.0,15
3005,2026-07-17,12:30,75,Jaqueta Casual,Jaqueta,Azul,G,2,238.16,0.0,476.32,Cartão de Débito,Online,463.0,25
3006,2026-07-30,14:15,97,Camiseta Slim,Camiseta,Azul,M,4,174.51,69.8,628.24,Crediário,Online,403.0,23
3007,2026-09-03,09:30,51,Jaqueta Slim,Jaqueta,Verde,M,3,118.56,53.35,302.33,Cartão de Débito,Física,442.0,20
3008,2026-04-01,15:15,5,Jaqueta Slim,Jaqueta,Branca,GG,4,87.47,0.0,349.88,Cartão de Crédito,Online,211.0,4
3009,12/05/2026,14:45,125,Vestido Esporte,Vestido,Vermelha,P,1,67.79,6.78,61.01,Dinheiro,Física,70107.0,18
3010,2026-03-24,20:30,88,Camiseta Básica,Camiseta,Branca,GG,4,270.48,108.19,973.73,Crediário,Online,397.0,17
3011,2026-03-19,17:45,157,Blusa Social,Blusa,Rosa,GG,3,325.37,146.42,829.69,Cartão de Débito,Física,226.0,17
3012,2026-03-18,12:30,138,Acessório Social,Acessório,Rosa,G,3,125.4,0.0,376.2,PIX,Online,518.0,23
3013,2026-05-16,17:45,140,Acessório Premium,Acessório,Rosa,G,4,155.17,31.03,589.65,Cartão de Crédito,Física,122.0,13
3014,2026-04-30,11:00,8,Blusa Social,Blusa,Preta,M,1,290.68,14.53,276.15,Crediário,Física,63.0,13
3015,2026-04-23,14:45,53,Camiseta Básica,Camiseta,Branca,P,1,204.54,0.0,204.54,Dinheiro,Online,211.0,8
3016,2026-03-16,10:30,66,Bermuda X,Bermuda,Branca,G,1,98.66,4.93,93.73,PIX,Física,270.0,20
3017,2026-07-08,10:30,77,Vestido X,Vestido,Rosa,G,4,195.59,39.12,743.24,Cartão de Crédito,Online,89.0,21
3018,2026-07-03,19:30,12,Bermuda Esporte,Bermuda,Cinza,M,2,327.44,0.0,654.88,PIX,Online,91.0,7
3019,2026-09-07,18:45,133,Calça Social,Calça,Rosa,G,2,39.8,11.94,67.66,Cartão de Débito,Física,,15
3020,2026-09-18,19:30,158,Blusa Social,Blusa,Rosa,M,3,185.68,55.7,501.34,Cartão de Débito,Física,100.0,5
3021,2026-09-19,17:30,52,Vestido Casual,Vestido,Rosa,GG,4,235.08,47.02,893.3,Cartão de Débito,Online,356.0,17
3022,2026-09-20,13:45,141,Acessório Slim,Acessório,Rosa,G,1,250.39,37.56,212.83,Cartão de Débito,Física,458.0,13
3023,2026-03-28,17:15,137,Camiseta Esporte,Camiseta,Preta,M,1,149.09,22.36,126.73,Cartão de Crédito,Online,450.0,13
3024,2026-08-02,19:00,113,Blusa Social,Blusa,Rosa,P,2,270.36,0.0,540.72,PIX,Online,313.0,14
3025,2026-07-22,21:15,124,Jaqueta Slim,Jaqueta,Verde,G,1,210.25,21.02,189.23,Cartão de Crédito,Online,519.0,3
3026,2026-04-22,21:30,50,Blusa Esporte,Blusa,Vermelha,GG,1,189.51,28.43,161.08,Crediário,Online,540.0,15
3027,2026-09-08,14:45,145,Bermuda Esporte,Bermuda,Cinza,G,4,144.91,86.95,492.69,PIX,Online,187.0,24
3028,2026-03-24,13:45,82,Vestido Slim,Vestido,Vermelha,P,3,342.99,0.0,1028.97,Cartão de Crédito,Física,500.0,16
3029,2026-03-14,09:30,24,Blusa X,Blusa,Cinza,GG,3,80.81,24.24,218.19,Cartão de Crédito,Online,350.0,5
3030,2026-08-03,14:30,99,Vestido Social,Vestido,Rosa,P,2,135.91,27.18,244.64,Dinheiro,Online,319.0,21
3031,18/06/2026,13:30,77,Vestido X,Vestido,Rosa,G,4,195.59,0.0,"782,36",Dinheiro,Online,301.0,14
3032,2026-04-23,11:15,48,Camiseta Esporte,Camiseta,Preta,G,3,170.37,25.56,485.55,Dinheiro,Física,299.0,23
3033,2026-05-10,16:15,81,Calça Social,Calça,Cinza,P,4,125.82,0.0,503.28,Cartão de Débito,Física,204.0,20
3034,2026-04-26,15:00,158,Blusa Social,Blusa,Rosa,M,4,185.68,37.14,705.58,Cartão de Débito,Física,32.0,4
3035,2026-09-02,19:30,89,Acessório Slim,Acessório,Preta,P,1,283.36,0.0,283.36,Cartão de Débito,Física,89.0,7
3036,2026-08-31,16:15,103,Jaqueta Social,Jaqueta,Verde,G,2,239.05,47.81,430.29,Crediário,Online,596.0,20
3037,2026-04-01,10:45,89,Acessório Slim,Acessório,Preta,P,4,283.36,56.67,1076.77,Cartão de Débito,Física,3.0,3
3038,2026-07-28,09:00,162,Blusa Premium,Blusa,Branca,M,2,219.23,21.92,416.54,Crediário,Física,569.0,12
3039,2026-03-21,16:45,178,Calça Básica,Calça,Azul,GG,3,144.41,21.66,411.57,Dinheiro,Física,563.0,9
3040,2026-06-05,13:00,172,Camiseta Social,Camiseta,Rosa,G,2,281.43,28.14,534.72,Cartão de Débito,Física,70.0,5
3041,19-08-2026,17:30,112,Calça Básica,Calça,Azul,M,4,318.38,127.35,1146.17,Cartão de Débito,Física,2.0,8
3042,2026-04-15,09:00,110,Bermuda Esporte,Bermuda,Branca,GG,2,116.53,0.0,233.06,Cartão de Crédito,Online,211.0,7
3043,2026-08-24,13:00,24,Blusa X,Blusa,Cinza,GG,4,80.81,0.0,323.24,Cartão de Débito,Online,211.0,5
3044,2026-07-03,21:00,132,Acessório Básica,Acessório,Branca,P,4,296.32,118.53,1066.75,Cartão de Débito,Física,300.0,25
3045,2026-03-26,13:15,42,Bermuda Casual,Bermuda,Branca,P,3,336.75,50.51,959.74,Dinheiro,Física,444.0,9
3046,2026-04-20,10:30,3,Camiseta Social,Camiseta,Branca,GG,3,48.72,0.0,146.16,Cartão de Débito,Física,467.0,21
3047,2026-08-18,16:45,179,Vestido Básica,Vestido,Azul,G,3,31.43,9.43,84.86,Cartão de Débito,Online,260.0,15
3048,30/08/2026,14:45,18,Vestido Premium,Vestido,Vermelha,P,3,221.89,66.57,599.1,Cartão de Crédito,Online,120.0,5
3049,2026-06-11,20:00,33,Blusa X,Blusa,Vermelha,P,3,230.83,0.0,692.49,Cartão de Débito,Física,461.0,6
3050,2026-09-02,21:15,24,Blusa X,Blusa,Cinza,GG,3,80.81,12.12,"R$ 230,31",Dinheiro,Física,208.0,3
3051,2026-07-14,13:45,23,Blusa X,Blusa,Preta,P,3,219.84,0.0,659.52,Cartão de Crédito,Online,230.0,5
3052,2026-06-29,21:15,123,Blusa Esporte,Blusa,Rosa,P,4,261.56,52.31,993.93,Cartão de Débito,Física,569.0,16
3053,2026-06-17,11:00,87,Camiseta Casual,Camiseta,Rosa,G,1,25.88,3.88,22.0,PIX,Física,341.0,21
3054,2026-09-16,15:15,60,Acessório Esporte,Acessório,Azul,G,4,112.08,0.0,448.32,Dinheiro,Física,,7
3055,2026-07-05,14:00,135,Camiseta Slim,Camiseta,Preta,GG,2,333.31,0.0,666.62,Dinheiro,Online,315.0,25
3056,2026-05-27,13:15,119,Vestido Básica,Vestido,Azul,P,3,51.47,15.44,138.97,Dinheiro,Online,96.0,25
3057,2026-07-30,19:30,165,Blusa Casual,Blusa,Rosa,GG,2,156.99,0.0,313.98,PIX,Online,356.0,11
3058,2026-06-20,21:45,177,Bermuda Básica,Bermuda,Branca,G,1,113.66,5.68,107.98,PIX,Online,308.0,19
3059,2026-03-26,14:15,32,Bermuda Premium,Bermuda,Azul,GG,2,298.98,59.8,538.16,Cartão de Débito,Online,360.0,9
3060,2026-05-27,13:15,25,Blusa Social,Blusa,Rosa,M,1,285.55,0.0,285.55,Crediário,Online,5009.0,12
3061,2026-07-22,19:15,174,Jaqueta Casual,Jaqueta,Preta,GG,4,214.83,128.9,730.42,Cartão de Crédito,Física,283.0,16
3062,2026-03-11,13:00,122,Bermuda Casual,Bermuda,Rosa,GG,2,286.85,28.68,545.02,Dinheiro,Online,275.0,22
3063,2026-06-26,13:15,15,Blusa Social,Blusa,Azul,M,2,303.57,91.07,516.07,Cartão de Débito,Online,507.0,20
3064,2026-06-13,20:15,7,Jaqueta Esporte,Jaqueta,Preta,P,3,33.34,0.0,100.02,Dinheiro,Física,447.0,15
3065,2026-08-07,14:00,89,Acessório Slim,Acessório,Preta,P,3,283.36,0.0,850.08,Cartão de Crédito,Online,163.0,24
3066,2026-05-16,16:15,163,Jaqueta Básica,Jaqueta,Branca,M,3,212.45,0.0,637.35,PIX,Física,422.0,7
3067,2026-05-23,19:00,16,Acessório Casual,Acessório,Verde,GG,1,160.59,24.09,136.5,Crediário,Online,334.0,15
3068,2026-07-03,12:30,12,Bermuda Esporte,Bermuda,Cinza,M,1,327.44,0.0,327.44,PIX,Online,424.0,6
3069,2026-07-17,16:15,36,Vestido Social,Vestido,Azul,P,4,348.35,209.01,1184.39,Dinheiro,Física,403.0,15
3070,2026-03-09,14:45,128,Bermuda Básica,Bermuda,Preta,GG,4,193.28,77.31,"R$ 695,81",Cartão de Crédito,Online,466.0,5
3071,2026-08-05,15:15,92600,Calça Básica,Calça,Azul,M,3,318.38,47.76,907.38,Cartão de Débito,Física,295.0,16
3072,2026-07-27,18:30,145,Bermuda Esporte,Bermuda,Cinza,G,3,144.91,0.0,434.73,Cartão de Débito,Física,172.0,3
3073,2026-08-15,10:30,7,Jaqueta Esporte,Jaqueta,Preta,P,2,33.34,6.67,60.01,Dinheiro,Física,343.0,6
3074,2026-03-30,16:15,90557,Calça Casual,Calça,Rosa,G,1,164.58,16.46,148.12,Cartão de Crédito,Física,202.0,13
3075,2026-06-25,12:45,133,Calça Social,Calça,Rosa,G,1,39.8,3.98,35.82,PIX,Física,462.0,12
3076,2026-06-03,20:30,169,Vestido Esporte,Vestido,Rosa,M,2,120.16,12.02,228.3,Cartão de Débito,Física,52.0,18
3077,2026-09-23,09:15,34,Acessório Slim,Acessório,Azul,M,1,220.29,33.04,187.25,Cartão de Débito,Física,,15
3078,2026-04-01,09:00,178,Calça Básica,Calça,Azul,GG,4,144.41,86.65,490.99,Cartão de Débito,Física,491.0,13
3079,2026-03-09,16:45,112,Calça Básica,Calça,Azul,M,4,318.38,0.0,1273.52,Dinheiro,Física,394.0,1
3080,2026-04-29,13:15,154,Acessório Esporte,Acessório,Azul,M,2,140.03,0.0,280.06,Cartão de Crédito,Física,171.0,24
3081,2026-03-27,16:00,125,Vestido Esporte,Vestido,Vermelha,P,1,67.79,0.0,67.79,Crediário,Online,584.0,15
3082,2026-09-24,20:30,125,Vestido Esporte,Vestido,Vermelha,P,2,67.79,20.34,115.24,Crediário,Online,455.0,15
3083,2026-06-06,15:15,137,Camiseta Esporte,Camiseta,Preta,M,2,149.09,44.73,"253,45",Crediário,Online,461.0,14
3084,2026-03-16,21:30,44,Jaqueta Esporte,Jaqueta,Azul,GG,3,198.07,59.42,534.79,Cartão de Débito,Física,474.0,3
3085,2026-07-21,20:00,117,Vestido Casual,Vestido,Azul,P,2,314.94,0.0,629.88,Dinheiro,Física,349.0,24
3086,2026-09-15,15:30,16,Acessório Casual,Acessório,Verde,GG,3,160.59,72.27,409.5,Dinheiro,Física,548.0,2
3087,2026-04-01,17:30,29,Blusa Esporte,Blusa,Branca,M,1,318.44,15.92,302.52,Crediário,Física,477.0,11
3088,2026-04-24,09:15,32,Bermuda Premium,Bermuda,Azul,GG,2,298.98,59.8,538.16,Cartão de Crédito,Física,258.0,8
3089,2026-03-19,20:00,45,Blusa Social,Blusa,Cinza,G,2,158.82,0.0,317.64,Crediário,Online,37.0,15
3090,2026-03-13,14:00,105,Vestido Esporte,Vestido,Vermelha,P,2,168.87,33.77,303.97,Cartão de Débito,Física,159.0,20
3091,2026-09-21,18:15,7,Jaqueta Esporte,Jaqueta,Preta,P,2,33.34,0.0,66.68,Cartão de Crédito,Física,578.0,15
3092,2026-05-20,10:30,131,Vestido Básica,Vestido,Vermelha,M,1,38.91,0.0,38.91,Cartão de Débito,Física,107.0,14
3093,2026-06-08,15:00,81,Calça Social,Calça,Cinza,P,3,125.82,18.87,358.59,Cartão de Crédito,Física,64515.0,16
3094,2026-03-04,12:15,110,Bermuda Esporte,Bermuda,Branca,GG,0,116.53,52.44,297.15,Crediário,Física,40.0,25
3095,2026-04-21,18:15,158,Blusa Social,Blusa,Rosa,M,2,185.68,0.0,371.36,Cartão de Crédito,Física,60.0,17
3096,2026-09-15,18:15,81,Calça Social,Calça,Cinza,P,1,125.82,0.0,125.82,Cartão de Débito,Física,385.0,22
3097,2026-05-09,10:45,31,Vestido Slim,Vestido,Azul,P,1,35.57,0.0,35.57,Cartão de Crédito,Física,251.0,15
3098,2026-03-07,19:45,106,Vestido Premium,Vestido,Cinza,G,3,201.43,30.21,574.08,Cartão de Crédito,Física,214.0,7
3099,2026-03-18,15:00,35,Jaqueta Premium,Jaqueta,Preta,P,1,289.59,43.44,246.15,PIX,Física,533.0,22
3100,2026-09-20,13:30,110,Bermuda Esporte,Bermuda,Branca,GG,2,116.53,0.0,233.06,Cartão de Débito,Online,106.0,1
3101,2026-06-06,20:15,99,Vestido Social,Vestido,Rosa,P,3,135.91,20.39,387.34,Cartão de Débito,Online,41.0,21
3102,2026-08-19,10:45,20,Calça X,Calça,Vermelha,P,3,211.81,63.54,571.89,Cartão de Débito,Física,199.0,5
3103,2026-06-03,12:15,35,Jaqueta Premium,Jaqueta,Preta,P,1,289.59,0.0,289.59,Dinheiro,Online,313.0,2
3104,2026-03-05,16:45,48,Camiseta Esporte,Camiseta,Preta,G,1,170.37,17.04,153.33,Cartão de Débito,Online,233.0,20
3105,2026-04-05,20:00,87,Camiseta Casual,Camiseta,Rosa,G,4,25.88,0.0,103.52,Crediário,Online,245.0,2
3106,2026-09-17,18:15,28,Camiseta Social,Camiseta,Rosa,GG,4,276.72,0.0,1106.88,Cartão de Crédito,Online,113.0,7
3107,2026-08-20,12:45,31,Vestido Slim,Vestido,Azul,P,2,35.57,0.0,71.14,Cartão de Débito,Online,3.0,3
3108,2026-06-19,17:30,139,Acessório Slim,Acessório,Branca,P,4,227.76,0.0,911.04,Crediário,Física,260.0,15
3109,2026-04-17,14:30,85,Blusa Casual,Blusa,Vermelha,G,2,273.43,27.34,519.52,Crediário,Física,435.0,10
3110,2026-04-18,16:45,79,Camiseta X,Camiseta,Cinza,G,4,76.54,0.0,306.16,Cartão de Débito,Online,445.0,16
3111,2026-05-25,12:15,165,Blusa Casual,Blusa,Rosa,GG,3,156.99,0.0,470.97,Cartão de Débito,Online,65.0,25
3112,2026-03-11,20:15,118,Camiseta Esporte,Camiseta,Azul,M,1,214.08,0.0,214.08,Dinheiro,Física,429.0,11
3113,2026-03-29,11:15,25,Blusa Social,Blusa,Rosa,M,1,285.55,28.56,256.99,Cartão De Débito,Online,337.0,8
3114,2026-09-21, 10:00,120,Vestido Premium,Vestido,Rosa,GG,1,304.25,30.42,273.83,Cartão de Crédito,Física,99.0,6
3115,2026-08-22,11:30,65,Jaqueta Social,Jaqueta,Cinza,GG,1,77.68,0.0,77.68,Cartão de Débito,Física,327.0,1
3116,2026-03-03,12:00,170,Blusa Premium,Blusa,Azul,G,3,154.9,0.0,464.7,Cartão de Crédito,Física,171.0,22
3117,2026-05-14,21:15,27,Vestido Premium,Vestido,Cinza,G,2,137.14,0.0,274.28,Cartão de Débito,Física,148.0,15
3118,2026-09-09,09:00,86,Bermuda Casual,Bermuda,Branca,P,3,211.18,0.0,633.54,Cartão de Crédito,Física,535.0,6
3119,2026-05-15,20:30,101,Vestido Social,Vestido,Vermelha,GG,4,158.47,0.0,633.88,Cartão de Crédito,Física,434.0,14
3120,2026-05-22,11:15,118,Camiseta Esporte,Camiseta,Azul,M,3,214.08,32.11,610.13,PIX,Online,8.0,11
3121,2026-05-18,19:30,37,Bermuda Básica,Bermuda,Branca,M,4,197.74,0.0,790.96,Cartão de Débito,Física,180.0,4
3122,2026-08-29,19:00,74,Acessório Social,Acessório,Preta,GG,4,90.99,0.0,363.96,Dinheiro,Online,271.0,20
3123,2026-09-15,15:15,128,Bermuda Básica,Bermuda,Preta,GG,4,193.28,0.0,773.12,Cartão de Débito,Online,,6
3124,2026-04-25,11:00,18,Vestido Premium,Vestido,Vermelha,P,3,221.89,0.0,665.67,PIX,Física,364.0,10
3125,2026-05-17,13:45,168,Vestido Casual,Vestido,Azul,M,3,255.66,0.0,766.98,Cartão de Débito,Física,393.0,3
3126,2026-03-20,17:45,116,Blusa Casual,Blusa,Azul,G,3,332.71,99.81,898.32,Cartão de Débito,Física,172.0,8
3127,2026-03-27,18:15,97,Camiseta Slim,Camiseta,Azul,M,2,174.51,34.9,314.12,CARTÃO DE CRÉDITO,Online,288.0,19
3128,2026-08-31,15:45,167,Acessório Casual,Acessório,Preta,P,4,326.38,0.0,1305.52,Cartão de Débito,Online,564.0,13
3129,2026-09-12,18:30,92,Calça Casual,Calça,Rosa,G,2,164.58,0.0,329.16,PIX,Física,,1
3130,2026-04-28,18:30,111,Acessório Esporte,Acessório,Rosa,M,1,333.04,16.65,316.39,Cartão de Débito,Online,,7
3131,2026-04-13,12:30,9,Jaqueta Social,Jaqueta,Rosa,G,4,97.54,0.0,390.16,Dinheiro,Online,369.0,5
3132,2026-05-14,09:00,10,Jaqueta Casual,Jaqueta,Cinza,GG,4,338.29,67.66,1285.5,Cartão de Crédito,Física,12.0,7
3133,2026-03-25,10:00,7,Jaqueta Esporte,Jaqueta,Preta,P,1,33.34,0.0,33.34,Cartão de Débito,Física,388.0,13
3134,2026-03-11,12:30,103,Jaqueta Social,Jaqueta,Verde,G,1,239.05,11.95,227.1,Cartão de Crédito,Online,21.0,24
3135,2026-04-24,19:45,81,Calça Social,Calça,Cinza,P,1,125.82,12.58,113.24,Crediário,Física,187.0,20
3136,2026-07-31,18:15,104,Vestido Slim,Vestido,Verde,P,1,221.73,356.6722524761251,188.47,DINHEIRO,Física,210.0,18
3137,2026-04-26,20:00,8,Blusa Social,Blusa,Preta,M,2,290.68,58.14,523.22,Cartão de Débito,Online,177.0,11
3138,2026-08-14,17:00,116,Blusa Casual,Blusa,Azul,G,1,332.71,16.64,"316,07",Cartão de Débito,Online,558.0,10
3139,2026-04-08,17:00,18,Vestido Premium,Vestido,Vermelha,P,2,221.89,0.0,"443,78",PIX,Online,36.0,3
3140,2026-07-28,12:15,161,Vestido X,Vestido,Azul,G,0,67.98,13.6,122.36,Cartão de Crédito,Física,277.0,2
3141,2026-09-15,09:15,163,Jaqueta Básica,Jaqueta,Branca,M,3,212.45,0.0,637.35,Cartão de Débito,Online,358.0,20
3142,2026-05-26,17:30,104,Vestido Slim,Vestido,Verde,P,3,221.73,0.0,665.19,Cartão de Débito,Física,480.0,15
3143,2026-03-24,18:45,125,Vestido Esporte,Vestido,Vermelha,P,3,67.79,0.0,203.37,Dinheiro,Online,367.0,4
3144,2026-07-26,21:00,97,Camiseta Slim,Camiseta,Azul,M,1,174.51,17.45,"R$ 157,06",PIX,Física,569.0,5
3145,2026-09-17,16:00,129,Vestido X,Vestido,Branca,GG,2,295.38,0.0,590.76,Cartão de Débito,Física,364.0,14
3146,2026-08-20,11:00,55,Vestido Premium,Vestido,Verde,P,1,95.27,9.53,85.74,PIX,Online,198.0,18
3147,2026-03-06,13:00,102,Bermuda X,Bermuda,Azul,G,4,181.84,72.74,654.62,Cartão de Crédito,Física,166.0,25
3148,2026-07-02,13:30,154,Acessório Esporte,Acessório,Azul,M,4,140.03,0.0,560.12,Dinheiro,Online,391.0,14
3149,2026-09-06,09:45,51,Jaqueta Slim,Jaqueta,Verde,M,3,118.56,53.35,302.33,Cartão de Débito,Online,479.0,7
3150,2026-04-06,14:00,135,Camiseta Slim,Camiseta,Preta,GG,2,333.31,0.0,666.62,Dinheiro,Online,575.0,16
3151,2026-09-07,18:00,101,Vestido Social,Vestido,Vermelha,GG,1,158.47,0.0,158.47,Cartão de Débito,Física,251.0,9
3152,2026-06-23,21:00,169,Vestido Esporte,Vestido,Rosa,M,4,120.16,0.0,480.64,Dinheiro,Online,517.0,20
3153,2026-03-14,16:45,42,Bermuda Casual,Bermuda,Branca,P,1,336.75,0.0,336.75,Cartão de Crédito,Online,433.0,12
3154,2026-07-27,18:00,72,Blusa Premium,Blusa,Verde,GG,4,252.12,100.85,907.63,Cartão de Crédito,Física,596.0,13
3155,2026-03-30,18:00,12,Bermuda Esporte,Bermuda,Cinza,M,2,327.44,0.0,"654,88",Cartão de Crédito,Física,425.0,13
3156,2026-05-04,14:30,138,Acessório Social,Acessório,Rosa,G,1,125.4,12.54,112.86,Cartão de Crédito,Online,53.0,18
3157,2026-07-19,13:00,47,Vestido Premium,Vestido,Cinza,G,1,115.65,5.78,109.87,Cartão de Crédito,Online,225.0,2
3158,2026-08-18,21:30,39,Calça Social,Calça,Vermelha,GG,1,327.41,0.0,"327,41",Cartão de Crédito,Online,187.0,17
3159,2026-04-17,17:30,87,Camiseta Casual,Camiseta,Rosa,G,4,25.88,0.0,103.52,PIX,Online,86.0,13
3160,2026-04-21,19:30,158,Blusa Social,Blusa,Rosa,M,3,185.68,27.85,529.19,Crediário,Online,311.0,14
3161,12-05-2026,19:45,123,Blusa Esporte,Blusa,Rosa,P,2,261.56,26.16,496.96,Dinheiro,Física,384.0,9
3162,2026-08-09,19:00  ,7,Jaqueta Esporte,Jaqueta,Preta,P,1,33.34,0.0,33.34,Cartão de Crédito,Online,530.0,2
3163,2026-09-10,18:45,75,Jaqueta Casual,Jaqueta,Azul,G,3,238.16,0.0,714.48,Crediário,Online,104.0,8
3164,2026-04-24,20:45,97,Camiseta Slim,Camiseta,Azul,M,3,174.51,0.0,523.53,Dinheiro,Online,402.0,17
3165,17/09/26,09:30,180,Acessório X,Acessório,Cinza,G,2,73.69,14.74,132.64,Cartão de Crédito,Física,17.0,13
3166,2026-07-14,12:15,66,Bermuda X,Bermuda,Branca,G,1,98.66,14.8,83.86,Cartão de Crédito,Online,332.0,11
3167,2026-08-02,10:15,114,Jaqueta Esporte,Jaqueta,Verde,P,2,60.77,0.0,121.54,PIX,Física,38.0,11
3168,2026-07-21,12:15,86,Bermuda Casual,Bermuda,Branca,P,4,211.18,42.24,802.48,Cartão de Débito,Online,160.0,25
3169,2026-03-23,17:45,44,Jaqueta Esporte,Jaqueta,Azul,GG,3,198.07,0.0,594.21,PIX,Online,119.0,14
3170,2026-09-18,12:45,44,Jaqueta Esporte,Jaqueta,Azul,GG,3,198.07,89.13,505.08,Cartão de Crédito,Online,,12
3171,2026-07-31,11:30,24,Blusa X,Blusa,Cinza,GG,4,80.81,48.49,274.75,Cartão de Crédito,Online,491.0,14
3172,2026-09-12,11:30,48,Camiseta Esporte,Camiseta,Preta,G,2,170.37,34.07,306.67,Dinheiro,Online,47.0,11
3173,2026-04-13,19:45,65,Jaqueta Social,Jaqueta,Cinza,GG,4,77.68,31.07,279.65,Dinheiro,Online,52.0,23
3174,2026-04-06,18:00,116,Blusa Casual,Blusa,Azul,G,4,332.71,133.08,1197.76,Cartão de Débito,Online,480.0,5
3175,2026-06-11,11:00,15,Blusa Social,Blusa,Azul,M,1,303.57,45.54,258.03,Cartão de Crédito,Física,68.0,16
3176,2026-09-19,14:15,107,Blusa Slim,Blusa,Preta,M,3,264.43,79.33,713.96,Crediário,Física,290.0,20
3177,2026-09-07,21:30,178,Calça Básica,Calça,Azul,GG,3,144.41,0.0,433.23,Cartão de Débito,Online,242.0,15
3178,2026-04-24,12:15,8,Blusa Social,Blusa,Preta,M,2,290.68,29.07,552.29,PIX,Física,259.0,13
3179,2026-07-17,19:15,22,Vestido Social,Vestido,Rosa,G,2,289.54,57.91,521.17,PIX,Física,515.0,20
3180,2026-04-20,16:45,48,Camiseta Esporte,Camiseta,Preta,G,3,170.37,0.0,511.11,PIX,Física,428.0,25
3181,2026-06-01,21:15,180,Acessório X,Acessório,Cinza,G,1,73.69,7.37,66.32,Cartão de Crédito,Física,61940.0,16
3182,2026-04-28,10:45,51,Jaqueta Slim,Jaqueta,Verde,M,2,118.56,0.0,237.12,Cartão de Crédito,Online,439.0,21
3183,2026-03-06,13:00,67,Bermuda Básica,Bermuda,Cinza,P,2,318.87,31.89,605.85,Cartão de Crédito,Física,513.0,2
3184,2026-03-19,21:30,55,Vestido Premium,Vestido,Verde,P,4,95.27,0.0,381.08,Cartão de Débito,Online,355.0,6
3185,2026-08-27,16:00,167,Acessório Casual,Acessório,Preta,P,3,326.38,97.91,881.23,Cartão de Débito,Física,102.0,12
3186,2026-05-21,13:15,105,Vestido Esporte,Vestido,Vermelha,P,2,168.87,16.89,320.85,Crediário,Online,522.0,10
3187,2026-06-10,19:00,169,Vestido Esporte,Vestido,Rosa,M,4,120.16,0.0,480.64,Crediário,Online,399.0,14
3188,2026-09-20,17:00,131,Vestido Básica,Vestido,Vermelha,M,2,38.91,0.0,77.82,Dinheiro,Online,589.0,7
3189,2026-06-30,15:15,175,Calça Social,Calça,Rosa,P,4,90.45,0.0,361.8,Dinheiro,Online,535.0,14
3190,2026-09-24,11:30,157,Blusa Social,Blusa,Rosa,GG,1,325.37,0.0,325.37,Cartão de Débito,Online,324.0,25
3191,2026-05-17,11:45,1,Acessório Premium,Acessório,Verde,G,2,129.26,12.93,245.59,Cartão de Débito,Física,430.0,21
3192,2026-09-20,21:00,18,Vestido Premium,Vestido,Vermelha,P,4,221.89,44.38,843.18,Cartão de Débito,Online,,14
3193,2026-04-07,19:45,45,Blusa Social,Blusa,Cinza,G,4,158.82,95.29,539.99,Cartão de Débito,Física,471.0,16
3194,2026-05-24,16:15,26,Bermuda Slim,Bermuda,Branca,P,4,207.97,0.0,831.88,Cartão de Crédito,Online,381.0,21
3195,2026-04-11,21:45,169,Vestido Esporte,Vestido,Rosa,M,4,120.16,0.0,480.64,PIX,Online,14.0,15
3196,2026-05-18,12:45,95,Bermuda Básica,Bermuda,Verde,P,1,40.47,4.05,36.42,PIX,Online,58.0,11
3197,2026-04-04,15:00,152,Acessório Básica,Acessório,Verde,GG,2,238.11,0.0,476.22,Pix,Online,410.0,1
3198,2026-04-30,13:15,78,Blusa Casual,Blusa,Cinza,M,2,332.45,99.74,565.16,Dinheiro,Física,379.0,16
3199,2026-07-05,15:15,122,Bermuda Casual,Bermuda,Rosa,GG,1,286.85,0.0,"R$ 286,85",Cartão de Débito,Física,333.0,13
3200,2026-04-10,13:00,143,Acessório Premium,Acessório,Rosa,M,4,297.19,178.31,1010.45,Dinheiro,Online,484.0,25
3201,2026-07-11,12:00,138,Acessório Social,Acessório,Rosa,G,1,125.4,0.0,125.4,Dinheiro,Física,26.0,15
3202,2026-04-20,12:15,112,Calça Básica,Calça,Azul,M,2,318.38,0.0,636.76,Cartão de Crédito,Online,29.0,16
3203,2026-03-05,20:00,165,Blusa Casual,Blusa,Rosa,GG,3,156.99,23.55,447.42,PIX,Física,330.0,11
3204,2026-09-13,16:00,87,Camiseta Casual,Camiseta,Rosa,G,2,25.88,7.76,44.0,PIX,Física,370.0,16
3205,2026-06-15,13:45,148,Acessório Premium,Acessório,Vermelha,GG,4,36.52,14.61,131.47,Cartão de Débito,Online,536.0,11
3206,26/03/2026,19:45,110,Bermuda Esporte,Bermuda,Branca,GG,1,116.53,0.0,116.53,Cartão de Débito,Online,156.0,17
3207,2026-05-15,10:00,44,Jaqueta Esporte,Jaqueta,Azul,GG,2,198.07,59.42,336.72,Dinheiro,Online,168.0,16
3208,2026-06-10,11:30,74,Acessório Social,Acessório,Preta,GG,2,90.99,9.1,172.88,Cartão de Débito,Física,83.0,18
3209,2026-04-26,18:30,36,Vestido Social,Vestido,Azul,P,1,348.35,0.0,348.35,Cartão de Débito,Online,237.0,24
3210,2026-06-05, 09:15,154,Acessório Esporte,Acessório,Azul,M,2,140.03,0.0,280.06,cartão de crédito,Online,150.0,16
3211,2026-05-02,10:15,128,Bermuda Básica,Bermuda,Preta,GG,3,193.28,28.99,550.85,Cartão de Débito,Física,,17
3212,2026-03-23,15:15,109,Camiseta Básica,Camiseta,Cinza,P,2,128.12,25.62,230.62,Cartão de Crédito,Física,255.0,12
3213,2026-08-23,14:15,40,Bermuda Esporte,Bermuda,Azul,G,3,78.7,0.0,236.1,DINHEIRO,Física,144.0,5
3214,2026-04-29,09:30,17,Acessório Casual,Acessório,Rosa,P,4,277.21,55.44,1053.4,Cartão de Crédito,Online,490.0,23
3215,2026-03-03,18:30,145,Bermuda Esporte,Bermuda,Cinza,G,1,144.91,0.0,144.91,Cartão de Crédito,Física,538.0,13
3216,2026-04-13,17:30,13,Calça X,Calça,Verde,M,2,118.99,0.0,"237,98",PIX,Online,119.0,10
3217,2026-06-19,14:45,81,Calça Social,Calça,Cinza,P,3,125.82,18.87,358.59,Crediário,Online,259.0,25
3218,2026-07-10,13:15,27,Vestido Premium,Vestido,Cinza,G,3,137.14,41.14,370.28,Dinheiro,Online,495.0,23
3219,2026-04-20,14:45,63,Calça Premium,Calça,Vermelha,G,2,277.67,27.77,527.57,PIX,Física,164.0,23
3220,2026-05-18,16:00,10,Jaqueta Casual,Jaqueta,Cinza,GG,4,338.29,67.66,1285.5,Cartão de Débito,Online,526.0,21
3221,2026-03-18,09:45,86,Bermuda Casual,Bermuda,Branca,P,3,211.18,0.0,633.54,Cartão de Débito,Física,506.0,8
3222,2026-09-07,18:30,5,Jaqueta Slim,Jaqueta,Branca,GG,4,87.47,0.0,349.88,Cartão de Crédito,Física,,15
3223,2026-07-22,13:30,145,Bermuda Esporte,Bermuda,Cinza,G,3,144.91,0.0,434.73,PIX,Física,179.0,20
3224,2026-06-30,12:30,152,Acessório Básica,Acessório,Verde,GG,3,238.11,35.72,678.61,Cartão de Débito,Física,94.0,1
3225,2026-04-01,10:30,131,Vestido Básica,Vestido,Vermelha,M,4,38.91,23.35,132.29,Cartão de Débito,Online,585.0,25
3226,2026-08-12,18:30,161,Vestido X,Vestido,Azul,G,1,67.98,10.2,57.78,PIX,Online,148.0,9
3227,2026-05-02,10:30,11,Calça Básica,Calça,Vermelha,G,2,297.24,29.72,564.76,PIX,Online,291.0,11
3228,2026-09-13,14:15,33,Blusa X,Blusa,Vermelha,P,1,230.83,34.62,196.21,Cartão de Crédito,Online,355.0,9
3229,2026-04-25, 15:00,131,Vestido Básica,Vestido,Vermelha,M,3,38.91,11.67,105.06,PIX,Online,6.0,19
3230,2026-05-30,12:45,155,Bermuda X,Bermuda,Preta,M,2,134.96,0.0,269.92,PIX,Online,510.0,24
3231,2026-08-16,19:45,123,Blusa Esporte,Blusa,Rosa,P,2,261.56,52.31,470.81,Crediário,Física,597.0,2
3232,2026-05-08,15:30,104,Vestido Slim,Vestido,Verde,P,3,221.73,0.0,"665,19",Cartão de Crédito,Online,385.0,18
3233,2026-05-31,12:30,111,Acessório Esporte,Acessório,Rosa,M,3,333.04,99.91,899.21,Cartão de Débito,Online,273.0,4
3234,2026-09-04,18:30,175,Calça Social,Calça,Rosa,P,2,90.45,9.04,171.86,Cartão de Débito,Física,498.0,25
3235,2026-05-14,16:00,132,Acessório Básica,Acessório,Branca,P,3,296.32,133.34,755.62,Crediário,Física,428.0,15
3236,2026-05-23,15:45,57,Jaqueta Básica,Jaqueta,Verde,GG,2,111.2,22.24,200.16,Dinheiro,Online,460.0,20
3237,2026-04-10,19:15,106,Vestido Premium,Vestido,Cinza,G,3,201.43,0.0,604.29,Cartão de Débito,Online,493.0,16
3238,2026-05-05,16:45,113,Blusa Social,Blusa,Rosa,P,2,270.36,0.0,540.72,PIX,Online,357.0,14
3239,2026-07-05,09:15,107,Blusa Slim,Blusa,Preta,M,4,264.43,0.0,1057.72,Cartão de Crédito,Física,319.0,9
3240,2026-05-12,21:30,50,Blusa Esporte,Blusa,Vermelha,GG,2,189.51,0.0,379.02,Cartão de Crédito,Online,411.0,9
3241,2026-09-25,21:30,30,Blusa Básica,Blusa,Preta,M,4,249.41,0.0,997.64,Cartão de Débito,Física,548.0,12
3242,2026-05-22,15:30,93,Blusa Social,Blusa,Vermelha,GG,1,327.13,16.36,310.77,Cartão de Crédito,Online,550.0,2
3243,2026-07-30,10:30,79,Camiseta X,Camiseta,Cinza,G,1,76.54,0.0,76.54,PIX,Online,292.0,12
3244,2026-07-03,21:15  ,128,Bermuda Básica,Bermuda,Preta,GG,2,193.28,0.0,386.56,Cartão de Crédito,Online,338.0,4
3245,2026-07-04,15:30,63,Calça Premium,Calça,Vermelha,G,1,277.67,0.0,277.67,Cartão de Débito,Física,99.0,19
3246,2026-05-16,19:00,152,Acessório Básica,Acessório,Verde,GG,1,238.11,23.81,214.3,PIX,Online,208.0,24
3247,2026-07-13,21:45,125,Vestido Esporte,Vestido,Vermelha,P,2,67.79,0.0,135.58,Cartão de Crédito,Online,383.0,5
3248,2026-05-25,21:15,65,Jaqueta Social,Jaqueta,Cinza,GG,1,77.68,0.0,77.68,Cartão de Crédito,Online,270.0,12
3249,2026-04-30,12:45,137,Camiseta Esporte,Camiseta,Preta,M,3,149.09,22.36,424.91,Cartão de Crédito,Online,396.0,14
3250,2026-07-27,12:30,144,Calça Social,Calça,Cinza,GG,2,200.29,40.06,360.52,CARTÃO DE DÉBITO,Física,459.0,19
3251,2026-05-21,17:15,116,Blusa Casual,Blusa,Azul,G,4,332.71,199.63,1131.21,Dinheiro,Física,363.0,15
3252,2026-09-05,16:15,65,Jaqueta Social,Jaqueta,Cinza,GG,1,77.68,0.0,77.68,Cartão de Débito,Física,78.0,20
3253,2026-03-26,19:30,19,Blusa Casual,Blusa,Preta,M,4,212.08,0.0,848.32,Cartão de Débito,Física,489.0,23
3254,2026-08-27,11:00,31,Vestido Slim,Vestido,Azul,P,1,35.57,0.0,35.57,Cartão de Crédito,Física,383.0,15
3255,2026-08-20,21:45,85,Blusa Casual,Blusa,Vermelha,G,3,273.43,0.0,820.29,Cartão de Débito,Online,196.0,5
3256,2026-07-25,09:30,132,Acessório Básica,Acessório,Branca,P,3,296.32,0.0,888.96,Dinheiro,Online,277.0,6
3257,2026-03-22,19:45,18,Vestido Premium,Vestido,Vermelha,P,4,221.89,44.38,843.18,Cartão de Crédito,Física,206.0,22
3258,2026-05-16,13:15,39,Calça Social,Calça,Vermelha,GG,4,327.41,0.0,1309.64,Cartão de Crédito,Física,212.0,12
3259,2026-06-28,17:00,179,Vestido Básica,Vestido,Azul,G,2,31.43,0.0,62.86,PIX,Física,298.0,5
3260,2026-08-19,20:15,34624,Acessório Esporte,Acessório,Rosa,M,2,333.04,99.91,566.17,PIX,Online,84.0,9
3261,2026-09-23,16:15,148,Acessório Premium,Acessório,Vermelha,GG,1,36.52,3.65,32.87,PIX,Física,206.0,5
3262,2026-03-12,21:00,3,Camiseta Social,Camiseta,Branca,GG,2,48.72,4.87,92.57,Cartão de Débito,Online,321.0,10
3263,2026-07-09,09:45,109,Camiseta Básica,Camiseta,Cinza,P,1,128.12,6.41,"R$ 121,71",PIX,Online,310.0,22
3264,2026-08-23,13:15,8,Blusa Social,Blusa,Preta,M,4,290.68,0.0,1162.72,Crediário,Online,362.0,22
3265,2026-04-23,12:00,178,Calça Básica,Calça,Azul,GG,1,144.41,0.0,144.41,Cartão de Débito,Física,190.0,18
3266,2026-04-09,13:30,95,Bermuda Básica,Bermuda,Verde,P,2,40.47,12.14,68.8,Crediário,Física,97.0,23
3267,2026-06-07,10:45,137,Camiseta Esporte,Camiseta,Preta,M,4,149.09,59.64,536.72,Cartão de Crédito,Online,571.0,8
3268,2026-03-03,09:30,125,Vestido Esporte,Vestido,Vermelha,P,1,67.79,0.0,67.79,Dinheiro,Online,178.0,14
3269,2026-06-06,17:15,61462,Vestido Premium,Vestido,Cinza,G,2,137.14,0.0,274.28,crediário,Online,21.0,15
3270,2026-06-15,11:45,22,Vestido Social,Vestido,Rosa,G,4,289.54,0.0,1158.16,Cartão de Débito,Online,277.0,19
3271,2026-05-12,11:15,111,Acessório Esporte,Acessório,Rosa,M,2,333.04,0.0,666.08,Cartão de Débito,Online,172.0,9
3272,2026-07-16,18:30,29,Blusa Esporte,Blusa,Branca,M,3,318.44,143.3,812.02,Dinheiro,Física,,21
3273,2026-05-10,16:30,102,Bermuda X,Bermuda,Azul,G,1,181.84,0.0,181.84,Cartão de Débito,Física,313.0,12
3274,2026-05-05,21:30,172,Camiseta Social,Camiseta,Rosa,G,4,281.43,112.57,1013.15,PIX,Física,257.0,24
3275,2026-04-27,11:15,124,Jaqueta Slim,Jaqueta,Verde,G,3,210.25,94.61,536.14,Dinheiro,Online,294.0,18
3276,2026-03-24,12:00,122,Bermuda Casual,Bermuda,Rosa,GG,2,286.85,57.37,516.33,Crediário,Física,47.0,17
3277,2026-03-29,10:00,130,Blusa Esporte,Blusa,Verde,GG,2,154.8,15.48,294.12,Crediário,Online,256.0,18
3278,2026-07-02,16:00,160,Calça X,Calça,Verde,P,3,137.04,0.0,411.12,Cartão de Crédito,Física,97.0,13
3279,2026-03-03,10:15,26,Bermuda Slim,Bermuda,Branca,P,3,207.97,0.0,623.91,PIX,Física,439.0,1
3280,2026-05-07,12:45,114,Jaqueta Esporte,Jaqueta,Verde,P,1,60.77,0.0,60.77,PIX,Física,,18
3281,2026-08-03,14:45,105,Vestido Esporte,Vestido,Vermelha,P,4,168.87,0.0,675.48,Cartão de Débito,Física,423.0,10
3282,2026-06-29,18:30,82,Vestido Slim,Vestido,Vermelha,P,2,342.99,68.6,617.38,Cartão de Crédito,Online,443.0,14
3283,12/08/26,17:30,109,Camiseta Básica,Camiseta,Cinza,P,3,128.12,0.0,384.36,Cartão de Crédito,Física,39.0,24
3284,2026-07-31,13:15,18,Vestido Premium,Vestido,Vermelha,P,3,221.89,0.0,665.67,Cartão de Crédito,Online,360.0,3
3285,2026-06-24,19:00,17,Acessório Casual,Acessório,Rosa,P,1,277.21,27.72,249.49,PIX,Online,465.0,16
3286,24/04/2026,12:00,100,Vestido Casual,Vestido,Preta,M,4,76.04,0.0,304.16,Cartão de Débito,Física,135.0,18
3287,2026-05-03,18:00,24,Blusa X,Blusa,Cinza,GG,3,80.81,0.0,242.43,Cartão de Débito,Online,137.0,22
3288,2026-03-25,21:00,123,Blusa Esporte,Blusa,Rosa,P,2,261.56,26.16,496.96,Cartão de Crédito,Online,,6
3289,05-05-2026,12:45,5,Jaqueta Slim,Jaqueta,Branca,GG,4,87.47,0.0,349.88,Cartão de Débito,Online,563.0,3
3290,2026-06-06,21:45,149,Calça Premium,Calça,Vermelha,P,1,296.39,0.0,296.39,Cartão de Crédito,Física,4.0,17
3291,2026-08-08,17:30,67,Bermuda Básica,Bermuda,Cinza,P,3,318.87,1810.347765910681,956.61,Dinheiro,Física,495.0,16
3292,2026-05-10,12:30,76,Bermuda Premium,Bermuda,Vermelha,M,2,45.34,9.07,"R$ 81,61",Cartão de Débito,Online,173.0,12
3293,2026-05-04,17:15,157,Blusa Social,Blusa,Rosa,GG,3,325.37,0.0,976.11,dinheiro,Física,557.0,10
3294,2026-04-01,13:00,33,Blusa X,Blusa,Vermelha,P,1,230.83,11.54,219.29,Crediário,Online,267.0,2
3295,2026-09-16,16:15,111,Acessório Esporte,Acessório,Rosa,M,1,333.04,0.0,333.04,Cartão de Crédito,Online,250.0,17
3296,2026-05-04,13:00,152,Acessório Básica,Acessório,Verde,GG,2,238.11,0.0,476.22,Cartão de Débito,Física,216.0,13
3297,2026-05-22,10:30,169,Vestido Esporte,Vestido,Rosa,M,3,120.16,0.0,360.48,PIX,Física,168.0,2
3298,2026-06-02,21:15,135,Camiseta Slim,Camiseta,Preta,GG,3,333.31,0.0,999.93,Cartão de Crédito,Física,,12
3299,2026-03-16,15:30,144,Calça Social,Calça,Cinza,GG,1,200.29,0.0,200.29,Cartão de Crédito,Online,33.0,6
3300,2026-06-01,15:45,147,Bermuda Básica,Bermuda,Branca,P,3,44.8,0.0,134.4,Dinheiro,Física,,22
3301,2026-07-11,18:30,14,Bermuda Social,Bermuda,Branca,P,3,125.8,0.0,377.4,Crediário,Online,237.0,8
3302,2026-04-21,12:30,127,Vestido Social,Vestido,Rosa,G,1,72.5,0.0,72.5,Cartão de Crédito,Física,240.0,10
3303,2026-09-24,16:45,54,Calça Esporte,Calça,Verde,P,3,77.13,34.71,196.68,Cartão de Crédito,Online,,16
3304,2026-05-05,13:00,69,Camiseta Social,Camiseta,Branca,M,3,96.99,0.0,290.97,Cartão de Débito,Física,,13
3305,2026-08-26,09:45,21,Jaqueta Casual,Jaqueta,Cinza,G,3,186.68,28.0,532.04,Cartão de Crédito,Física,455.0,3
3306,2026-05-11,16:45,116,Blusa Casual,Blusa,Azul,G,4,332.71,0.0,1330.84,PIX,Física,395.0,12
3307,2026-08-12,20:30,166,Vestido Premium,Vestido,Vermelha,GG,3,194.42,0.0,583.26,Cartão de Crédito,Física,445.0,5
3308,2026-08-03, 16:30 ,157,Blusa Social,Blusa,Rosa,GG,2,325.37,0.0,650.74,Cartão de Crédito,Física,261.0,7
3309,2026-08-09,13:30,105,Vestido Esporte,Vestido,Vermelha,P,2,168.87,0.0,337.74,Cartão de Crédito,Online,362.0,15
3310,2026-08-09,21:30,75,Jaqueta Casual,Jaqueta,Azul,G,1,238.16,0.0,238.16,PIX,Física,131.0,10
3311,2026-03-26,10:00,91,Camiseta Casual,Camiseta,Branca,P,3,29.36,8.81,79.27,Cartão de Débito,Online,356.0,24
3312,2026-04-13,18:30,82,Vestido Slim,Vestido,Vermelha,P,1,342.99,0.0,342.99,PIX,Física,295.0,1
3313,2026-07-10,18:00,21,Jaqueta Casual,Jaqueta,Cinza,G,3,186.68,0.0,560.04,PIX,Física,457.0,9
3314,2026-05-06,18:30,109,Camiseta Básica,Camiseta,Cinza,P,1,128.12,0.0,128.12,Cartão de Débito,Online,39.0,10
3315,2026-03-18,19:15,120,Vestido Premium,Vestido,Rosa,GG,1,304.25,0.0,304.25,Cartão de Crédito,Física,406.0,10
3316,2026-05-03,17:15,142,Acessório Básica,Acessório,Cinza,G,4,333.62,0.0,1334.48,PIX,Física,413.0,22
3317,2026-05-12,17:15,172,Camiseta Social,Camiseta,Rosa,G,4,281.43,0.0,1125.72,PIX,Online,516.0,3
3318,2026-04-21,18:30,175,Calça Social,Calça,Rosa,P,1,90.45,0.0,90.45,Cartão de Crédito,Física,164.0,18
3319,2026-05-03,13:30,171,Acessório X,Acessório,Verde,G,2,85.73,25.72,145.74,CREDIÁRIO,Online,451.0,11
3320,2026-03-31,19:45,16,Acessório Casual,Acessório,Verde,GG,3,160.59,0.0,481.77,Crediário,Online,272.0,5
3321,2026-06-01,17:00,8,Blusa Social,Blusa,Preta,M,4,290.68,58.14,1104.58,Dinheiro,Física,118.0,21
3322,2026-03-18,19:15,179,Vestido Básica,Vestido,Azul,G,2,31.43,0.0,62.86,Cartão de Débito,Física,16.0,25
3323,27-08-2026,17:15,122,Bermuda Casual,Bermuda,Rosa,GG,4,286.85,114.74,1032.66,Cartão de Débito,Online,233.0,20
3324,2026-06-03,16:45,155,Bermuda X,Bermuda,Preta,M,1,134.96,13.5,"121,46",Cartão de Crédito,Online,521.0,11
3325,2026-09-20,20:00,114,Jaqueta Esporte,Jaqueta,Verde,P,3,60.77,0.0,182.31,PIX,Física,522.0,2
3326,2026-04-07,21:45,3,Camiseta Social,Camiseta,Branca,GG,4,48.72,9.74,185.14,Cartão de Crédito,Online,306.0,3
3327,15-04-2026,15:15,98,Vestido Social,Vestido,Branca,G,4,290.16,0.0,1160.64,PIX,Física,62.0,20
3328,2026-04-29,15:15,98,Vestido Social,Vestido,Branca,G,2,290.16,0.0,580.32,Cartão de Crédito,Física,488.0,21
3329,2026-03-11,13:30,53,Camiseta Básica,Camiseta,Branca,P,0,204.54,0.0,204.54,Cartão de Crédito,Física,33.0,24
3330,2026-03-19,11:45,85,Blusa Casual,Blusa,Vermelha,G,2,273.43,0.0,546.86,Cartão de Crédito,Física,151.0,16
3331,2026-09-01,10:15,60,Acessório Esporte,Acessório,Azul,G,1,112.08,5.6,106.48,PIX,Online,492.0,17
3332,2026-08-21,18:45,11,Calça Básica,Calça,Vermelha,G,2,297.24,0.0,594.48,Cartão de Débito,Física,310.0,11
3333,2026-03-26,12:15,6,Acessório X,Acessório,Azul,GG,4,334.07,66.81,1269.47,Cartão de Débito,Física,63.0,19
3334,2026-05-05,12:30,84,Jaqueta Básica,Jaqueta,Verde,P,4,313.9,62.78,1192.82,PIX,Física,167.0,9
3335,10/07/2026,11:30,39,Calça Social,Calça,Vermelha,GG,3,327.41,0.0,982.23,Pix,Online,343.0,25
3336,2026-04-30,12:00,9,Jaqueta Social,Jaqueta,Rosa,G,2,97.54,0.0,195.08,Dinheiro,Física,361.0,23
3337,2026-04-25,20:00,88,Camiseta Básica,Camiseta,Branca,GG,2,270.48,27.05,513.91,Cartão de Crédito,Física,251.0,13
3338,20/06/26,10:45,91,Camiseta Casual,Camiseta,Branca,P,3,29.36,13.21,74.87,Dinheiro,Online,489.0,1
3339,2026-08-12,09:15,49,Calça Básica,Calça,Verde,GG,2,193.27,0.0,386.54,PIX,Física,85.0,24
3340,2026-03-07,19:30,146,Acessório Esporte,Acessório,Vermelha,P,3,103.95,15.59,296.26,Crediário,Física,279.0,9
3341,2026-04-02,13:30,57,Jaqueta Básica,Jaqueta,Verde,GG,2,111.2,33.36,189.04,Cartão de Débito,Online,200.0,7
3342,2026-07-02,15:00,59,Acessório X,Acessório,Azul,G,3,137.62,20.64,392.22,PIX,Online,397.0,2
3343,2026-03-06,15:15,107,Blusa Slim,Blusa,Preta,M,3,264.43,39.66,753.63,Cartão de Débito,Online,443.0,2
3344,2026-09-22,10:30,130,Blusa Esporte,Blusa,Verde,GG,2,154.8,0.0,309.6,Crediário,Online,384.0,13
3345,2026-03-01,19:45,35,Jaqueta Premium,Jaqueta,Preta,P,1,289.59,43.44,246.15,PIX,Online,229.0,8
3346,2026-05-25,18:00,46,Acessório X,Acessório,Cinza,M,-1,184.96,0.0,739.84,Cartão de Crédito,Física,248.0,16
3347,2026-07-20,21:00,121,Vestido Casual,Vestido,Verde,G,2,101.83,0.0,203.66,Dinheiro,Online,436.0,20
3348,2026-07-24,14:30,180,Acessório X,Acessório,Cinza,G,1,73.69,0.0,73.69,Cartão de Crédito,Física,545.0,6
3349,2026-04-14,16:00,169,Vestido Esporte,Vestido,Rosa,M,1,120.16,6.01,114.15,Cartão de Crédito,Física,237.0,20
3350,2026-03-21,10:00,26,Bermuda Slim,Bermuda,Branca,P,4,207.97,124.78,707.1,Cartão de Débito,Física,293.0,9
3351,2026-03-18,13:15,173,Jaqueta Casual,Jaqueta,Cinza,GG,1,328.02,0.0,"328,02",PIX,Física,545.0,21
3352,2026-08-12,16:15,64,Camiseta Básica,Camiseta,Rosa,M,3,108.86,0.0,326.58,Crediário,Física,303.0,8
3353,29/08/2026,13:45,135,Camiseta Slim,Camiseta,Preta,GG,4,333.31,199.99,1133.25,Cartão de Débito,Física,504.0,15
3354,2026-03-18,20:00,47,Vestido Premium,Vestido,Cinza,G,2,115.65,0.0,231.3,Cartão de Crédito,Física,276.0,14
3355,2026-07-13,13:15,145,Bermuda Esporte,Bermuda,Cinza,G,4,144.91,0.0,579.64,Dinheiro,Online,174.0,5
3356,2026-03-02,16:00,20,Calça X,Calça,Vermelha,P,3,211.81,0.0,635.43,Crediário,Física,63.0,18
3357,2026-03-16,15:45,78,Blusa Casual,Blusa,Cinza,M,3,332.45,99.74,897.61,Cartão de Crédito,Online,239.0,4
3358,2026-03-14,18:15,172,Camiseta Social,Camiseta,Rosa,G,2,281.43,0.0,562.86,Cartão de Crédito,Física,231.0,10
3359,2026-09-20,15:15,85,Blusa Casual,Blusa,Vermelha,G,1,273.43,13.67,259.76,Cartão de Débito,Física,61.0,12
3360,2026-05-21,14:15,162,Blusa Premium,Blusa,Branca,M,2,219.23,0.0,438.46,Cartão de Crédito,Física,102.0,10
3361,2026-04-12,21:30,179,Vestido Básica,Vestido,Azul,G,1,31.43,0.0,31.43,Cartão de Crédito,Física,55.0,5
3362,2026-06-02,16:00,22417,Jaqueta Esporte,Jaqueta,Preta,P,4,33.34,20.0,113.36,Cartão de Débito,Física,65.0,11
3363,2026-06-28,12:45,100,Vestido Casual,Vestido,Preta,M,1,76.04,3.8,72.24,cartão de crédito,Física,493.0,20
3364,2026-06-10,15:30,11,Calça Básica,Calça,Vermelha,G,1,297.24,14.86,282.38,Crediário,Online,514.0,25
3365,2026-08-26,19:30,138,Acessório Social,Acessório,Rosa,G,2,125.4,25.08,225.72,Cartão de Débito,Física,107.0,16
3366,2026-05-16,15:30,113,Blusa Social,Blusa,Rosa,P,3,270.36,0.0,811.08,Cartão de Crédito,Física,501.0,20
3367,2026-04-17,14:45,29,Blusa Esporte,Blusa,Branca,M,2,318.44,0.0,636.88,Cartão de Débito,Online,302.0,6
3368,2026-05-25,18:15,164,Blusa X,Blusa,Cinza,G,3,193.36,29.0,551.08,Dinheiro,Online,273.0,4
3369,2026-06-28,18:15,131,Vestido Básica,Vestido,Vermelha,M,2,38.91,0.0,77.82,PIX,Física,86.0,24
3370,2026-05-11,15:30,58,Acessório Básica,Acessório,Cinza,P,3,304.84,45.73,868.79,cartão de crédito,Física,66.0,23
3371,2026-06-28,09:30,163,Jaqueta Básica,Jaqueta,Branca,M,2,212.45,21.24,403.66,Cartão de Crédito,Online,124.0,3
3372,2026-08-29,12:45,52,Vestido Casual,Vestido,Rosa,GG,1,235.08,0.0,235.08,Cartão de Crédito,Física,78.0,19
3373,2026-06-10,11:30,133,Calça Social,Calça,Rosa,G,2,39.8,3.98,75.62,Cartão de Débito,Online,196.0,4
3374,2026-07-26,15:15,89,Acessório Slim,Acessório,Preta,P,1,283.36,0.0,283.36,PIX,Online,135.0,22
3375,2026-07-07,18:00,26,Bermuda Slim,Bermuda,Branca,P,2,207.97,0.0,415.94,Cartão de Débito,Física,213.0,23
3376,2026-08-25,14:45,36,Vestido Social,Vestido,Azul,P,3,348.35,156.76,888.29,Cartão de Crédito,Física,219.0,4
3377,2026-06-12, 17:45,49,Calça Básica,Calça,Verde,GG,4,193.27,77.31,695.77,Crediário,Física,382.0,3
3378,2026-04-11,21:30,125,Vestido Esporte,Vestido,Vermelha,P,2,67.79,0.0,135.58,Crediário,Online,369.0,6
3379,2026-09-03,10:45,48,Camiseta Esporte,Camiseta,Preta,G,3,170.37,0.0,511.11,Dinheiro,Física,63.0,1
3380,2026-03-25,15:30,142,Acessório Básica,Acessório,Cinza,G,2,333.62,0.0,667.24,Cartão de Débito,Física,121.0,14
3381,2026-04-25,17:45,14,Bermuda Social,Bermuda,Branca,P,1,125.8,18.87,106.93,Cartão de Débito,Física,572.0,4
3382,2026-08-13,19:00,157,Blusa Social,Blusa,Rosa,GG,3,325.37,0.0,976.11,Crediário,Física,69.0,21
3383,14-09-2026,12:45,40,Bermuda Esporte,Bermuda,Azul,G,1,78.7,0.0,78.7,Cartão de Débito,Física,377.0,9
3384,2026-04-17,16:15,24,Blusa X,Blusa,Cinza,GG,1,80.81,0.0,80.81,Cartão de Crédito,Física,301.0,17
3385,2026-04-26,10:15,120,Vestido Premium,Vestido,Rosa,GG,1,304.25,0.0,304.25,Cartão de Débito,Online,499.0,12
3386,2026-06-09,19:15,71,Camiseta Esporte,Camiseta,Cinza,GG,1,252.73,37.91,214.82,PIX,Online,312.0,23
3387,2026-05-19,15:00,29,Blusa Esporte,Blusa,Branca,M,3,318.44,0.0,955.32,Cartão de Débito,Física,517.0,24
3388,2026-03-19,09:30,17,Acessório Casual,Acessório,Rosa,P,2,277.21,0.0,554.42,Cartão de Crédito,Online,144.0,7
3389,2026-04-10,13:30,36,Vestido Social,Vestido,Azul,P,2,348.35,104.51,592.19,Dinheiro,Online,83.0,16
3390,2026-05-21,09:45,5,Jaqueta Slim,Jaqueta,Branca,GG,1,87.47,0.0,87.47,Cartão de Crédito,Física,355.0,23
3391,2026-03-29,19:30,75,Jaqueta Casual,Jaqueta,Azul,G,4,238.16,95.26,857.38,Cartão de Crédito,Online,516.0,4
3392,2026-08-28,09:30,25,Blusa Social,Blusa,Rosa,M,1,285.55,540.392432188452,285.55,Dinheiro,Física,471.0,9
3393,2026-08-21,09:30,167,Acessório Casual,Acessório,Preta,P,1,326.38,16.32,310.06,Cartão de Crédito,Online,273.0,3
3394,2026-09-07,13:00,11,Calça Básica,Calça,Vermelha,G,2,297.24,59.45,535.03,PIX,Física,269.0,17
3395,2026-06-15,19:15,111,Acessório Esporte,Acessório,Rosa,M,1,333.04,0.0,333.04,Cartão de Crédito,Online,74.0,1
3396,2026-08-01,12:15,26,Bermuda Slim,Bermuda,Branca,P,1,207.97,0.0,207.97,Cartão de Crédito,Online,595.0,19
3397,2026-08-10,13:45,92,Calça Casual,Calça,Rosa,G,3,164.58,24.69,469.05,Cartão de Débito,Física,132.0,6
3398,2026-05-15,16:00,175,Calça Social,Calça,Rosa,P,1,90.45,0.0,90.45,Cartão de Débito,Física,339.0,21
3399,2026-08-26,13:30,109,Camiseta Básica,Camiseta,Cinza,P,4,128.12,0.0,512.48,Crediário,Física,242.0,20
3400,2026-08-12,17:00,137,Camiseta Esporte,Camiseta,Preta,M,1,149.09,0.0,149.09,Cartão de Débito,Online,461.0,15
3401,2026-07-21,17:45,155,Bermuda X,Bermuda,Preta,M,1,134.96,20.24,114.72,PIX,Online,590.0,18
3402,2026-05-30,09:30,104,Vestido Slim,Vestido,Verde,P,3,221.73,66.52,598.67,Cartão de Crédito,Online,485.0,23
3403,2026-09-13,09:00,95,Bermuda Básica,Bermuda,Verde,P,3,40.47,6.07,115.34,Dinheiro,Física,445.0,13
3404,2026-09-16,20:30,147,Bermuda Básica,Bermuda,Branca,P,1,44.8,0.0,44.8,Crediário,Online,575.0,11
3405,2026-09-18,09:00,42,Bermuda Casual,Bermuda,Branca,P,3,336.75,151.54,858.71,Cartão de Crédito,Online,273.0,24
3406,2026-05-19,13:45,170,Blusa Premium,Blusa,Azul,G,4,154.9,0.0,619.6,cartão de crédito,Online,175.0,18
3407,2026-07-09,20:45,6367,Vestido Casual,Vestido,Rosa,GG,2,235.08,0.0,470.16,Crediário,Física,,21
3408,2026-09-14,12:30,165,Blusa Casual,Blusa,Rosa,GG,3,156.99,23.55,447.42,Cartão de Débito,Física,25.0,17
3409,2026-08-13,17:45,111,Acessório Esporte,Acessório,Rosa,M,2,333.04,0.0,666.08,PIX,Física,557.0,2
3410,2026-06-25,18:15,42,Bermuda Casual,Bermuda,Branca,P,4,336.75,202.05,1144.95,Cartão de Crédito,Online,98.0,20
3411,2026-09-25,18:00,6,Acessório X,Acessório,Azul,GG,4,334.07,200.44,1135.84,PIX,Física,67.0,11
3412,2026-07-22,20:30,37,Bermuda Básica,Bermuda,Branca,M,3,197.74,0.0,593.22,Cartão de Crédito,Online,548.0,4
3413,2026-08-28,13:45,124,Jaqueta Slim,Jaqueta,Verde,G,1,210.25,31.54,178.71,Dinheiro,Online,283.0,11
3414,2026-04-21, 16:00 ,23,Blusa X,Blusa,Preta,P,1,219.84,21.98,197.86,Cartão de Crédito,Física,544.0,12
3415,2026-07-13,15:30,23,Blusa X,Blusa,Preta,P,2,219.84,0.0,439.68,Cartão de Crédito,Física,301.0,13
3416,2026-04-05,10:30,153,Vestido Básica,Vestido,Preta,G,2,129.37,0.0,258.74,Crediário,Online,381.0,19
3417,2026-08-21,10:00,158,Blusa Social,Blusa,Rosa,M,3,185.68,83.56,473.48,Cartão de Crédito,Física,551.0,19
3418,2026-08-10,10:15,100,Vestido Casual,Vestido,Preta,M,4,76.04,30.42,273.74,PIX,Online,236.0,25
3419,2026-06-05,18:30,147,Bermuda Básica,Bermuda,Branca,P,1,44.8,4.48,40.32,Cartão de Crédito,Física,183.0,22
3420,2026-05-15,19:45,161,Vestido X,Vestido,Azul,G,1,67.98,10.2,57.78,Crediário,Física,73.0,23
3421,2026-04-26,12:00,36,Vestido Social,Vestido,Azul,P,2,348.35,104.51,592.19,Dinheiro,Online,,8
3422,2026-05-16,12:00,46,Acessório X,Acessório,Cinza,M,4,184.96,0.0,739.84,Dinheiro,Online,2.0,24
3423,2026-05-25,10:00,116,Blusa Casual,Blusa,Azul,G,4,332.71,66.54,1264.3,PIX,Online,235.0,21
3424,2026-09-04, 09:30 ,46,Acessório X,Acessório,Cinza,M,1,184.96,0.0,184.96,Crediário,Online,523.0,17
3425,2026-03-22,10:00,147,Bermuda Básica,Bermuda,Branca,P,1,44.8,2.24,42.56,Cartão de Débito,Online,315.0,6
3426,2026-06-08,14:00,26,Bermuda Slim,Bermuda,Branca,P,1,207.97,0.0,207.97,PIX,Online,463.0,11
3427,2026-08-29,18:15,60,Acessório Esporte,Acessório,Azul,G,1,112.08,16.81,95.27,Cartão de Crédito,Online,80.0,8
3428,07-05-2026,14:15,103,Jaqueta Social,Jaqueta,Verde,G,2,239.05,0.0,478.1,Pix,Física,514.0,5
3429,2026-04-22,16:00,153,Vestido Básica,Vestido,Preta,G,4,129.37,77.62,439.86,PIX,Física,101.0,19
3430,2026-07-06,18:15,147,Bermuda Básica,Bermuda,Branca,P,3,44.8,20.16,114.24,PIX,Online,540.0,4
3431,2026-05-15,17:15,76,Bermuda Premium,Bermuda,Vermelha,M,3,45.34,6.8,129.22,PIX,Online,88.0,18
3432,2026-07-18,13:45,164,Blusa X,Blusa,Cinza,G,1,193.36,0.0,193.36,Cartão de Crédito,Física,332.0,18
3433,2026-05-28,19:15,17,Acessório Casual,Acessório,Rosa,P,3,277.21,83.16,748.47,PIX,Online,181.0,3
3434,2026-08-20,12:15,20,Calça X,Calça,Vermelha,P,4,211.81,84.72,762.52,Cartão de Crédito,Física,49590.0,6
3435,2026-03-07,12:30,162,Blusa Premium,Blusa,Branca,M,2,219.23,65.77,372.69,PIX,Física,179.0,8
3436,2026-07-26,11:45,39,Calça Social,Calça,Vermelha,GG,4,327.41,0.0,1309.64,PIX,Física,362.0,19
3437,2026-09-19,10:15,83,Camiseta Básica,Camiseta,Rosa,M,2,221.65,22.17,421.13,Cartão de Débito,Online,,3
3438,2026-03-26,18:30,46,Acessório X,Acessório,Cinza,M,1,184.96,0.0,184.96,Cartão de Crédito,Online,162.0,3
3439,2026-09-09,17:00,20,Calça X,Calça,Vermelha,P,4,211.81,0.0,847.24,Cartão de Débito,Física,599.0,9
3440,2026-07-05,11:30,157,Blusa Social,Blusa,Rosa,GG,4,325.37,0.0,1301.48,cartão de débito,Online,564.0,8
3441,2026-04-12,09:15,132,Acessório Básica,Acessório,Branca,P,3,296.32,88.9,800.06,Dinheiro,Online,,15
3442,2026-09-20,11:45,108,Bermuda Social,Bermuda,Vermelha,P,1,179.79,0.0,179.79,Cartão de Débito,Online,568.0,12
3443,2026-09-07,13:30,55,Vestido Premium,Vestido,Verde,P,2,95.27,0.0,190.54,Dinheiro,Física,92.0,15
3444,2026-04-25,19:45,22,Vestido Social,Vestido,Rosa,G,4,289.54,0.0,1158.16,Cartão de Débito,Online,217.0,3
3445,2026-05-18,19:30,32,Bermuda Premium,Bermuda,Azul,GG,3,298.98,0.0,896.94,Cartão de Crédito,Online,206.0,6
3446,2026-04-14,13:45,99,Vestido Social,Vestido,Rosa,P,1,135.91,0.0,135.91,PIX,Física,456.0,15
3447,2026-07-17, 14:15,15,Blusa Social,Blusa,Azul,M,2,303.57,60.71,546.43,dinheiro,Física,468.0,18
3448,2026-03-30,14:15,89,Acessório Slim,Acessório,Preta,P,2,283.36,0.0,566.72,PIX,Física,426.0,7
3449,2026-06-13,17:45,146,Acessório Esporte,Acessório,Vermelha,P,1,103.95,0.0,103.95,Crediário,Online,37.0,17
3450,2026-08-23,11:15,103,Jaqueta Social,Jaqueta,Verde,G,2,239.05,47.81,430.29,Dinheiro,Online,378.0,15
3451,2026-03-13,19:45,105,Vestido Esporte,Vestido,Vermelha,P,3,168.87,0.0,506.61,PIX,Online,448.0,7
3452,15-03-2026, 19:15,116,Blusa Casual,Blusa,Azul,G,4,332.71,0.0,1330.84,Cartão de Débito,Online,295.0,13
3453,2026-09-04,19:15,85,Blusa Casual,Blusa,Vermelha,G,2,273.43,54.69,492.17,Crediário,Física,480.0,9
3454,2026-05-19,21:15,125,Vestido Esporte,Vestido,Vermelha,P,4,67.79,40.67,230.49,Crediário,Física,497.0,13
3455,2026-04-19,14:00,143,Acessório Premium,Acessório,Rosa,M,4,297.19,59.44,1129.32,PIX,Online,370.0,9
3456,2026-03-14,16:45,100,Vestido Casual,Vestido,Preta,M,2,76.04,0.0,152.08,PIX,Física,185.0,7
3457,2026-08-27,11:45,118,Camiseta Esporte,Camiseta,Azul,M,4,214.08,0.0,856.32,Cartão de Crédito,Online,415.0,20
3458,2026-03-23,19:30,143,Acessório Premium,Acessório,Rosa,M,3,297.19,44.58,846.99,Cartão de Débito,Física,130.0,9
3459,2026-06-25,18:45,44020,Acessório Slim,Acessório,Branca,P,4,227.76,0.0,911.04,Dinheiro,Física,290.0,24
3460,2026-06-01,13:45,144,Calça Social,Calça,Cinza,GG,2,200.29,20.03,380.55,Dinheiro,Online,20344.0,15
3461,25/04/26,20:30,175,Calça Social,Calça,Rosa,P,3,90.45,40.7,230.65,Dinheiro,Online,589.0,20
3462,2026-04-19,11:45,170,Blusa Premium,Blusa,Azul,G,3,154.9,46.47,418.23,Cartão de Débito,Física,47.0,18
3463,2026-09-13,20:15,170,Blusa Premium,Blusa,Azul,G,1,154.9,0.0,154.9,Dinheiro,Física,226.0,22
3464,2026-09-25,13:00,120,Vestido Premium,Vestido,Rosa,GG,2,304.25,60.85,547.65,PIX,Online,39.0,19
3465,2026-08-30,19:15,177,Bermuda Básica,Bermuda,Branca,G,3,113.66,17.05,323.93,Dinheiro,Física,208.0,11
3466,2026-09-11,17:15,69,Camiseta Social,Camiseta,Branca,M,3,96.99,0.0,290.97,Cartão De Crédito,Física,9.0,9
3467,2026-05-25,11:30,104,Vestido Slim,Vestido,Verde,P,4,221.73,44.35,842.57,Cartão de Crédito,Online,550.0,20
3468,2026-06-22,19:45,79,Camiseta X,Camiseta,Cinza,G,3,76.54,22.96,206.66,Crediário,Online,168.0,22
3469,2026-08-20, 09:45 ,33,Blusa X,Blusa,Vermelha,P,2,230.83,69.25,392.41,PIX,Física,13.0,15
3470,2026-03-07,18:30,126,Vestido Slim,Vestido,Vermelha,M,1,262.43,13.12,249.31,Cartão de Débito,Online,342.0,15
3471,2026-06-08,15:45,171,Acessório X,Acessório,Verde,G,2,85.73,8.57,162.89,Cartão de Débito,Física,258.0,7
3472,2026-05-31,17:00,94555,Acessório Slim,Acessório,Rosa,G,1,250.39,0.0,250.39,Crediário,Online,113.0,4
3473,2026-03-26,09:00,89,Acessório Slim,Acessório,Preta,P,3,283.36,0.0,850.08,Cartão de Crédito,Online,25.0,18
3474,2026-09-09,21:30,144,Calça Social,Calça,Cinza,GG,2,200.29,40.06,360.52,Dinheiro,Online,70.0,10
3475,2026-06-01,12:15,123,Blusa Esporte,Blusa,Rosa,P,2,261.56,26.16,496.96,PIX,Online,436.0,10
3476,2026-04-25,11:45,136,Blusa Social,Blusa,Azul,P,3,114.45,34.34,309.01,Dinheiro,Física,412.0,1
3477,2026-05-04,12:45,147,Bermuda Básica,Bermuda,Branca,P,2,44.8,4.48,85.12,Cartão de Débito,Online,157.0,6
3478,2026-06-14,10:30,121,Vestido Casual,Vestido,Verde,G,4,101.83,0.0,407.32,Crediário,Física,566.0,2
3479,2026-05-23,16:00,59,Acessório X,Acessório,Azul,G,4,137.62,82.57,467.91,PIX,Online,8.0,24
3480,2026-05-08,17:45,99,Vestido Social,Vestido,Rosa,P,4,135.91,0.0,543.64,Cartão de Crédito,Online,584.0,12
3481,2026-05-28,17:00,145,Bermuda Esporte,Bermuda,Cinza,G,1,144.91,21.74,123.17,Crediário,Online,415.0,15
3482,2026-08-07, 09:15 ,58,Acessório Básica,Acessório,Cinza,P,4,304.84,0.0,1219.36,Cartão de Débito,Online,,6
3483,2026-04-21,15:00,111,Acessório Esporte,Acessório,Rosa,M,2,333.04,0.0,666.08,Cartão de Crédito,Online,315.0,25
3484,2026-08-09,09:15,53,Camiseta Básica,Camiseta,Branca,P,2,204.54,20.45,388.63,PIX,Online,370.0,25
3485,2026-08-27,13:00,20,Calça X,Calça,Vermelha,P,3,211.81,0.0,635.43,Crediário,Física,,24
3486,2026-09-20,10:45,166,Vestido Premium,Vestido,Vermelha,GG,3,194.42,0.0,583.26,Cartão de Débito,Online,566.0,20
3487,2026-08-18,09:15,117,Vestido Casual,Vestido,Azul,P,1,314.94,31.49,283.45,Cartão de Crédito,Online,224.0,24
3488,2026-03-21,21:00,155,Bermuda X,Bermuda,Preta,M,2,134.96,40.49,229.43,Cartão de Crédito,Online,588.0,17
3489,2026-08-31,15:45,62,Camiseta Básica,Camiseta,Azul,GG,3,140.6,0.0,421.8,Cartão de Débito,Online,234.0,25
3490,2026-08-19,13:15,147,Bermuda Básica,Bermuda,Branca,P,2,44.8,0.0,89.6,PIX,Física,507.0,1
3491,2026-06-03,21:15,180,Acessório X,Acessório,Cinza,G,4,73.69,0.0,294.76,Cartão de Débito,Online,512.0,3
3492,2026-04-19,21:45,43,Vestido Básica,Vestido,Rosa,G,2,212.4,21.24,403.56,PIX,Física,541.0,6
3493,2026-08-06,19:30,65,Jaqueta Social,Jaqueta,Cinza,GG,4,77.68,46.61,264.11,Cartão de Crédito,Online,,11
3494,2026-03-17,16:45,33,Blusa X,Blusa,Vermelha,P,4,230.83,0.0,923.32,PIX,Física,133.0,5
3495,2026-08-24,20:45,110,Bermuda Esporte,Bermuda,Branca,GG,4,116.53,69.92,396.2,Cartão de Débito,Online,106.0,8
3496,2026-03-16,10:45,138,Acessório Social,Acessório,Rosa,G,3,125.4,0.0,376.2,Cartão de Crédito,Física,18.0,5
3497,2026-04-01,18:45,118,Camiseta Esporte,Camiseta,Azul,M,4,214.08,85.63,770.69,Cartão de Débito,Online,140.0,25
3498,2026-03-25,12:00,134,Calça Slim,Calça,Rosa,P,3,297.88,44.68,848.96,Cartão de Crédito,Online,298.0,11
3499,03-05-2026,09:45,168,Vestido Casual,Vestido,Azul,M,2,255.66,76.7,434.62,PIX,Online,451.0,2
3500,2026-08-07,19:00,28,Camiseta Social,Camiseta,Rosa,GG,2,276.72,83.02,470.42,Cartão de Crédito,Física,574.0,16
3501,2026-04-25,17:00,167,Acessório Casual,Acessório,Preta,P,2,326.38,65.28,587.48,PIX,Online,494.0,6
3502,2026-04-15,11:30,107,Blusa Slim,Blusa,Preta,M,1,264.43,0.0,264.43,Cartão de Débito,Online,269.0,14
3503,2026-05-30,18:45,13,Calça X,Calça,Verde,M,4,118.99,0.0,475.96,Cartão de Crédito,Online,577.0,25
3504,2026-09-07,16:15,21,Jaqueta Casual,Jaqueta,Cinza,G,1,186.68,0.0,186.68,Dinheiro,Online,460.0,3
3505,2026-06-06,11:00,127,Vestido Social,Vestido,Rosa,G,4,72.5,43.5,246.5,PIX,Online,395.0,15
3506,18-09-2026,17:00,82,Vestido Slim,Vestido,Vermelha,P,1,342.99,34.3,308.69,Cartão de Débito,Física,575.0,23
3507,2026-05-24,14:45,4,Jaqueta Básica,Jaqueta,Vermelha,M,4,148.57,0.0,594.28,Cartão de Crédito,Física,309.0,11
3508,2026-03-06,10:15,124,Jaqueta Slim,Jaqueta,Verde,G,3,210.25,0.0,630.75,PIX,Física,1.0,9
3509,2026-05-20,10:00,18,Vestido Premium,Vestido,Vermelha,P,2,221.89,22.19,421.59,PIX,Física,337.0,6
3510,2026-05-27,15:00,142,Acessório Básica,Acessório,Cinza,G,1,333.62,0.0,333.62,Cartão de Débito,Física,387.0,12
3511,2026-09-18,17:45,123,Blusa Esporte,Blusa,Rosa,P,1,261.56,39.23,222.33,PIX,Física,34.0,15
3512,2026-08-17,14:15,20,Calça X,Calça,Vermelha,P,4,211.81,42.36,804.88,Cartão de Débito,Física,213.0,12
3513,2026-04-19,19:45,118,Camiseta Esporte,Camiseta,Azul,M,4,214.08,42.82,"R$ 813,50",PIX,Física,573.0,21
3514,2026-09-20,13:00,8,Blusa Social,Blusa,Preta,M,3,290.68,0.0,872.04,PIX,Física,523.0,3
3515,2026-08-04,13:15,87,Camiseta Casual,Camiseta,Rosa,G,2,25.88,2.59,49.17,Cartão de Crédito,Física,279.0,22
3516,2026-05-29,10:00,44,Jaqueta Esporte,Jaqueta,Azul,GG,3,198.07,29.71,564.5,Cartão de Débito,Online,333.0,6
3517,2026-05-14,18:15,66,Bermuda X,Bermuda,Branca,G,1,98.66,9.87,88.79,Dinheiro,Física,400.0,1
3518,2026-06-19,16:00,142,Acessório Básica,Acessório,Cinza,G,1,333.62,0.0,333.62,Cartão de Crédito,Online,94.0,12
3519,2026-04-24,15:45,6,Acessório X,Acessório,Azul,GG,2,334.07,100.22,567.92,Cartão de Débito,Online,545.0,8
3520,2026-05-09,14:00,42,Bermuda Casual,Bermuda,Branca,P,4,336.75,202.05,1144.95,PIX,Física,103.0,13
3521,2026-03-25,13:30,15,Blusa Social,Blusa,Azul,M,3,303.57,136.61,774.1,Cartão de Débito,Online,366.0,12
3522,2026-09-04,10:30,77,Vestido X,Vestido,Rosa,G,2,195.59,39.12,352.06,Cartão de Crédito,Física,292.0,12
3523,2026-09-10,17:45,4,Jaqueta Básica,Jaqueta,Vermelha,M,4,148.57,89.14,505.14,Cartão de Crédito,Física,24.0,21
3524,05/04/2026,20:30,45652,Vestido Básica,Vestido,Preta,G,2,129.37,0.0,258.74,Cartão de Débito,Física,541.0,14
3525,2026-05-04,18:45,40,Bermuda Esporte,Bermuda,Azul,G,4,78.7,0.0,314.8,Dinheiro,Física,345.0,1
3526,2026-05-19,15:15,126,Vestido Slim,Vestido,Vermelha,M,4,262.43,0.0,1049.72,Cartão de Débito,Física,70.0,2
3527,2026-04-26,16:45,93,Blusa Social,Blusa,Vermelha,GG,3,327.13,49.07,932.32,Cartão de Crédito,Física,,16
3528,2026-03-24,11:30,158,Blusa Social,Blusa,Rosa,M,2,185.68,0.0,371.36,Cartão de Débito,Física,45.0,11
3529,2026-05-20,13:15,53,Camiseta Básica,Camiseta,Branca,P,4,204.54,0.0,818.16,Cartão de Débito,Física,520.0,13
3530,2026-09-20,18:00,119,Vestido Básica,Vestido,Azul,P,4,51.47,10.29,195.59,Cartão de Débito,Física,1.0,16
3531,2026-05-22,12:00,69,Camiseta Social,Camiseta,Branca,M,3,96.99,0.0,290.97,PIX,Física,496.0,22
3532,2026-03-11,10:00,126,Vestido Slim,Vestido,Vermelha,M,1,262.43,0.0,262.43,Dinheiro,Física,,24
3533,2026-04-15,09:00,158,Blusa Social,Blusa,Rosa,M,2,185.68,55.7,315.66,Cartão de Crédito,Online,95.0,16
3534,2026-08-22,10:45,162,Blusa Premium,Blusa,Branca,M,1,219.23,0.0,219.23,Cartão de Débito,Física,326.0,6
3535,2026-03-27,18:00,143,Acessório Premium,Acessório,Rosa,M,2,297.19,89.16,505.22,PIX,Física,90.0,23
3536,2026-04-16,14:15,14,Bermuda Social,Bermuda,Branca,P,3,125.8,56.61,320.79,PIX,Física,,25
3537,2026-06-04,21:45,174,Jaqueta Casual,Jaqueta,Preta,GG,4,214.83,0.0,859.32,Cartão de Débito,Física,216.0,17
3538,2026-03-29,17:15,114,Jaqueta Esporte,Jaqueta,Verde,P,4,60.77,0.0,243.08,Crediário,Física,228.0,20
3539,2026-05-15,21:00,149,Calça Premium,Calça,Vermelha,P,3,296.39,88.92,800.25,Dinheiro,Física,443.0,16
3540,2026-04-30,13:00,69,Camiseta Social,Camiseta,Branca,M,2,96.99,0.0,193.98,Cartão de Débito,Física,397.0,9
3541,2026-06-23,10:30,177,Bermuda Básica,Bermuda,Branca,G,2,113.66,22.73,204.59,Crediário,Física,,3
3542,2026-03-20,19:00,53,Camiseta Básica,Camiseta,Branca,P,2,204.54,0.0,409.08,Cartão de Crédito,Online,60.0,16
3543,2026-08-25,21:30,128,Bermuda Básica,Bermuda,Preta,GG,2,193.28,57.98,328.58,Cartão de Crédito,Física,264.0,3
3544,2026-04-12,09:45,118,Camiseta Esporte,Camiseta,Azul,M,4,214.08,0.0,856.32,Dinheiro,Física,73.0,1
3545,2026-04-26,12:45,143,Acessório Premium,Acessório,Rosa,M,3,297.19,89.16,802.41,crediário,Física,442.0,24
3546,2026-07-28,10:30  ,94,Acessório Casual,Acessório,Verde,M,2,202.82,0.0,405.64,Cartão de Débito,Física,532.0,12
3547,2026-08-07,11:45,166,Vestido Premium,Vestido,Vermelha,GG,3,194.42,29.16,554.1,PIX,Física,191.0,4
3548,2026-06-10,14:00,135,Camiseta Slim,Camiseta,Preta,GG,2,333.31,33.33,633.29,Dinheiro,Física,475.0,20
3549,2026-07-14,13:30,37,Bermuda Básica,Bermuda,Branca,M,1,197.74,19.77,177.97,Crediário,Online,393.0,16
3550,2026-05-08,11:00,127,Vestido Social,Vestido,Rosa,G,4,72.5,0.0,290.0,PIX,Física,35.0,23
3551,2026-03-30,15:45,24,Blusa X,Blusa,Cinza,GG,4,80.81,0.0,323.24,Cartão de Crédito,Física,49.0,21
3552,2026-04-27,11:00,10,Jaqueta Casual,Jaqueta,Cinza,GG,1,338.29,0.0,338.29,Crediário,Online,,1
3553,2026-03-20,17:45,148,Acessório Premium,Acessório,Vermelha,GG,2,36.52,10.96,62.08,PIX,Física,239.0,19
3554,2026-09-21,12:45,158,Blusa Social,Blusa,Rosa,M,1,185.68,0.0,185.68,Dinheiro,Física,299.0,2
3555,2026-08-18,16:15,97,Camiseta Slim,Camiseta,Azul,M,2,174.51,0.0,349.02,Crediário,Física,146.0,9
3556,2026-05-06,21:15,5,Jaqueta Slim,Jaqueta,Branca,GG,0,87.47,17.49,332.39,PIX,Física,530.0,20
3557,2026-05-31,20:30,6,Acessório X,Acessório,Azul,GG,4,334.07,0.0,1336.28,Cartão de Crédito,Online,447.0,13
3558,2026-09-13,13:00,160,Calça X,Calça,Verde,P,4,137.04,54.82,493.34,Cartão de Crédito,Física,594.0,14
3559,2026-04-23,13:30,61,Acessório Básica,Acessório,Rosa,M,4,281.06,0.0,1124.24,Cartão de Débito,Física,220.0,17
3560,2026-08-31,19:00,155,Bermuda X,Bermuda,Preta,M,2,134.96,510.81325615936595,269.92,Cartão de Crédito,Física,193.0,9
3561,2026-08-29,09:45,82,Vestido Slim,Vestido,Vermelha,P,1,342.99,17.15,325.84,Cartão de Débito,Online,381.0,25
3562,2026-07-10,12:45,61,Acessório Básica,Acessório,Rosa,M,1,281.06,0.0,281.06,Crediário,Online,527.0,22
3563,2026-06-10,12:15,174,Jaqueta Casual,Jaqueta,Preta,GG,2,214.83,64.45,365.21,Cartão de Débito,Física,344.0,11
3564,2026-07-30,20:00,163,Jaqueta Básica,Jaqueta,Branca,M,2,212.45,63.73,361.17,Cartão de Débito,Física,233.0,2
3565,2026-08-24, 19:30 ,27,Vestido Premium,Vestido,Cinza,G,2,137.14,27.43,246.85,Cartão de Crédito,Online,573.0,2
3566,2026-09-05,09:30,76,Bermuda Premium,Bermuda,Vermelha,M,4,45.34,18.14,163.22,Crediário,Física,395.0,13
3567,25-09-2026,18:15,15,Blusa Social,Blusa,Azul,M,1,303.57,0.0,"303,57",Dinheiro,Física,,3
3568,2026-05-15,09:30,85,Blusa Casual,Blusa,Vermelha,G,2,273.43,54.69,492.17,PIX,Online,434.0,22
3569,2026-08-01,10:45,140,Acessório Premium,Acessório,Rosa,G,3,155.17,46.55,418.96,Dinheiro,Física,524.0,12
3570,2026-08-07,15:00,10,Jaqueta Casual,Jaqueta,Cinza,GG,3,338.29,101.49,913.38,PIX,Física,507.0,23
3571,2026-07-24,20:45,124,Jaqueta Slim,Jaqueta,Verde,G,2,210.25,63.08,357.42,Dinheiro,Física,156.0,4
3572,2026-06-10,14:45,49,Calça Básica,Calça,Verde,GG,1,193.27,0.0,193.27,Cartão de Débito,Online,94.0,14
3573,2026-09-12,21:45,114,Jaqueta Esporte,Jaqueta,Verde,P,2,60.77,18.23,103.31,Cartão de Crédito,Física,582.0,11
3574,2026-03-31,20:00,154,Acessório Esporte,Acessório,Azul,M,1,140.03,14.0,126.03,Cartão de Crédito,Online,103.0,1
3575,13/07/26,14:15,48,Camiseta Esporte,Camiseta,Preta,G,1,170.37,0.0,170.37,Dinheiro,Online,535.0,7
3576,2026-06-27,09:15,107,Blusa Slim,Blusa,Preta,M,4,264.43,0.0,1057.72,Cartão de Crédito,Física,391.0,6
3577,2026-04-09,17:30,124,Jaqueta Slim,Jaqueta,Verde,G,4,210.25,42.05,798.95,Dinheiro,Física,19.0,1
3578,2026-04-14,15:15,129,Vestido X,Vestido,Branca,GG,1,295.38,0.0,295.38,Cartão de Débito,Física,306.0,25
3579,2026-04-14, 13:00 ,17,Acessório Casual,Acessório,Rosa,P,4,277.21,55.44,1053.4,Crediário,Física,360.0,13
3580,2026-03-03,16:15,43,Vestido Básica,Vestido,Rosa,G,4,212.4,0.0,849.6,Cartão de Débito,Online,387.0,20
3581,2026-05-20,09:00,173,Jaqueta Casual,Jaqueta,Cinza,GG,3,328.02,0.0,984.06,Cartão de Crédito,Online,142.0,6
3582,2026-05-18,12:30,32,Bermuda Premium,Bermuda,Azul,GG,4,298.98,59.8,1136.12,Cartão de Débito,Online,296.0,9
3583,2026-06-11,15:30,62,Camiseta Básica,Camiseta,Azul,GG,1,140.6,0.0,140.6,Cartão de Crédito,Física,331.0,4
3584,2026-07-12,18:00,8,Blusa Social,Blusa,Preta,M,2,290.68,58.14,523.22,Crediário,Online,208.0,12
3585,2026-06-04,13:45,6,Acessório X,Acessório,Azul,GG,2,334.07,100.22,567.92,cartão de crédito,Física,173.0,17
3586,2026-08-21,11:00,141,Acessório Slim,Acessório,Rosa,G,3,250.39,0.0,751.17,PIX,Física,518.0,15
3587,2026-09-09,17:30,152,Acessório Básica,Acessório,Verde,GG,2,238.11,47.62,428.6,Cartão de Débito,Física,563.0,5
3588,2026-09-21,11:15,169,Vestido Esporte,Vestido,Rosa,M,4,120.16,0.0,480.64,PIX,Física,25.0,1
3589,2026-03-12,09:45,56,Bermuda Casual,Bermuda,Verde,P,4,269.73,0.0,1078.92,Cartão de Débito,Online,208.0,14
3590,06-06-2026, 20:00 ,162,Blusa Premium,Blusa,Branca,M,2,219.23,21.92,416.54,PIX,Online,445.0,2
3591,2026-03-26,09:15,96,Bermuda Casual,Bermuda,Branca,M,2,123.65,0.0,247.3,Cartão de Crédito,Online,84.0,5
3592,2026-07-01,18:15,144,Calça Social,Calça,Cinza,GG,1,200.29,0.0,200.29,Crediário,Física,379.0,13
3593,2026-09-25,21:45,50,Blusa Esporte,Blusa,Vermelha,GG,1,189.51,28.43,161.08,Cartão de Débito,Física,142.0,25
3594,2026-03-24,18:30,119,Vestido Básica,Vestido,Azul,P,4,51.47,20.59,185.29,Cartão de Crédito,Online,304.0,21
3595,2026-03-17,09:30,28,Camiseta Social,Camiseta,Rosa,GG,3,276.72,41.51,788.65,Cartão de Crédito,Física,221.0,8
3596,2026-09-14,10:00,106,Vestido Premium,Vestido,Cinza,G,1,201.43,10.07,191.36,Cartão de Crédito,Física,509.0,6
3597,2026-07-17,16:15,2,Camiseta Básica,Camiseta,Cinza,P,4,57.67,23.07,207.61,Dinheiro,Online,279.0,9
3598,2026-05-08,11:45,138,Acessório Social,Acessório,Rosa,G,4,125.4,0.0,501.6,Cartão de Débito,Online,485.0,1
3599,2026-07-30,14:45,117,Vestido Casual,Vestido,Azul,P,3,314.94,94.48,850.34,Cartão de Débito,Física,368.0,7
3600,2026-07-16,19:45,42,Bermuda Casual,Bermuda,Branca,P,1,336.75,0.0,"R$ 336,75",Cartão de Débito,Online,326.0,15
3601,2026-04-12,10:15,1,Acessório Premium,Acessório,Verde,G,3,129.26,0.0,387.78,Crediário,Física,446.0,12
3602,2026-06-23,13:00,47,Vestido Premium,Vestido,Cinza,G,1,115.65,0.0,115.65,Cartão de Débito,Física,290.0,9
3603,2026-08-17,21:15,50,Blusa Esporte,Blusa,Vermelha,GG,2,189.51,0.0,379.02,Crediário,Online,407.0,4
3604,2026-07-23,13:30,7,Jaqueta Esporte,Jaqueta,Preta,P,1,33.34,1.67,31.67,Crediário,Online,17.0,6
3605,2026-05-05,12:45,86,Bermuda Casual,Bermuda,Branca,P,2,211.18,0.0,422.36,Cartão de Crédito,Física,11.0,5
3606,2026-06-29,16:00,2,Camiseta Básica,Camiseta,Cinza,P,3,57.67,0.0,173.01,Cartão de Débito,Online,24.0,4
3607,2026-05-20,11:30,68,Jaqueta Premium,Jaqueta,Vermelha,G,-1,65.29,39.17,221.99,Cartão de Débito,Física,39.0,21
3608,2026-06-21,11:15,110,Bermuda Esporte,Bermuda,Branca,GG,3,116.53,0.0,349.59,PIX,Física,450.0,17
3609,2026-04-14,18:00,9,Jaqueta Social,Jaqueta,Rosa,G,1,97.54,0.0,97.54,Dinheiro,Física,408.0,1
3610,2026-04-26,09:15,70,Blusa Slim,Blusa,Verde,GG,1,203.23,20.32,182.91,Dinheiro,Online,50.0,24
3611,2026-04-16,18:45,62,Camiseta Básica,Camiseta,Azul,GG,2,140.6,14.06,267.14,PIX,Física,386.0,13
3612,2026-03-03,09:45,81,Calça Social,Calça,Cinza,P,4,125.82,0.0,503.28,PIX,Online,95.0,24
3613,2026-04-13,15:45,168,Vestido Casual,Vestido,Azul,M,2,255.66,0.0,511.32,Cartão de Débito,Online,208.0,17
3614,2026-09-22,18:45,110,Bermuda Esporte,Bermuda,Branca,GG,4,116.53,46.61,419.51,PIX,Física,,13
3615,2026-04-20,19:45,116,Blusa Casual,Blusa,Azul,G,4,332.71,199.63,1131.21,PIX,Física,13.0,12
3616,2026-04-30,20:15,97,Camiseta Slim,Camiseta,Azul,M,1,174.51,26.18,148.33,Crediário,Física,591.0,20
3617,2026-03-16,20:00,66105,Camiseta Esporte,Camiseta,Azul,M,1,214.08,0.0,214.08,PIX,Online,314.0,2
3618,2026-03-18,18:15,139,Acessório Slim,Acessório,Branca,P,2,227.76,0.0,455.52,Dinheiro,Online,434.0,19
3619,2026-09-18,10:00,70,Blusa Slim,Blusa,Verde,GG,4,203.23,81.29,731.63,Cartão de Débito,Online,,14
3620,2026-07-09,09:15,94,Acessório Casual,Acessório,Verde,M,1,202.82,0.0,202.82,PIX,Física,,3
3621,2026-06-24,17:15,137,Camiseta Esporte,Camiseta,Preta,M,4,149.09,29.82,566.54,Cartão de Débito,Online,135.0,5
3622,2026-03-05,14:15,117,Vestido Casual,Vestido,Azul,P,3,314.94,0.0,944.82,Crediário,Física,184.0,19
3623,2026-07-09,12:45,105,Vestido Esporte,Vestido,Vermelha,P,3,168.87,0.0,506.61,Cartão de Crédito,Física,486.0,11
3624,2026-09-11,12:45,133,Calça Social,Calça,Rosa,G,2,39.8,0.0,79.6,PIX,Online,321.0,25
3625,2026-08-20,11:00,59,Acessório X,Acessório,Azul,G,1,137.62,0.0,137.62,PIX,Online,555.0,6
3626,2026-07-28,12:00,49,Calça Básica,Calça,Verde,GG,4,193.27,0.0,773.08,Cartão de Débito,Online,245.0,25
3627,2026-07-09,17:00,87,Camiseta Casual,Camiseta,Rosa,G,4,25.88,15.53,87.99,Cartão de Débito,Online,76.0,16
3628,2026-03-11,12:00,42,Bermuda Casual,Bermuda,Branca,P,4,336.75,0.0,1347.0,PIX,Online,169.0,9
3629,2026-09-18,12:00  ,80,Jaqueta Casual,Jaqueta,Cinza,P,4,258.13,154.88,877.64,Cartão de Débito,Online,225.0,21
3630,2026-05-19,09:30,152,Acessório Básica,Acessório,Verde,GG,1,238.11,11.91,226.2,Cartão de Débito,Online,352.0,17
3631,2026-06-10,16:30,75,Jaqueta Casual,Jaqueta,Azul,G,2,238.16,23.82,452.5,Pix,Online,273.0,8
3632,2026-08-27,12:15,86,Bermuda Casual,Bermuda,Branca,P,4,211.18,42.24,802.48,Crediário,Online,352.0,4
3633,2026-07-05,20:15,9,Jaqueta Social,Jaqueta,Rosa,G,2,97.54,0.0,195.08,pix,Online,178.0,8
3634,2026-08-10,15:45,54,Calça Esporte,Calça,Verde,P,1,77.13,0.0,77.13,PIX,Online,558.0,2
3635,2026-03-31, 14:30 ,156,Jaqueta Básica,Jaqueta,Branca,G,1,292.56,29.26,263.3,PIX,Física,489.0,14
3636,2026-04-01,14:45,166,Vestido Premium,Vestido,Vermelha,GG,1,194.42,19.44,174.98,Crediário,Física,505.0,10
3637,2026-09-14,09:00,59,Acessório X,Acessório,Azul,G,4,137.62,27.52,522.96,Cartão de Crédito,Online,120.0,5
3638,2026-03-18,18:45,142,Acessório Básica,Acessório,Cinza,G,3,333.62,0.0,1000.86,PIX,Física,592.0,6
3639,2026-03-07,21:00,33,Blusa X,Blusa,Vermelha,P,3,230.83,103.87,588.62,Cartão De Crédito,Física,568.0,22
3640,2026-06-16,10:00,174,Jaqueta Casual,Jaqueta,Preta,GG,-1,214.83,42.97,816.35,Cartão de Crédito,Online,504.0,3
3641,2026-08-07,10:15,122,Bermuda Casual,Bermuda,Rosa,GG,4,286.85,57.37,1090.03,Cartão de Débito,Física,242.0,24
3642,2026-07-12,21:15,169,Vestido Esporte,Vestido,Rosa,M,1,120.16,0.0,120.16,Cartão De Débito,Física,477.0,3
3643,2026-07-04,14:00,59,Acessório X,Acessório,Azul,G,2,137.62,27.52,247.72,Pix,Online,107.0,3
3644,2026-04-25,09:15,105,Vestido Esporte,Vestido,Vermelha,P,2,168.87,0.0,337.74,Crediário,Online,425.0,15
3645,2026-07-26,09:45,114,Jaqueta Esporte,Jaqueta,Verde,P,1,60.77,3.04,57.73,Cartão de Crédito,Física,291.0,7
3646,2026-07-16,21:15,51,Jaqueta Slim,Jaqueta,Verde,M,3,118.56,35.57,320.11,Cartão de Débito,Física,183.0,16
3647,2026-05-28,09:15,75,Jaqueta Casual,Jaqueta,Azul,G,1,238.16,0.0,238.16,Cartão de Débito,Online,441.0,20
3648,26/07/2026,15:15,6,Acessório X,Acessório,Azul,GG,1,334.07,0.0,334.07,Cartão de Crédito,Física,330.0,12
3649,2026-07-10,14:45,109,Camiseta Básica,Camiseta,Cinza,P,3,128.12,57.65,326.71,PIX,Online,408.0,5
3650,2026-08-24,12:15,106,Vestido Premium,Vestido,Cinza,G,1,201.43,0.0,201.43,Cartão de Débito,Online,597.0,9
3651,2026-05-16,14:00,107,Blusa Slim,Blusa,Preta,M,3,264.43,79.33,713.96,Cartão de Crédito,Física,81.0,2
3652,2026-04-15, 16:45 ,109,Camiseta Básica,Camiseta,Cinza,P,2,128.12,0.0,"R$ 256,24",Dinheiro,Física,410.0,25
3653,2026-07-23,15:15,125,Vestido Esporte,Vestido,Vermelha,P,4,67.79,0.0,271.16,Cartão de Crédito,Online,587.0,7
3654,2026-03-05,16:15,35,Jaqueta Premium,Jaqueta,Preta,P,4,289.59,0.0,1158.36,Dinheiro,Online,576.0,6
3655,2026-06-12,20:15,107,Blusa Slim,Blusa,Preta,M,4,264.43,52.89,1004.83,Cartão de Crédito,Online,95621.0,5
3656,2026-04-18,17:15,151,Blusa Casual,Blusa,Preta,P,4,121.09,0.0,484.36,Cartão de Crédito,Online,509.0,8
3657,2026-04-30,13:15,90,Blusa Premium,Blusa,Branca,G,4,177.57,0.0,710.28,Cartão de Débito,Online,509.0,17
3658,2026-07-31,18:45,85,Blusa Casual,Blusa,Vermelha,G,3,273.43,41.01,779.28,Crediário,Online,72.0,13
3659,2026-05-14,19:15,11,Calça Básica,Calça,Vermelha,G,2,297.24,29.72,564.76,Crediário,Online,463.0,1
3660,2026-09-10,11:30,115,Jaqueta Social,Jaqueta,Preta,GG,3,278.18,0.0,834.54,Cartão de Crédito,Física,178.0,22
3661,2026-03-28,11:30,135,Camiseta Slim,Camiseta,Preta,GG,3,333.31,50.0,949.93,CARTÃO DE CRÉDITO,Online,227.0,13
3662,2026-05-02,21:00,126,Vestido Slim,Vestido,Vermelha,M,4,262.43,157.46,892.26,Cartão De Crédito,Física,523.0,9
3663,2026-07-25,11:30,173,Jaqueta Casual,Jaqueta,Cinza,GG,4,328.02,65.6,1246.48,PIX,Física,304.0,4
3664,2026-07-29,15:15,13,Calça X,Calça,Verde,M,4,118.99,47.6,428.36,Cartão de Crédito,Física,44.0,25
3665,2026-09-20,17:00,75,Jaqueta Casual,Jaqueta,Azul,G,1,238.16,35.72,202.44,Cartão de Crédito,Física,438.0,6
3666,2026-04-05,12:30,47,Vestido Premium,Vestido,Cinza,G,4,115.65,46.26,416.34,Crediário,Online,359.0,25
3667,2026-03-01,14:15,105,Vestido Esporte,Vestido,Vermelha,P,1,168.87,16.89,151.98,Cartão de Débito,Física,231.0,7
3668,26/03/26,16:15,174,Jaqueta Casual,Jaqueta,Preta,GG,2,214.83,42.97,386.69,PIX,Online,524.0,16
3669,2026-03-14,11:45,55,Vestido Premium,Vestido,Verde,P,3,95.27,14.29,271.52,Cartão de Débito,Física,437.0,4
3670,2026-05-26,21:00,21,Jaqueta Casual,Jaqueta,Cinza,G,2,186.68,0.0,373.36,PIX,Online,218.0,13
3671,2026-04-11,21:00,53,Camiseta Básica,Camiseta,Branca,P,1,204.54,0.0,204.54,Cartão de Débito,Online,552.0,21
3672,2026-08-13,11:15,38,Calça X,Calça,Azul,G,1,234.51,0.0,234.51,PIX,Online,581.0,22
3673,2026-07-31,19:30,102,Bermuda X,Bermuda,Azul,G,2,181.84,0.0,363.68,Cartão de Crédito,Online,517.0,11
3674,2026-03-25,19:00,59,Acessório X,Acessório,Azul,G,4,137.62,82.57,467.91,Cartão de Débito,Física,21642.0,24
3675,2026-06-22,09:15,9,Jaqueta Social,Jaqueta,Rosa,G,4,97.54,58.52,331.64,Crediário,Física,445.0,12
3676,2026-04-03,11:45,58,Acessório Básica,Acessório,Cinza,P,4,304.84,0.0,1219.36,PIX,Online,277.0,5
3677,2026-05-16,09:00,1,Acessório Premium,Acessório,Verde,G,2,129.26,38.78,219.74,PIX,Física,426.0,22
3678,2026-04-27,18:30,130,Blusa Esporte,Blusa,Verde,GG,4,154.8,0.0,619.2,PIX,Online,457.0,8
3679,2026-07-10,11:45,61,Acessório Básica,Acessório,Rosa,M,4,281.06,56.21,1068.03,Cartão de Débito,Física,453.0,11
3680,2026-05-21,10:45,63,Calça Premium,Calça,Vermelha,G,1,277.67,0.0,277.67,Cartão de Débito,Física,37.0,23
3681,2026-03-13,13:30,45,Blusa Social,Blusa,Cinza,G,3,158.82,0.0,476.46,PIX,Online,363.0,11
3682,2026-03-15,13:00,12,Bermuda Esporte,Bermuda,Cinza,M,3,327.44,0.0,982.32,Dinheiro,Online,408.0,20
3683,2026-04-19,09:15,134,Calça Slim,Calça,Rosa,P,4,297.88,0.0,1191.52,PIX,Online,302.0,21
3684,2026-04-05,16:30,105,Vestido Esporte,Vestido,Vermelha,P,2,168.87,16.89,320.85,Dinheiro,Online,290.0,6
3685,2026-05-15,15:15,169,Vestido Esporte,Vestido,Rosa,M,1,120.16,12.02,108.14,Cartão de Débito,Online,178.0,3
3686,2026-09-02,16:45,12,Bermuda Esporte,Bermuda,Cinza,M,1,327.44,32.74,294.7,Cartão de Débito,Online,78.0,17
3687,2026-08-07,09:45,40,Bermuda Esporte,Bermuda,Azul,G,1,78.7,0.0,78.7,Cartão de Débito,Online,59.0,20
3688,2026-07-01,10:00,17,Acessório Casual,Acessório,Rosa,P,3,277.21,0.0,831.63,Cartão de Crédito,Física,49.0,23
3689,2026-05-23,12:00,106,Vestido Premium,Vestido,Cinza,G,3,201.43,60.43,543.86,PIX,Online,293.0,22
3690,2026-04-26,20:15,109,Camiseta Básica,Camiseta,Cinza,P,1,128.12,19.22,108.9,Cartão de Crédito,Física,26.0,2
3691,2026-06-27,12:15,160,Calça X,Calça,Verde,P,3,137.04,0.0,411.12,Cartão de Débito,Online,297.0,16
3692,2026-06-14,19:45,154,Acessório Esporte,Acessório,Azul,M,-2,140.03,0.0,140.03,Cartão de Crédito,Física,237.0,25
3693,2026-05-21,18:15,73,Vestido Social,Vestido,Preta,P,2,83.59,8.36,158.82,Cartão de Débito,Física,34.0,18
3694,2026-06-10,14:45,176,Camiseta Premium,Camiseta,Vermelha,GG,1,225.97,33.9,192.07,Cartão de Crédito,Online,211.0,1
3695,2026-09-22,19:15,126,Vestido Slim,Vestido,Vermelha,M,1,262.43,26.24,236.19,Cartão de Débito,Física,84.0,19
3696,2026-04-22,10:15,145,Bermuda Esporte,Bermuda,Cinza,G,2,144.91,0.0,289.82,Cartão de Crédito,Física,244.0,16
3697,2026-04-19,10:15,172,Camiseta Social,Camiseta,Rosa,G,1,281.43,42.21,"R$ 239,22",Cartão de Crédito,Online,118.0,2
3698,2026-04-16,14:15,22,Vestido Social,Vestido,Rosa,G,1,289.54,0.0,289.54,Cartão de Débito,Física,424.0,23
3699,2026-03-14,18:45,121,Vestido Casual,Vestido,Verde,G,2,101.83,0.0,203.66,Crediário,Online,59.0,12
3700,2026-08-26,10:15,112,Calça Básica,Calça,Azul,M,4,318.38,191.03,1082.49,PIX,Online,146.0,11
3701,2026-06-28,13:45,61,Acessório Básica,Acessório,Rosa,M,1,281.06,28.11,252.95,CARTÃO DE CRÉDITO,Online,538.0,19
3702,2026-04-12,21:15,64,Camiseta Básica,Camiseta,Rosa,M,3,108.86,32.66,293.92,PIX,Online,19.0,7
3703,2026-04-23,19:30,53,Camiseta Básica,Camiseta,Branca,P,3,204.54,0.0,613.62,Cartão de Crédito,Física,343.0,25
3704,2026-04-13,13:00,179,Vestido Básica,Vestido,Azul,G,2,31.43,0.0,62.86,PIX,Física,386.0,25
3705,2026-06-30,19:15,87,Camiseta Casual,Camiseta,Rosa,G,4,25.88,5.18,98.34,Cartão de Débito,Online,20.0,11
3706,2026-07-16,14:00,165,Blusa Casual,Blusa,Rosa,GG,2,156.99,47.1,266.88,Crediário,Online,277.0,25
3707,2026-03-11,17:30,3,Camiseta Social,Camiseta,Branca,GG,3,48.72,21.92,124.24,Cartão de Débito,Física,118.0,1
3708,2026-07-24,12:00,41,Jaqueta Casual,Jaqueta,Cinza,GG,4,274.27,0.0,1097.08,PIX,Online,95.0,25
3709,2026-07-07,12:15,153,Vestido Básica,Vestido,Preta,G,4,129.37,0.0,517.48,Dinheiro,Física,600.0,11
3710,2026-05-29,14:00,12,Bermuda Esporte,Bermuda,Cinza,M,3,327.44,1673.106445013092,884.09,PIX,Física,338.0,11
3711,2026-09-20,10:00,37,Bermuda Básica,Bermuda,Branca,M,2,197.74,39.55,355.93,Cartão de Débito,Online,307.0,24
3712,2026-05-05,14:00,5,Jaqueta Slim,Jaqueta,Branca,GG,4,87.47,52.48,297.4,Cartão de Débito,Online,236.0,6
3713,2026-03-30,14:30,155,Bermuda X,Bermuda,Preta,M,3,134.96,60.73,344.15,Cartão de Crédito,Online,30543.0,6
3714,2026-06-02,18:00,88,Camiseta Básica,Camiseta,Branca,GG,0,270.48,0.0,540.96,Crediário,Online,428.0,1
3715,2026-03-27,13:00,72,Blusa Premium,Blusa,Verde,GG,2,252.12,75.64,428.6,Cartão de Débito,Física,306.0,12
3716,2026-09-22,12:30,140,Acessório Premium,Acessório,Rosa,G,1,155.17,0.0,155.17,Dinheiro,Online,595.0,14
3717,2026-06-04,12:00,10,Jaqueta Casual,Jaqueta,Cinza,GG,2,338.29,0.0,676.58,PIX,Física,495.0,14
3718,20/07/26,14:30,122,Bermuda Casual,Bermuda,Rosa,GG,4,286.85,57.37,1090.03,Cartão de Crédito,Online,371.0,4
3719,2026-03-04,19:00,66,Bermuda X,Bermuda,Branca,G,4,98.66,0.0,394.64,Cartão de Débito,Online,442.0,22
3720,2026-07-05,13:00,101,Vestido Social,Vestido,Vermelha,GG,3,158.47,71.31,404.1,PIX,Online,226.0,10
3721,2026-06-15,15:30,117,Vestido Casual,Vestido,Azul,P,2,314.94,0.0,629.88,PIX,Online,571.0,5
3722,2026-05-13,18:45,18,Vestido Premium,Vestido,Vermelha,P,2,221.89,44.38,399.4,Cartão de Débito,Física,,21
3723,2026-08-11,20:45,110,Bermuda Esporte,Bermuda,Branca,GG,2,116.53,23.31,209.75,Cartão de Débito,Física,352.0,18
3724,2026-09-11,11:45,173,Jaqueta Casual,Jaqueta,Cinza,GG,3,328.02,0.0,984.06,Cartão de Crédito,Física,349.0,17
3725,2026-03-26, 18:00,85,Blusa Casual,Blusa,Vermelha,G,2,273.43,0.0,546.86,PIX,Online,13.0,10
3726,2026-07-09,13:15,97,Camiseta Slim,Camiseta,Azul,M,2,174.51,0.0,349.02,Cartão de Crédito,Online,164.0,24
3727,12/08/26,11:30,43,Vestido Básica,Vestido,Rosa,G,2,212.4,0.0,424.8,Crediário,Online,,13
3728,2026-07-08,13:45,180,Acessório X,Acessório,Cinza,G,3,73.69,33.16,187.91,Cartão de Crédito,Física,341.0,7
3729,2026-04-12,19:45,92,Calça Casual,Calça,Rosa,G,4,164.58,65.83,592.49,Cartão de Débito,Física,9.0,12
3730,2026-08-04,19:30,85,Blusa Casual,Blusa,Vermelha,G,3,273.43,123.04,697.25,Cartão de Crédito,Online,351.0,3
3731,2026-07-25,15:30,96,Bermuda Casual,Bermuda,Branca,M,3,123.65,0.0,370.95,pix,Online,597.0,4
3732,2026-05-06,19:30,162,Blusa Premium,Blusa,Branca,M,3,219.23,0.0,657.69,Cartão de Débito,Física,459.0,5
3733,30/05/2026,18:30,61,Acessório Básica,Acessório,Rosa,M,3,281.06,84.32,758.86,Cartão de Crédito,Online,235.0,14
3734,2026-09-21,09:45,10,Jaqueta Casual,Jaqueta,Cinza,GG,1,338.29,50.74,287.55,PIX,Online,57.0,20
3735,2026-06-14,15:45,21,Jaqueta Casual,Jaqueta,Cinza,G,3,186.68,28.0,532.04,Cartão de Crédito,Online,27.0,23
3736,2026-08-07,19:00,38,Calça X,Calça,Azul,G,3,234.51,70.35,633.18,Cartão de Crédito,Online,113.0,5
3737,2026-03-12, 14:00 ,41,Jaqueta Casual,Jaqueta,Cinza,GG,2,274.27,54.85,493.69,Cartão de Crédito,Online,255.0,20
3738,2026-09-11,19:00,107,Blusa Slim,Blusa,Preta,M,2,264.43,0.0,528.86,Crediário,Online,98.0,20
3739,2026-05-29,16:15,124,Jaqueta Slim,Jaqueta,Verde,G,2,210.25,0.0,"R$ 420,50",Cartão de Débito,Online,409.0,6
3740,2026-05-10,19:00,122,Bermuda Casual,Bermuda,Rosa,GG,1,286.85,14.34,272.51,Cartão de Débito,Física,81.0,12
3741,2026-05-25,09:30,109,Camiseta Básica,Camiseta,Cinza,P,3,128.12,0.0,384.36,Cartão de Débito,Física,139.0,16
3742,2026-06-11,21:15,175,Calça Social,Calça,Rosa,P,1,90.45,9.04,81.41,PIX,Online,,2
3743,2026-08-20,10:15,22,Vestido Social,Vestido,Rosa,G,1,289.54,28.95,260.59,Cartão de Crédito,Online,362.0,22
3744,2026-09-15,11:15,65,Jaqueta Social,Jaqueta,Cinza,GG,1,77.68,11.65,66.03,Dinheiro,Física,70.0,6
3745,2026-07-12,18:45,92,Calça Casual,Calça,Rosa,G,3,164.58,0.0,493.74,PIX,Online,392.0,6
3746,2026-07-12,14:00,104,Vestido Slim,Vestido,Verde,P,4,221.73,133.04,753.88,Cartão de Crédito,Online,107.0,11
3747,2026-06-04,21:45,112,Calça Básica,Calça,Azul,M,2,318.38,95.51,541.25,Cartão de Débito,Física,412.0,9
3748,17-06-2026,18:30,25814,Calça Básica,Calça,Azul,GG,2,144.41,0.0,288.82,Cartão de Débito,Online,578.0,10
3749,2026-04-27,18:45,130,Blusa Esporte,Blusa,Verde,GG,3,154.8,23.22,441.18,Crediário,Online,367.0,20
3750,2026-04-24, 09:00 ,173,Jaqueta Casual,Jaqueta,Cinza,GG,3,328.02,0.0,984.06,Dinheiro,Online,301.0,18
3751,2026-06-16,10:30,91,Camiseta Casual,Camiseta,Branca,P,4,29.36,17.62,99.82,Cartão de Crédito,Online,470.0,22
3752,2026-09-04,14:30,4,Jaqueta Básica,Jaqueta,Vermelha,M,1,148.57,22.29,126.28,Cartão de Crédito,Online,11.0,1
3753,2026-04-19,18:30,121,Vestido Casual,Vestido,Verde,G,1,101.83,15.27,86.56,PIX,Online,461.0,17
3754,2026-03-17,16:00,51910,Vestido Slim,Vestido,Azul,P,4,35.57,0.0,142.28,Dinheiro,Online,293.0,5
3755,2026-06-23,09:45,100,Vestido Casual,Vestido,Preta,M,3,76.04,0.0,228.12,PIX,Online,,3
3756,2026-05-18,14:00,75,Jaqueta Casual,Jaqueta,Azul,G,3,238.16,107.17,607.31,Cartão de Débito,Física,537.0,1
3757,2026-05-19,10:15,175,Calça Social,Calça,Rosa,P,2,90.45,9.04,171.86,Cartão de Crédito,Física,294.0,7
3758,2026-04-12,10:30,25,Blusa Social,Blusa,Rosa,M,3,285.55,0.0,856.65,Cartão de Débito,Online,34.0,2
3759,2026-09-23,10:00,53,Camiseta Básica,Camiseta,Branca,P,4,204.54,0.0,818.16,Cartão de Crédito,Online,171.0,21
3760,2026-08-09,09:00,179,Vestido Básica,Vestido,Azul,G,3,31.43,0.0,94.29,Cartão de Débito,Física,48.0,25
3761,2026-07-11,12:30,97,Camiseta Slim,Camiseta,Azul,M,1,174.51,0.0,174.51,Cartão de Crédito,Física,154.0,11
3762,2026-06-25,10:00,98,Vestido Social,Vestido,Branca,G,3,290.16,130.57,739.91,Cartão de Débito,Online,471.0,1
3763,2026-06-01,15:45,118,Camiseta Esporte,Camiseta,Azul,M,2,214.08,64.22,363.94,Cartão de Crédito,Online,560.0,4
3764,2026-07-17,21:45,123,Blusa Esporte,Blusa,Rosa,P,4,261.56,104.62,941.62,Cartão de Crédito,Online,218.0,8
3765,2026-09-25,11:45,149,Calça Premium,Calça,Vermelha,P,1,296.39,0.0,296.39,Cartão de Débito,Física,406.0,7
3766,2026-04-24,15:45,146,Acessório Esporte,Acessório,Vermelha,P,4,103.95,0.0,415.8,PIX,Online,52.0,12
3767,2026-03-31,17:15,138,Acessório Social,Acessório,Rosa,G,1,125.4,18.81,106.59,Dinheiro,Física,547.0,20
3768,2026-06-23,17:15,137,Camiseta Esporte,Camiseta,Preta,M,1,149.09,0.0,149.09,Dinheiro,Física,136.0,7
3769,2026-07-13,18:30,66,Bermuda X,Bermuda,Branca,G,2,98.66,0.0,197.32,Cartão de Crédito,Online,213.0,6
3770,2026-06-24,15:15,2,Camiseta Básica,Camiseta,Cinza,P,3,57.67,0.0,173.01,Cartão de Débito,Física,203.0,6
3771,2026-05-22,18:15,122,Bermuda Casual,Bermuda,Rosa,GG,1,286.85,28.68,258.17,Dinheiro,Física,38510.0,8
3772,2026-05-28,18:45,164,Blusa X,Blusa,Cinza,G,4,193.36,0.0,773.44,PIX,Física,12.0,25
3773,2026-04-09,20:30,148,Acessório Premium,Acessório,Vermelha,GG,2,36.52,0.0,73.04,Cartão de Débito,Online,535.0,11
3774,2026-04-22,21:00,43,Vestido Básica,Vestido,Rosa,G,1,212.4,10.62,201.78,Cartão de Débito,Online,61.0,15
3775,2026-08-28,09:15,121,Vestido Casual,Vestido,Verde,G,2,101.83,0.0,203.66,Cartão de Crédito,Online,422.0,18
3776,2026-08-22,12:45,17,Acessório Casual,Acessório,Rosa,P,1,277.21,41.58,235.63,Cartão de Débito,Física,375.0,15
3777,2026-05-20,12:30,133,Calça Social,Calça,Rosa,G,2,39.8,0.0,79.6,Cartão de Crédito,Online,138.0,15
3778,2026-07-06,11:00,32,Bermuda Premium,Bermuda,Azul,GG,4,298.98,59.8,1136.12,PIX,Online,,23
3779,2026-06-29,09:45,144,Calça Social,Calça,Cinza,GG,4,200.29,80.12,721.04,Dinheiro,Online,103.0,22
3780,2026-05-04,10:15,28,Camiseta Social,Camiseta,Rosa,GG,1,276.72,0.0,276.72,Cartão de Débito,Online,306.0,11
3781,2026-07-23,21:30,108,Bermuda Social,Bermuda,Vermelha,P,1,179.79,0.0,179.79,Cartão de Débito,Online,568.0,16
3782,2026-03-22,13:30,37,Bermuda Básica,Bermuda,Branca,M,1,197.74,9.89,187.85,Dinheiro,Física,352.0,11
3783,2026-04-16,16:30,4,Jaqueta Básica,Jaqueta,Vermelha,M,4,148.57,59.43,534.85,Dinheiro,Física,568.0,3
3784,2026-07-17,14:00,47,Vestido Premium,Vestido,Cinza,G,3,115.65,17.35,329.6,Crediário,Online,574.0,15
3785,2026-06-09,16:00  ,12,Bermuda Esporte,Bermuda,Cinza,M,4,327.44,0.0,1309.76,Cartão de Crédito,Física,466.0,1
3786,2026-07-21,11:45,39,Calça Social,Calça,Vermelha,GG,1,327.41,16.37,311.04,Cartão de Débito,Física,563.0,11
3787,2026-04-19,10:45,130,Blusa Esporte,Blusa,Verde,GG,4,154.8,61.92,557.28,Cartão de Débito,Física,442.0,23
3788,2026-05-16, 18:45 ,148,Acessório Premium,Acessório,Vermelha,GG,4,36.52,21.91,124.17,Cartão de Crédito,Online,500.0,18
3789,2026-06-16,11:00,22,Vestido Social,Vestido,Rosa,G,1,289.54,14.48,275.06,Crediário,Física,42.0,15
3790,2026-08-17,17:30,46,Acessório X,Acessório,Cinza,M,2,184.96,0.0,369.92,Cartão de Crédito,Online,52.0,10
3791,2026-03-18,14:15,76,Bermuda Premium,Bermuda,Vermelha,M,4,45.34,0.0,181.36,Cartão de Débito,Física,372.0,1
3792,2026-08-12,15:00,83,Camiseta Básica,Camiseta,Rosa,M,3,221.65,0.0,664.95,Cartão de Crédito,Online,133.0,25
3793,2026-04-21, 12:30 ,71,Camiseta Esporte,Camiseta,Cinza,GG,1,252.73,12.64,240.09,Dinheiro,Online,485.0,7
3794,2026-08-25,14:15,172,Camiseta Social,Camiseta,Rosa,G,4,281.43,0.0,1125.72,Cartão de Débito,Física,414.0,24
3795,2026-06-27,21:00,170,Blusa Premium,Blusa,Azul,G,4,154.9,61.96,557.64,PIX,Online,542.0,3
3796,2026-03-24,11:45,120,Vestido Premium,Vestido,Rosa,GG,1,304.25,0.0,304.25,Dinheiro,Online,285.0,18
3797,2026-05-06,15:30,73,Vestido Social,Vestido,Preta,P,4,83.59,33.44,300.92,Cartão de Débito,Online,495.0,5
3798,2026-08-05,13:15,91,Camiseta Casual,Camiseta,Branca,P,1,29.36,0.0,29.36,Crediário,Online,31.0,25
3799,2026-08-04,12:00,34,Acessório Slim,Acessório,Azul,M,4,220.29,0.0,881.16,Cartão de Débito,Online,386.0,13
3800,2026-04-10,13:30,115,Jaqueta Social,Jaqueta,Preta,GG,1,278.18,13.91,264.27,cartão de crédito,Online,189.0,24
3801,2026-09-11,11:15,149,Calça Premium,Calça,Vermelha,P,4,296.39,177.83,1007.73,Cartão de Crédito,Física,426.0,19
3802,2026-09-12,17:45,90,Blusa Premium,Blusa,Branca,G,2,177.57,0.0,355.14,Dinheiro,Online,287.0,6
3803,2026-03-26,15:45,160,Calça X,Calça,Verde,P,3,137.04,0.0,411.12,Cartão de Crédito,Online,160.0,24
3804,2026-04-17,19:00,120,Vestido Premium,Vestido,Rosa,GG,2,304.25,30.42,578.08,Dinheiro,Online,510.0,15
3805,2026-08-16,16:15,164,Blusa X,Blusa,Cinza,G,3,193.36,29.0,551.08,Dinheiro,Física,355.0,12
3806,2026-04-30,10:45,45,Blusa Social,Blusa,Cinza,G,3,158.82,0.0,476.46,Cartão de Crédito,Física,572.0,25
3807,2026-08-25,16:00,14,Bermuda Social,Bermuda,Branca,P,2,125.8,12.58,239.02,Cartão de Débito,Física,63.0,3
3808,2026-06-28, 21:15,152,Acessório Básica,Acessório,Verde,GG,1,238.11,35.72,202.39,PIX,Física,247.0,4
3809,2026-05-13,13:30,110,Bermuda Esporte,Bermuda,Branca,GG,1,116.53,0.0,116.53,Cartão de Débito,Online,374.0,7
3810,2026-06-04,19:30,62,Camiseta Básica,Camiseta,Azul,GG,1,140.6,0.0,140.6,Cartão de Débito,Física,572.0,2
3811,2026-04-12,15:45,46,Acessório X,Acessório,Cinza,M,1,184.96,9.25,175.71,PIX,Física,300.0,8
3812,2026-08-22,09:00,149,Calça Premium,Calça,Vermelha,P,1,296.39,44.46,251.93,Cartão de Débito,Física,9.0,17
3813,2026-04-29,09:45,21,Jaqueta Casual,Jaqueta,Cinza,G,3,186.68,0.0,560.04,PIX,Física,418.0,12
3814,2026-04-24,20:30,38,Calça X,Calça,Azul,G,-2,234.51,0.0,234.51,Cartão de Débito,Online,45553.0,11
3815,2026-09-03,14:30,14,Bermuda Social,Bermuda,Branca,P,1,125.8,6.29,"119,51",Cartão de Débito,Física,511.0,21
3816,2026-07-18,19:45,97,Camiseta Slim,Camiseta,Azul,M,4,174.51,0.0,698.04,Dinheiro,Física,398.0,19
3817,2026-04-04,20:30,170,Blusa Premium,Blusa,Azul,G,1,154.9,0.0,154.9,Cartão de Crédito,Física,477.0,13
3818,2026-07-02,20:15,160,Calça X,Calça,Verde,P,3,137.04,0.0,411.12,Crediário,Online,,6
3819,2026-03-27,10:00,103,Jaqueta Social,Jaqueta,Verde,G,1,239.05,0.0,239.05,Cartão de Crédito,Online,226.0,25
3820,2026-08-08,14:30,106,Vestido Premium,Vestido,Cinza,G,4,201.43,0.0,"805,72",Dinheiro,Online,125.0,16
3821,2026-06-25,10:30,19,Blusa Casual,Blusa,Preta,M,2,212.08,21.21,402.95,PIX,Online,269.0,7
3822,2026-06-10,10:45,88,Camiseta Básica,Camiseta,Branca,GG,2,270.48,27.05,513.91,Cartão de Crédito,Física,433.0,11
3823,2026-03-21,16:45,42,Bermuda Casual,Bermuda,Branca,P,2,336.75,0.0,673.5,Cartão de Débito,Online,196.0,5
3824,2026-06-08,20:15,16,Acessório Casual,Acessório,Verde,GG,4,160.59,96.35,546.01,Cartão de Crédito,Física,80.0,9
3825,2026-08-09,21:30,161,Vestido X,Vestido,Azul,G,1,67.98,0.0,67.98,Cartão de Débito,Física,543.0,16
3826,2026-03-14,13:15,132,Acessório Básica,Acessório,Branca,P,1,296.32,0.0,296.32,Dinheiro,Online,,3
3827,2026-06-05,16:45,145,Bermuda Esporte,Bermuda,Cinza,G,3,144.91,0.0,434.73,Cartão de Crédito,Física,357.0,1
3828,2026-06-30,12:00,167,Acessório Casual,Acessório,Preta,P,2,326.38,0.0,652.76,Cartão de Crédito,Física,155.0,16
3829,2026-04-20,15:00,14,Bermuda Social,Bermuda,Branca,P,2,125.8,37.74,213.86,PIX,Física,224.0,20
3830,2026-07-07,18:45,36,Vestido Social,Vestido,Azul,P,2,348.35,34.84,661.86,Cartão de Crédito,Física,405.0,20
3831,2026-05-18,18:00,108,Bermuda Social,Bermuda,Vermelha,P,1,179.79,26.97,152.82,Dinheiro,Física,326.0,12
3832,2026-08-05,09:15,69,Camiseta Social,Camiseta,Branca,M,3,96.99,0.0,290.97,PIX,Física,,5
3833,2026-08-15,10:30,56,Bermuda Casual,Bermuda,Verde,P,3,269.73,0.0,809.19,Crediário,Online,6.0,20
3834,2026-03-08,10:45,87,Camiseta Casual,Camiseta,Rosa,G,2,25.88,0.0,51.76,Cartão de Crédito,Física,,22
3835,2026-03-05,20:15,46,Acessório X,Acessório,Cinza,M,4,184.96,0.0,739.84,Crediário,Física,88.0,10
3836,2026-08-04,09:30,5,Jaqueta Slim,Jaqueta,Branca,GG,1,87.47,8.75,"R$ 78,72",Dinheiro,Física,382.0,4
3837,2026-03-21,17:45,158,Blusa Social,Blusa,Rosa,M,1,185.68,18.57,167.11,Cartão de Débito,Online,44.0,13
3838,2026-03-24,20:15,89,Acessório Slim,Acessório,Preta,P,4,283.36,0.0,1133.44,Cartão de Crédito,Online,304.0,21
3839,2026-07-04,15:30,96,Bermuda Casual,Bermuda,Branca,M,1,123.65,12.37,111.28,Cartão de Crédito,Online,509.0,16
3840,2026-08-29, 09:15 ,47,Vestido Premium,Vestido,Cinza,G,1,115.65,17.35,98.3,PIX,Física,,8
3841,2026-08-10,10:15,68,Jaqueta Premium,Jaqueta,Vermelha,G,3,65.29,0.0,195.87,Cartão de Crédito,Física,245.0,12
3842,2026-08-09,09:45,56,Bermuda Casual,Bermuda,Verde,P,3,269.73,0.0,809.19,PIX,Online,398.0,8
3843,2026-03-22,19:00,176,Camiseta Premium,Camiseta,Vermelha,GG,4,225.97,0.0,903.88,PIX,Física,185.0,10
3844,2026-08-16,20:30,58,Acessório Básica,Acessório,Cinza,P,3,304.84,0.0,914.52,Pix,Online,508.0,4
3845,31/05/2026,21:15,89,Acessório Slim,Acessório,Preta,P,4,283.36,0.0,1133.44,Cartão de Crédito,Física,274.0,19
3846,2026-03-12, 10:00,24,Blusa X,Blusa,Cinza,GG,2,80.81,8.08,153.54,Crediário,Física,533.0,9
3847,2026-08-03,13:45,152,Acessório Básica,Acessório,Verde,GG,3,238.11,35.72,678.61,PIX,Física,419.0,13
3848,2026-09-13,21:00,37,Bermuda Básica,Bermuda,Branca,M,4,197.74,0.0,790.96,Cartão de Débito,Online,,1
3849,2026-04-21,16:30,125,Vestido Esporte,Vestido,Vermelha,P,4,67.79,40.67,230.49,Dinheiro,Física,212.0,7
3850,2026-08-25,18:45,169,Vestido Esporte,Vestido,Rosa,M,2,120.16,12.02,228.3,Cartão de Crédito,Online,308.0,22
3851,2026-03-26,15:00,36,Vestido Social,Vestido,Azul,P,1,348.35,0.0,348.35,Dinheiro,Física,591.0,13
3852,2026-09-21,15:30,167,Acessório Casual,Acessório,Preta,P,1,326.38,48.96,277.42,Cartão de Crédito,Online,536.0,6
3853,2026-03-21,12:00,121,Vestido Casual,Vestido,Verde,G,3,101.83,0.0,305.49,cartão de crédito,Online,403.0,16
3854,2026-09-04,11:00,95,Bermuda Básica,Bermuda,Verde,P,4,40.47,8.09,153.79,Cartão de Débito,Física,58818.0,19
3855,2026-05-10,20:00,135,Camiseta Slim,Camiseta,Preta,GG,4,333.31,199.99,1133.25,Cartão De Débito,Online,466.0,7
3856,2026-04-21,16:15,33,Blusa X,Blusa,Vermelha,P,4,230.83,0.0,923.32,Cartão de Crédito,Física,15.0,22
3857,2026-04-05,09:30,23,Blusa X,Blusa,Preta,P,2,219.84,0.0,439.68,Dinheiro,Online,497.0,4
3858,2026-03-16,09:00,162,Blusa Premium,Blusa,Branca,M,1,219.23,32.88,186.35,Cartão De Débito,Física,2.0,20
3859,2026-05-23,13:00,90,Blusa Premium,Blusa,Branca,G,4,177.57,0.0,710.28,Crediário,Física,544.0,20
3860,2026-05-16,14:30,51,Jaqueta Slim,Jaqueta,Verde,M,1,118.56,5.93,112.63,Cartão de Crédito,Online,463.0,5
3861,2026-06-23,18:15,136,Blusa Social,Blusa,Azul,P,2,114.45,0.0,"228,90",PIX,Física,388.0,10
3862,2026-07-14,21:00,52,Vestido Casual,Vestido,Rosa,GG,4,235.08,1779.519565174033,940.32,Cartão de Crédito,Online,223.0,15
3863,2026-04-21,17:00,100,Vestido Casual,Vestido,Preta,M,1,76.04,0.0,76.04,Cartão de Débito,Online,532.0,13
3864,2026-05-18,12:15,109,Camiseta Básica,Camiseta,Cinza,P,4,128.12,76.87,"435,61",Crediário,Física,415.0,19
3865,2026-04-29,15:45,75,Jaqueta Casual,Jaqueta,Azul,G,2,238.16,71.45,404.87,Cartão de Crédito,Física,532.0,3
3866,2026-05-30,10:45,50,Blusa Esporte,Blusa,Vermelha,GG,2,189.51,56.85,322.17,Cartão de Débito,Online,,10
3867,2026-09-16,11:30,138,Acessório Social,Acessório,Rosa,G,2,125.4,0.0,250.8,PIX,Online,453.0,19
3868,2026-09-21,10:30,105,Vestido Esporte,Vestido,Vermelha,P,3,168.87,0.0,506.61,PIX,Física,85.0,6
3869,2026-04-23,09:15,72,Blusa Premium,Blusa,Verde,GG,2,252.12,0.0,504.24,Cartão de Débito,Online,162.0,13
3870,2026-07-08,10:45,63,Calça Premium,Calça,Vermelha,G,3,277.67,83.3,749.71,PIX,Física,119.0,24
3871,2026-03-07,18:00,26,Bermuda Slim,Bermuda,Branca,P,3,207.97,0.0,623.91,Cartão de Débito,Online,1.0,14
3872,2026-03-30,20:15,92,Calça Casual,Calça,Rosa,G,3,164.58,0.0,493.74,Cartão De Débito,Física,179.0,20
3873,2026-04-27,14:30,122,Bermuda Casual,Bermuda,Rosa,GG,2,286.85,28.68,545.02,Dinheiro,Online,562.0,6
3874,2026-04-07,20:15,143,Acessório Premium,Acessório,Rosa,M,2,297.19,29.72,564.66,PIX,Física,382.0,22
3875,2026-07-08,10:45,54,Calça Esporte,Calça,Verde,P,4,77.13,0.0,308.52,PIX,Física,102.0,1
3876,2026-08-08,10:15,106,Vestido Premium,Vestido,Cinza,G,1,201.43,20.14,181.29,PIX,Física,205.0,19
3877,2026-08-24,15:45,58,Acessório Básica,Acessório,Cinza,P,2,304.84,30.48,579.2,PIX,Online,304.0,18
3878,2026-08-25,17:00,94,Acessório Casual,Acessório,Verde,M,4,202.82,81.13,730.15,Cartão de Crédito,Física,148.0,17
3879,2026-09-19,11:15,117,Vestido Casual,Vestido,Azul,P,1,314.94,15.75,299.19,Dinheiro,Online,88431.0,13
3880,2026-06-13,14:00,60,Acessório Esporte,Acessório,Azul,G,2,112.08,0.0,224.16,PIX,Física,221.0,8
3881,2026-05-14,20:30,14,Bermuda Social,Bermuda,Branca,P,3,125.8,37.74,339.66,PIX,Física,536.0,16
3882,2026-06-13,14:45,2,Camiseta Básica,Camiseta,Cinza,P,4,57.67,11.53,"R$ 219,15",PIX,Online,370.0,3
3883,2026-04-08,17:15,37,Bermuda Básica,Bermuda,Branca,M,3,197.74,29.66,563.56,Cartão de Débito,Física,,25
3884,2026-09-22,19:45,168,Vestido Casual,Vestido,Azul,M,1,255.66,25.57,230.09,Crediário,Online,411.0,1
3885,2026-07-24,09:00,110,Bermuda Esporte,Bermuda,Branca,GG,4,116.53,0.0,466.12,Crediário,Online,550.0,23
3886,2026-09-21,09:00,89,Acessório Slim,Acessório,Preta,P,1,283.36,0.0,283.36,PIX,Física,332.0,7
3887,2026-03-04,21:00,56,Bermuda Casual,Bermuda,Verde,P,2,269.73,26.97,512.49,Dinheiro,Física,91.0,1
3888,2026-03-13,10:45  ,49392,Bermuda X,Bermuda,Branca,G,1,98.66,9.87,88.79,Dinheiro,Online,61.0,5
3889,17/05/2026,15:45,87,Camiseta Casual,Camiseta,Rosa,G,2,25.88,0.0,"51,76",Dinheiro,Física,101.0,13
3890,2026-05-19,10:15,30,Blusa Básica,Blusa,Preta,M,4,249.41,0.0,997.64,Dinheiro,Online,32.0,1
3891,2026-06-13,11:15,23,Blusa X,Blusa,Preta,P,2,219.84,0.0,439.68,Cartão de Crédito,Online,356.0,9
3892,2026-04-09,16:30,153,Vestido Básica,Vestido,Preta,G,3,129.37,0.0,388.11,Cartão de Débito,Física,428.0,7
3893,2026-08-08,10:00,103,Jaqueta Social,Jaqueta,Verde,G,3,239.05,107.57,609.58,Crediário,Física,372.0,6
3894,2026-08-31,16:30,127,Vestido Social,Vestido,Rosa,G,1,72.5,0.0,72.5,Cartão de Débito,Física,96.0,6
3895,2026-09-08,13:15,125,Vestido Esporte,Vestido,Vermelha,P,2,67.79,0.0,135.58,Cartão de Débito,Física,450.0,9
3896,2026-06-07,16:30,1,Acessório Premium,Acessório,Verde,G,2,129.26,0.0,258.52,PIX,Online,336.0,18
3897,2026-07-20,15:15,9,Jaqueta Social,Jaqueta,Rosa,G,3,97.54,0.0,292.62,Cartão de Débito,Física,332.0,5
3898,2026-09-21,13:15,139,Acessório Slim,Acessório,Branca,P,2,227.76,0.0,455.52,Dinheiro,Online,549.0,4
3899,2026-03-01,10:30,149,Calça Premium,Calça,Vermelha,P,3,296.39,0.0,889.17,Cartão de Crédito,Online,24.0,19
3900,2026-07-15,14:00,16,Acessório Casual,Acessório,Verde,GG,2,160.59,32.12,289.06,Cartão de Débito,Online,46.0,24
3901,2026-05-10,12:15,158,Blusa Social,Blusa,Rosa,M,2,185.68,37.14,334.22,Cartão de Crédito,Online,453.0,18
3902,2026-05-27,09:30,91,Camiseta Casual,Camiseta,Branca,P,2,29.36,8.81,49.91,Cartão de Débito,Física,438.0,6
3903,2026-03-17,09:15,1,Acessório Premium,Acessório,Verde,G,4,129.26,51.7,465.34,Cartão de Débito,Física,541.0,10
3904,2026-04-28,19:15,120,Vestido Premium,Vestido,Rosa,GG,2,304.25,0.0,608.5,Cartão de Débito,Física,45.0,18
3905,2026-05-28,09:30,123,Blusa Esporte,Blusa,Rosa,P,4,261.56,0.0,1046.24,Cartão de Débito,Online,474.0,16
3906,2026-07-26,13:45,128,Bermuda Básica,Bermuda,Preta,GG,1,193.28,0.0,193.28,Cartão de Débito,Online,127.0,1
3907,2026-06-23,21:15,58,Acessório Básica,Acessório,Cinza,P,4,304.84,0.0,1219.36,Dinheiro,Física,344.0,3
3908,2026-04-28,16:00,54,Calça Esporte,Calça,Verde,P,1,77.13,3.86,73.27,Dinheiro,Física,481.0,1
3909,2026-03-31,12:30,79,Camiseta X,Camiseta,Cinza,G,4,76.54,45.92,260.24,PIX,Física,520.0,16
3910,2026-03-03,20:30,15,Blusa Social,Blusa,Azul,M,4,303.57,60.71,1153.57,Cartão de Débito,Online,236.0,15
3911,2026-03-30,16:15,24,Blusa X,Blusa,Cinza,GG,4,80.81,32.32,290.92,Dinheiro,Online,581.0,13
3912,2026-04-05,15:45,120,Vestido Premium,Vestido,Rosa,GG,3,304.25,91.28,821.47,Cartão de Débito,Online,350.0,6
3913,2026-07-01,13:00,89,Acessório Slim,Acessório,Preta,P,4,283.36,170.02,963.42,Cartão de Débito,Física,188.0,23
3914,01-09-2026,15:30,167,Acessório Casual,Acessório,Preta,P,1,326.38,32.64,293.74,Cartão de Crédito,Física,311.0,1
3915,2026-05-23,14:30,113,Blusa Social,Blusa,Rosa,P,3,270.36,0.0,811.08,Cartão de Crédito,Física,361.0,13
3916,2026-08-10,12:00,58,Acessório Básica,Acessório,Cinza,P,1,304.84,45.73,259.11,PIX,Física,341.0,15
3917,2026-04-01,15:00,176,Camiseta Premium,Camiseta,Vermelha,GG,3,225.97,0.0,677.91,PIX,Física,353.0,3
3918,2026-05-12,17:30,115,Jaqueta Social,Jaqueta,Preta,GG,2,278.18,0.0,556.36,Cartão de Débito,Física,389.0,15
3919,2026-05-16,11:00,90,Blusa Premium,Blusa,Branca,G,4,177.57,71.03,639.25,PIX,Física,,3
3920,2026-08-05,16:15,169,Vestido Esporte,Vestido,Rosa,M,3,120.16,54.07,306.41,Cartão de Débito,Física,468.0,17
3921,2026-06-25,12:30,21,Jaqueta Casual,Jaqueta,Cinza,G,3,186.68,56.0,504.04,Cartão de Débito,Física,583.0,6
3922,2026-08-28,21:00,67,Bermuda Básica,Bermuda,Cinza,P,3,318.87,0.0,"R$ 956,61",Cartão de Débito,Física,36.0,19
3923,2026-09-20,11:15,66,Bermuda X,Bermuda,Branca,G,1,98.66,0.0,98.66,Cartão De Crédito,Física,355.0,24
3924,2026-07-03,11:00,58,Acessório Básica,Acessório,Cinza,P,1,304.84,30.48,274.36,Dinheiro,Física,502.0,4
3925,10/08/26,10:00,121,Vestido Casual,Vestido,Verde,G,3,101.83,45.82,259.67,PIX,Online,527.0,24
3926,2026-03-12,16:30,78,Blusa Casual,Blusa,Cinza,M,4,332.45,132.98,1196.82,PIX,Física,369.0,20
3927,2026-06-10,17:30,13,Calça X,Calça,Verde,M,4,118.99,23.8,452.16,Cartão de Débito,Física,399.0,23
3928,2026-09-13,09:00,8,Blusa Social,Blusa,Preta,M,2,290.68,87.2,494.16,Cartão de Débito,Física,48.0,19
3929,2026-09-18,14:00,123,Blusa Esporte,Blusa,Rosa,P,4,261.56,156.94,889.3,Crediário,Física,348.0,3
3930,2026-08-17,19:30,133,Calça Social,Calça,Rosa,G,4,39.8,0.0,159.2,PIX,Online,208.0,24
3931,2026-07-29,16:45,105,Vestido Esporte,Vestido,Vermelha,P,4,168.87,0.0,675.48,PIX,Física,470.0,20
3932,2026-04-01,10:30,141,Acessório Slim,Acessório,Rosa,G,4,250.39,0.0,1001.56,Crediário,Online,519.0,20
3933,2026-03-31,20:00,104,Vestido Slim,Vestido,Verde,P,3,221.73,0.0,665.19,Dinheiro,Online,335.0,4
3934,2026-08-21,10:15,152,Acessório Básica,Acessório,Verde,GG,3,238.11,71.43,642.9,Cartão de Débito,Online,240.0,2
3935,2026-05-01,12:00,117,Vestido Casual,Vestido,Azul,P,1,314.94,31.49,283.45,Cartão de Crédito,Física,375.0,2
3936,2026-06-20,17:45,66,Bermuda X,Bermuda,Branca,G,4,98.66,19.73,374.91,Cartão de Crédito,Online,370.0,4
3937,2026-03-31,18:30,124,Jaqueta Slim,Jaqueta,Verde,G,3,210.25,63.08,567.67,Cartão de Crédito,Online,11.0,20
3938,2026-04-19,10:00,32,Bermuda Premium,Bermuda,Azul,GG,2,298.98,1075.0317808754053,568.06,Dinheiro,Online,56.0,19
3939,2026-03-16,13:30,142,Acessório Básica,Acessório,Cinza,G,4,333.62,0.0,1334.48,Cartão de Débito,Física,,16
3940,14/04/26,09:15,161,Vestido X,Vestido,Azul,G,3,67.98,20.39,183.55,Cartão de Crédito,Online,387.0,16
3941,2026-04-14,16:15,88,Camiseta Básica,Camiseta,Branca,GG,1,270.48,0.0,270.48,Cartão de Débito,Física,,21
3942,2026-05-14,12:30,157,Blusa Social,Blusa,Rosa,GG,4,325.37,0.0,1301.48,Cartão de Crédito,Online,270.0,15
3943,2026-05-30,18:15,6,Acessório X,Acessório,Azul,GG,4,334.07,0.0,1336.28,PIX,Física,,10
3944,2026-04-16,21:30,86,Bermuda Casual,Bermuda,Branca,P,2,211.18,0.0,422.36,PIX,Online,228.0,13
3945,2026-04-14,21:30,174,Jaqueta Casual,Jaqueta,Preta,GG,2,214.83,0.0,429.66,Cartão de Crédito,Online,390.0,16
3946,2026-06-06,20:15,148,Acessório Premium,Acessório,Vermelha,GG,1,36.52,0.0,36.52,Cartão de Crédito,Física,107.0,12
3947,2026-09-13,21:45,72,Blusa Premium,Blusa,Verde,GG,2,252.12,0.0,504.24,Cartão de Crédito,Física,561.0,24
3948,2026-08-15,18:15,137,Camiseta Esporte,Camiseta,Preta,M,4,149.09,0.0,596.36,Cartão de Débito,Online,555.0,13
3949,2026-04-29,13:15,126,Vestido Slim,Vestido,Vermelha,M,1,262.43,26.24,236.19,Crediário,Online,508.0,12
3950,2026-04-26,19:15,12,Bermuda Esporte,Bermuda,Cinza,M,3,327.44,0.0,982.32,Crediário,Física,101.0,10
3951,2026-03-13,10:00,91,Camiseta Casual,Camiseta,Branca,P,4,29.36,17.62,99.82,Cartão de Débito,Física,131.0,21
3952,2026-09-15,18:30,20,Calça X,Calça,Vermelha,P,2,211.81,0.0,423.62,PIX,Online,138.0,15
3953,2026-06-04, 11:00 ,119,Vestido Básica,Vestido,Azul,P,4,51.47,0.0,205.88,PIX,Online,208.0,11
3954,2026-05-16,19:30,50354,Bermuda X,Bermuda,Branca,G,3,98.66,29.6,266.38,Cartão de Débito,Física,520.0,17
3955,2026-07-17,15:00,21,Jaqueta Casual,Jaqueta,Cinza,G,3,186.68,84.01,476.03,PIX,Online,251.0,25
3956,2026-03-22,18:30,60,Acessório Esporte,Acessório,Azul,G,3,112.08,0.0,336.24,CARTÃO DE DÉBITO,Online,,4
3957,2026-05-21,18:00,160,Calça X,Calça,Verde,P,2,137.04,13.7,260.38,Cartão de Crédito,Online,25.0,17
3958,2026-06-21,14:00,110,Bermuda Esporte,Bermuda,Branca,GG,3,116.53,17.48,332.11,Dinheiro,Online,591.0,5
3959,2026-09-05,11:00,86,Bermuda Casual,Bermuda,Branca,P,4,211.18,0.0,844.72,Cartão de Débito,Online,396.0,23
3960,2026-04-11,09:45,170,Blusa Premium,Blusa,Azul,G,4,154.9,30.98,588.62,Cartão de Crédito,Online,491.0,13
3961,2026-08-10,17:45,79,Camiseta X,Camiseta,Cinza,G,1,76.54,0.0,76.54,Cartão de Crédito,Física,172.0,19
3962,2026-04-10,09:15,161,Vestido X,Vestido,Azul,G,4,67.98,0.0,271.92,PIX,Física,140.0,19
3963,2026-09-08,19:45,25,Blusa Social,Blusa,Rosa,M,1,285.55,0.0,285.55,Cartão de Débito,Online,,17
3964,2026-09-12,09:15,33,Blusa X,Blusa,Vermelha,P,2,230.83,0.0,461.66,Cartão de Crédito,Online,227.0,8
3965,2026-03-23,13:15,13,Calça X,Calça,Verde,M,3,118.99,35.7,321.27,Cartão de Crédito,Online,470.0,16
3966,2026-05-26,14:00,123,Blusa Esporte,Blusa,Rosa,P,1,261.56,26.16,235.4,Cartão de Crédito,Física,182.0,4
3967,2026-03-16,11:30,35,Jaqueta Premium,Jaqueta,Preta,P,2,289.59,28.96,550.22,PIX,Física,170.0,25
3968,2026-06-10,11:00,169,Vestido Esporte,Vestido,Rosa,M,1,120.16,6.01,114.15,Cartão de Débito,Online,120.0,23
3969,2026-06-14,19:15,160,Calça X,Calça,Verde,P,4,137.04,0.0,548.16,Crediário,Física,571.0,17
3970,2026-08-19,18:45,89,Acessório Slim,Acessório,Preta,P,4,283.36,113.34,1020.1,Cartão de Crédito,Online,,5
3971,2026-04-14,11:00,98,Vestido Social,Vestido,Branca,G,3,290.16,43.52,826.96,PIX,Online,297.0,20
3972,2026-06-07,19:45,152,Acessório Básica,Acessório,Verde,GG,2,238.11,71.43,404.79,Cartão de Débito,Online,428.0,19
3973,2026-09-24,19:15,65,Jaqueta Social,Jaqueta,Cinza,GG,3,77.68,0.0,233.04,Cartão de Débito,Online,566.0,18
3974,2026-05-06, 14:30,1,Acessório Premium,Acessório,Verde,G,1,129.26,0.0,129.26,Cartão de Crédito,Online,229.0,9
3975,2026-05-30,19:45,2926,Camiseta Básica,Camiseta,Cinza,P,2,128.12,0.0,256.24,PIX,Online,438.0,16
3976,2026-09-18,13:45,94,Acessório Casual,Acessório,Verde,M,2,202.82,60.85,344.79,cartao credito,Online,419.0,17
3977,2026-05-16,19:00,83,Camiseta Básica,Camiseta,Rosa,M,3,221.65,0.0,664.95,Crediário,Física,84.0,4
3978,2026-07-05,09:30,128,Bermuda Básica,Bermuda,Preta,GG,2,193.28,0.0,386.56,Cartão de Crédito,Online,,4
3979,2026-05-09,19:45,14,Bermuda Social,Bermuda,Branca,P,4,125.8,25.16,478.04,PIX,Física,123.0,16
3980,2026-08-31,13:00,168,Vestido Casual,Vestido,Azul,M,2,255.66,0.0,511.32,Cartão de Crédito,Online,432.0,4
3981,2026-05-12,21:45,125,Vestido Esporte,Vestido,Vermelha,P,3,67.79,0.0,203.37,Cartão de Crédito,Física,280.0,22
3982,2026-03-11,11:45,116,Blusa Casual,Blusa,Azul,G,4,332.71,133.08,1197.76,Cartão de Crédito,Física,575.0,8
3983,2026-05-12,15:15,167,Acessório Casual,Acessório,Preta,P,4,326.38,130.55,1174.97,Cartão de Débito,Online,31.0,1
3984,2026-07-19,11:00,107,Blusa Slim,Blusa,Preta,M,3,264.43,39.66,753.63,Cartão de Crédito,Física,3.0,1
3985,2026-05-06,20:00,8,Blusa Social,Blusa,Preta,M,2,290.68,0.0,581.36,Cartão de Débito,Física,446.0,12
3986,2026-04-09,10:15,145,Bermuda Esporte,Bermuda,Cinza,G,1,144.91,0.0,144.91,Cartão de Débito,Física,448.0,7
3987,2026-06-07,12:00,99,Vestido Social,Vestido,Rosa,P,3,135.91,0.0,407.73,Cartão de Débito,Física,551.0,4
3988,2026-03-05,16:30,105,Vestido Esporte,Vestido,Vermelha,P,3,168.87,910.8039564477608,481.28,Cartão de Crédito,Online,274.0,3
3989,2026-04-15,12:45,155,Bermuda X,Bermuda,Preta,M,2,134.96,26.99,242.93,PIX,Física,283.0,1
3990,2026-05-05,21:00,104,Vestido Slim,Vestido,Verde,P,2,221.73,66.52,376.94,Cartão de Débito,Online,371.0,23
3991,2026-04-16,15:45,149,Calça Premium,Calça,Vermelha,P,4,296.39,0.0,1185.56,Cartão de Crédito,Física,44.0,24
3992,2026-09-18, 11:00 ,19,Blusa Casual,Blusa,Preta,M,2,212.08,0.0,424.16,Cartão de Crédito,Física,340.0,11
3993,2026-07-05,10:00,83,Camiseta Básica,Camiseta,Rosa,M,2,221.65,44.33,398.97,Cartão de Crédito,Online,440.0,17
3994,2026-03-16,18:45,73,Vestido Social,Vestido,Preta,P,3,83.59,0.0,250.77,PIX,Física,32.0,9
3995,2026-05-01,18:00,75,Jaqueta Casual,Jaqueta,Azul,G,1,238.16,0.0,238.16,PIX,Online,291.0,20
3996,2026-09-21,17:00,102,Bermuda X,Bermuda,Azul,G,4,181.84,36.37,690.99,Crediário,Física,574.0,19
3997,2026-05-05,10:00,99,Vestido Social,Vestido,Rosa,P,4,135.91,0.0,543.64,Cartão de Crédito,Online,156.0,22
3998,2026-08-17,19:15,138,Acessório Social,Acessório,Rosa,G,2,125.4,0.0,250.8,Cartão de Crédito,Física,,2
3999,2026-07-08,10:15,124,Jaqueta Slim,Jaqueta,Verde,G,1,210.25,10.51,199.74,Cartão de Crédito,Física,304.0,2
4000,29-04-2026, 19:15,94,Acessório Casual,Acessório,Verde,M,1,202.82,0.0,202.82,Cartão de Crédito,Online,240.0,18
4001,2026-07-20,16:45,83,Camiseta Básica,Camiseta,Rosa,M,-2,221.65,0.0,886.6,Cartão de Crédito,Física,371.0,11
4002,2026-08-19,09:30,81,Calça Social,Calça,Cinza,P,4,125.82,0.0,503.28,Cartão de Crédito,Física,378.0,24
4003,2026-03-17,10:30,73,Vestido Social,Vestido,Preta,P,2,83.59,0.0,167.18,Crediário,Física,123.0,7
4004,2026-07-30,15:45,162,Blusa Premium,Blusa,Branca,M,3,219.23,0.0,657.69,Cartão de Débito,Física,266.0,13
4005,2026-03-21,14:45,4,Jaqueta Básica,Jaqueta,Vermelha,M,2,148.57,44.57,252.57,Cartão de Débito,Online,309.0,25
4006,2026-04-27,09:00,152,Acessório Básica,Acessório,Verde,GG,2,238.11,23.81,452.41,Cartão de Crédito,Online,587.0,5
4007,2026-07-06,14:00,26,Bermuda Slim,Bermuda,Branca,P,2,207.97,0.0,415.94,Cartão de Débito,Física,242.0,23
4008,2026-07-09,14:45,136,Blusa Social,Blusa,Azul,P,3,114.45,17.17,326.18,Dinheiro,Online,219.0,4
4009,2026-09-21,16:45,70,Blusa Slim,Blusa,Verde,GG,4,203.23,81.29,731.63,Cartão de Crédito,Online,561.0,18
4010,2026-07-14,21:30,4,Jaqueta Básica,Jaqueta,Vermelha,M,1,148.57,0.0,148.57,Cartão de Débito,Física,517.0,25
4011,2026-07-29,15:45,123,Blusa Esporte,Blusa,Rosa,P,1,261.56,0.0,261.56,Dinheiro,Física,235.0,1
4012,2026-08-16,17:15,108,Bermuda Social,Bermuda,Vermelha,P,2,179.79,53.94,305.64,Cartão de Crédito,Física,497.0,8
4013,2026-06-28,10:30,174,Jaqueta Casual,Jaqueta,Preta,GG,1,214.83,10.74,204.09,Dinheiro,Física,207.0,6
4014,2026-03-30,11:00,148,Acessório Premium,Acessório,Vermelha,GG,1,36.52,0.0,36.52,Cartão de Crédito,Física,145.0,13
4015,2026-06-03,17:30,27,Vestido Premium,Vestido,Cinza,G,4,137.14,0.0,548.56,PIX,Física,144.0,7
4016,2026-08-13,12:15,131,Vestido Básica,Vestido,Vermelha,M,4,38.91,0.0,155.64,Cartão de Débito,Física,175.0,9
4017,2026-04-22,09:45,125,Vestido Esporte,Vestido,Vermelha,P,3,67.79,20.34,183.03,Cartão de Débito,Online,563.0,22
4018,2026-05-29,10:30,139,Acessório Slim,Acessório,Branca,P,1,227.76,34.16,193.6,Dinheiro,Física,387.0,1
4019,2026-05-23,13:30,127,Vestido Social,Vestido,Rosa,G,2,72.5,0.0,145.0,Cartão de Crédito,Online,,21
4020,01-07-2026,17:00,98,Vestido Social,Vestido,Branca,G,1,290.16,43.52,246.64,PIX,Física,173.0,22
4021,2026-08-24,11:45,37,Bermuda Básica,Bermuda,Branca,M,3,197.74,0.0,"593,22",Dinheiro,Online,353.0,20
4022,2026-06-27,12:45,68,Jaqueta Premium,Jaqueta,Vermelha,G,1,65.29,6.53,58.76,PIX,Física,53.0,7
4023,2026-04-16,20:00,26,Bermuda Slim,Bermuda,Branca,P,2,207.97,41.59,374.35,PIX,Física,474.0,2
4024,2026-03-30,18:30,173,Jaqueta Casual,Jaqueta,Cinza,GG,3,328.02,147.61,836.45,PIX,Online,,23
4025,2026-07-20,13:00,160,Calça X,Calça,Verde,P,3,137.04,61.67,349.45,PIX,Física,45.0,20
4026,2026-03-20,20:00,79,Camiseta X,Camiseta,Cinza,G,3,76.54,0.0,229.62,Cartão de Crédito,Online,,1
4027,2026-03-14,20:15,165,Blusa Casual,Blusa,Rosa,GG,4,156.99,94.19,533.77,Crediário,Online,526.0,25
4028,05/06/2026,13:30,176,Camiseta Premium,Camiseta,Vermelha,GG,4,225.97,0.0,903.88,Cartão de Crédito,Online,31.0,12
4029,2026-08-29,16:00,107,Blusa Slim,Blusa,Preta,M,1,264.43,13.22,251.21,Dinheiro,Física,589.0,14
4030,2026-07-26,17:30,14,Bermuda Social,Bermuda,Branca,P,4,125.8,25.16,478.04,Cartão de Débito,Física,79.0,4
4031,2026-08-14,18:00,169,Vestido Esporte,Vestido,Rosa,M,1,120.16,0.0,120.16,Cartão de Crédito,Física,352.0,9
4032,2026-07-07,16:00,4,Jaqueta Básica,Jaqueta,Vermelha,M,2,148.57,0.0,297.14,Cartão de Débito,Física,193.0,10
4033,2026-06-14,14:45,138,Acessório Social,Acessório,Rosa,G,3,125.4,0.0,376.2,Dinheiro,Física,577.0,13
4034,2026-03-17,16:00,25,Blusa Social,Blusa,Rosa,M,3,285.55,0.0,856.65,Cartão de Débito,Física,333.0,10
4035,2026-06-10,14:45,90,Blusa Premium,Blusa,Branca,G,4,177.57,35.51,674.77,PIX,Física,224.0,4
4036,25/07/26,16:45,165,Blusa Casual,Blusa,Rosa,GG,3,156.99,70.65,400.32,Cartão de Débito,Online,280.0,24
4037,2026-07-22,20:30,20,Calça X,Calça,Vermelha,P,2,211.81,21.18,402.44,Cartão de Débito,Física,138.0,6
4038,2026-07-27,14:00,164,Blusa X,Blusa,Cinza,G,2,193.36,0.0,386.72,PIX,Física,119.0,13
4039,2026-09-20,11:30,79,Camiseta X,Camiseta,Cinza,G,4,76.54,30.62,275.54,Crediário,Online,144.0,16
4040,2026-08-24,11:15,109,Camiseta Básica,Camiseta,Cinza,P,2,128.12,12.81,243.43,Cartão de Débito,Online,441.0,22
4041,05/04/2026,12:45,100,Vestido Casual,Vestido,Preta,M,1,76.04,3.8,72.24,Cartão de Débito,Física,186.0,12
4042,2026-07-07,17:15,4,Jaqueta Básica,Jaqueta,Vermelha,M,1,148.57,0.0,"R$ 148,57",Dinheiro,Online,376.0,2
4043,2026-04-15,16:15,147,Bermuda Básica,Bermuda,Branca,P,4,44.8,26.88,152.32,Cartão de Débito,Física,447.0,3
4044,2026-03-06,09:30,38,Calça X,Calça,Azul,G,2,234.51,46.9,422.12,Cartão de Crédito,Online,29.0,19
4045,2026-06-05,19:30,172,Camiseta Social,Camiseta,Rosa,G,3,281.43,0.0,844.29,Cartão de Débito,Física,323.0,3
4046,2026-07-16,14:15,61,Acessório Básica,Acessório,Rosa,M,4,281.06,168.64,955.6,Cartão de Débito,Online,580.0,1
4047,2026-07-30,19:00,142,Acessório Básica,Acessório,Cinza,G,4,333.62,66.72,1267.76,Cartão de Débito,Online,276.0,18
4048,2026-03-23,09:30,125,Vestido Esporte,Vestido,Vermelha,P,3,67.79,20.34,183.03,Cartão de Débito,Online,336.0,5
4049,2026-08-13,16:45,42651,Jaqueta Premium,Jaqueta,Preta,P,1,289.59,43.44,246.15,Cartão de Crédito,Física,575.0,21
4050,2026-08-26,12:45,10,Jaqueta Casual,Jaqueta,Cinza,GG,4,338.29,135.32,1217.84,Cartão de Crédito,Física,343.0,18
4051,2026-05-27,11:30,11,Calça Básica,Calça,Vermelha,G,1,297.24,0.0,297.24,Cartão de Crédito,Online,448.0,6
4052,2026-04-07,12:15,131,Vestido Básica,Vestido,Vermelha,M,1,38.91,3.89,"R$ 35,02",PIX,Online,203.0,23
4053,2026-05-07,13:30,65,Jaqueta Social,Jaqueta,Cinza,GG,1,77.68,0.0,77.68,Cartão de Crédito,Física,82.0,14
4054,2026-08-15,14:15,151,Blusa Casual,Blusa,Preta,P,3,121.09,0.0,"363,27",Cartão de Débito,Online,441.0,16
4055,2026-05-25,18:45,12,Bermuda Esporte,Bermuda,Cinza,M,3,327.44,98.23,884.09,Cartão de Débito,Online,,18
4056,2026-04-29,12:45,37,Bermuda Básica,Bermuda,Branca,M,1,197.74,0.0,197.74,Crediário,Online,440.0,3
4057,2026-05-12,20:45,56,Bermuda Casual,Bermuda,Verde,P,1,269.73,13.49,256.24,PIX,Online,41.0,25
4058,2026-05-24,13:00,71,Camiseta Esporte,Camiseta,Cinza,GG,2,252.73,0.0,505.46,Cartão de Débito,Online,327.0,9
4059,2026-03-15,11:30,25,Blusa Social,Blusa,Rosa,M,3,285.55,0.0,856.65,Cartão de Crédito,Online,120.0,9
4060,2026-07-27,19:15,111,Acessório Esporte,Acessório,Rosa,M,3,333.04,49.96,949.16,Cartão de Débito,Online,212.0,21
4061,2026-08-23,17:15,10,Jaqueta Casual,Jaqueta,Cinza,GG,4,338.29,0.0,1353.16,Dinheiro,Online,151.0,18
4062,2026-03-14,14:15,111,Acessório Esporte,Acessório,Rosa,M,1,333.04,0.0,333.04,PIX,Física,517.0,4
4063,2026-08-25,21:00,124,Jaqueta Slim,Jaqueta,Verde,G,3,210.25,0.0,630.75,Cartão de Crédito,Online,216.0,18
4064,2026-03-17,15:30,152,Acessório Básica,Acessório,Verde,GG,4,238.11,47.62,904.82,PIX,Física,412.0,21
4065,04-05-2026,10:00,150,Blusa Esporte,Blusa,Vermelha,M,2,241.11,0.0,482.22,PIX,Online,332.0,18
4066,02/05/2026,17:45,173,Jaqueta Casual,Jaqueta,Cinza,GG,1,328.02,0.0,328.02,Cartão de Crédito,Física,312.0,6
4067,2026-07-18,16:30,109,Camiseta Básica,Camiseta,Cinza,P,1,128.12,6.41,121.71,PIX,Física,102.0,23
4068,2026-03-07,15:00,2,Camiseta Básica,Camiseta,Cinza,P,1,57.67,5.77,51.9,Cartão de Débito,Física,70.0,18
4069,2026-08-08,09:30,76,Bermuda Premium,Bermuda,Vermelha,M,1,45.34,0.0,"R$ 45,34",Cartão de Crédito,Online,253.0,23
4070,2026-07-21,21:15,73,Vestido Social,Vestido,Preta,P,4,83.59,0.0,334.36,PIX,Online,184.0,9
4071,2026-03-02,15:45,12,Bermuda Esporte,Bermuda,Cinza,M,2,327.44,0.0,654.88,Cartão de Débito,Física,280.0,18
4072,2026-07-02,12:30,20,Calça X,Calça,Vermelha,P,1,211.81,0.0,211.81,Cartão de Crédito,Física,451.0,9
4073,2026-06-04,11:30,171,Acessório X,Acessório,Verde,G,2,85.73,0.0,171.46,Cartão de Crédito,Online,145.0,14
4074,2026-05-21,12:00,138,Acessório Social,Acessório,Rosa,G,2,125.4,0.0,250.8,Dinheiro,Online,249.0,18
4075,2026-07-11,14:15,165,Blusa Casual,Blusa,Rosa,GG,4,156.99,0.0,627.96,CARTÃO DE DÉBITO,Online,,8
4076,2026-05-29,16:15,141,Acessório Slim,Acessório,Rosa,G,1,250.39,12.52,237.87,Crediário,Online,551.0,24
4077,2026-05-13,18:15,108,Bermuda Social,Bermuda,Vermelha,P,-1,179.79,17.98,161.81,PIX,Física,55.0,10
4078,2026-04-14,11:45  ,52,Vestido Casual,Vestido,Rosa,GG,2,235.08,23.51,446.65,Cartão de Crédito,Online,347.0,23
4079,2026-08-13,14:30,173,Jaqueta Casual,Jaqueta,Cinza,GG,4,328.02,2483.061118633598,1312.08,Cartão de Crédito,Online,333.0,22
4080,2026-06-26,14:00,13,Calça X,Calça,Verde,M,2,118.99,23.8,214.18,PIX,Online,535.0,15
4081,2026-04-08,18:00,171,Acessório X,Acessório,Verde,G,1,85.73,0.0,85.73,Dinheiro,Online,325.0,5
4082,2026-08-17,19:15,110,Bermuda Esporte,Bermuda,Branca,GG,3,116.53,0.0,349.59,Cartão de Crédito,Física,568.0,9
4083,2026-08-14,19:30,34,Acessório Slim,Acessório,Azul,M,2,220.29,44.06,396.52,Cartão de Débito,Física,513.0,25
4084,2026-06-09,18:30,101,Vestido Social,Vestido,Vermelha,GG,2,158.47,15.85,301.09,Cartão de Crédito,Online,102.0,15
4085,2026-03-18,15:15,107,Blusa Slim,Blusa,Preta,M,2,264.43,0.0,528.86,Cartão de Débito,Online,303.0,24
4086,2026-07-15,12:00,80,Jaqueta Casual,Jaqueta,Cinza,P,4,258.13,0.0,1032.52,Cartão de Crédito,Física,152.0,20
4087,2026-07-28,21:30  ,117,Vestido Casual,Vestido,Azul,P,1,314.94,0.0,314.94,Cartão de Crédito,Online,72.0,21
4088,2026-05-29,19:00,54,Calça Esporte,Calça,Verde,P,1,77.13,11.57,65.56,Cartão de Débito,Física,86.0,8
4089,2026-03-10,19:15,48,Camiseta Esporte,Camiseta,Preta,G,3,170.37,0.0,511.11,PIX,Física,380.0,1
4090,2026-04-02,18:30,167,Acessório Casual,Acessório,Preta,P,2,326.38,97.91,554.85,Cartão de Crédito,Online,121.0,23
4091,2026-04-30,13:00,10,Jaqueta Casual,Jaqueta,Cinza,GG,2,338.29,0.0,676.58,PIX,Física,342.0,12
4092,2026-05-09, 11:00,148,Acessório Premium,Acessório,Vermelha,GG,3,36.52,0.0,109.56,Crediário,Física,568.0,5
4093,2026-07-10,10:45,6,Acessório X,Acessório,Azul,GG,4,334.07,133.63,1202.65,Dinheiro,Online,,19
4094,2026-06-28,13:00,95,Bermuda Básica,Bermuda,Verde,P,1,40.47,0.0,40.47,PIX,Física,563.0,18
4095,2026-08-25,19:30,164,Blusa X,Blusa,Cinza,G,2,193.36,0.0,386.72,Cartão de Crédito,Online,313.0,19
4096,2026-03-14,19:30,130,Blusa Esporte,Blusa,Verde,GG,2,154.8,0.0,309.6,Cartão de Crédito,Online,432.0,13
4097,2026-05-17,09:30,91,Camiseta Casual,Camiseta,Branca,P,2,29.36,5.87,52.85,Dinheiro,Física,142.0,18
4098,2026-04-05,20:30,119,Vestido Básica,Vestido,Azul,P,2,51.47,0.0,102.94,Crediário,Online,459.0,18
4099,2026-03-29,11:15  ,55,Vestido Premium,Vestido,Verde,P,3,95.27,42.87,242.94,Cartão de Débito,Online,323.0,3
4100,12-05-2026,19:45,8,Blusa Social,Blusa,Preta,M,1,290.68,43.6,"247,08",Cartão de Crédito,Física,432.0,8
4101,2026-05-18,11:45,114,Jaqueta Esporte,Jaqueta,Verde,P,2,60.77,18.23,103.31,Cartão de Débito,Online,131.0,17
4102,2026-07-02,14:15,159,Acessório Slim,Acessório,Azul,G,2,201.01,0.0,402.02,Cartão de Crédito,Física,73.0,5
4103,2026-08-27,09:00,138,Acessório Social,Acessório,Rosa,G,2,125.4,0.0,250.8,Dinheiro,Online,421.0,20
4104,2026-06-02,12:30,176,Camiseta Premium,Camiseta,Vermelha,GG,1,225.97,33.9,192.07,Dinheiro,Online,,6
4105,2026-06-11,09:30,75,Jaqueta Casual,Jaqueta,Azul,G,3,238.16,0.0,714.48,Dinheiro,Online,522.0,3
4106,2026-05-31,11:00,111,Acessório Esporte,Acessório,Rosa,M,1,333.04,0.0,333.04,PIX,Online,134.0,21
4107,2026-03-02,10:45,47,Vestido Premium,Vestido,Cinza,G,1,115.65,0.0,115.65,Cartão de Crédito,Física,156.0,20
4108,2026-05-05,13:00,126,Vestido Slim,Vestido,Vermelha,M,2,262.43,52.49,472.37,Cartão de Débito,Física,538.0,9
4109,2026-08-30,15:00,138,Acessório Social,Acessório,Rosa,G,4,125.4,0.0,501.6,Crediário,Online,,1
4110,2026-08-20,20:45,151,Blusa Casual,Blusa,Preta,P,2,121.09,0.0,242.18,PIX,Física,,12
4111,2026-09-16,10:30,136,Blusa Social,Blusa,Azul,P,4,114.45,0.0,457.8,Dinheiro,Online,386.0,16
4112,2026-03-12, 20:30 ,100,Vestido Casual,Vestido,Preta,M,1,76.04,7.6,68.44,Cartão de Débito,Online,381.0,14
4113,2026-03-18,10:30,166,Vestido Premium,Vestido,Vermelha,GG,4,194.42,0.0,777.68,Cartão de Crédito,Física,335.0,10
4114,2026-03-10,13:15,178,Calça Básica,Calça,Azul,GG,3,144.41,0.0,433.23,Cartão de Débito,Online,556.0,19
4115,2026-06-03,17:45,120,Vestido Premium,Vestido,Rosa,GG,4,304.25,0.0,1217.0,Cartão de Crédito,Física,158.0,3
4116,2026-04-21,15:45,109,Camiseta Básica,Camiseta,Cinza,P,3,128.12,0.0,384.36,Cartão de Crédito,Física,290.0,22
4117,2026-08-24,21:45,46,Acessório X,Acessório,Cinza,M,2,184.96,0.0,369.92,PIX,Online,552.0,15
4118,2026-07-12,09:15,165,Blusa Casual,Blusa,Rosa,GG,2,156.99,15.7,"298,28",Cartão de Crédito,Online,126.0,7
4119,2026-08-02, 17:15,25,Blusa Social,Blusa,Rosa,M,3,285.55,128.5,728.15,Cartão de Crédito,Online,,23
4120,2026-07-12,16:00,21,Jaqueta Casual,Jaqueta,Cinza,G,3,186.68,28.0,532.04,Crediário,Física,81.0,16
4121,2026-05-01,20:00,38,Calça X,Calça,Azul,G,2,234.51,0.0,469.02,Cartão de Débito,Online,181.0,25
4122,2026-05-09,12:45,60,Acessório Esporte,Acessório,Azul,G,4,112.08,0.0,448.32,Dinheiro,Online,404.0,21
4123,2026-04-24,12:45,37,Bermuda Básica,Bermuda,Branca,M,2,197.74,0.0,395.48,Cartão de Crédito,Física,377.0,14
4124,2026-05-23, 19:45,97,Camiseta Slim,Camiseta,Azul,M,1,174.51,17.45,157.06,Cartão de Crédito,Física,554.0,23
4125,2026-06-14,09:15,7,Jaqueta Esporte,Jaqueta,Preta,P,4,33.34,13.34,120.02,PIX,Online,75.0,10
4126,2026-03-18,21:45,72,Blusa Premium,Blusa,Verde,GG,2,252.12,0.0,504.24,Pix,Física,53.0,13
4127,2026-08-03,16:30,33,Blusa X,Blusa,Vermelha,P,4,230.83,46.17,"R$ 877,15",Cartão de Débito,Física,402.0,1
4128,2026-07-11,13:00,108,Bermuda Social,Bermuda,Vermelha,P,2,179.79,17.98,341.6,Cartão de Débito,Online,354.0,15
4129,2026-04-12,19:15,90,Blusa Premium,Blusa,Branca,G,4,177.57,35.51,674.77,Crediário,Física,409.0,16
4130,2026-04-05,09:30,179,Vestido Básica,Vestido,Azul,G,3,31.43,0.0,94.29,Cartão de Débito,Online,330.0,9
4131,2026-05-23,12:30,146,Acessório Esporte,Acessório,Vermelha,P,4,103.95,0.0,415.8,PIX,Online,137.0,22
4132,2026-03-18,17:30,61,Acessório Básica,Acessório,Rosa,M,4,281.06,168.64,955.6,Dinheiro,Física,,24
4133,2026-04-11,09:15,148,Acessório Premium,Acessório,Vermelha,GG,1,36.52,0.0,36.52,Cartão de Crédito,Física,281.0,11
4134,2026-06-28,15:15,174,Jaqueta Casual,Jaqueta,Preta,GG,2,214.83,21.48,408.18,Crediário,Online,582.0,14
4135,2026-05-21,18:00,14,Bermuda Social,Bermuda,Branca,P,4,125.8,0.0,503.2,Cartão de Débito,Online,396.0,12
4136,2026-05-15,14:45,36,Vestido Social,Vestido,Azul,P,2,348.35,0.0,696.7,Cartão de Débito,Física,11.0,16
4137,2026-08-10,17:45,44,Jaqueta Esporte,Jaqueta,Azul,GG,3,198.07,59.42,534.79,Cartão de Crédito,Física,597.0,15
4138,2026-05-14,16:00,164,Blusa X,Blusa,Cinza,G,2,193.36,0.0,386.72,Cartão de Débito,Física,13.0,25
4139,02/06/2026, 11:30 ,56,Bermuda Casual,Bermuda,Verde,P,1,269.73,0.0,269.73,Cartão de Débito,Online,93.0,12
4140,24-05-2026,14:15,102,Bermuda X,Bermuda,Azul,G,2,181.84,36.37,327.31,Cartão de Débito,Online,554.0,7
4141,2026-05-21,13:30,64,Camiseta Básica,Camiseta,Rosa,M,2,108.86,10.89,206.83,Cartão de Débito,Online,346.0,14
4142,2026-07-24,14:15,154,Acessório Esporte,Acessório,Azul,M,4,140.03,56.01,504.11,Cartão de Crédito,Online,352.0,9
4143,2026-05-27,18:15,175,Calça Social,Calça,Rosa,P,1,90.45,9.04,81.41,Cartão de Débito,Física,426.0,10
4144,2026-08-26,09:30,26,Bermuda Slim,Bermuda,Branca,P,2,207.97,20.8,395.14,Cartão de Débito,Online,157.0,13
4145,2026-06-05,21:30,75,Jaqueta Casual,Jaqueta,Azul,G,4,238.16,47.63,905.01,Cartão De Crédito,Física,419.0,19
4146,2026-04-26,10:30,15,Blusa Social,Blusa,Azul,M,2,303.57,91.07,516.07,Cartão de Débito,Física,398.0,15
4147,2026-04-16,12:15,110,Bermuda Esporte,Bermuda,Branca,GG,4,116.53,46.61,419.51,Cartão de Crédito,Online,250.0,19
4148,2026-08-28,15:30,109,Camiseta Básica,Camiseta,Cinza,P,3,128.12,38.44,345.92,Cartão de Débito,Física,203.0,3
4149,2026-04-21,11:00,129,Vestido X,Vestido,Branca,GG,3,295.38,0.0,886.14,dinheiro,Online,545.0,1
4150,2026-03-04,16:30,118,Camiseta Esporte,Camiseta,Azul,M,1,214.08,21.41,192.67,Cartão de Débito,Física,203.0,25
4151,2026-06-12,19:00  ,121,Vestido Casual,Vestido,Verde,G,4,101.83,20.37,386.95,PIX,Online,331.0,20
4152,2026-05-07,16:00,167,Acessório Casual,Acessório,Preta,P,4,326.38,195.83,1109.69,Cartão de Crédito,Online,469.0,13
4153,2026-05-06,10:30,46,Acessório X,Acessório,Cinza,M,2,184.96,18.5,351.42,Cartão de Crédito,Física,20.0,11
4154,2026-03-15,10:00,167,Acessório Casual,Acessório,Preta,P,2,326.38,0.0,652.76,Cartão de Débito,Física,45.0,17
4155,2026-06-24,09:00,10,Jaqueta Casual,Jaqueta,Cinza,GG,4,338.29,67.66,1285.5,Dinheiro,Física,283.0,17
4156,2026-06-14,19:45,134,Calça Slim,Calça,Rosa,P,2,297.88,89.36,506.4,PIX,Online,446.0,13
4157,2026-08-18,18:00,1,Acessório Premium,Acessório,Verde,G,4,129.26,77.56,439.48,Cartão de Débito,Física,492.0,18
4158,2026-03-06,21:45,104,Vestido Slim,Vestido,Verde,P,1,221.73,0.0,221.73,Cartão de Crédito,Online,161.0,17
4159,2026-08-24,12:15,33,Blusa X,Blusa,Vermelha,P,3,230.83,103.87,588.62,Crediário,Física,391.0,3
4160,2026-06-18,10:00,167,Acessório Casual,Acessório,Preta,P,3,326.38,146.87,832.27,PIX,Online,422.0,25
4161,2026-07-17,18:00,97,Camiseta Slim,Camiseta,Azul,M,2,174.51,17.45,331.57,Cartão de Débito,Online,92.0,5
4162,2026-06-27,21:30,112,Calça Básica,Calça,Azul,M,3,318.38,47.76,907.38,PIX,Online,219.0,4
4163,2026-07-22, 16:45 ,4,Jaqueta Básica,Jaqueta,Vermelha,M,3,148.57,0.0,445.71,PIX,Online,88.0,1
4164,2026-05-20,19:15,18,Vestido Premium,Vestido,Vermelha,P,1,221.89,33.28,188.61,PIX,Online,23.0,2
4165,2026-04-28,15:30,92,Calça Casual,Calça,Rosa,G,1,164.58,0.0,164.58,PIX,Física,414.0,25
4166,2026-09-04,19:30,62,Camiseta Básica,Camiseta,Azul,GG,2,140.6,28.12,253.08,PIX,Online,325.0,13
4167,2026-07-02,16:30  ,9,Jaqueta Social,Jaqueta,Rosa,G,1,97.54,14.63,82.91,Dinheiro,Online,386.0,19
4168,2026-07-02, 09:00,40,Bermuda Esporte,Bermuda,Azul,G,3,78.7,23.61,212.49,PIX,Online,359.0,24
4169,2026-03-10,21:45,49,Calça Básica,Calça,Verde,GG,3,193.27,57.98,521.83,Cartão de Crédito,Online,206.0,4
4170,2026-03-21,20:00,162,Blusa Premium,Blusa,Branca,M,3,219.23,0.0,657.69,Cartão de Débito,Online,281.0,19
4171,2026-09-13,18:00,168,Vestido Casual,Vestido,Azul,M,2,255.66,0.0,511.32,Dinheiro,Online,1239.0,1
4172,2026-06-23,16:30,162,Blusa Premium,Blusa,Branca,M,4,219.23,0.0,876.92,Cartão de Crédito,Física,339.0,7
4173,2026-07-11,21:00,115,Jaqueta Social,Jaqueta,Preta,GG,3,278.18,0.0,834.54,Cartão de Crédito,Física,332.0,20
4174,2026-08-07,19:45,83,Camiseta Básica,Camiseta,Rosa,M,3,221.65,66.5,598.45,Cartão de Crédito,Online,507.0,19
4175,2026-06-20,19:15,6,Acessório X,Acessório,Azul,GG,4,334.07,0.0,1336.28,Crediário,Física,571.0,19
4176,2026-03-27,15:00,27,Vestido Premium,Vestido,Cinza,G,4,137.14,82.28,466.28,Dinheiro,Física,3.0,13
4177,2026-08-12,14:30,95,Bermuda Básica,Bermuda,Verde,P,2,40.47,0.0,80.94,Crediário,Física,3.0,6
4178,2026-03-07,10:45,83,Camiseta Básica,Camiseta,Rosa,M,3,221.65,33.25,631.7,CARTÃO DE CRÉDITO,Física,228.0,7
4179,2026-08-05, 12:30 ,89,Acessório Slim,Acessório,Preta,P,2,283.36,0.0,566.72,Dinheiro,Física,332.0,12
4180,2026-08-22,15:30,14,Bermuda Social,Bermuda,Branca,P,1,125.8,6.29,119.51,Cartão de Crédito,Física,270.0,12
4181,2026-08-02,15:30,125,Vestido Esporte,Vestido,Vermelha,P,2,67.79,0.0,"135,58",Cartão de Crédito,Online,52.0,8
4182,2026-05-28,20:00,85,Blusa Casual,Blusa,Vermelha,G,1,273.43,465.715894369659,246.09,CREDIÁRIO,Física,101.0,6
4183,2026-06-01,09:30,116,Blusa Casual,Blusa,Azul,G,2,332.71,0.0,665.42,Pix,Física,151.0,18
4184,2026-06-12,16:45,56,Bermuda Casual,Bermuda,Verde,P,2,269.73,80.92,458.54,Cartão de Débito,Online,355.0,5
4185,2026-09-07,09:15,88,Camiseta Básica,Camiseta,Branca,GG,3,270.48,121.72,689.72,Cartão de Débito,Física,57.0,3
4186,2026-09-22,20:15,49,Calça Básica,Calça,Verde,GG,3,193.27,0.0,579.81,Cartão de Débito,Online,395.0,18
4187,2026-08-01,11:45,141,Acessório Slim,Acessório,Rosa,G,3,250.39,0.0,751.17,Cartão de Débito,Online,474.0,17
4188,15/04/2026, 21:30 ,34,Acessório Slim,Acessório,Azul,M,1,220.29,33.04,"187,25",Crediário,Online,261.0,22
4189,2026-05-28,20:15,50,Blusa Esporte,Blusa,Vermelha,GG,2,189.51,56.85,322.17,Cartão de Crédito,Física,23.0,13
4190,2026-06-14,09:00,13,Calça X,Calça,Verde,M,3,118.99,0.0,356.97,cartão de crédito,Online,119.0,7
4191,2026-06-29,10:30,21,Jaqueta Casual,Jaqueta,Cinza,G,4,186.68,74.67,672.05,cartão de débito,Online,516.0,19
4192,2026-03-12,12:00,28,Camiseta Social,Camiseta,Rosa,GG,4,276.72,166.03,940.85,PIX,Online,,23
4193,2026-03-15, 12:30 ,132,Acessório Básica,Acessório,Branca,P,2,296.32,59.26,533.38,Dinheiro,Física,77.0,8
4194,2026-05-15,12:30,103,Jaqueta Social,Jaqueta,Verde,G,4,239.05,143.43,812.77,PIX,Online,191.0,13
4195,2026-04-22,13:45,36,Vestido Social,Vestido,Azul,P,4,348.35,0.0,1393.4,PIX,Online,,1
4196,2026-07-22,20:00,120,Vestido Premium,Vestido,Rosa,GG,4,304.25,0.0,1217.0,Cartão de Crédito,Física,294.0,14
4197,2026-06-12,10:30,60,Acessório Esporte,Acessório,Azul,G,4,112.08,22.42,425.9,Crediário,Online,423.0,15
4198,2026-07-31,20:00,10,Jaqueta Casual,Jaqueta,Cinza,GG,2,338.29,33.83,642.75,PIX,Online,25.0,15
4199,2026-04-14,20:30,146,Acessório Esporte,Acessório,Vermelha,P,2,103.95,10.4,197.5,Crediário,Física,371.0,1
4200,2026-07-23,18:00,140,Acessório Premium,Acessório,Rosa,G,4,155.17,62.07,558.61,Dinheiro,Online,16.0,21
4201,2026-07-27,16:45,99,Vestido Social,Vestido,Rosa,P,3,135.91,0.0,407.73,Crediário,Online,159.0,18
4202,2026-05-18,09:45,117,Vestido Casual,Vestido,Azul,P,4,314.94,125.98,1133.78,Crediário,Online,181.0,14
4203,2026-04-12,15:00,73,Vestido Social,Vestido,Preta,P,2,83.59,16.72,150.46,PIX,Física,,5
4204,2026-06-16,19:30,32,Bermuda Premium,Bermuda,Azul,GG,1,298.98,0.0,298.98,Cartão de Débito,Física,298.0,5
4205,16/03/26,11:45,171,Acessório X,Acessório,Verde,G,1,85.73,8.57,77.16,Dinheiro,Física,121.0,25
4206,2026-08-30,15:30,100,Vestido Casual,Vestido,Preta,M,2,76.04,0.0,152.08,Dinheiro,Online,51.0,3
4207,2026-06-10,17:45,129,Vestido X,Vestido,Branca,GG,1,295.38,29.54,265.84,PIX,Online,176.0,21
4208,2026-06-28,17:45,149,Calça Premium,Calça,Vermelha,P,3,296.39,44.46,844.71,PIX,Física,11.0,6
4209,2026-08-31,11:45,129,Vestido X,Vestido,Branca,GG,3,295.38,44.31,841.83,Cartão de Crédito,Online,562.0,24
4210,2026-07-05,20:00,24,Blusa X,Blusa,Cinza,GG,1,80.81,8.08,72.73,Cartão de Débito,Online,361.0,14
4211,2026-05-13,16:30,93,Blusa Social,Blusa,Vermelha,GG,2,327.13,0.0,654.26,PIX,Online,563.0,9
4212,2026-08-06,18:45,82,Vestido Slim,Vestido,Vermelha,P,3,342.99,0.0,1028.97,Cartão de Débito,Online,177.0,6
4213,2026-08-28,17:00,33,Blusa X,Blusa,Vermelha,P,3,230.83,69.25,623.24,Cartão de Crédito,Online,151.0,15
4214,2026-08-12,09:30,149,Calça Premium,Calça,Vermelha,P,2,296.39,59.28,533.5,Crediário,Online,82.0,25
4215,2026-07-12,15:00,112,Calça Básica,Calça,Azul,M,4,318.38,0.0,1273.52,Dinheiro,Física,193.0,9
4216,2026-08-02,14:45,105,Vestido Esporte,Vestido,Vermelha,P,4,168.87,33.77,641.71,Cartão de Débito,Física,53.0,14
4217,2026-07-16,19:00,126,Vestido Slim,Vestido,Vermelha,M,1,262.43,0.0,"262,43",PIX,Física,226.0,2
4218,2026-09-05,21:00,34,Acessório Slim,Acessório,Azul,M,1,220.29,0.0,220.29,Cartão de Débito,Física,111.0,20
4219,2026-03-17,12:45,133,Calça Social,Calça,Rosa,G,1,39.8,1.99,37.81,PIX,Física,39.0,25
4220,2026-07-27,18:30,113,Blusa Social,Blusa,Rosa,P,1,270.36,27.04,243.32,Cartão de Crédito,Física,11.0,18
4221,2026-07-12,13:00,138,Acessório Social,Acessório,Rosa,G,2,125.4,37.62,213.18,Dinheiro,Online,434.0,14
4222,2026-04-24,21:30,100,Vestido Casual,Vestido,Preta,M,2,76.04,0.0,152.08,Cartão de Crédito,Online,567.0,19
4223,2026-08-16,14:45,107,Blusa Slim,Blusa,Preta,M,4,264.43,105.77,951.95,CARTÃO DE CRÉDITO,Física,227.0,15
4224,2026-05-29,13:15,165,Blusa Casual,Blusa,Rosa,GG,4,156.99,0.0,627.96,PIX,Física,152.0,4
4225,2026-05-16,17:30,131,Vestido Básica,Vestido,Vermelha,M,2,38.91,11.67,66.15,PIX,Online,60.0,7
4226,2026-09-12,20:30,164,Blusa X,Blusa,Cinza,G,3,193.36,58.01,"522,07",Dinheiro,Online,544.0,9
4227,2026-06-05,17:00,51,Jaqueta Slim,Jaqueta,Verde,M,1,118.56,0.0,118.56,Crediário,Online,419.0,15
4228,2026-05-18,19:30,85,Blusa Casual,Blusa,Vermelha,G,4,273.43,0.0,1093.72,PIX,Física,389.0,22
4229,20/08/2026,16:45,5096,Acessório Básica,Acessório,Cinza,P,4,304.84,0.0,"R$ 1.219,36",Cartão de Débito,Física,208.0,5
4230,2026-04-12,11:45,101,Vestido Social,Vestido,Vermelha,GG,1,158.47,23.77,134.7,Cartão de Crédito,Física,172.0,4
4231,2026-05-03,19:30,172,Camiseta Social,Camiseta,Rosa,G,2,281.43,0.0,562.86,PIX,Online,48.0,20
4232,2026-08-22,13:45,52,Vestido Casual,Vestido,Rosa,GG,3,235.08,0.0,705.24,Cartão de Débito,Física,152.0,19
4233,2026-03-19,18:15,90,Blusa Premium,Blusa,Branca,G,2,177.57,0.0,"R$ 355,14",Crediário,Online,180.0,7
4234,2026-08-12,10:15,55,Vestido Premium,Vestido,Verde,P,1,95.27,0.0,95.27,Crediário,Física,104.0,2
4235,2026-09-02,14:15,98,Vestido Social,Vestido,Branca,G,4,290.16,58.03,1102.61,Dinheiro,Online,549.0,1
4236,2026-07-06,09:30,27,Vestido Premium,Vestido,Cinza,G,2,137.14,0.0,274.28,Cartão de Débito,Online,571.0,7
4237,2026-05-03,20:15,154,Acessório Esporte,Acessório,Azul,M,2,140.03,42.01,238.05,Cartão de Débito,Física,85.0,14
4238,2026-06-18,14:00,22,Vestido Social,Vestido,Rosa,G,3,289.54,130.29,738.33,Dinheiro,Online,270.0,22
4239,2026-08-18,10:15,142,Acessório Básica,Acessório,Cinza,G,3,333.62,0.0,1000.86,Cartão de Crédito,Online,202.0,2
4240,2026-08-04,12:15,2,Camiseta Básica,Camiseta,Cinza,P,4,57.67,0.0,230.68,PIX,Online,248.0,10
4241,2026-06-11,20:45,57,Jaqueta Básica,Jaqueta,Verde,GG,2,111.2,0.0,222.4,CARTÃO DE CRÉDITO,Física,244.0,8
4242,2026-06-09,14:00,3,Camiseta Social,Camiseta,Branca,GG,1,48.72,4.87,43.85,Cartão de Débito,Online,145.0,21
4243,2026-08-14,19:15,61,Acessório Básica,Acessório,Rosa,M,4,281.06,112.42,1011.82,Cartão de Débito,Física,62050.0,23
4244,2026-04-05,14:15,5,Jaqueta Slim,Jaqueta,Branca,GG,2,87.47,17.49,157.45,PIX,Online,,13
4245,2026-09-17,20:30,93,Blusa Social,Blusa,Vermelha,GG,2,327.13,0.0,654.26,PIX,Online,96.0,19
4246,2026-03-17,09:45,95,Bermuda Básica,Bermuda,Verde,P,4,40.47,0.0,161.88,Pix,Online,60.0,20
4247,2026-08-26, 12:30,157,Blusa Social,Blusa,Rosa,GG,1,325.37,0.0,325.37,Cartão de Crédito,Online,535.0,9
4248,04/07/26,14:30,135,Camiseta Slim,Camiseta,Preta,GG,2,333.31,0.0,666.62,PIX,Física,97.0,4
4249,17/09/26,16:15  ,98,Vestido Social,Vestido,Branca,G,1,290.16,0.0,290.16,PIX,Física,504.0,6
4250,2026-06-04,16:30,13,Calça X,Calça,Verde,M,2,118.99,11.9,226.08,Dinheiro,Online,8.0,20
4251,2026-03-05,14:15,8,Blusa Social,Blusa,Preta,M,1,290.68,0.0,290.68,PIX,Online,42.0,20
4252,2026-03-26,18:30,31,Vestido Slim,Vestido,Azul,P,2,35.57,0.0,71.14,Cartão de Débito,Física,393.0,1
4253,2026-07-18,15:15,179,Vestido Básica,Vestido,Azul,G,4,31.43,6.29,119.43,Cartão de Débito,Física,332.0,13
4254,2026-03-22,12:00,50,Blusa Esporte,Blusa,Vermelha,GG,4,189.51,113.71,644.33,Crediário,Física,371.0,9
4255,2026-07-09,10:30,13,Calça X,Calça,Verde,M,4,118.99,0.0,475.96,Cartão de Crédito,Online,61.0,4
4256,2026-03-13,17:15,180,Acessório X,Acessório,Cinza,G,4,73.69,29.48,265.28,Cartão de Crédito,Física,249.0,9
4257,2026-08-02,13:45,36,Vestido Social,Vestido,Azul,P,1,348.35,52.25,296.1,cartão de débito,Física,170.0,9
4258,2026-09-04,10:30,116,Blusa Casual,Blusa,Azul,G,3,332.71,0.0,998.13,PIX,Online,510.0,20
4259,2026-08-15,21:00,5,Jaqueta Slim,Jaqueta,Branca,GG,1,87.47,0.0,87.47,Cartão de Débito,Online,132.0,14
4260,2026-03-04,12:00,78,Blusa Casual,Blusa,Cinza,M,1,332.45,0.0,332.45,Crediário,Física,77.0,5
4261,2026-09-05,11:15,118,Camiseta Esporte,Camiseta,Azul,M,2,214.08,0.0,428.16,Cartão de Crédito,Online,289.0,8
4262,2026-06-18,19:00,11,Calça Básica,Calça,Vermelha,G,4,297.24,118.9,1070.06,Cartão de Débito,Online,161.0,7
4263,2026-03-28,13:30,125,Vestido Esporte,Vestido,Vermelha,P,1,67.79,3.39,64.4,Cartão de Crédito,Online,486.0,22
4264,2026-08-21,20:45,119,Vestido Básica,Vestido,Azul,P,4,51.47,10.29,195.59,PIX,Online,541.0,11
4265,2026-05-03,12:45,156,Jaqueta Básica,Jaqueta,Branca,G,1,292.56,0.0,292.56,cartão de débito,Online,197.0,4
4266,2026-06-12,15:45,112,Calça Básica,Calça,Azul,M,3,318.38,0.0,955.14,Crediário,Física,520.0,21
4267,2026-05-29,19:30,114,Jaqueta Esporte,Jaqueta,Verde,P,3,60.77,27.35,154.96,Crediário,Online,120.0,2
4268,2026-07-23,18:45,14,Bermuda Social,Bermuda,Branca,P,3,125.8,56.61,320.79,Cartão de Débito,Física,33.0,7
4269,2026-09-14,09:15,17,Acessório Casual,Acessório,Rosa,P,2,277.21,0.0,"554,42",Cartão de Débito,Física,504.0,6
4270,2026-09-13,13:45,152,Acessório Básica,Acessório,Verde,GG,3,238.11,0.0,714.33,PIX,Física,42.0,1
4271,2026-07-25,21:15,30,Blusa Básica,Blusa,Preta,M,4,249.41,149.65,847.99,PIX,Física,304.0,14
4272,2026-08-12,09:45,58,Acessório Básica,Acessório,Cinza,P,4,304.84,182.9,1036.46,Cartão de Débito,Online,94.0,19
4273,2026-08-17,19:30,41,Jaqueta Casual,Jaqueta,Cinza,GG,1,274.27,0.0,274.27,Crediário,Online,311.0,8
4274,2026-08-06,17:30,127,Vestido Social,Vestido,Rosa,G,4,72.5,0.0,290.0,PIX,Física,42.0,23
4275,2026-06-20,18:00,82,Vestido Slim,Vestido,Vermelha,P,4,342.99,0.0,1371.96,Crediário,Física,,15
4276,2026-09-25,15:15,6,Acessório X,Acessório,Azul,GG,4,334.07,66.81,1269.47,PIX,Física,512.0,20
4277,2026-05-12,18:00,106,Vestido Premium,Vestido,Cinza,G,3,201.43,90.64,513.65,Cartão de Crédito,Física,166.0,17
4278,2026-04-18,15:00,170,Blusa Premium,Blusa,Azul,G,3,154.9,69.7,395.0,Cartão de Crédito,Física,577.0,12
4279,2026-09-16,11:00,48,Camiseta Esporte,Camiseta,Preta,G,3,170.37,76.67,434.44,Cartão de Débito,Online,600.0,15
4280,2026-06-01,17:00,6,Acessório X,Acessório,Azul,GG,3,334.07,0.0,1002.21,Cartão de Débito,Online,165.0,14
4281,13/04/2026,16:15,141,Acessório Slim,Acessório,Rosa,G,4,250.39,100.16,901.4,Cartão de Crédito,Física,294.0,17
4282,2026-06-08,15:30,126,Vestido Slim,Vestido,Vermelha,M,2,262.43,0.0,524.86,Cartão de Crédito,Online,238.0,21
4283,2026-05-20,12:45,39,Calça Social,Calça,Vermelha,GG,1,327.41,0.0,327.41,Cartão de Crédito,Física,,21
4284,2026-05-02,15:30,154,Acessório Esporte,Acessório,Azul,M,1,140.03,14.0,126.03,Cartão de Débito,Online,280.0,19
4285,2026-03-24,10:00,30,Blusa Básica,Blusa,Preta,M,4,249.41,0.0,997.64,Cartão de Débito,Online,580.0,11
4286,2026-05-07,14:00,179,Vestido Básica,Vestido,Azul,G,2,31.43,0.0,62.86,PIX,Online,386.0,23
4287,2026-08-18,15:45,150,Blusa Esporte,Blusa,Vermelha,M,1,241.11,0.0,241.11,Cartão de Débito,Física,535.0,21
4288,2026-08-23,20:15,167,Acessório Casual,Acessório,Preta,P,2,326.38,0.0,652.76,PIX,Online,170.0,10
4289,2026-06-12,18:15,41,Jaqueta Casual,Jaqueta,Cinza,GG,3,274.27,123.42,699.39,Cartão de Crédito,Física,335.0,17
4290,2026-07-17,09:00,2,Camiseta Básica,Camiseta,Cinza,P,3,57.67,8.65,164.36,Crediário,Física,45.0,19
4291,2026-03-19,13:00,65,Jaqueta Social,Jaqueta,Cinza,GG,4,77.68,46.61,"264,11",Crediário,Online,157.0,2
4292,2026-04-25,16:00,100,Vestido Casual,Vestido,Preta,M,1,76.04,0.0,76.04,Cartão de Crédito,Online,521.0,25
4293,2026-06-21,10:15,40,Bermuda Esporte,Bermuda,Azul,G,2,78.7,7.87,149.53,Cartão de Crédito,Física,81.0,13
4294,2026-04-16,14:30,174,Jaqueta Casual,Jaqueta,Preta,GG,1,214.83,10.74,204.09,Cartão de Crédito,Online,,15
4295,2026-05-30,17:00,105,Vestido Esporte,Vestido,Vermelha,P,2,168.87,0.0,337.74,Cartão de Débito,Online,584.0,13
4296,2026-04-03,16:45,2,Camiseta Básica,Camiseta,Cinza,P,2,57.67,17.3,98.04,Cartão de Crédito,Online,490.0,25
4297,2026-06-29,14:45,152,Acessório Básica,Acessório,Verde,GG,3,238.11,0.0,714.33,Dinheiro,Física,328.0,1
4298,2026-03-17,16:15,141,Acessório Slim,Acessório,Rosa,G,4,250.39,0.0,1001.56,Cartão de Crédito,Online,203.0,11
4299,2026-07-30,20:30,101,Vestido Social,Vestido,Vermelha,GG,4,158.47,31.69,602.19,Dinheiro,Online,21.0,13
4300,2026-05-14,21:30,70,Blusa Slim,Blusa,Verde,GG,4,203.23,40.65,772.27,cartão de crédito,Online,169.0,21
4301,2026-09-25,09:15,114,Jaqueta Esporte,Jaqueta,Verde,P,2,60.77,6.08,115.46,Cartão de Crédito,Física,20.0,5
4302,2026-05-31,16:45,68,Jaqueta Premium,Jaqueta,Vermelha,G,3,65.29,9.79,186.08,PIX,Online,,13
4303,2026-08-08,11:45,19,Blusa Casual,Blusa,Preta,M,2,212.08,42.42,"R$ 381,74",Cartão de Débito,Física,548.0,25
4304,2026-05-27,12:00,90,Blusa Premium,Blusa,Branca,G,2,177.57,0.0,355.14,Cartão de Débito,Física,16.0,21
4305,2026-08-06,17:30,106,Vestido Premium,Vestido,Cinza,G,2,201.43,20.14,"382,72",Cartão de Crédito,Online,522.0,17
4306,2026-09-21,12:30,9,Jaqueta Social,Jaqueta,Rosa,G,2,97.54,0.0,195.08,PIX,Online,62.0,22
4307,2026-05-23,10:00,53,Camiseta Básica,Camiseta,Branca,P,-1,204.54,40.91,777.25,Dinheiro,Online,219.0,16
4308,2026-05-26,21:00,160,Calça X,Calça,Verde,P,2,137.04,0.0,274.08,Cartão de Débito,Física,550.0,13
4309,2026-05-03,09:15,89,Acessório Slim,Acessório,Preta,P,2,283.36,28.34,538.38,Cartão de Crédito,Física,482.0,24
4310,2026-05-05,19:45,149,Calça Premium,Calça,Vermelha,P,4,296.39,118.56,1067.0,Cartão de Crédito,Online,102.0,14
4311,2026-05-09,16:45,69,Camiseta Social,Camiseta,Branca,M,2,96.99,0.0,193.98,Cartão de Crédito,Física,187.0,3
4312,2026-06-07,19:00,40,Bermuda Esporte,Bermuda,Azul,G,2,78.7,0.0,157.4,PIX,Online,,1
4313,02/07/2026,20:15,138,Acessório Social,Acessório,Rosa,G,4,125.4,25.08,476.52,CARTÃO DE DÉBITO,Online,238.0,19
4314,2026-08-27,19:45,31,Vestido Slim,Vestido,Azul,P,1,35.57,1.78,33.79,Dinheiro,Online,131.0,21
4315,2026-04-20,13:15,10,Jaqueta Casual,Jaqueta,Cinza,GG,1,338.29,33.83,304.46,PIX,Online,483.0,22
4316,2026-06-29,13:45,8,Blusa Social,Blusa,Preta,M,4,290.68,0.0,1162.72,Dinheiro,Física,248.0,4
4317,2026-08-21,12:15,68,Jaqueta Premium,Jaqueta,Vermelha,G,2,65.29,6.53,124.05,Cartão de Débito,Online,286.0,14
4318,2026-03-28,11:00,167,Acessório Casual,Acessório,Preta,P,1,326.38,48.96,277.42,Dinheiro,Física,546.0,10
4319,2026-08-27,13:00,176,Camiseta Premium,Camiseta,Vermelha,GG,4,225.97,0.0,903.88,Crediário,Física,359.0,4
4320,2026-07-24,21:15,158,Blusa Social,Blusa,Rosa,M,4,185.68,0.0,742.72,PIX,Online,354.0,22
4321,2026-08-30,14:45,86,Bermuda Casual,Bermuda,Branca,P,1,211.18,0.0,211.18,Cartão de Crédito,Online,319.0,18
4322,2026-03-21,21:45,125,Vestido Esporte,Vestido,Vermelha,P,1,67.79,0.0,67.79,Cartão de Débito,Online,155.0,20
4323,2026-03-28,16:30,21,Jaqueta Casual,Jaqueta,Cinza,G,4,186.68,0.0,746.72,Cartão de Débito,Online,,15
4324,2026-03-08,20:15,8,Blusa Social,Blusa,Preta,M,4,290.68,58.14,1104.58,Cartão de Crédito,Online,350.0,4
4325,2026-05-09,15:30,130,Blusa Esporte,Blusa,Verde,GG,4,154.8,0.0,619.2,Dinheiro,Online,182.0,14
4326,2026-04-12,11:15,58,Acessório Básica,Acessório,Cinza,P,1,304.84,0.0,304.84,Cartão de Débito,Física,,2
4327,2026-05-01,18:45,86,Bermuda Casual,Bermuda,Branca,P,3,211.18,0.0,633.54,PIX,Física,205.0,12
4328,2026-09-23,18:45,115,Jaqueta Social,Jaqueta,Preta,GG,4,278.18,166.91,945.81,Cartão de Crédito,Física,278.0,25
4329,2026-04-23,18:15,120,Vestido Premium,Vestido,Rosa,GG,1,304.25,15.21,289.04,PIX,Online,328.0,9
4330,2026-08-09,13:00,74,Acessório Social,Acessório,Preta,GG,1,90.99,0.0,90.99,PIX,Física,419.0,16
4331,2026-07-28,21:00,74,Acessório Social,Acessório,Preta,GG,2,90.99,0.0,181.98,Dinheiro,Física,588.0,13
4332,2026-07-03,16:30,158,Blusa Social,Blusa,Rosa,M,3,185.68,55.7,"R$ 501,34",PIX,Física,337.0,19
4333,2026-04-01,21:15,55,Vestido Premium,Vestido,Verde,P,2,95.27,9.53,181.01,Crediário,Online,181.0,13
4334,2026-06-12,18:15,149,Calça Premium,Calça,Vermelha,P,2,296.39,0.0,592.78,Cartão de Crédito,Física,128.0,11
4335,2026-03-21,17:45,35,Jaqueta Premium,Jaqueta,Preta,P,2,289.59,0.0,579.18,Cartão de Crédito,Online,268.0,11
4336,2026-04-21,11:00,144,Calça Social,Calça,Cinza,GG,3,200.29,30.04,570.83,Cartão de Crédito,Online,116.0,24
4337,2026-08-12,20:15,32,Bermuda Premium,Bermuda,Azul,GG,3,298.98,0.0,896.94,Cartão de Débito,Online,160.0,10
4338,2026-08-18,14:30,74,Acessório Social,Acessório,Preta,GG,4,90.99,0.0,363.96,Cartão de Crédito,Online,482.0,22
4339,2026-07-13,12:15,141,Acessório Slim,Acessório,Rosa,G,1,250.39,12.52,237.87,PIX,Online,430.0,17
4340,2026-04-03,16:15,137,Camiseta Esporte,Camiseta,Preta,M,4,149.09,0.0,596.36,PIX,Física,235.0,4
4341,2026-07-29,10:30,15,Blusa Social,Blusa,Azul,M,4,303.57,0.0,1214.28,PIX,Física,557.0,25
4342,2026-07-06,21:00,162,Blusa Premium,Blusa,Branca,M,2,219.23,0.0,438.46,Dinheiro,Física,401.0,11
4343,2026-06-01,18:45,31,Vestido Slim,Vestido,Azul,P,2,35.57,0.0,71.14,Cartão de Débito,Física,128.0,2
4344,2026-08-17,12:00,117,Vestido Casual,Vestido,Azul,P,3,314.94,47.24,897.58,Cartão de Débito,Física,467.0,1
4345,2026-09-05,09:30,123,Blusa Esporte,Blusa,Rosa,P,2,261.56,0.0,523.12,Cartão de Débito,Física,575.0,16
4346,2026-09-11,18:00,16,Acessório Casual,Acessório,Verde,GG,3,160.59,0.0,481.77,Cartão de Débito,Online,479.0,10
4347,2026-06-26,09:00,95,Bermuda Básica,Bermuda,Verde,P,2,40.47,12.14,68.8,Cartão de Débito,Física,420.0,4
4348,2026-05-05,12:00,27,Vestido Premium,Vestido,Cinza,G,4,137.14,0.0,548.56,Dinheiro,Física,354.0,24
4349,2026-04-27,12:00,173,Jaqueta Casual,Jaqueta,Cinza,GG,1,328.02,0.0,328.02,Cartão de Crédito,Online,367.0,20
4350,2026-03-07,15:45,139,Acessório Slim,Acessório,Branca,P,3,227.76,68.33,614.95,Cartão de Crédito,Física,186.0,6
4351,2026-05-01,16:15,136,Blusa Social,Blusa,Azul,P,4,114.45,0.0,457.8,PIX,Física,58.0,11
4352,2026-08-28,18:15,40,Bermuda Esporte,Bermuda,Azul,G,3,78.7,0.0,236.1,Cartão de Débito,Online,323.0,19
4353,2026-08-12,10:15,168,Vestido Casual,Vestido,Azul,M,2,255.66,25.57,485.75,Cartão de Crédito,Online,536.0,3
4354,2026-05-01,17:15,65,Jaqueta Social,Jaqueta,Cinza,GG,1,77.68,7.77,69.91,Cartão de Crédito,Online,,2
4355,2026-03-01,17:30,159,Acessório Slim,Acessório,Azul,G,3,201.01,60.3,542.73,Dinheiro,Online,531.0,25
4356,2026-03-16,10:45,21,Jaqueta Casual,Jaqueta,Cinza,G,4,186.68,37.34,709.38,Cartão de Crédito,Física,302.0,20
4357,2026-09-12, 20:15,174,Jaqueta Casual,Jaqueta,Preta,GG,3,214.83,64.45,580.04,Crediário,Online,599.0,6
4358,2026-07-27,09:15,2,Camiseta Básica,Camiseta,Cinza,P,4,57.67,0.0,230.68,Dinheiro,Física,467.0,25
4359,2026-07-25,18:00,128,Bermuda Básica,Bermuda,Preta,GG,4,193.28,0.0,773.12,Cartão de Crédito,Física,371.0,12
4360,2026-05-06,18:15,157,Blusa Social,Blusa,Rosa,GG,4,325.37,65.07,1236.41,Cartão de Débito,Online,4.0,16
4361,14/08/2026,18:45,41,Jaqueta Casual,Jaqueta,Cinza,GG,4,274.27,164.56,932.52,PIX,Online,48.0,16
4362,2026-07-11,10:45,132,Acessório Básica,Acessório,Branca,P,4,296.32,0.0,1185.28,PIX,Online,594.0,13
4363,2026-06-30,18:15,57,Jaqueta Básica,Jaqueta,Verde,GG,2,111.2,33.36,189.04,Dinheiro,Online,366.0,21
4364,2026-05-26,19:00  ,49,Calça Básica,Calça,Verde,GG,3,193.27,0.0,579.81,PIX,Online,28.0,18
4365,2026-06-08,19:45,89,Acessório Slim,Acessório,Preta,P,1,283.36,42.5,240.86,Cartão de Débito,Física,122.0,6
4366,2026-05-24,09:30,165,Blusa Casual,Blusa,Rosa,GG,4,156.99,0.0,627.96,Cartão de Débito,Física,329.0,14
4367,2026-07-04,11:00,149,Calça Premium,Calça,Vermelha,P,2,296.39,59.28,533.5,Cartão de Débito,Física,48.0,9
4368,2026-03-27,11:30,131,Vestido Básica,Vestido,Vermelha,M,3,38.91,17.51,99.22,Cartão de Débito,Física,423.0,20
4369,2026-07-25,20:30  ,64,Camiseta Básica,Camiseta,Rosa,M,4,108.86,0.0,435.44,Cartão de Crédito,Física,555.0,16
4370,2026-05-07,19:15,61,Acessório Básica,Acessório,Rosa,M,2,281.06,0.0,562.12,Crediário,Online,566.0,22
4371,2026-08-31,14:45,134,Calça Slim,Calça,Rosa,P,1,297.88,0.0,297.88,Crediário,Física,343.0,8
4372,2026-08-16,15:00,99,Vestido Social,Vestido,Rosa,P,4,135.91,81.55,462.09,PIX,Online,431.0,8
4373,2026-07-09,20:45,166,Vestido Premium,Vestido,Vermelha,GG,4,194.42,0.0,777.68,Cartão de Débito,Física,79.0,22
4374,2026-07-08,15:00,173,Jaqueta Casual,Jaqueta,Cinza,GG,4,328.02,131.21,1180.87,Cartão de Crédito,Online,312.0,24
4375,2026-07-19,18:00,36,Vestido Social,Vestido,Azul,P,3,348.35,0.0,1045.05,DINHEIRO,Online,138.0,16
4376,2026-07-12,20:30,30,Blusa Básica,Blusa,Preta,M,4,249.41,149.65,847.99,PIX,Física,110.0,16
4377,2026-08-10,12:30,75,Jaqueta Casual,Jaqueta,Azul,G,4,238.16,0.0,952.64,Cartão de Crédito,Física,146.0,24
4378,2026-06-05,09:00,154,Acessório Esporte,Acessório,Azul,M,3,140.03,63.01,"357,08",PIX,Online,,24
4379,2026-03-01,12:30,13,Calça X,Calça,Verde,M,2,118.99,0.0,237.98,PIX,Física,61.0,4
4380,2026-06-26,19:00,160,Calça X,Calça,Verde,P,2,137.04,0.0,274.08,PIX,Física,459.0,7
4381,2026-09-12,12:00,23,Blusa X,Blusa,Preta,P,4,219.84,87.94,791.42,Cartão de Débito,Física,152.0,21
4382,2026-06-12,10:30,174,Jaqueta Casual,Jaqueta,Preta,GG,3,214.83,0.0,644.49,Cartão de Débito,Online,417.0,9
4383,2026-09-15,21:45,130,Blusa Esporte,Blusa,Verde,GG,1,154.8,23.22,131.58,PIX,Física,564.0,14
4384,2026-07-13,12:30,147,Bermuda Básica,Bermuda,Branca,P,2,44.8,8.96,80.64,Cartão de Crédito,Online,155.0,4
4385,2026-08-12,14:30,68,Jaqueta Premium,Jaqueta,Vermelha,G,1,65.29,0.0,65.29,Cartão de Débito,Online,104.0,3
4386,2026-04-28,16:00,112,Calça Básica,Calça,Azul,M,1,318.38,0.0,318.38,Cartão de Débito,Online,445.0,25
4387,2026-04-19,18:00,97,Camiseta Slim,Camiseta,Azul,M,2,174.51,52.35,296.67,Cartão de Débito,Física,157.0,6
4388,2026-03-26,09:30,101,Vestido Social,Vestido,Vermelha,GG,-1,158.47,15.85,301.09,Dinheiro,Online,285.0,5
4389,2026-03-18,13:45,51,Jaqueta Slim,Jaqueta,Verde,M,1,118.56,0.0,118.56,PIX,Online,456.0,18
4390,2026-08-27,16:15,7,Jaqueta Esporte,Jaqueta,Preta,P,3,33.34,0.0,100.02,Cartão de Débito,Física,29.0,9
4391,2026-05-04,12:00,70,Blusa Slim,Blusa,Verde,GG,2,203.23,0.0,406.46,Cartão de Débito,Online,576.0,23
4392,2026-09-22,18:45,47,Vestido Premium,Vestido,Cinza,G,3,115.65,52.04,294.91,Cartão de Crédito,Física,258.0,23
4393,2026-04-01,18:45,86,Bermuda Casual,Bermuda,Branca,P,3,211.18,0.0,633.54,PIX,Online,,19
4394,2026-09-04,15:15,13,Calça X,Calça,Verde,M,1,118.99,0.0,118.99,Dinheiro,Física,445.0,10
4395,2026-09-14,18:45,29,Blusa Esporte,Blusa,Branca,M,1,318.44,0.0,318.44,Crediário,Física,243.0,22
4396,2026-04-15,10:15,64,Camiseta Básica,Camiseta,Rosa,M,4,108.86,65.32,370.12,PIX,Física,570.0,9
4397,2026-07-21,21:30,122,Bermuda Casual,Bermuda,Rosa,GG,3,286.85,43.03,817.52,Crediário,Online,469.0,7
4398,2026-05-27,09:45,119,Vestido Básica,Vestido,Azul,P,4,51.47,0.0,205.88,Cartão de Débito,Física,88.0,18
4399,2026-09-25,09:00,54,Calça Esporte,Calça,Verde,P,1,77.13,0.0,77.13,PIX,Online,454.0,22
4400,2026-05-19,15:30,173,Jaqueta Casual,Jaqueta,Cinza,GG,2,328.02,0.0,656.04,Cartão de Débito,Física,207.0,7
4401,2026-08-03,20:30,150,Blusa Esporte,Blusa,Vermelha,M,3,241.11,1231.9925524590515,651.0,PIX,Online,122.0,15
4402,2026-09-04,21:45,139,Acessório Slim,Acessório,Branca,P,1,227.76,0.0,227.76,Cartão de Débito,Física,203.0,17
4403,2026-09-14,20:45,140,Acessório Premium,Acessório,Rosa,G,4,155.17,0.0,620.68,Cartão de Débito,Online,193.0,2
4404,2026-09-06,16:30,140,Acessório Premium,Acessório,Rosa,G,2,155.17,0.0,310.34,Cartão de Crédito,Online,333.0,24
4405,2026-06-12, 14:45 ,115,Jaqueta Social,Jaqueta,Preta,GG,1,278.18,13.91,264.27,Cartão de Crédito,Online,303.0,1
4406,2026-03-18,12:00,33,Blusa X,Blusa,Vermelha,P,3,230.83,0.0,692.49,Cartão de Crédito,Física,572.0,1
4407,2026-07-22,09:00,75,Jaqueta Casual,Jaqueta,Azul,G,4,238.16,95.26,857.38,PIX,Online,171.0,19
4408,2026-09-03,11:15,9,Jaqueta Social,Jaqueta,Rosa,G,2,97.54,29.26,165.82,Dinheiro,Física,581.0,1
4409,2026-03-12,19:45,78,Blusa Casual,Blusa,Cinza,M,0,332.45,49.87,947.48,Cartão de Crédito,Online,192.0,5
4410,2026-03-13, 13:15 ,169,Vestido Esporte,Vestido,Rosa,M,3,120.16,36.05,324.43,PIX,Online,212.0,1
4411,2026-09-18,18:00,120,Vestido Premium,Vestido,Rosa,GG,1,304.25,0.0,304.25,Cartão de Crédito,Online,71.0,22
4412,2026-07-27,21:30,55,Vestido Premium,Vestido,Verde,P,4,95.27,0.0,381.08,Cartão de Débito,Online,591.0,22
4413,2026-08-11,18:15,152,Acessório Básica,Acessório,Verde,GG,1,238.11,0.0,238.11,Crediário,Online,202.0,24
4414,2026-07-25,18:45,26,Bermuda Slim,Bermuda,Branca,P,4,207.97,0.0,831.88,PIX,Física,376.0,5
4415,2026-09-23,16:30,117,Vestido Casual,Vestido,Azul,P,4,314.94,125.98,1133.78,cartão de crédito,Online,573.0,25
4416,2026-09-20,18:45,111,Acessório Esporte,Acessório,Rosa,M,2,333.04,66.61,"599,47",Cartão de Débito,Física,424.0,6
4417,2026-03-25,10:30,123,Blusa Esporte,Blusa,Rosa,P,1,261.56,0.0,261.56,Cartão de Débito,Física,418.0,19
4418,2026-08-13,18:30,122,Bermuda Casual,Bermuda,Rosa,GG,2,286.85,86.06,487.64,PIX,Online,406.0,19
4419,2026-08-13, 14:30,71,Camiseta Esporte,Camiseta,Cinza,GG,2,252.73,0.0,505.46,Cartão de Crédito,Online,383.0,13
4420,2026-08-23,12:00,17,Acessório Casual,Acessório,Rosa,P,4,277.21,0.0,1108.84,Cartão de Débito,Online,386.0,11
4421,2026-07-25,12:30,123,Blusa Esporte,Blusa,Rosa,P,1,261.56,39.23,222.33,Cartão de Débito,Física,21.0,3
4422,2026-06-30,13:00,8,Blusa Social,Blusa,Preta,M,4,290.68,0.0,1162.72,Cartão de Crédito,Física,312.0,2
4423,2026-05-22,15:00,74,Acessório Social,Acessório,Preta,GG,2,90.99,18.2,163.78,Dinheiro,Física,543.0,15
4424,2026-07-20,15:00,151,Blusa Casual,Blusa,Preta,P,4,121.09,0.0,484.36,Cartão de Débito,Online,382.0,13
4425,2026-04-20,19:00,177,Bermuda Básica,Bermuda,Branca,G,4,113.66,0.0,454.64,CARTÃO DE DÉBITO,Física,544.0,2
4426,2026-04-16,10:15,173,Jaqueta Casual,Jaqueta,Cinza,GG,3,328.02,0.0,984.06,Crediário,Física,390.0,1
4427,2026-06-13,19:45,49,Calça Básica,Calça,Verde,GG,3,193.27,86.97,492.84,Cartão de Débito,Física,388.0,14
4428,2026-09-19,18:15,74,Acessório Social,Acessório,Preta,GG,3,90.99,0.0,272.97,Cartão de Crédito,Online,,8
4429,2026-04-22,21:00,169,Vestido Esporte,Vestido,Rosa,M,4,120.16,72.1,408.54,PIX,Física,326.0,1
4430,2026-04-13,14:30,132,Acessório Básica,Acessório,Branca,P,1,296.32,0.0,296.32,Cartão de Débito,Física,6.0,9
4431,2026-07-13,14:00,170,Blusa Premium,Blusa,Azul,G,2,154.9,46.47,263.33,Cartão de Crédito,Física,574.0,14
4432,2026-03-28,19:15,28,Camiseta Social,Camiseta,Rosa,GG,3,276.72,83.02,747.14,Dinheiro,Física,392.0,6
4433,2026-03-02,15:15,11,Calça Básica,Calça,Vermelha,G,4,297.24,0.0,1188.96,PIX,Física,43.0,6
4434,2026-05-10,10:30,28,Camiseta Social,Camiseta,Rosa,GG,2,276.72,0.0,553.44,Dinheiro,Física,,3
4435,2026-06-09,11:30,23,Blusa X,Blusa,Preta,P,2,219.84,65.95,373.73,Cartão de Débito,Online,22.0,5
4436,2026-04-19, 16:00,54768,Blusa X,Blusa,Cinza,G,4,193.36,0.0,773.44,Cartão de Crédito,Física,472.0,20
4437,2026-06-19,17:30,100,Vestido Casual,Vestido,Preta,M,1,76.04,0.0,76.04,Crediário,Física,472.0,12
4438,2026-03-02,11:30,173,Jaqueta Casual,Jaqueta,Cinza,GG,1,328.02,32.8,"295,22",Dinheiro,Física,193.0,4
4439,2026-04-05,16:00,79,Camiseta X,Camiseta,Cinza,G,3,76.54,11.48,218.14,Cartão de Crédito,Online,470.0,11
4440,2026-09-09,13:00,27,Vestido Premium,Vestido,Cinza,G,3,137.14,61.71,349.71,Cartão de Débito,Física,234.0,11
4441,2026-03-25,10:30,172,Camiseta Social,Camiseta,Rosa,G,3,281.43,0.0,844.29,Cartão de Débito,Física,259.0,21
4442,2026-06-27,10:15,113,Blusa Social,Blusa,Rosa,P,0,270.36,40.55,229.81,Cartão de Débito,Online,555.0,8
4443,2026-06-23,19:30,126,Vestido Slim,Vestido,Vermelha,M,3,262.43,39.36,747.93,Cartão de Crédito,Física,588.0,10
4444,2026-04-30,21:45,89,Acessório Slim,Acessório,Preta,P,2,283.36,0.0,566.72,Cartão de Débito,Física,,4
4445,2026-08-05,18:00,108,Bermuda Social,Bermuda,Vermelha,P,1,179.79,17.98,161.81,Cartão de Débito,Online,555.0,8
4446,2026-07-22,10:30,146,Acessório Esporte,Acessório,Vermelha,P,1,103.95,0.0,103.95,Cartão de Crédito,Online,79.0,13
4447,2026-05-30, 12:45,77,Vestido X,Vestido,Rosa,G,2,195.59,19.56,371.62,Cartão de Débito,Física,347.0,17
4448,2026-04-15,14:15,74,Acessório Social,Acessório,Preta,GG,3,90.99,0.0,272.97,PIX,Online,97.0,20
4449,2026-07-31,09:45,93,Blusa Social,Blusa,Vermelha,GG,3,327.13,0.0,981.39,Cartão de Crédito,Online,587.0,9
4450,2026-03-19,21:00,113,Blusa Social,Blusa,Rosa,P,2,270.36,0.0,"R$ 540,72",Cartão de Débito,Física,226.0,16
4451,2026-06-30,12:45,71,Camiseta Esporte,Camiseta,Cinza,GG,4,252.73,50.55,960.37,Cartão de Crédito,Online,253.0,6
4452,2026-05-16,16:00,85,Blusa Casual,Blusa,Vermelha,G,1,273.43,0.0,273.43,Dinheiro,Online,590.0,3
4453,2026-07-06,11:15,19,Blusa Casual,Blusa,Preta,M,3,212.08,0.0,636.24,Dinheiro,Física,585.0,13
4454,2026-03-04,12:30,57,Jaqueta Básica,Jaqueta,Verde,GG,1,111.2,5.56,105.64,Dinheiro,Online,499.0,2
4455,2026-06-18,12:15,77,Vestido X,Vestido,Rosa,G,3,195.59,0.0,586.77,Dinheiro,Física,469.0,13
4456,2026-06-25,10:45,168,Vestido Casual,Vestido,Azul,M,3,255.66,115.05,651.93,Cartão de Crédito,Física,220.0,6
4457,2026-09-13,20:45,50,Blusa Esporte,Blusa,Vermelha,GG,2,189.51,18.95,360.07,Cartão de Débito,Online,60.0,24
4458,2026-07-22,11:30,48,Camiseta Esporte,Camiseta,Preta,G,1,170.37,17.04,153.33,Cartão de Débito,Online,64.0,23
4459,2026-06-14,14:15,50,Blusa Esporte,Blusa,Vermelha,GG,2,189.51,56.85,322.17,PIX,Física,,13
4460,2026-05-24,11:30,81,Calça Social,Calça,Cinza,P,4,125.82,75.49,427.79,crediário,Física,458.0,12
4461,2026-03-23,16:15,140,Acessório Premium,Acessório,Rosa,G,4,155.17,31.03,589.65,Crediário,Física,180.0,15
4462,2026-03-30,10:45,176,Camiseta Premium,Camiseta,Vermelha,GG,4,225.97,0.0,903.88,Cartão de Crédito,Física,232.0,7
4463,2026-06-24,16:00,178,Calça Básica,Calça,Azul,GG,1,144.41,7.22,137.19,Cartão de Crédito,Online,192.0,16
4464,2026-03-15,10:30,66,Bermuda X,Bermuda,Branca,G,2,98.66,0.0,197.32,Dinheiro,Física,594.0,23
4465,2026-04-12,19:00,143,Acessório Premium,Acessório,Rosa,M,4,297.19,0.0,1188.76,Cartão de Débito,Física,248.0,5
4466,2026-06-04,19:45,69,Camiseta Social,Camiseta,Branca,M,3,96.99,29.1,"R$ 261,87",Cartão de Crédito,Online,400.0,5
4467,2026-07-26,20:30,155,Bermuda X,Bermuda,Preta,M,2,134.96,13.5,256.42,Cartão de Débito,Física,595.0,16
4468,2026-08-27,16:45,7,Jaqueta Esporte,Jaqueta,Preta,P,4,33.34,0.0,133.36,Dinheiro,Física,251.0,8
4469,2026-08-30,19:30,124,Jaqueta Slim,Jaqueta,Verde,G,4,210.25,0.0,841.0,Crediário,Física,78.0,24
4470,2026-05-21,13:00,79,Camiseta X,Camiseta,Cinza,G,3,76.54,22.96,206.66,Cartão de Crédito,Física,430.0,17
4471,2026-08-10,18:00,48,Camiseta Esporte,Camiseta,Preta,G,2,170.37,0.0,340.74,CARTÃO DE DÉBITO,Física,65.0,10
4472,2026-07-03,11:00,33,Blusa X,Blusa,Vermelha,P,3,230.83,69.25,623.24,Dinheiro,Física,358.0,12
4473,2026-04-12,10:30,169,Vestido Esporte,Vestido,Rosa,M,1,120.16,0.0,120.16,Cartão de Débito,Física,493.0,22
4474,2026-07-24,17:45,78,Blusa Casual,Blusa,Cinza,M,1,332.45,16.62,315.83,PIX,Online,421.0,10
4475,2026-08-20,18:30,101,Vestido Social,Vestido,Vermelha,GG,1,158.47,0.0,158.47,Cartão de Crédito,Física,233.0,3
4476,2026-07-11,11:45,42,Bermuda Casual,Bermuda,Branca,P,2,336.75,0.0,673.5,Cartão de Crédito,Online,12.0,9
4477,2026-03-08,20:15,100,Vestido Casual,Vestido,Preta,M,1,76.04,0.0,76.04,DINHEIRO,Física,502.0,13
4478,2026-09-24,11:45,60,Acessório Esporte,Acessório,Azul,G,3,112.08,50.44,285.8,Cartão de Crédito,Online,6.0,24
4479,2026-08-10,21:45,154,Acessório Esporte,Acessório,Azul,M,3,140.03,42.01,378.08,PIX,Física,204.0,11
4480,2026-06-04,12:15,140,Acessório Premium,Acessório,Rosa,G,2,155.17,0.0,310.34,PIX,Física,328.0,6
4481,2026-03-17,13:00,171,Acessório X,Acessório,Verde,G,2,85.73,0.0,171.46,Dinheiro,Online,273.0,18
4482,2026-09-04,09:30,47,Vestido Premium,Vestido,Cinza,G,4,115.65,0.0,462.6,Cartão de Crédito,Online,288.0,21
4483,2026-07-20,18:15,138,Acessório Social,Acessório,Rosa,G,2,125.4,12.54,238.26,Dinheiro,Física,437.0,9
4484,2026-07-13,21:00,174,Jaqueta Casual,Jaqueta,Preta,GG,2,214.83,21.48,408.18,PIX,Online,,15
4485,2026-03-16,19:15,1,Acessório Premium,Acessório,Verde,G,1,129.26,12.93,116.33,Cartão de Débito,Online,445.0,7
4486,2026-05-01,11:15,103,Jaqueta Social,Jaqueta,Verde,G,2,239.05,0.0,478.1,Crediário,Física,508.0,13
4487,2026-05-27,11:45,157,Blusa Social,Blusa,Rosa,GG,3,325.37,146.42,829.69,Cartão de Débito,Online,456.0,23
4488,2026-06-14,13:00,127,Vestido Social,Vestido,Rosa,G,3,72.5,10.88,206.62,PIX,Física,102.0,10
4489,2026-05-01,13:00,171,Acessório X,Acessório,Verde,G,4,85.73,51.44,291.48,PIX,Física,134.0,7
4490,2026-06-20,20:30,44,Jaqueta Esporte,Jaqueta,Azul,GG,1,198.07,0.0,198.07,Cartão de Crédito,Online,398.0,21
4491,2026-08-12,15:45,234,Vestido Casual,Vestido,Azul,M,3,255.66,0.0,766.98,Dinheiro,Online,419.0,25
4492,2026-06-29,18:45,138,Acessório Social,Acessório,Rosa,G,3,125.4,0.0,376.2,Cartão de Crédito,Física,230.0,5
4493,2026-03-20,16:30,63,Calça Premium,Calça,Vermelha,G,4,277.67,166.6,944.08,Crediário,Online,447.0,12
4494,2026-07-27,15:45,34,Acessório Slim,Acessório,Azul,M,4,220.29,0.0,881.16,PIX,Física,262.0,17
4495,2026-08-02,16:45,124,Jaqueta Slim,Jaqueta,Verde,G,4,210.25,126.15,714.85,Cartão de Débito,Física,528.0,6
4496,2026-08-09,16:15,161,Vestido X,Vestido,Azul,G,2,67.98,0.0,135.96,Cartão de Crédito,Física,443.0,7
4497,19/03/2026,15:45,44,Jaqueta Esporte,Jaqueta,Azul,GG,4,198.07,0.0,792.28,Dinheiro,Física,355.0,12
4498,2026-09-09,17:15,126,Vestido Slim,Vestido,Vermelha,M,3,262.43,0.0,787.29,Cartão de Crédito,Física,524.0,9
4499,2026-08-27,20:00,48220,Camiseta Slim,Camiseta,Preta,GG,2,333.31,0.0,666.62,Cartão de Crédito,Física,122.0,9
4500,2026-08-02,09:30,103,Jaqueta Social,Jaqueta,Verde,G,4,239.05,0.0,956.2,PIX,Física,13.0,23
4501,2026-04-20,19:30,159,Acessório Slim,Acessório,Azul,G,2,201.01,760.8074438396127,402.02,Crediário,Online,440.0,19
4502,2026-08-02,11:15,101,Vestido Social,Vestido,Vermelha,GG,4,158.47,0.0,633.88,Cartão de Débito,Física,98.0,19
4503,2026-09-14,09:45,68,Jaqueta Premium,Jaqueta,Vermelha,G,3,65.29,0.0,195.87,Dinheiro,Física,87.0,22
4504,2026-09-07,11:15,34,Acessório Slim,Acessório,Azul,M,4,220.29,132.17,748.99,Cartão de Crédito,Online,335.0,21
4505,2026-05-29,09:00,38,Calça X,Calça,Azul,G,3,234.51,105.53,598.0,Cartão de Crédito,Física,578.0,25
4506,2026-03-15,10:45,51,Jaqueta Slim,Jaqueta,Verde,M,4,118.56,0.0,474.24,Cartão de Débito,Online,514.0,18
4507,2026-03-05,09:00,32,Bermuda Premium,Bermuda,Azul,GG,2,298.98,0.0,597.96,Cartão de Débito,Física,585.0,5
4508,2026-08-29,19:30,89,Acessório Slim,Acessório,Preta,P,3,283.36,0.0,850.08,Cartão de Crédito,Física,74.0,24
4509,2026-07-02,16:00,16,Acessório Casual,Acessório,Verde,GG,1,160.59,16.06,144.53,Dinheiro,Online,378.0,13
4510,2026-06-11,09:15,118,Camiseta Esporte,Camiseta,Azul,M,3,214.08,32.11,610.13,Cartão de Débito,Online,154.0,22
4511,2026-03-02,12:30,15,Blusa Social,Blusa,Azul,M,4,303.57,0.0,1214.28,Cartão de Crédito,Física,537.0,11
4512,2026-03-07,16:45,139,Acessório Slim,Acessório,Branca,P,2,227.76,22.78,432.74,Cartão de Débito,Online,300.0,23
4513,2026-04-26,20:15,160,Calça X,Calça,Verde,P,2,137.04,0.0,274.08,PIX,Física,536.0,9
4514,2026-05-15,15:30,23,Blusa X,Blusa,Preta,P,3,219.84,98.93,560.59,Cartão de Crédito,Física,,25
4515,2026-08-18,09:15,66,Bermuda X,Bermuda,Branca,G,1,98.66,0.0,98.66,Cartão de Débito,Física,203.0,1
4516,2026-03-03,10:15,34,Acessório Slim,Acessório,Azul,M,4,220.29,44.06,837.1,PIX,Online,,6
4517,2026-08-27,10:15,176,Camiseta Premium,Camiseta,Vermelha,GG,3,225.97,67.79,610.12,Crediário,Física,143.0,9
4518,2026-05-10,17:30,130,Blusa Esporte,Blusa,Verde,GG,2,154.8,0.0,309.6,Dinheiro,Física,32.0,7
4519,2026-03-12,16:30,67,Bermuda Básica,Bermuda,Cinza,P,3,318.87,0.0,956.61,Cartão de Crédito,Física,497.0,8
4520,17-08-2026,17:00,63,Calça Premium,Calça,Vermelha,G,3,277.67,0.0,833.01,PIX,Física,241.0,18
4521,2026-06-11,16:45,84,Jaqueta Básica,Jaqueta,Verde,P,1,313.9,31.39,282.51,Cartão de Débito,Física,410.0,6
4522,2026-09-06,20:45,3,Camiseta Social,Camiseta,Branca,GG,4,48.72,0.0,194.88,Cartão de Crédito,Física,174.0,23
4523,2026-04-12,13:45,107,Blusa Slim,Blusa,Preta,M,1,264.43,0.0,264.43,Cartão de Débito,Online,,12
4524,2026-04-23,17:15,21,Jaqueta Casual,Jaqueta,Cinza,G,3,186.68,0.0,560.04,Cartão de Crédito,Online,31.0,10
4525,16/06/26,17:15,86,Bermuda Casual,Bermuda,Branca,P,3,211.18,0.0,633.54,Dinheiro,Online,54.0,2
4526,2026-08-07,18:30,42,Bermuda Casual,Bermuda,Branca,P,4,336.75,202.05,1144.95,Cartão de Crédito,Física,370.0,24
4527,2026-03-08,09:45,176,Camiseta Premium,Camiseta,Vermelha,GG,1,225.97,33.9,192.07,PIX,Online,490.0,13
4528,2026-04-30,09:15,79,Camiseta X,Camiseta,Cinza,G,1,76.54,0.0,76.54,Crediário,Online,507.0,4
4529,2026-06-01,21:30,72,Blusa Premium,Blusa,Verde,GG,-1,252.12,0.0,504.24,PIX,Física,138.0,7
4530,2026-07-01,17:30,117,Vestido Casual,Vestido,Azul,P,1,314.94,31.49,283.45,Cartão de Débito,Online,554.0,12
4531,2026-08-06,21:15,119,Vestido Básica,Vestido,Azul,P,4,51.47,0.0,205.88,Crediário,Online,385.0,15
4532,2026-03-13,14:30,120,Vestido Premium,Vestido,Rosa,GG,4,304.25,60.85,1156.15,Cartão de Débito,Física,574.0,5
4533,2026-08-15,15:30,119,Vestido Básica,Vestido,Azul,P,2,51.47,0.0,102.94,PIX,Online,262.0,6
4534,2026-07-26,18:00,95,Bermuda Básica,Bermuda,Verde,P,2,40.47,8.09,72.85,Cartão de Débito,Online,518.0,23
4535,2026-04-15,16:00,43,Vestido Básica,Vestido,Rosa,G,2,212.4,0.0,424.8,Dinheiro,Online,413.0,25
4536,2026-06-11,20:30,56,Bermuda Casual,Bermuda,Verde,P,3,269.73,80.92,728.27,PIX,Online,441.0,1
4537,2026-08-07,21:30,81,Calça Social,Calça,Cinza,P,1,125.82,0.0,125.82,Cartão de Crédito,Online,299.0,13
4538,2026-06-11,17:00,8,Blusa Social,Blusa,Preta,M,4,290.68,0.0,1162.72,PIX,Física,327.0,8
4539,2026-06-21,14:15,47,Vestido Premium,Vestido,Cinza,G,3,115.65,0.0,346.95,Cartão de Débito,Online,407.0,6
4540,2026-06-26,09:45,153,Vestido Básica,Vestido,Preta,G,4,129.37,979.311069195868,"R$ 517,48",Dinheiro,Física,224.0,14
4541,31/05/2026,19:30,4,Jaqueta Básica,Jaqueta,Vermelha,M,3,148.57,22.29,423.42,Dinheiro,Física,62.0,7
4542,31-05-2026,11:30,89,Acessório Slim,Acessório,Preta,P,1,283.36,42.5,240.86,Cartão de Crédito,Online,353.0,7
4543,2026-04-25,12:30,136,Blusa Social,Blusa,Azul,P,1,114.45,11.44,103.01,Cartão de Débito,Online,163.0,20
4544,2026-05-19,12:15  ,40,Bermuda Esporte,Bermuda,Azul,G,4,78.7,15.74,299.06,PIX,Física,264.0,21
4545,2026-04-01,20:00,173,Jaqueta Casual,Jaqueta,Cinza,GG,2,328.02,98.41,557.63,Dinheiro,Online,20.0,21
4546,2026-07-17,17:45,72,Blusa Premium,Blusa,Verde,GG,2,252.12,25.21,479.03,Dinheiro,Física,553.0,12
4547,2026-06-09,15:00,125,Vestido Esporte,Vestido,Vermelha,P,3,67.79,30.51,172.86,PIX,Física,191.0,10
4548,2026-05-03,15:15,84,Jaqueta Básica,Jaqueta,Verde,P,3,313.9,141.26,800.44,PIX,Física,366.0,23
4549,2026-07-24,12:45,106,Vestido Premium,Vestido,Cinza,G,1,201.43,0.0,201.43,Cartão de Crédito,Física,590.0,2
4550,2026-09-14,15:45,27,Vestido Premium,Vestido,Cinza,G,1,137.14,0.0,137.14,Cartão de Débito,Física,533.0,22
4551,2026-06-10,16:15,178,Calça Básica,Calça,Azul,GG,2,144.41,14.44,274.38,PIX,Online,110.0,24
4552,2026-05-04,10:30,52,Vestido Casual,Vestido,Rosa,GG,3,235.08,0.0,705.24,Cartão de Crédito,Online,521.0,4
4553,2026-08-03,18:45,2,Camiseta Básica,Camiseta,Cinza,P,2,57.67,0.0,115.34,Dinheiro,Online,,22
4554,2026-03-09,18:00,121,Vestido Casual,Vestido,Verde,G,2,101.83,10.18,193.48,Crediário,Online,564.0,23
4555,2026-06-29,18:00,10,Jaqueta Casual,Jaqueta,Cinza,GG,1,338.29,33.83,304.46,Dinheiro,Física,174.0,20
4556,2026-03-31,13:00,2,Camiseta Básica,Camiseta,Cinza,P,3,57.67,25.95,147.06,Cartão de Débito,Física,136.0,15
4557,2026-06-23,12:15,170,Blusa Premium,Blusa,Azul,G,1,154.9,0.0,154.9,Cartão de Crédito,Física,76.0,17
4558,2026-07-13,19:15,94,Acessório Casual,Acessório,Verde,M,3,202.82,0.0,608.46,Cartão de Crédito,Online,481.0,18
4559,2026-03-27,20:45,99,Vestido Social,Vestido,Rosa,P,4,135.91,0.0,543.64,Dinheiro,Física,3.0,9
4560,2026-07-27,20:00,138,Acessório Social,Acessório,Rosa,G,2,125.4,0.0,250.8,Cartão de Débito,Online,12.0,9
4561,2026-04-16,14:45,2,Camiseta Básica,Camiseta,Cinza,P,4,57.67,0.0,230.68,PIX,Física,94.0,11
4562,2026-04-21,15:45,99,Vestido Social,Vestido,Rosa,P,2,135.91,0.0,271.82,Crediário,Física,567.0,16
4563,2026-04-19,16:15,84,Jaqueta Básica,Jaqueta,Verde,P,3,313.9,0.0,941.7,Cartão de Crédito,Online,,7
4564,2026-07-01,12:30,22,Vestido Social,Vestido,Rosa,G,1,289.54,0.0,289.54,Cartão de Crédito,Online,2.0,21
4565,2026-03-30,21:30,80,Jaqueta Casual,Jaqueta,Cinza,P,2,258.13,25.81,490.45,Cartão de Débito,Online,212.0,23
4566,2026-04-05,14:00,41,Jaqueta Casual,Jaqueta,Cinza,GG,1,274.27,0.0,274.27,PIX,Física,473.0,1
4567,2026-06-10,21:30,37,Bermuda Básica,Bermuda,Branca,M,1,197.74,19.77,177.97,Dinheiro,Física,63.0,4
4568,2026-04-13,14:45,18,Vestido Premium,Vestido,Vermelha,P,2,221.89,0.0,443.78,PIX,Online,103.0,3
4569,2026-03-10,09:30,127,Vestido Social,Vestido,Rosa,G,3,72.5,0.0,217.5,Cartão de Débito,Física,351.0,7
4570,2026-05-31,11:45,59,Acessório X,Acessório,Azul,G,2,137.62,0.0,275.24,PIX,Física,463.0,20
4571,2026-07-29,20:15,174,Jaqueta Casual,Jaqueta,Preta,GG,1,214.83,21.48,193.35,Dinheiro,Online,403.0,18
4572,18/04/26,16:30,44,Jaqueta Esporte,Jaqueta,Azul,GG,2,198.07,0.0,396.14,Cartão de Crédito,Física,56.0,12
4573,2026-03-30,12:45,163,Jaqueta Básica,Jaqueta,Branca,M,2,212.45,0.0,424.9,Crediário,Online,195.0,12
4574,2026-05-16,19:00,176,Camiseta Premium,Camiseta,Vermelha,GG,3,225.97,0.0,677.91,PIX,Online,246.0,15
4575,2026-08-23,11:45,164,Blusa X,Blusa,Cinza,G,4,193.36,0.0,773.44,Cartão de Débito,Física,414.0,19
4576,12/03/2026,11:00,16,Acessório Casual,Acessório,Verde,GG,2,160.59,0.0,321.18,Cartão de Crédito,Online,442.0,5
4577,2026-03-05,20:45,64,Camiseta Básica,Camiseta,Rosa,M,4,108.86,0.0,435.44,Cartão de Crédito,Online,423.0,9
4578,2026-09-16,17:15,129,Vestido X,Vestido,Branca,GG,1,295.38,14.77,280.61,Crediário,Online,576.0,4
4579,2026-07-13, 19:00,126,Vestido Slim,Vestido,Vermelha,M,1,262.43,0.0,262.43,Cartão de Crédito,Online,236.0,22
4580,2026-04-16,20:30,127,Vestido Social,Vestido,Rosa,G,4,72.5,0.0,290.0,Cartão de Débito,Online,524.0,10
4581,2026-09-22,14:00,86,Bermuda Casual,Bermuda,Branca,P,4,211.18,84.47,760.25,Cartão de Crédito,Online,436.0,3
4582,2026-03-06,12:15,52,Vestido Casual,Vestido,Rosa,GG,0,235.08,0.0,"940,32",Cartão de Crédito,Online,209.0,9
4583,2026-06-02,10:30,49,Calça Básica,Calça,Verde,GG,1,193.27,19.33,173.94,Cartão de Crédito,Física,84.0,2
4584,2026-07-05,12:00,136,Blusa Social,Blusa,Azul,P,1,114.45,0.0,114.45,Dinheiro,Online,597.0,7
4585,2026-05-04,19:00,154,Acessório Esporte,Acessório,Azul,M,3,140.03,0.0,420.09,Cartão de Débito,Online,259.0,1
4586,2026-08-16,21:45,92,Calça Casual,Calça,Rosa,G,2,164.58,49.37,279.79,Cartão de Débito,Física,364.0,13
4587,2026-08-26,16:15,95,Bermuda Básica,Bermuda,Verde,P,4,40.47,16.19,145.69,Dinheiro,Online,577.0,20
4588,2026-04-25,21:00,117,Vestido Casual,Vestido,Azul,P,4,314.94,0.0,1259.76,Dinheiro,Online,343.0,9
4589,2026-04-18,15:00,116,Blusa Casual,Blusa,Azul,G,4,332.71,0.0,1330.84,PIX,Online,589.0,11
4590,2026-06-17,16:45,66,Bermuda X,Bermuda,Branca,G,3,98.66,14.8,281.18,PIX,Física,,1
4591,09-05-2026,14:15,93,Blusa Social,Blusa,Vermelha,GG,2,327.13,32.71,621.55,PIX,Física,480.0,14
4592,2026-08-07,21:45,153,Vestido Básica,Vestido,Preta,G,3,129.37,0.0,388.11,Cartão de Débito,Online,22468.0,17
4593,2026-09-19,17:15,177,Bermuda Básica,Bermuda,Branca,G,1,113.66,5.68,107.98,PIX,Online,407.0,13
4594,2026-05-27,14:00,134,Calça Slim,Calça,Rosa,P,3,297.88,0.0,893.64,PIX,Física,499.0,22
4595,2026-04-18,18:30,139,Acessório Slim,Acessório,Branca,P,2,227.76,68.33,387.19,Cartão de Crédito,Física,25.0,19
4596,2026-08-26,09:15,8,Blusa Social,Blusa,Preta,M,4,290.68,116.27,1046.45,PIX,Física,322.0,17
4597,2026-05-09,18:00,59,Acessório X,Acessório,Azul,G,1,137.62,20.64,116.98,Pix,Física,89.0,6
4598,2026-07-12,11:00,172,Camiseta Social,Camiseta,Rosa,G,4,281.43,0.0,1125.72,Cartão de Crédito,Online,525.0,6
4599,2026-03-02,13:45,169,Vestido Esporte,Vestido,Rosa,M,3,120.16,18.02,342.46,Cartão de Débito,Online,79.0,19
4600,2026-03-17,17:30,103,Jaqueta Social,Jaqueta,Verde,G,4,239.05,0.0,956.2,Cartão de Débito,Online,315.0,9
4601,2026-08-22,21:00,47,Vestido Premium,Vestido,Cinza,G,4,115.65,23.13,439.47,PIX,Física,555.0,10
4602,2026-09-19,21:30,176,Camiseta Premium,Camiseta,Vermelha,GG,3,225.97,67.79,610.12,Cartão de Crédito,Online,414.0,23
4603,2026-09-13,18:00,170,Blusa Premium,Blusa,Azul,G,4,154.9,0.0,619.6,PIX,Física,274.0,2
4604,2026-06-02,16:00,84,Jaqueta Básica,Jaqueta,Verde,P,3,313.9,141.26,800.44,Cartão de Crédito,Online,128.0,24
4605,2026-04-26,19:45,48,Camiseta Esporte,Camiseta,Preta,G,3,170.37,76.67,434.44,Dinheiro,Online,454.0,2
4606,2026-08-22,19:30,89,Acessório Slim,Acessório,Preta,P,3,283.36,127.51,722.57,PIX,Online,132.0,25
4607,2026-03-15,20:45,105,Vestido Esporte,Vestido,Vermelha,P,3,168.87,0.0,506.61,PIX,Física,,3
4608,2026-09-06,17:15,3,Camiseta Social,Camiseta,Branca,GG,4,48.72,19.49,175.39,Cartão de Crédito,Física,139.0,4
4609,2026-05-04,18:45,59,Acessório X,Acessório,Azul,G,2,137.62,0.0,275.24,Cartão de Crédito,Online,568.0,17
4610,2026-07-22,18:45,44,Jaqueta Esporte,Jaqueta,Azul,GG,3,198.07,0.0,594.21,PIX,Online,245.0,4
4611,2026-07-11,16:00,44600,Blusa Básica,Blusa,Preta,M,4,249.41,0.0,997.64,Cartão de Débito,Online,334.0,5
4612,2026-04-02,11:30  ,148,Acessório Premium,Acessório,Vermelha,GG,1,36.52,5.48,31.04,Cartão de Crédito,Física,522.0,18
4613,2026-07-22,14:15,8,Blusa Social,Blusa,Preta,M,1,290.68,0.0,290.68,Cartão de Débito,Física,563.0,14
4614,2026-09-15,15:45,169,Vestido Esporte,Vestido,Rosa,M,2,120.16,36.05,204.27,Crediário,Física,363.0,12
4615,2026-06-08,16:45,171,Acessório X,Acessório,Verde,G,3,85.73,0.0,257.19,Dinheiro,Física,210.0,18
4616,2026-05-16,11:15,37,Bermuda Básica,Bermuda,Branca,M,4,197.74,79.1,711.86,Crediário,Física,570.0,3
4617,2026-04-10,15:45,86,Bermuda Casual,Bermuda,Branca,P,1,211.18,0.0,211.18,Dinheiro,Física,174.0,23
4618,2026-09-05,19:30,118,Camiseta Esporte,Camiseta,Azul,M,1,214.08,0.0,214.08,PIX,Física,312.0,15
4619,2026-07-17,21:45,128,Bermuda Básica,Bermuda,Preta,GG,4,193.28,0.0,773.12,Cartão de Débito,Física,12.0,14
4620,2026-06-07,19:45,56,Bermuda Casual,Bermuda,Verde,P,4,269.73,0.0,1078.92,Cartão de Débito,Online,151.0,25
4621,2026-07-01,12:45,118,Camiseta Esporte,Camiseta,Azul,M,1,214.08,21.41,192.67,Cartão de Crédito,Online,31.0,1
4622,2026-03-25,19:45,142,Acessório Básica,Acessório,Cinza,G,2,333.62,66.72,600.52,PIX,Física,575.0,11
4623,2026-07-27,13:30,153,Vestido Básica,Vestido,Preta,G,4,129.37,0.0,517.48,PIX,Online,340.0,8
4624,2026-09-07,12:00,59,Acessório X,Acessório,Azul,G,4,137.62,0.0,550.48,Cartão de Crédito,Online,6.0,4
4625,2026-03-23,15:45,37,Bermuda Básica,Bermuda,Branca,M,4,197.74,0.0,790.96,Cartão de Débito,Online,292.0,16
4626,2026-04-16,14:15,122,Bermuda Casual,Bermuda,Rosa,GG,2,286.85,28.68,545.02,Cartão De Crédito,Física,,4
4627,2026-07-19,15:15,69,Camiseta Social,Camiseta,Branca,M,3,96.99,0.0,290.97,Cartão de Crédito,Física,436.0,7
4628,2026-08-23,10:30,47,Vestido Premium,Vestido,Cinza,G,3,115.65,0.0,346.95,PIX,Online,391.0,2
4629,2026-08-03,15:00,8,Blusa Social,Blusa,Preta,M,2,290.68,0.0,581.36,PIX,Online,287.0,13
4630,2026-06-16,15:15,37,Bermuda Básica,Bermuda,Branca,M,4,197.74,79.1,711.86,PIX,Online,304.0,14
4631,2026-09-05,20:00,127,Vestido Social,Vestido,Rosa,G,3,72.5,0.0,217.5,Cartão de Débito,Online,168.0,20
4632,2026-08-12,13:30,1,Acessório Premium,Acessório,Verde,G,4,129.26,0.0,517.04,Cartão de Crédito,Física,344.0,11
4633,2026-07-19,18:15,113,Blusa Social,Blusa,Rosa,P,1,270.36,13.52,256.84,Cartão de Crédito,Física,449.0,14
4634,2026-09-19,15:30,145,Bermuda Esporte,Bermuda,Cinza,G,2,144.91,0.0,289.82,Cartão de Débito,Online,43.0,22
4635,2026-03-04,11:00,71,Camiseta Esporte,Camiseta,Cinza,GG,1,252.73,25.27,227.46,Cartão de Débito,Online,276.0,16
4636,2026-09-20,19:00,111,Acessório Esporte,Acessório,Rosa,M,1,333.04,16.65,316.39,Cartão de Débito,Física,360.0,6
4637,2026-08-03,14:30  ,4,Jaqueta Básica,Jaqueta,Vermelha,M,3,148.57,22.29,423.42,Cartão de Crédito,Online,477.0,23
4638,2026-06-15,17:30,14,Bermuda Social,Bermuda,Branca,P,4,125.8,0.0,503.2,Cartão de Crédito,Física,81.0,2
4639,2026-04-19,19:30,13,Calça X,Calça,Verde,M,4,118.99,71.39,404.57,Cartão de Crédito,Física,122.0,19
4640,2026-04-21,18:15,14,Bermuda Social,Bermuda,Branca,P,3,125.8,56.61,320.79,Cartão de Débito,Online,491.0,19
4641,2026-08-21,10:15,51,Jaqueta Slim,Jaqueta,Verde,M,1,118.56,0.0,118.56,Cartão de Crédito,Física,273.0,4
4642,2026-08-28,18:45,68,Jaqueta Premium,Jaqueta,Vermelha,G,2,65.29,19.59,110.99,PIX,Online,529.0,6
4643,2026-06-29,11:15,40,Bermuda Esporte,Bermuda,Azul,G,3,78.7,11.81,224.29,Cartão de Débito,Física,596.0,11
4644,2026-06-22,13:00,16,Acessório Casual,Acessório,Verde,GG,4,160.59,32.12,610.24,Cartão de Débito,Online,598.0,24
4645,2026-08-14,13:30,133,Calça Social,Calça,Rosa,G,4,39.8,7.96,151.24,Cartão de Débito,Online,22.0,23
4646,2026-08-20, 20:00,124,Jaqueta Slim,Jaqueta,Verde,G,4,210.25,0.0,841.0,Cartão de Débito,Online,490.0,21
4647,15-03-2026,09:45,92,Calça Casual,Calça,Rosa,G,2,164.58,622.9226859714615,329.16,Cartão de Débito,Online,421.0,7
4648,01/09/2026,16:00,174,Jaqueta Casual,Jaqueta,Preta,GG,2,214.83,0.0,429.66,Cartão de Crédito,Online,79007.0,20
4649,2026-03-17,17:00,154,Acessório Esporte,Acessório,Azul,M,2,140.03,0.0,280.06,Cartão de Débito,Online,392.0,17
4650,2026-05-29,21:15,18,Vestido Premium,Vestido,Vermelha,P,2,221.89,0.0,443.78,Dinheiro,Física,533.0,16
4651,2026-05-21,16:15,107,Blusa Slim,Blusa,Preta,M,3,264.43,0.0,793.29,Cartão de Crédito,Física,175.0,1
4652,2026-07-31,17:45,15,Blusa Social,Blusa,Azul,M,1,303.57,0.0,303.57,Dinheiro,Online,23.0,21
4653,2026-07-13,17:30,34,Acessório Slim,Acessório,Azul,M,2,220.29,0.0,440.58,Cartão de Débito,Física,57.0,16
4654,2026-05-27,10:30,29,Blusa Esporte,Blusa,Branca,M,2,318.44,63.69,573.19,PIX,Online,580.0,18
4655,2026-08-28,19:15,66,Bermuda X,Bermuda,Branca,G,4,98.66,0.0,394.64,DINHEIRO,Física,522.0,11
4656,2026-09-10,19:30,99,Vestido Social,Vestido,Rosa,P,4,135.91,0.0,543.64,Cartão De Débito,Física,,7
4657,2026-04-07,21:15,170,Blusa Premium,Blusa,Azul,G,1,154.9,7.75,147.15,Cartão de Crédito,Física,394.0,21
4658,2026-04-23,10:45,118,Camiseta Esporte,Camiseta,Azul,M,3,214.08,0.0,642.24,Cartão de Débito,Online,,20
4659,2026-03-12,21:30,39,Calça Social,Calça,Vermelha,GG,3,327.41,0.0,982.23,Cartão de Débito,Online,458.0,3
4660,2026-09-13,15:00,132,Acessório Básica,Acessório,Branca,P,2,296.32,59.26,533.38,Dinheiro,Física,526.0,9
4661,2026-06-27,19:45,124,Jaqueta Slim,Jaqueta,Verde,G,4,210.25,84.1,756.9,Cartão de Débito,Online,37.0,12
4662,2026-05-19,12:15,143,Acessório Premium,Acessório,Rosa,M,4,297.19,59.44,1129.32,Cartão de Crédito,Física,390.0,10
4663,2026-06-11,16:15,70,Blusa Slim,Blusa,Verde,GG,2,203.23,20.32,386.14,Cartão de Débito,Física,479.0,6
4664,2026-04-07,15:15,121,Vestido Casual,Vestido,Verde,G,3,101.83,0.0,305.49,Dinheiro,Online,333.0,20
4665,2026-08-01,12:45,159,Acessório Slim,Acessório,Azul,G,2,201.01,0.0,402.02,Dinheiro,Física,109.0,1
4666,2026-09-21,14:45,162,Blusa Premium,Blusa,Branca,M,-2,219.23,21.92,416.54,PIX,Online,124.0,9
4667,2026-05-17,11:00,168,Vestido Casual,Vestido,Azul,M,4,255.66,153.4,869.24,Cartão de Crédito,Física,354.0,16
4668,2026-03-15,15:30,87,Camiseta Casual,Camiseta,Rosa,G,2,25.88,0.0,51.76,PIX,Física,157.0,6
4669,2026-04-21,14:15,161,Vestido X,Vestido,Azul,G,1,67.98,0.0,67.98,Cartão de Débito,Física,580.0,25
4670,2026-09-21,17:15,73,Vestido Social,Vestido,Preta,P,3,83.59,0.0,250.77,PIX,Física,58.0,25
4671,2026-07-06,09:30,113,Blusa Social,Blusa,Rosa,P,1,270.36,0.0,270.36,Cartão de Crédito,Online,394.0,6
4672,2026-03-31,19:45,37,Bermuda Básica,Bermuda,Branca,M,1,197.74,0.0,197.74,Cartão de Crédito,Física,392.0,6
4673,2026-03-31,17:30,167,Acessório Casual,Acessório,Preta,P,2,326.38,0.0,652.76,Cartão de Crédito,Física,546.0,14
4674,2026-03-14,15:15,53,Camiseta Básica,Camiseta,Branca,P,1,204.54,0.0,204.54,Cartão de Crédito,Online,586.0,16
4675,2026-06-29,19:30,63,Calça Premium,Calça,Vermelha,G,4,277.67,0.0,1110.68,Cartão de Débito,Física,246.0,15
4676,2026-03-29,13:45,102,Bermuda X,Bermuda,Azul,G,3,181.84,0.0,545.52,PIX,Física,183.0,13
4677,2026-04-06,14:15,36,Vestido Social,Vestido,Azul,P,2,348.35,0.0,"R$ 696,70",Dinheiro,Online,10.0,17
4678,2026-04-24,10:30,11,Calça Básica,Calça,Vermelha,G,3,297.24,0.0,891.72,Cartão de Crédito,Física,579.0,9
4679,18/03/2026,17:45,28,Camiseta Social,Camiseta,Rosa,GG,3,276.72,83.02,747.14,PIX,Física,213.0,3
4680,2026-08-01,13:00,27,Vestido Premium,Vestido,Cinza,G,1,137.14,0.0,137.14,Cartão de Crédito,Online,30.0,9
4681,2026-03-03,15:45,53,Camiseta Básica,Camiseta,Branca,P,2,204.54,40.91,368.17,Cartão de Crédito,Física,398.0,17
4682,2026-08-15,16:30,54,Calça Esporte,Calça,Verde,P,3,77.13,34.71,196.68,Dinheiro,Online,248.0,23
4683,2026-08-12,21:15,140,Acessório Premium,Acessório,Rosa,G,2,155.17,46.55,"263,79",Dinheiro,Online,196.0,9
4684,2026-03-23,11:00,63,Calça Premium,Calça,Vermelha,G,3,277.67,0.0,833.01,Crediário,Física,353.0,24
4685,2026-09-11,15:15,84,Jaqueta Básica,Jaqueta,Verde,P,1,313.9,15.7,298.2,Cartão de Crédito,Online,417.0,1
4686,2026-05-02,19:45,145,Bermuda Esporte,Bermuda,Cinza,G,1,144.91,0.0,144.91,Cartão de Débito,Física,532.0,8
4687,2026-08-17,17:45,148,Acessório Premium,Acessório,Vermelha,GG,2,36.52,0.0,73.04,Cartão de Crédito,Online,78.0,14
4688,2026-09-10,12:00,15,Blusa Social,Blusa,Azul,M,4,303.57,121.43,1092.85,Dinheiro,Física,171.0,18
4689,2026-06-24,20:15,7,Jaqueta Esporte,Jaqueta,Preta,P,2,33.34,0.0,66.68,Dinheiro,Física,324.0,18
4690,2026-07-01,20:15,52,Vestido Casual,Vestido,Rosa,GG,-1,235.08,11.75,223.33,Cartão de Crédito,Física,488.0,7
4691,2026-09-11,17:00,15,Blusa Social,Blusa,Azul,M,2,303.57,91.07,516.07,Cartão de Débito,Online,118.0,24
4692,2026-08-06,15:00,103,Jaqueta Social,Jaqueta,Verde,G,1,239.05,0.0,239.05,Cartão de Crédito,Física,392.0,13
4693,2026-04-13,16:45,156,Jaqueta Básica,Jaqueta,Branca,G,1,292.56,0.0,292.56,Cartão de Crédito,Física,424.0,13
4694,2026-09-24,19:45,106,Vestido Premium,Vestido,Cinza,G,2,201.43,0.0,402.86,PIX,Online,417.0,18
4695,2026-03-24,21:15,13,Calça X,Calça,Verde,M,4,118.99,23.8,452.16,Cartão de Crédito,Online,272.0,10
4696,2026-08-08,20:45,128,Bermuda Básica,Bermuda,Preta,GG,4,193.28,115.97,657.15,Cartão de Débito,Online,358.0,22
4697,2026-08-01,18:15,172,Camiseta Social,Camiseta,Rosa,G,4,281.43,0.0,1125.72,Cartão de Débito,Física,224.0,20
4698,2026-06-18,20:15,34,Acessório Slim,Acessório,Azul,M,2,220.29,0.0,440.58,PIX,Online,17.0,15
4699,2026-07-17,20:30,144,Calça Social,Calça,Cinza,GG,3,200.29,60.09,540.78,PIX,Online,2794.0,12
4700,2026-05-14,13:15  ,163,Jaqueta Básica,Jaqueta,Branca,M,4,212.45,0.0,849.8,Cartão de Débito,Online,404.0,4
4701,2026-07-14,20:00,156,Jaqueta Básica,Jaqueta,Branca,G,2,292.56,29.26,555.86,Cartão de Débito,Online,449.0,14
4702,2026-04-25,12:45,41,Jaqueta Casual,Jaqueta,Cinza,GG,3,274.27,0.0,822.81,PIX,Física,282.0,19
4703,2026-03-02,18:00,55,Vestido Premium,Vestido,Verde,P,1,95.27,4.76,90.51,PIX,Online,485.0,21
4704,2026-03-26,17:45,139,Acessório Slim,Acessório,Branca,P,2,227.76,0.0,455.52,Cartão de Débito,Online,122.0,11
4705,2026-03-12,21:00,122,Bermuda Casual,Bermuda,Rosa,GG,3,286.85,0.0,860.55,Cartão De Crédito,Online,229.0,7
4706,2026-03-03,18:45,119,Vestido Básica,Vestido,Azul,P,1,51.47,0.0,51.47,Cartão de Crédito,Online,,15
4707,2026-08-04,10:15,127,Vestido Social,Vestido,Rosa,G,1,72.5,0.0,72.5,Dinheiro,Física,530.0,12
4708,2026-04-27,09:15,9,Jaqueta Social,Jaqueta,Rosa,G,2,97.54,9.75,185.33,Cartão de Débito,Online,411.0,1
4709,2026-05-28,19:00,155,Bermuda X,Bermuda,Preta,M,4,134.96,53.98,485.86,Dinheiro,Online,405.0,17
4710,2026-07-23, 13:15,122,Bermuda Casual,Bermuda,Rosa,GG,1,286.85,0.0,"R$ 286,85",Cartão de Débito,Online,384.0,24
4711,2026-07-25,20:00,31,Vestido Slim,Vestido,Azul,P,4,35.57,0.0,142.28,PIX,Física,40.0,11
4712,2026-06-21,15:15,21,Jaqueta Casual,Jaqueta,Cinza,G,2,186.68,18.67,354.69,Cartão de Débito,Física,145.0,4
4713,2026-03-17,13:00,43,Vestido Básica,Vestido,Rosa,G,3,212.4,0.0,637.2,Cartão de Crédito,Online,558.0,24
4714,2026-08-19,13:15,11,Calça Básica,Calça,Vermelha,G,1,297.24,29.72,267.52,Cartão de Crédito,Física,,4
4715,2026-04-21,20:15,90,Blusa Premium,Blusa,Branca,G,1,177.57,0.0,177.57,Dinheiro,Online,252.0,14
4716,2026-04-16,09:30,35,Jaqueta Premium,Jaqueta,Preta,P,3,289.59,0.0,868.77,PIX,Online,50.0,9
4717,2026-05-12,17:30,139,Acessório Slim,Acessório,Branca,P,4,227.76,91.1,819.94,Cartão de Crédito,Física,482.0,11
4718,2026-05-24,09:00,179,Vestido Básica,Vestido,Azul,G,1,31.43,4.71,26.72,PIX,Física,221.0,21
4719,2026-06-06,14:30,82,Vestido Slim,Vestido,Vermelha,P,1,342.99,17.15,325.84,Cartão de Crédito,Física,240.0,11
4720,2026-09-08,11:00,17,Acessório Casual,Acessório,Rosa,P,4,277.21,110.88,997.96,Cartão de Crédito,Online,203.0,19
4721,2026-07-04,15:00,147,Bermuda Básica,Bermuda,Branca,P,4,44.8,17.92,161.28,Cartão de Crédito,Física,47.0,19
4722,2026-07-02,12:30,87,Camiseta Casual,Camiseta,Rosa,G,2,25.88,0.0,51.76,Crediário,Online,350.0,8
4723,2026-08-07,12:00,21,Jaqueta Casual,Jaqueta,Cinza,G,2,186.68,37.34,336.02,Crediário,Física,549.0,6
4724,2026-09-03,14:15,162,Blusa Premium,Blusa,Branca,M,1,219.23,0.0,219.23,PIX,Online,419.0,17
4725,2026-07-20,18:30,106,Vestido Premium,Vestido,Cinza,G,4,201.43,80.57,725.15,Dinheiro,Física,310.0,19
4726,2026-06-10,12:15,36,Vestido Social,Vestido,Azul,P,1,348.35,0.0,348.35,PIX,Online,500.0,20
4727,2026-07-04,14:30,11,Calça Básica,Calça,Vermelha,G,1,297.24,14.86,282.38,PIX,Física,39.0,2
4728,2026-08-03,17:15,20,Calça X,Calça,Vermelha,P,1,211.81,0.0,211.81,PIX,Online,232.0,12
4729,2026-04-19,14:45,142,Acessório Básica,Acessório,Cinza,G,4,333.62,200.17,1134.31,Cartão de Crédito,Física,461.0,1
4730,2026-09-18,17:00,166,Vestido Premium,Vestido,Vermelha,GG,4,194.42,0.0,777.68,PIX,Física,414.0,20
4731,2026-09-23,16:45,146,Acessório Esporte,Acessório,Vermelha,P,2,103.95,0.0,207.9,Crediário,Online,469.0,8
4732,2026-06-25,16:00,30,Blusa Básica,Blusa,Preta,M,3,249.41,0.0,748.23,Cartão de Crédito,Física,11.0,6
4733,2026-09-18,13:30,102,Bermuda X,Bermuda,Azul,G,2,181.84,0.0,363.68,Dinheiro,Física,,3
4734,2026-08-11,11:15,86,Bermuda Casual,Bermuda,Branca,P,2,211.18,42.24,380.12,Cartão de Débito,Online,44.0,3
4735,2026-09-20, 14:30,118,Camiseta Esporte,Camiseta,Azul,M,4,214.08,0.0,856.32,Cartão de Débito,Física,110.0,12
4736,2026-06-13,09:45,8,Blusa Social,Blusa,Preta,M,1,290.68,0.0,290.68,Crediário,Física,263.0,14
4737,2026-08-24,20:30,7,Jaqueta Esporte,Jaqueta,Preta,P,4,33.34,0.0,133.36,PIX,Online,463.0,23
4738,2026-03-25,11:30,10,Jaqueta Casual,Jaqueta,Cinza,GG,3,338.29,0.0,1014.87,Cartão de Crédito,Física,504.0,8
4739,2026-05-31,13:30,139,Acessório Slim,Acessório,Branca,P,2,227.76,0.0,455.52,Cartão de Crédito,Física,386.0,12
4740,2026-05-23,10:00,39,Calça Social,Calça,Vermelha,GG,3,327.41,0.0,982.23,Cartão de Débito,Física,522.0,8
4741,2026-07-24,09:00,102,Bermuda X,Bermuda,Azul,G,1,181.84,0.0,181.84,Cartão de Débito,Online,65.0,3
4742,2026-09-24,20:30,112,Calça Básica,Calça,Azul,M,1,318.38,0.0,318.38,Cartão de Débito,Online,53.0,6
4743,2026-08-04,10:45,40,Bermuda Esporte,Bermuda,Azul,G,1,78.7,0.0,78.7,Cartão de Crédito,Online,584.0,20
4744,2026-06-20,14:30,37,Bermuda Básica,Bermuda,Branca,M,1,197.74,9.89,187.85,PIX,Física,421.0,19
4745,2026-09-14,14:45,35,Jaqueta Premium,Jaqueta,Preta,P,3,289.59,0.0,868.77,Cartão de Crédito,Online,357.0,8
4746,2026-03-09,19:15,34,Acessório Slim,Acessório,Azul,M,3,220.29,33.04,627.83,Cartão de Débito,Física,34.0,23
4747,2026-05-11,12:30,141,Acessório Slim,Acessório,Rosa,G,3,250.39,75.12,676.05,Crediário,Online,393.0,3
4748,2026-04-27,10:45,92,Calça Casual,Calça,Rosa,G,4,164.58,98.75,559.57,PIX,Física,490.0,11
4749,2026-03-07,16:15,170,Blusa Premium,Blusa,Azul,G,3,154.9,69.7,"R$ 395,00",Crediário,Física,122.0,15
4750,2026-09-20,13:30,80,Jaqueta Casual,Jaqueta,Cinza,P,4,258.13,51.63,980.89,Dinheiro,Física,186.0,23
4751,2026-06-17,19:00,112,Calça Básica,Calça,Azul,M,3,318.38,95.51,859.63,Cartão de Crédito,Online,101.0,20
4752,2026-03-14,16:00,51,Jaqueta Slim,Jaqueta,Verde,M,2,118.56,35.57,201.55,Cartão de Crédito,Física,270.0,14
4753,2026-06-08,10:30,63,Calça Premium,Calça,Vermelha,G,4,277.67,55.53,1055.15,Pix,Física,574.0,23
4754,2026-04-09,10:15,178,Calça Básica,Calça,Azul,GG,3,144.41,0.0,433.23,Cartão de Crédito,Online,135.0,5
4755,2026-07-28,14:45,89,Acessório Slim,Acessório,Preta,P,2,283.36,0.0,566.72,PIX,Online,584.0,15
4756,2026-06-11,14:15,169,Vestido Esporte,Vestido,Rosa,M,3,120.16,0.0,360.48,Cartão de Débito,Física,410.0,20
4757,2026-04-18,17:45,31,Vestido Slim,Vestido,Azul,P,4,35.57,14.23,128.05,Crediário,Online,238.0,24
4758,2026-06-26,15:15,12,Bermuda Esporte,Bermuda,Cinza,M,1,327.44,0.0,327.44,PIX,Online,60.0,7
4759,2026-05-22,20:45,158,Blusa Social,Blusa,Rosa,M,1,185.68,27.85,157.83,Crediário,Online,267.0,2
4760,2026-06-28,14:30,13,Calça X,Calça,Verde,M,4,118.99,47.6,428.36,Cartão de Débito,Física,401.0,24
4761,2026-08-11,17:45,58,Acessório Básica,Acessório,Cinza,P,3,304.84,91.45,"823,07",Cartão de Débito,Física,6.0,2
4762,2026-05-22,10:30,149,Calça Premium,Calça,Vermelha,P,3,296.39,44.46,844.71,Cartão de Débito,Online,156.0,9
4763,2026-08-23,21:00,4,Jaqueta Básica,Jaqueta,Vermelha,M,3,148.57,0.0,445.71,Crediário,Online,281.0,22
4764,2026-06-09,18:30,102,Bermuda X,Bermuda,Azul,G,2,181.84,0.0,363.68,Crediário,Física,181.0,8
4765,2026-04-04,16:30,135,Camiseta Slim,Camiseta,Preta,GG,1,333.31,0.0,333.31,Cartão de Débito,Online,540.0,9
4766,2026-09-06,19:00,126,Vestido Slim,Vestido,Vermelha,M,-1,262.43,39.36,223.07,PIX,Online,255.0,9
4767,2026-06-30,11:00,22,Vestido Social,Vestido,Rosa,G,2,289.54,86.86,492.22,Cartão de Crédito,Online,247.0,25
4768,2026-08-18,20:45,57,Jaqueta Básica,Jaqueta,Verde,GG,3,111.2,50.04,283.56,Cartão de Crédito,Física,,17
4769,2026-05-01,18:30,172,Camiseta Social,Camiseta,Rosa,G,4,281.43,0.0,1125.72,Dinheiro,Online,447.0,8
4770,2026-05-04,21:00,61,Acessório Básica,Acessório,Rosa,M,3,281.06,0.0,843.18,Crediário,Física,512.0,11
4771,2026-05-31,18:15,124,Jaqueta Slim,Jaqueta,Verde,G,1,210.25,10.51,199.74,Cartão de Débito,Online,534.0,8
4772,2026-09-20,17:45,157,Blusa Social,Blusa,Rosa,GG,1,325.37,48.81,276.56,Cartão de Débito,Online,255.0,14
4773,01/07/26,21:15,100,Vestido Casual,Vestido,Preta,M,1,76.04,0.0,76.04,PIX,Online,108.0,5
4774,2026-05-17,18:30,177,Bermuda Básica,Bermuda,Branca,G,4,113.66,68.2,386.44,Dinheiro,Online,290.0,18
4775,2026-04-13,15:30,96,Bermuda Casual,Bermuda,Branca,M,1,123.65,0.0,123.65,Cartão de Crédito,Online,517.0,22
4776,2026-09-03,18:15,173,Jaqueta Casual,Jaqueta,Cinza,GG,1,328.02,49.2,278.82,Cartão de Débito,Física,219.0,15
4777,2026-07-12,17:15,107,Blusa Slim,Blusa,Preta,M,1,264.43,0.0,264.43,PIX,Online,76.0,24
4778,2026-08-07,10:30,96,Bermuda Casual,Bermuda,Branca,M,3,123.65,0.0,370.95,PIX,Online,510.0,21
4779,2026-07-30,13:15,81,Calça Social,Calça,Cinza,P,2,125.82,37.75,213.89,Cartão de Crédito,Online,250.0,17
4780,24-08-2026,18:30,32,Bermuda Premium,Bermuda,Azul,GG,1,298.98,0.0,"R$ 298,98",Cartão de Débito,Online,254.0,18
4781,2026-08-04,19:00,41,Jaqueta Casual,Jaqueta,Cinza,GG,3,274.27,82.28,740.53,Cartão de Débito,Física,509.0,14
4782,2026-06-19,13:00,120,Vestido Premium,Vestido,Rosa,GG,2,304.25,0.0,608.5,Cartão de Débito,Online,547.0,6
4783,2026-03-27,19:15,11,Calça Básica,Calça,Vermelha,G,1,297.24,44.59,252.65,Dinheiro,Online,43.0,18
4784,2026-08-26,17:30,160,Calça X,Calça,Verde,P,4,137.04,82.22,465.94,Cartão de Débito,Online,8.0,20
4785,2026-07-07,18:45,45,Blusa Social,Blusa,Cinza,G,1,158.82,0.0,158.82,PIX,Online,127.0,9
4786,2026-07-14,14:00,37,Bermuda Básica,Bermuda,Branca,M,2,197.74,0.0,395.48,PIX,Física,121.0,4
4787,2026-07-01,18:00,123,Blusa Esporte,Blusa,Rosa,P,2,261.56,0.0,523.12,Cartão de Débito,Física,310.0,22
4788,2026-08-02,10:15,111,Acessório Esporte,Acessório,Rosa,M,1,333.04,0.0,333.04,Cartão De Crédito,Física,600.0,6
4789,2026-09-13,20:15,123,Blusa Esporte,Blusa,Rosa,P,2,261.56,0.0,523.12,Cartão de Crédito,Online,381.0,8
4790,2026-05-29,16:45,160,Calça X,Calça,Verde,P,1,137.04,20.56,116.48,PIX,Online,232.0,2
4791,2026-03-23,17:45,156,Jaqueta Básica,Jaqueta,Branca,G,2,292.56,0.0,585.12,Cartão de Crédito,Online,35.0,18
4792,2026-04-04,15:30,116,Blusa Casual,Blusa,Azul,G,3,332.71,0.0,998.13,Cartão de Crédito,Física,63.0,10
4793,2026-07-06,20:00,130,Blusa Esporte,Blusa,Verde,GG,3,154.8,46.44,417.96,Cartão de Crédito,Física,85.0,21
4794,2026-07-04,15:45,141,Acessório Slim,Acessório,Rosa,G,3,250.39,37.56,713.61,Dinheiro,Física,553.0,13
4795,2026-09-12,13:15,110,Bermuda Esporte,Bermuda,Branca,GG,1,116.53,0.0,116.53,Dinheiro,Física,341.0,25
4796,17/07/2026,18:15,11,Calça Básica,Calça,Vermelha,G,2,297.24,0.0,594.48,Cartão de Crédito,Online,,11
4797,2026-05-04,09:45,152,Acessório Básica,Acessório,Verde,GG,1,238.11,0.0,238.11,Cartão de Débito,Física,308.0,6
4798,2026-09-08,13:00,52,Vestido Casual,Vestido,Rosa,GG,3,235.08,0.0,705.24,Dinheiro,Física,479.0,7
4799,2026-03-24, 16:45,127,Vestido Social,Vestido,Rosa,G,0,72.5,0.0,72.5,Cartão de Crédito,Online,301.0,6
4800,2026-05-17,10:00,64,Camiseta Básica,Camiseta,Rosa,M,2,108.86,10.89,206.83,Dinheiro,Online,360.0,9
4801,2026-06-25,20:15,69,Camiseta Social,Camiseta,Branca,M,1,96.99,14.55,82.44,Cartão de Débito,Física,,13
4802,2026-09-08,11:15,61,Acessório Básica,Acessório,Rosa,M,2,281.06,28.11,534.01,PIX,Online,,8
4803,2026-05-17,12:15,99,Vestido Social,Vestido,Rosa,P,4,135.91,0.0,543.64,Cartão de Crédito,Física,538.0,3
4804,2026-05-21,15:30,120,Vestido Premium,Vestido,Rosa,GG,1,304.25,0.0,304.25,PIX,Física,549.0,5
4805,2026-09-19,12:15,59,Acessório X,Acessório,Azul,G,4,137.62,0.0,"550,48",Dinheiro,Online,96.0,16
4806,2026-07-31,13:15,65,Jaqueta Social,Jaqueta,Cinza,GG,2,77.68,0.0,155.36,Dinheiro,Online,190.0,22
4807,2026-06-07,09:15,153,Vestido Básica,Vestido,Preta,G,2,129.37,12.94,245.8,Cartão de Crédito,Online,162.0,14
4808,2026-09-22,18:00,89,Acessório Slim,Acessório,Preta,P,1,283.36,0.0,283.36,Cartão de Crédito,Física,246.0,1
4809,2026-08-09,13:00,1,Acessório Premium,Acessório,Verde,G,4,129.26,0.0,517.04,Cartão de Débito,Física,65.0,12
4810,2026-08-12,10:30,140,Acessório Premium,Acessório,Rosa,G,2,155.17,0.0,310.34,Cartão de Débito,Online,220.0,20
4811,2026-09-08,21:15,57,Jaqueta Básica,Jaqueta,Verde,GG,2,111.2,0.0,222.4,Cartão de Crédito,Física,599.0,18
4812,2026-05-18,13:15,35,Jaqueta Premium,Jaqueta,Preta,P,4,289.59,57.92,1100.44,Cartão de Débito,Física,138.0,8
4813,2026-09-16,19:00,19,Blusa Casual,Blusa,Preta,M,1,212.08,0.0,212.08,PIX,Física,368.0,14
4814,2026-05-27,15:15,57,Jaqueta Básica,Jaqueta,Verde,GG,1,111.2,11.12,100.08,Crediário,Física,578.0,11
4815,2026-08-01,10:45,56,Bermuda Casual,Bermuda,Verde,P,1,269.73,0.0,269.73,Cartão de Débito,Online,,8
4816,2026-06-12,20:15,72,Blusa Premium,Blusa,Verde,GG,1,252.12,12.61,"239,51",Dinheiro,Online,51.0,10
4817,2026-07-14,14:00,85,Blusa Casual,Blusa,Vermelha,G,4,273.43,109.37,984.35,Crediário,Online,106.0,5
4818,2026-09-25,12:15,3,Camiseta Social,Camiseta,Branca,GG,3,48.72,0.0,"R$ 146,16",PIX,Física,554.0,1
4819,2026-08-25,17:00,152,Acessório Básica,Acessório,Verde,GG,1,238.11,23.81,214.3,PIX,Online,307.0,23
4820,2026-07-09,19:15,165,Blusa Casual,Blusa,Rosa,GG,1,156.99,7.85,149.14,Crediário,Online,27.0,18
4821,2026-04-06,11:45,170,Blusa Premium,Blusa,Azul,G,2,154.9,0.0,309.8,PIX,Online,387.0,23
4822,2026-05-28,16:30,101,Vestido Social,Vestido,Vermelha,GG,4,158.47,0.0,633.88,Cartão de Débito,Online,29.0,20
4823,2026-08-25,10:00,10,Jaqueta Casual,Jaqueta,Cinza,GG,1,338.29,50.74,287.55,Cartão de Débito,Física,456.0,6
4824,2026-08-21,10:15,25,Blusa Social,Blusa,Rosa,M,3,285.55,0.0,856.65,PIX,Online,321.0,13
4825,2026-09-14,16:30,148,Acessório Premium,Acessório,Vermelha,GG,3,36.52,0.0,109.56,Dinheiro,Física,400.0,19
4826,2026-05-20,21:15,35,Jaqueta Premium,Jaqueta,Preta,P,1,289.59,43.44,246.15,Cartão de Crédito,Online,502.0,21
4827,2026-05-28,19:45,72,Blusa Premium,Blusa,Verde,GG,4,252.12,0.0,1008.48,Dinheiro,Física,148.0,9
4828,2026-06-24,20:15,139,Acessório Slim,Acessório,Branca,P,2,227.76,0.0,455.52,Cartão de Crédito,Física,19.0,25
4829,2026-06-26,15:45,48,Camiseta Esporte,Camiseta,Preta,G,2,170.37,17.04,323.7,Crediário,Física,356.0,17
4830,2026-08-29,15:00,148,Acessório Premium,Acessório,Vermelha,GG,1,36.52,3.65,32.87,Dinheiro,Física,113.0,15
4831,2026-03-05,11:00,1,Acessório Premium,Acessório,Verde,G,-2,129.26,58.17,329.61,Cartão de Débito,Física,,4
4832,2026-04-11,14:15,170,Blusa Premium,Blusa,Azul,G,4,154.9,0.0,619.6,Crediário,Física,11.0,21
4833,2026-08-03,13:00,170,Blusa Premium,Blusa,Azul,G,1,154.9,0.0,154.9,Cartão de Crédito,Física,279.0,20
4834,2026-04-17,13:45,176,Camiseta Premium,Camiseta,Vermelha,GG,3,225.97,0.0,677.91,Cartão de Crédito,Online,29.0,23
4835,2026-09-02,14:00,106,Vestido Premium,Vestido,Cinza,G,3,201.43,30.21,574.08,Cartão de Débito,Online,76.0,16
4836,2026-03-27,09:00,179,Vestido Básica,Vestido,Azul,G,2,31.43,3.14,59.72,Cartão de Débito,Online,33.0,19
4837,2026-08-02,14:30,43,Vestido Básica,Vestido,Rosa,G,4,212.4,0.0,849.6,Cartão de Débito,Online,7.0,8
4838,2026-05-21,16:00,46,Acessório X,Acessório,Cinza,M,4,184.96,110.98,628.86,Dinheiro,Online,348.0,24
4839,2026-03-17,16:30,29,Blusa Esporte,Blusa,Branca,M,2,318.44,0.0,636.88,Dinheiro,Física,47.0,20
4840,2026-03-26, 12:00 ,3,Camiseta Social,Camiseta,Branca,GG,2,48.72,4.87,92.57,PIX,Física,580.0,22
4841,2026-04-06,10:00,178,Calça Básica,Calça,Azul,GG,4,144.41,0.0,577.64,Cartão de Crédito,Física,219.0,24
4842,2026-09-09,15:15,107,Blusa Slim,Blusa,Preta,M,4,264.43,0.0,1057.72,Cartão de Crédito,Online,149.0,6
4843,2026-06-23,09:45,77,Vestido X,Vestido,Rosa,G,3,195.59,0.0,586.77,Dinheiro,Física,14.0,21
4844,2026-07-05,17:00,108,Bermuda Social,Bermuda,Vermelha,P,2,179.79,35.96,323.62,PIX,Online,15.0,3
4845,2026-06-20,20:30,50,Blusa Esporte,Blusa,Vermelha,GG,1,189.51,0.0,189.51,Cartão de Débito,Online,151.0,5
4846,08/09/2026,10:30,60,Acessório Esporte,Acessório,Azul,G,2,112.08,402.9997143566129,212.95,Dinheiro,Física,362.0,16
4847,2026-07-24,16:15,128,Bermuda Básica,Bermuda,Preta,GG,4,193.28,0.0,773.12,Cartão de Débito,Física,165.0,14
4848,2026-03-07,17:15,168,Vestido Casual,Vestido,Azul,M,3,255.66,115.05,651.93,Cartão de Débito,Online,588.0,25
4849,2026-03-27,11:30,23,Blusa X,Blusa,Preta,P,3,219.84,65.95,593.57,Cartão de Crédito,Online,40.0,13
4850,2026-03-26,18:15,7,Jaqueta Esporte,Jaqueta,Preta,P,4,33.34,0.0,133.36,Cartão de Débito,Online,414.0,17
4851,2026-09-04,19:15,8,Blusa Social,Blusa,Preta,M,1,290.68,14.53,276.15,Dinheiro,Física,337.0,21
4852,2026-03-11,21:30,126,Vestido Slim,Vestido,Vermelha,M,4,262.43,52.49,997.23,Cartão de Débito,Online,213.0,16
4853,2026-03-23,20:00,131,Vestido Básica,Vestido,Vermelha,M,4,38.91,0.0,155.64,Cartão de Crédito,Online,73662.0,14
4854,2026-05-11,15:30,122,Bermuda Casual,Bermuda,Rosa,GG,3,286.85,43.03,817.52,Cartão de Débito,Online,410.0,18
4855,2026-05-17,16:45,84,Jaqueta Básica,Jaqueta,Verde,P,4,313.9,0.0,1255.6,Cartão de Débito,Física,,18
4856,01/03/2026, 09:30 ,135,Camiseta Slim,Camiseta,Preta,GG,2,333.31,99.99,566.63,PIX,Online,,19
4857,2026-05-30,11:00,5,Jaqueta Slim,Jaqueta,Branca,GG,4,87.47,17.49,332.39,Dinheiro,Online,,20
4858,2026-03-13,18:15,1,Acessório Premium,Acessório,Verde,G,1,129.26,0.0,129.26,Cartão de Débito,Online,293.0,17
4859,2026-05-28, 14:45 ,92,Calça Casual,Calça,Rosa,G,1,164.58,0.0,164.58,Dinheiro,Física,195.0,17
4860,2026-07-09,11:15,114,Jaqueta Esporte,Jaqueta,Verde,P,4,60.77,36.46,206.62,Dinheiro,Física,582.0,5
4861,2026-06-02,19:30,27,Vestido Premium,Vestido,Cinza,G,1,137.14,0.0,137.14,PIX,Online,380.0,2
4862,2026-07-23,19:00,59,Acessório X,Acessório,Azul,G,2,137.62,0.0,275.24,Dinheiro,Física,31.0,20
4863,2026-08-13,10:45,103,Jaqueta Social,Jaqueta,Verde,G,2,239.05,47.81,430.29,Dinheiro,Online,364.0,21
4864,2026-07-18,18:00  ,21,Jaqueta Casual,Jaqueta,Cinza,G,1,186.68,28.0,158.68,Cartão de Débito,Online,390.0,22
4865,2026-06-01,11:00,32,Bermuda Premium,Bermuda,Azul,GG,2,298.98,59.8,538.16,PIX,Física,236.0,10
4866,2026-07-23,12:00,172,Camiseta Social,Camiseta,Rosa,G,3,281.43,0.0,844.29,Cartão de Crédito,Online,317.0,23
4867,2026-06-17,12:00,75,Jaqueta Casual,Jaqueta,Azul,G,2,238.16,47.63,428.69,PIX,Online,71.0,2
4868,2026-06-10,12:30,180,Acessório X,Acessório,Cinza,G,4,73.69,0.0,294.76,PIX,Física,102.0,9
4869,2026-04-15,12:15,5,Jaqueta Slim,Jaqueta,Branca,GG,4,87.47,0.0,349.88,Cartão de Crédito,Online,368.0,19
4870,2026-07-10,21:15,144,Calça Social,Calça,Cinza,GG,1,200.29,10.01,190.28,PIX,Online,446.0,7
4871,2026-03-24,18:30,130,Blusa Esporte,Blusa,Verde,GG,3,154.8,0.0,464.4,Cartão de Crédito,Física,290.0,19
4872,2026-03-13,13:45,67,Bermuda Básica,Bermuda,Cinza,P,2,318.87,0.0,637.74,Crediário,Física,75.0,11
4873,2026-04-19,15:00,123,Blusa Esporte,Blusa,Rosa,P,1,261.56,39.23,222.33,PIX,Online,551.0,7
4874,2026-05-14,15:45,107,Blusa Slim,Blusa,Preta,M,4,264.43,0.0,1057.72,Cartão de Débito,Física,358.0,9
4875,2026-06-19,15:15,87,Camiseta Casual,Camiseta,Rosa,G,3,25.88,0.0,77.64,Cartão de Crédito,Física,573.0,5
4876,26-08-2026,21:45,3,Camiseta Social,Camiseta,Branca,GG,4,48.72,0.0,194.88,Cartão de Débito,Online,321.0,6
4877,2026-09-25,19:45,17,Acessório Casual,Acessório,Rosa,P,1,277.21,0.0,277.21,PIX,Online,483.0,24
4878,2026-08-19,16:15,74,Acessório Social,Acessório,Preta,GG,4,90.99,18.2,345.76,Cartão de Débito,Física,206.0,21
4879,2026-07-23,18:00,68,Jaqueta Premium,Jaqueta,Vermelha,G,4,65.29,0.0,261.16,Cartão de Débito,Física,557.0,21
4880,2026-03-27,18:15,114,Jaqueta Esporte,Jaqueta,Verde,P,3,60.77,0.0,182.31,PIX,Online,118.0,5
4881,2026-07-13,11:30,156,Jaqueta Básica,Jaqueta,Branca,G,4,292.56,117.02,1053.22,Cartão de Crédito,Online,199.0,25
4882,2026-04-15,19:00,16,Acessório Casual,Acessório,Verde,GG,1,160.59,24.09,136.5,Cartão de Débito,Física,580.0,21
4883,2026-05-23,17:15,41,Jaqueta Casual,Jaqueta,Cinza,GG,1,274.27,0.0,274.27,PIX,Online,518.0,2
4884,2026-04-20,18:00,17,Acessório Casual,Acessório,Rosa,P,3,277.21,0.0,831.63,Cartão de Crédito,Física,462.0,7
4885,2026-08-17,15:00,171,Acessório X,Acessório,Verde,G,3,85.73,12.86,244.33,Cartão de Débito,Online,40.0,4
4886,07/05/2026,10:45,157,Blusa Social,Blusa,Rosa,GG,4,325.37,65.07,1236.41,cartao credito,Física,6.0,24
4887,2026-05-11,18:15,27,Vestido Premium,Vestido,Cinza,G,3,137.14,20.57,390.85,Cartão de Crédito,Online,273.0,5
4888,2026-03-05,15:30,25,Blusa Social,Blusa,Rosa,M,1,285.55,0.0,285.55,Cartão de Débito,Física,546.0,24
4889,2026-03-23,20:45,15,Blusa Social,Blusa,Azul,M,4,303.57,0.0,1214.28,Cartão de Crédito,Física,133.0,12
4890,2026-07-15,20:15,96,Bermuda Casual,Bermuda,Branca,M,1,123.65,12.37,111.28,Dinheiro,Online,,12
4891,2026-09-23,12:45,178,Calça Básica,Calça,Azul,GG,3,144.41,0.0,433.23,Cartão de Débito,Física,248.0,2
4892,2026-03-27,13:30,149,Calça Premium,Calça,Vermelha,P,3,296.39,0.0,889.17,Dinheiro,Online,166.0,7
4893,2026-04-03,12:45,57,Jaqueta Básica,Jaqueta,Verde,GG,1,111.2,0.0,111.2,Cartão de Crédito,Online,244.0,4
4894,2026-05-01,16:45,84,Jaqueta Básica,Jaqueta,Verde,P,1,313.9,0.0,313.9,Crediário,Online,140.0,12
4895,2026-05-07,20:15,124,Jaqueta Slim,Jaqueta,Verde,G,3,210.25,63.08,567.67,Cartão de Débito,Online,489.0,21
4896,2026-06-24,13:15,32,Bermuda Premium,Bermuda,Azul,GG,1,298.98,14.95,284.03,Cartão de Débito,Física,259.0,14
4897,2026-05-22,16:45,112,Calça Básica,Calça,Azul,M,2,318.38,63.68,573.08,PIX,Física,209.0,23
4898,2026-06-23,20:45,76,Bermuda Premium,Bermuda,Vermelha,M,1,45.34,4.53,40.81,Cartão de Débito,Online,343.0,2
4899,2026-04-21,13:45,133,Calça Social,Calça,Rosa,G,3,39.8,0.0,119.4,PIX,Online,376.0,8
4900,2026-06-12,09:15,76,Bermuda Premium,Bermuda,Vermelha,M,3,45.34,0.0,136.02,Cartão de Débito,Física,516.0,12
4901,2026-06-30,20:30,121,Vestido Casual,Vestido,Verde,G,3,101.83,15.27,290.22,Cartão de Crédito,Física,395.0,16
4902,2026-06-27,16:00,145,Bermuda Esporte,Bermuda,Cinza,G,4,144.91,86.95,492.69,Cartão de Crédito,Online,334.0,11
4903,2026-07-01,15:00,152,Acessório Básica,Acessório,Verde,GG,2,238.11,23.81,452.41,Cartão de Débito,Física,523.0,22
4904,2026-04-05,11:15,158,Blusa Social,Blusa,Rosa,M,3,185.68,0.0,557.04,Dinheiro,Online,23.0,22
4905,2026-09-03,18:00,12,Bermuda Esporte,Bermuda,Cinza,M,1,327.44,0.0,327.44,PIX,Online,,14
4906,2026-07-15,19:30,48,Camiseta Esporte,Camiseta,Preta,G,2,170.37,51.11,289.63,Cartão de Crédito,Física,431.0,21
4907,2026-03-01,19:45,135,Camiseta Slim,Camiseta,Preta,GG,3,333.31,50.0,"R$ 949,93",Cartão de Débito,Física,275.0,19
4908,2026-06-05,09:15,178,Calça Básica,Calça,Azul,GG,4,144.41,0.0,577.64,Dinheiro,Física,156.0,9
4909,2026-07-25,10:45,79,Camiseta X,Camiseta,Cinza,G,1,76.54,0.0,76.54,Cartão de Débito,Online,522.0,14
4910,2026-09-14,09:45,82,Vestido Slim,Vestido,Vermelha,P,1,342.99,51.45,291.54,PIX,Física,590.0,14
4911,2026-09-06,18:45,79,Camiseta X,Camiseta,Cinza,G,3,76.54,22.96,206.66,PIX,Online,,1
4912,16/05/26,11:30,37864,Camiseta Premium,Camiseta,Vermelha,GG,4,225.97,0.0,903.88,Cartão de Débito,Online,110.0,25
4913,2026-09-01,09:45,49,Calça Básica,Calça,Verde,GG,1,193.27,0.0,193.27,PIX,Online,457.0,8
4914,2026-08-23, 10:45,62,Camiseta Básica,Camiseta,Azul,GG,2,140.6,0.0,281.2,Dinheiro,Online,512.0,6
4915,2026-03-09,20:00  ,52,Vestido Casual,Vestido,Rosa,GG,3,235.08,0.0,705.24,PIX,Física,541.0,19
4916,2026-04-03,09:15,95,Bermuda Básica,Bermuda,Verde,P,1,40.47,0.0,40.47,Cartão de Débito,Física,,2
4917,2026-08-10,18:15,85,Blusa Casual,Blusa,Vermelha,G,4,273.43,0.0,1093.72,Cartão de Crédito,Online,510.0,2
4918,2026-06-06,18:00,124,Jaqueta Slim,Jaqueta,Verde,G,4,210.25,0.0,841.0,Cartão de Crédito,Física,171.0,5
4919,2026-07-09,14:15,154,Acessório Esporte,Acessório,Azul,M,2,140.03,0.0,"R$ 280,06",Cartão de Crédito,Física,576.0,18
4920,2026-04-27,19:15,125,Vestido Esporte,Vestido,Vermelha,P,1,67.79,10.17,57.62,PIX,Online,49.0,18
4921,2026-09-05,09:00,171,Acessório X,Acessório,Verde,G,3,85.73,0.0,257.19,cartão de débito,Física,471.0,3
4922,2026-06-24,10:15,89,Acessório Slim,Acessório,Preta,P,3,283.36,42.5,807.58,Cartão de Crédito,Física,503.0,21
4923,2026-08-19,14:00,74,Acessório Social,Acessório,Preta,GG,2,90.99,27.3,154.68,Cartão de Crédito,Online,,22
4924,2026-09-03,11:45,2,Camiseta Básica,Camiseta,Cinza,P,1,57.67,2.88,54.79,Cartão de Crédito,Física,242.0,21
4925,2026-06-22, 10:45 ,87,Camiseta Casual,Camiseta,Rosa,G,3,25.88,7.76,69.88,Cartão de Débito,Online,479.0,4
4926,2026-06-22,20:15,29,Blusa Esporte,Blusa,Branca,M,4,318.44,191.06,1082.7,Cartão de Débito,Física,456.0,20
4927,2026-08-27,19:45,82,Vestido Slim,Vestido,Vermelha,P,1,342.99,0.0,342.99,PIX,Online,241.0,18
4928,2026-08-19,20:30,46,Acessório X,Acessório,Cinza,M,2,184.96,0.0,369.92,PIX,Física,96.0,4
4929,2026-03-04,17:15,2,Camiseta Básica,Camiseta,Cinza,P,1,57.67,8.65,49.02,Cartão de Crédito,Online,91.0,1
4930,2026-04-16,10:45,81,Calça Social,Calça,Cinza,P,2,125.82,0.0,251.64,Cartão de Débito,Física,63.0,10
4931,2026-08-13,10:30,60,Acessório Esporte,Acessório,Azul,G,1,112.08,0.0,112.08,Cartão de Crédito,Online,158.0,13
4932,2026-05-07,12:30,59,Acessório X,Acessório,Azul,G,3,137.62,0.0,412.86,Cartão de Débito,Online,477.0,17
4933,2026-08-08,16:15,123,Blusa Esporte,Blusa,Rosa,P,4,261.56,156.94,889.3,Cartão de Débito,Online,81.0,9
4934,2026-08-11,13:00,1,Acessório Premium,Acessório,Verde,G,2,129.26,12.93,245.59,Cartão de Crédito,Online,190.0,16
4935,2026-04-24,10:45,47,Vestido Premium,Vestido,Cinza,G,1,115.65,0.0,115.65,Cartão de Crédito,Física,415.0,4
4936,2026-08-04,20:45,12,Bermuda Esporte,Bermuda,Cinza,M,4,327.44,0.0,1309.76,PIX,Online,476.0,16
4937,2026-04-03,17:45,168,Vestido Casual,Vestido,Azul,M,4,255.66,153.4,869.24,Dinheiro,Física,338.0,9
4938,2026-07-13,20:15,113,Blusa Social,Blusa,Rosa,P,1,270.36,27.04,243.32,Cartão de Crédito,Online,226.0,5
4939,2026-06-01,10:45,100,Vestido Casual,Vestido,Preta,M,3,76.04,0.0,228.12,Dinheiro,Física,5.0,10
4940,2026-06-20, 16:45,72,Blusa Premium,Blusa,Verde,GG,4,252.12,151.27,857.21,Cartão de Débito,Física,498.0,4
4941,2026-03-23,16:30,156,Jaqueta Básica,Jaqueta,Branca,G,3,292.56,0.0,877.68,Cartão de Crédito,Online,,5
4942,2026-09-07,18:30,51,Jaqueta Slim,Jaqueta,Verde,M,1,118.56,11.86,106.7,Cartão de Débito,Online,,22
4943,2026-05-01,18:00,142,Acessório Básica,Acessório,Cinza,G,1,333.62,50.04,283.58,Cartão de Crédito,Online,227.0,18
4944,2026-03-19,18:00,31,Vestido Slim,Vestido,Azul,P,3,35.57,0.0,106.71,Cartão de Crédito,Online,286.0,20
4945,2026-09-24,09:45,26,Bermuda Slim,Bermuda,Branca,P,3,207.97,0.0,623.91,Cartão de Crédito,Física,26.0,11
4946,2026-09-07,13:30,13,Calça X,Calça,Verde,M,1,118.99,0.0,118.99,Cartão de Crédito,Online,350.0,12
4947,2026-04-25,09:30,11,Calça Básica,Calça,Vermelha,G,2,297.24,89.17,505.31,Crediário,Física,557.0,2
4948,2026-05-10,13:30,54,Calça Esporte,Calça,Verde,P,2,77.13,0.0,154.26,Cartão de Débito,Física,326.0,9
4949,2026-08-25,17:30,82,Vestido Slim,Vestido,Vermelha,P,2,342.99,0.0,685.98,PIX,Física,89.0,2
4950,09/04/2026,16:45,158,Blusa Social,Blusa,Rosa,M,4,185.68,0.0,742.72,Cartão de Débito,Física,255.0,6
4951,2026-06-29,21:30,130,Blusa Esporte,Blusa,Verde,GG,1,154.8,15.48,139.32,PIX,Online,516.0,10
4952,2026-05-02,11:30,111,Acessório Esporte,Acessório,Rosa,M,3,333.04,49.96,949.16,PIX,Física,105.0,15
4953,2026-07-25,20:45,71,Camiseta Esporte,Camiseta,Cinza,GG,2,252.73,75.82,429.64,PIX,Online,192.0,18
4954,2026-09-05,15:15,75,Jaqueta Casual,Jaqueta,Azul,G,1,238.16,0.0,238.16,Dinheiro,Online,266.0,1
4955,2026-06-15,20:00,41,Jaqueta Casual,Jaqueta,Cinza,GG,1,274.27,27.43,246.84,Cartão de Débito,Física,407.0,17
4956,2026-08-15,15:00,23,Blusa X,Blusa,Preta,P,2,219.84,21.98,417.7,PIX,Física,,9
4957,2026-09-16,21:45,23,Blusa X,Blusa,Preta,P,4,219.84,87.94,"R$ 791,42",Dinheiro,Online,356.0,19
4958,2026-04-09,21:00,17,Acessório Casual,Acessório,Rosa,P,4,277.21,166.33,942.51,PIX,Física,41.0,22
4959,13/05/2026,15:00,93,Blusa Social,Blusa,Vermelha,GG,4,327.13,0.0,1308.52,Cartão de Débito,Online,136.0,2
4960,2026-07-01,09:45,162,Blusa Premium,Blusa,Branca,M,0,219.23,98.65,559.04,PIX,Física,286.0,8
4961,2026-08-03,10:30,137,Camiseta Esporte,Camiseta,Preta,M,3,149.09,0.0,447.27,Cartão de Débito,Online,589.0,5
4962,2026-06-02,13:30,114,Jaqueta Esporte,Jaqueta,Verde,P,2,60.77,0.0,121.54,cartao credito,Física,207.0,24
4963,2026-07-01,13:30,155,Bermuda X,Bermuda,Preta,M,3,134.96,0.0,404.88,Cartão de Débito,Online,367.0,1
4964,2026-07-18,21:00,163,Jaqueta Básica,Jaqueta,Branca,M,1,212.45,0.0,212.45,PIX,Física,259.0,19
4965,2026-03-22,16:00,116,Blusa Casual,Blusa,Azul,G,1,332.71,49.91,282.8,Cartão de Débito,Física,492.0,15
4966,2026-03-29,11:30,132,Acessório Básica,Acessório,Branca,P,2,296.32,0.0,592.64,Cartão de Crédito,Online,458.0,19
4967,2026-07-23,13:30,48,Camiseta Esporte,Camiseta,Preta,G,1,170.37,0.0,170.37,PIX,Física,531.0,9
4968,2026-07-21,15:30,121,Vestido Casual,Vestido,Verde,G,2,101.83,20.37,183.29,Cartão de Débito,Online,307.0,16
4969,2026-07-28,20:30,26,Bermuda Slim,Bermuda,Branca,P,4,207.97,124.78,707.1,Cartão de Débito,Online,27.0,24
4970,2026-08-17,20:00,45,Blusa Social,Blusa,Cinza,G,4,158.82,95.29,539.99,Dinheiro,Física,575.0,13
4971,2026-05-27,15:15,89,Acessório Slim,Acessório,Preta,P,3,283.36,0.0,850.08,PIX,Física,198.0,8
4972,2026-07-28,13:15,23,Blusa X,Blusa,Preta,P,3,219.84,0.0,659.52,Cartão de Crédito,Online,303.0,4
4973,2026-06-23,14:00,152,Acessório Básica,Acessório,Verde,GG,3,238.11,107.15,607.18,PIX,Online,420.0,19
4974,2026-08-23,14:15,70,Blusa Slim,Blusa,Verde,GG,1,203.23,10.16,193.07,Cartão de Débito,Online,351.0,21
4975,2026-04-22,16:30,172,Camiseta Social,Camiseta,Rosa,G,3,281.43,84.43,759.86,PIX,Online,426.0,4
4976,2026-05-08,09:30,57,Jaqueta Básica,Jaqueta,Verde,GG,4,111.2,22.24,422.56,Cartão de Débito,Online,541.0,19
4977,2026-03-25,11:15,146,Acessório Esporte,Acessório,Vermelha,P,1,103.95,0.0,103.95,Dinheiro,Física,364.0,14
4978,2026-07-17,10:15,40,Bermuda Esporte,Bermuda,Azul,G,2,78.7,15.74,141.66,Cartão de Débito,Online,537.0,20
4979,2026-07-11,09:30,135,Camiseta Slim,Camiseta,Preta,GG,1,333.31,0.0,333.31,Crediário,Online,52.0,23
4980,2026-03-14,09:45,179,Vestido Básica,Vestido,Azul,G,3,31.43,14.14,80.15,PIX,Física,283.0,13
4981,2026-03-02,11:00,74,Acessório Social,Acessório,Preta,GG,1,90.99,13.65,77.34,Dinheiro,Física,79.0,4
4982,2026-03-28,15:00,110,Bermuda Esporte,Bermuda,Branca,GG,1,116.53,0.0,116.53,Cartão de Débito,Física,161.0,3
4983,2026-05-15,15:45,158,Blusa Social,Blusa,Rosa,M,4,185.68,0.0,742.72,Cartão de Crédito,Online,497.0,14
4984,2026-05-04,15:00,124,Jaqueta Slim,Jaqueta,Verde,G,1,210.25,0.0,210.25,PIX,Física,73.0,23
4985,2026-09-22,17:30,103,Jaqueta Social,Jaqueta,Verde,G,3,239.05,35.86,681.29,Crediário,Física,82.0,17
4986,2026-08-14,18:30,53,Camiseta Básica,Camiseta,Branca,P,3,204.54,61.36,552.26,Cartão de Débito,Física,189.0,22
4987,2026-04-17,09:30,141,Acessório Slim,Acessório,Rosa,G,4,250.39,0.0,"R$ 1.001,56",PIX,Online,544.0,8
4988,2026-04-23,16:45,95,Bermuda Básica,Bermuda,Verde,P,3,40.47,6.07,115.34,Dinheiro,Online,312.0,6
4989,2026-05-05,09:30,86,Bermuda Casual,Bermuda,Branca,P,4,211.18,0.0,844.72,Cartão de Crédito,Física,548.0,24
4990,2026-06-08,17:30,154,Acessório Esporte,Acessório,Azul,M,3,140.03,42.01,378.08,Cartão de Débito,Física,543.0,13
4991,2026-03-23,21:00,32,Bermuda Premium,Bermuda,Azul,GG,3,298.98,0.0,896.94,Cartão de Crédito,Física,585.0,15
4992,2026-03-09,15:15,8,Blusa Social,Blusa,Preta,M,3,290.68,0.0,872.04,PIX,Online,,12
4993,2026-08-21,16:45,30,Blusa Básica,Blusa,Preta,M,1,249.41,24.94,224.47,Dinheiro,Online,174.0,6
4994,2026-06-01,14:45,92,Calça Casual,Calça,Rosa,G,3,164.58,24.69,469.05,PIX,Física,571.0,16
4995,2026-09-17,19:00,18,Vestido Premium,Vestido,Vermelha,P,1,221.89,0.0,"R$ 221,89",Cartão de Crédito,Online,300.0,5
4996,2026-09-14,13:45,54,Calça Esporte,Calça,Verde,P,4,77.13,15.43,293.09,Cartão de Crédito,Física,143.0,3
4997,2026-06-19,17:30,156,Jaqueta Básica,Jaqueta,Branca,G,2,292.56,58.51,526.61,Dinheiro,Online,54.0,25
4998,2026-07-27, 10:15 ,155,Bermuda X,Bermuda,Preta,M,1,134.96,0.0,134.96,Cartão de Débito,Física,,9
4999,2026-04-21,17:30,125,Vestido Esporte,Vestido,Vermelha,P,2,67.79,0.0,135.58,PIX,Física,262.0,24
5000,2026-04-10,18:30,70,Blusa Slim,Blusa,Verde,GG,2,203.23,20.32,"386,14",cartão de crédito,Online,326.0,11
5001,2026-04-26,18:45,88,Camiseta Básica,Camiseta,Branca,GG,3,270.48,0.0,811.44,Cartão de Débito,Física,266.0,25
5002,2026-08-29,20:30,153,Vestido Básica,Vestido,Preta,G,3,129.37,0.0,388.11,cartao credito,Física,516.0,14
5003,2026-03-11,18:30,89,Acessório Slim,Acessório,Preta,P,3,283.36,0.0,850.08,Dinheiro,Online,544.0,16
5004,2026-03-10,14:45,93,Blusa Social,Blusa,Vermelha,GG,3,327.13,0.0,981.39,Crediário,Física,459.0,17
5005,2026-06-06,16:30,119,Vestido Básica,Vestido,Azul,P,3,51.47,0.0,154.41,PIX,Física,33.0,1
5006,2026-08-22,20:00,100,Vestido Casual,Vestido,Preta,M,2,76.04,0.0,152.08,PIX,Física,341.0,3
5007,2026-05-06,21:15,114,Jaqueta Esporte,Jaqueta,Verde,P,1,60.77,6.08,54.69,Crediário,Física,478.0,19
5008,2026-08-03,19:00,35,Jaqueta Premium,Jaqueta,Preta,P,4,289.59,57.92,1100.44,Cartão de Débito,Física,94.0,24
5009,2026-03-13,20:15,22,Vestido Social,Vestido,Rosa,G,3,289.54,0.0,868.62,Cartão de Crédito,Física,347.0,19
5010,2026-09-11,15:45,93,Blusa Social,Blusa,Vermelha,GG,1,327.13,0.0,327.13,Cartão de Crédito,Física,143.0,1
5011,2026-08-25,09:45,39,Calça Social,Calça,Vermelha,GG,4,327.41,0.0,1309.64,Cartão de Crédito,Online,494.0,25
5012,2026-08-19,14:15,134,Calça Slim,Calça,Rosa,P,3,297.88,89.36,804.28,Cartão de Crédito,Online,247.0,11
5013,2026-06-30,13:45,100,Vestido Casual,Vestido,Preta,M,4,76.04,0.0,304.16,Cartão de Débito,Online,,1
5014,2026-03-23,10:30,90,Blusa Premium,Blusa,Branca,G,1,177.57,17.76,159.81,Cartão de Crédito,Online,424.0,23
5015,2026-03-06,19:45,107,Blusa Slim,Blusa,Preta,M,4,264.43,0.0,1057.72,Crediário,Online,404.0,14
5016,2026-04-21,13:45,70,Blusa Slim,Blusa,Verde,GG,4,203.23,81.29,731.63,Cartão de Débito,Física,212.0,23
5017,2026-04-27,21:30,142,Acessório Básica,Acessório,Cinza,G,2,333.62,0.0,667.24,Cartão de Crédito,Física,,10
5018,2026-07-01,15:15,36,Vestido Social,Vestido,Azul,P,3,348.35,104.51,940.54,PIX,Física,112.0,24
5019,2026-03-20,19:30,94,Acessório Casual,Acessório,Verde,M,2,202.82,0.0,405.64,Cartão de Débito,Física,339.0,11
5020,2026-06-28,09:00,139,Acessório Slim,Acessório,Branca,P,3,227.76,0.0,683.28,Cartão de Débito,Física,246.0,7
5021,2026-05-17,20:00,124,Jaqueta Slim,Jaqueta,Verde,G,4,210.25,0.0,841.0,Cartão de Débito,Física,429.0,4
5022,2026-04-15,14:30,78,Blusa Casual,Blusa,Cinza,M,2,332.45,0.0,664.9,PIX,Online,543.0,6
5023,2026-07-13,21:45,78,Blusa Casual,Blusa,Cinza,M,4,332.45,0.0,1329.8,PIX,Online,130.0,6
5024,2026-05-08,09:30,103,Jaqueta Social,Jaqueta,Verde,G,4,239.05,143.43,812.77,PIX,Física,431.0,2
5025,2026-04-03,18:15,45331,Blusa Esporte,Blusa,Vermelha,GG,3,189.51,85.28,483.25,Cartão de Crédito,Física,208.0,15
5026,2026-06-18,19:15,136,Blusa Social,Blusa,Azul,P,3,114.45,17.17,326.18,Cartão de Débito,Online,285.0,5
5027,2026-08-14,09:15,102,Bermuda X,Bermuda,Azul,G,2,181.84,0.0,363.68,Cartão de Débito,Física,271.0,9
5028,2026-03-20,19:45,137,Camiseta Esporte,Camiseta,Preta,M,2,149.09,0.0,298.18,Cartão de Débito,Online,532.0,5
5029,2026-05-01,12:15,52,Vestido Casual,Vestido,Rosa,GG,4,235.08,0.0,940.32,Cartão de Crédito,Online,230.0,10
5030,2026-03-15,19:30,61,Acessório Básica,Acessório,Rosa,M,1,281.06,14.05,267.01,Cartão de Crédito,Física,,6
5031,2026-09-13, 16:30,137,Camiseta Esporte,Camiseta,Preta,M,1,149.09,0.0,149.09,Crediário,Online,131.0,15
5032,2026-07-17,15:45,15,Blusa Social,Blusa,Azul,M,2,303.57,30.36,576.78,Cartão de Débito,Online,176.0,4
5033,2026-04-28,11:45,76,Bermuda Premium,Bermuda,Vermelha,M,4,45.34,0.0,181.36,Crediário,Online,145.0,2
5034,2026-04-25,15:00,154,Acessório Esporte,Acessório,Azul,M,4,140.03,28.01,532.11,Cartão de Débito,Online,205.0,4
5035,2026-09-05,18:00,89,Acessório Slim,Acessório,Preta,P,2,283.36,0.0,566.72,Cartão de Débito,Online,369.0,3
5036,2026-03-13,15:30,2,Camiseta Básica,Camiseta,Cinza,P,2,57.67,0.0,115.34,Cartão de Débito,Física,445.0,9
5037,2026-07-27,14:15,14,Bermuda Social,Bermuda,Branca,P,3,125.8,0.0,377.4,Cartão de Crédito,Online,389.0,9
5038,2026-06-28,18:45,131,Vestido Básica,Vestido,Vermelha,M,2,38.91,3.89,73.93,PIX,Física,222.0,15
5039,2026-04-21,20:30,36,Vestido Social,Vestido,Azul,P,3,348.35,52.25,992.8,PIX,Física,227.0,7
5040,2026-04-05,18:30,51,Jaqueta Slim,Jaqueta,Verde,M,2,118.56,35.57,201.55,Cartão de Crédito,Online,121.0,17
5041,2026-08-11,19:45,73,Vestido Social,Vestido,Preta,P,4,83.59,50.15,284.21,Cartão de Crédito,Online,153.0,8
5042,2026-07-10,12:30,48,Camiseta Esporte,Camiseta,Preta,G,2,170.37,51.11,289.63,Cartão De Crédito,Física,404.0,13
5043,2026-04-16,18:45,22,Vestido Social,Vestido,Rosa,G,4,289.54,0.0,1158.16,Cartão de Crédito,Online,186.0,8
5044,2026-05-28,20:30,161,Vestido X,Vestido,Azul,G,3,67.98,0.0,203.94,Cartão de Débito,Física,254.0,6
5045,2026-09-15,16:45,167,Acessório Casual,Acessório,Preta,P,4,326.38,0.0,1305.52,Cartão de Crédito,Física,583.0,3
5046,2026-03-24,15:45,33,Blusa X,Blusa,Vermelha,P,1,230.83,0.0,"R$ 230,83",Cartão de Crédito,Online,197.0,9
5047,2026-03-15,19:00,86,Bermuda Casual,Bermuda,Branca,P,4,211.18,0.0,844.72,Cartão de Crédito,Física,358.0,24
5048,2026-03-07,15:15,130,Blusa Esporte,Blusa,Verde,GG,1,154.8,0.0,154.8,Dinheiro,Física,345.0,1
5049,2026-04-21,17:15,171,Acessório X,Acessório,Verde,G,1,85.73,0.0,85.73,Cartão de Crédito,Online,274.0,18
5050,2026-04-11,21:15,145,Bermuda Esporte,Bermuda,Cinza,G,3,144.91,0.0,434.73,PIX,Online,88.0,16
5051,2026-04-20,15:30,150,Blusa Esporte,Blusa,Vermelha,M,4,241.11,0.0,964.44,Cartão de Débito,Física,,24
5052,2026-07-25,11:00,62,Camiseta Básica,Camiseta,Azul,GG,3,140.6,63.27,358.53,Crediário,Física,444.0,19
5053,2026-05-22,10:45,69,Camiseta Social,Camiseta,Branca,M,3,96.99,29.1,261.87,Cartão de Crédito,Online,149.0,9
5054,2026-03-15,11:15,86,Bermuda Casual,Bermuda,Branca,P,2,211.18,63.35,359.01,Cartão de Débito,Online,267.0,16
5055,2026-03-26,11:15,169,Vestido Esporte,Vestido,Rosa,M,3,120.16,54.07,306.41,Cartão de Crédito,Online,494.0,2
5056,2026-08-26,15:15,88,Camiseta Básica,Camiseta,Branca,GG,3,270.48,0.0,811.44,PIX,Física,366.0,8
5057,2026-07-30, 18:45 ,165,Blusa Casual,Blusa,Rosa,GG,1,156.99,7.85,149.14,PIX,Física,454.0,10
5058,2026-07-21,11:00,92,Calça Casual,Calça,Rosa,G,4,164.58,32.92,625.4,Crediário,Online,3.0,17
5059,2026-04-09,17:15,33,Blusa X,Blusa,Vermelha,P,3,230.83,0.0,692.49,Cartão de Débito,Online,162.0,13
5060,2026-08-07,18:00,100,Vestido Casual,Vestido,Preta,M,4,76.04,0.0,304.16,Dinheiro,Online,29.0,19
5061,2026-04-30,14:15,75,Jaqueta Casual,Jaqueta,Azul,G,3,238.16,0.0,714.48,Cartão de Débito,Física,197.0,21
5062,2026-03-19,12:30,83,Camiseta Básica,Camiseta,Rosa,M,2,221.65,66.5,376.8,PIX,Física,369.0,4
5063,2026-08-09,17:30,132,Acessório Básica,Acessório,Branca,P,4,296.32,0.0,"R$ 1.185,28",Cartão de Crédito,Online,467.0,13
5064,2026-04-30,09:00,95,Bermuda Básica,Bermuda,Verde,P,3,40.47,18.21,103.2,PIX,Física,,7
5065,2026-03-25,09:45,96,Bermuda Casual,Bermuda,Branca,M,1,123.65,0.0,123.65,Dinheiro,Física,329.0,9
5066,2026-04-26,11:30,92,Calça Casual,Calça,Rosa,G,1,164.58,0.0,164.58,PIX,Física,212.0,15
5067,2026-09-17,09:15,41,Jaqueta Casual,Jaqueta,Cinza,GG,1,274.27,13.71,260.56,Cartão de Crédito,Física,,9
5068,2026-06-13,20:00,16,Acessório Casual,Acessório,Verde,GG,-1,160.59,48.18,433.59,Cartão de Débito,Física,76.0,20
5069,02/08/26,10:00,139,Acessório Slim,Acessório,Branca,P,1,227.76,11.39,216.37,Cartão de Crédito,Online,134.0,13
5070,2026-05-18,11:30,93,Blusa Social,Blusa,Vermelha,GG,3,327.13,147.21,834.18,Cartão de Crédito,Física,204.0,19
5071,2026-05-03,09:15  ,102,Bermuda X,Bermuda,Azul,G,2,181.84,36.37,"327,31",Cartão de Crédito,Online,489.0,4
5072,2026-09-16,19:45,94,Acessório Casual,Acessório,Verde,M,1,202.82,10.14,192.68,pix,Online,222.0,8
5073,2026-09-09,15:00,94,Acessório Casual,Acessório,Verde,M,2,202.82,0.0,405.64,Dinheiro,Física,273.0,25
5074,2026-03-29, 19:30,85,Blusa Casual,Blusa,Vermelha,G,1,273.43,13.67,259.76,Cartão de Débito,Online,83.0,19
5075,2026-08-07,15:30,55,Vestido Premium,Vestido,Verde,P,3,95.27,28.58,"257,23",Cartão de Débito,Física,411.0,10
5076,2026-07-24,16:30,157,Blusa Social,Blusa,Rosa,GG,3,325.37,0.0,976.11,Cartão de Débito,Online,371.0,16
5077,2026-05-11,12:15,111,Acessório Esporte,Acessório,Rosa,M,2,333.04,99.91,566.17,Dinheiro,Física,570.0,11
5078,2026-06-23,09:45,41,Jaqueta Casual,Jaqueta,Cinza,GG,3,274.27,41.14,781.67,Dinheiro,Online,328.0,12
5079,2026-08-23,20:30,180,Acessório X,Acessório,Cinza,G,4,73.69,0.0,294.76,Dinheiro,Online,117.0,16
5080,2026-07-16,14:00,124,Jaqueta Slim,Jaqueta,Verde,G,2,210.25,42.05,378.45,PIX,Online,208.0,10
5081,2026-05-09,10:00,51,Jaqueta Slim,Jaqueta,Verde,M,4,118.56,71.14,403.1,Cartão de Débito,Online,395.0,11
5082,30/07/2026,19:15,42,Bermuda Casual,Bermuda,Branca,P,1,336.75,0.0,"336,75",Dinheiro,Física,340.0,18
5083,2026-08-25,10:15,169,Vestido Esporte,Vestido,Rosa,M,1,120.16,12.02,108.14,Cartão de Crédito,Online,306.0,7
5084,2026-04-01,20:45,14,Bermuda Social,Bermuda,Branca,P,3,125.8,0.0,377.4,PIX,Física,353.0,9
5085,2026-03-20,16:15,57,Jaqueta Básica,Jaqueta,Verde,GG,2,111.2,0.0,222.4,Cartão de Débito,Física,189.0,23
5086,2026-03-31,21:00,51,Jaqueta Slim,Jaqueta,Verde,M,2,118.56,11.86,"225,26",Dinheiro,Física,385.0,2
5087,2026-05-12,19:30,150,Blusa Esporte,Blusa,Vermelha,M,3,241.11,0.0,723.33,Crediário,Online,406.0,10
5088,2026-03-05, 09:00 ,65,Jaqueta Social,Jaqueta,Cinza,GG,4,77.68,46.61,264.11,Dinheiro,Online,403.0,4
5089,2026-09-04,12:30,131,Vestido Básica,Vestido,Vermelha,M,2,38.91,0.0,77.82,Cartão de Crédito,Online,578.0,5
5090,2026-07-17,10:15,17,Acessório Casual,Acessório,Rosa,P,4,277.21,0.0,1108.84,Dinheiro,Online,382.0,8
5091,2026-09-02,15:45,83,Camiseta Básica,Camiseta,Rosa,M,4,221.65,132.99,753.61,Dinheiro,Online,,21
5092,2026-05-09,21:15,68,Jaqueta Premium,Jaqueta,Vermelha,G,3,65.29,29.38,166.49,Cartão de Débito,Física,240.0,18
5093,2026-06-26,16:45,98,Vestido Social,Vestido,Branca,G,3,290.16,0.0,870.48,Cartão de Débito,Online,225.0,22
5094,16/04/26, 09:45,58,Acessório Básica,Acessório,Cinza,P,2,304.84,0.0,609.68,PIX,Física,40.0,21
5095,2026-05-09,13:00,133,Calça Social,Calça,Rosa,G,3,39.8,11.94,107.46,Cartão de Crédito,Física,511.0,11
5096,2026-07-01,13:45,67,Bermuda Básica,Bermuda,Cinza,P,4,318.87,0.0,1275.48,Cartão de Débito,Online,170.0,6
5097,2026-04-03,13:45,88,Camiseta Básica,Camiseta,Branca,GG,3,270.48,0.0,811.44,Dinheiro,Física,14.0,14
5098,2026-04-17,10:45,79,Camiseta X,Camiseta,Cinza,G,3,76.54,0.0,229.62,PIX,Física,,12
5099,2026-05-27,20:45,133,Calça Social,Calça,Rosa,G,3,39.8,17.91,101.49,PIX,Física,473.0,18
5100,2026-04-14,16:15,137,Camiseta Esporte,Camiseta,Preta,M,2,149.09,14.91,283.27,Cartão de Débito,Física,178.0,9
5101,2026-03-14,14:15,30,Blusa Básica,Blusa,Preta,M,1,249.41,0.0,249.41,Cartão de Crédito,Online,435.0,10
5102,2026-06-10,16:00,25,Blusa Social,Blusa,Rosa,M,2,285.55,57.11,513.99,PIX,Online,122.0,25
5103,2026-03-13,15:45,9,Jaqueta Social,Jaqueta,Rosa,G,3,97.54,14.63,277.99,Cartão de Débito,Online,433.0,10
5104,2026-08-28,09:45,154,Acessório Esporte,Acessório,Azul,M,4,140.03,28.01,532.11,PIX,Física,50.0,17
5105,2026-04-16, 21:45,35,Jaqueta Premium,Jaqueta,Preta,P,1,289.59,0.0,289.59,Cartão de Débito,Física,181.0,3
5106,2026-06-21,11:30,159,Acessório Slim,Acessório,Azul,G,2,201.01,60.3,341.72,Cartão de Débito,Online,469.0,20
5107,2026-03-28,16:45,177,Bermuda Básica,Bermuda,Branca,G,1,113.66,5.68,107.98,Crediário,Online,383.0,21
5108,2026-08-02,10:45,122,Bermuda Casual,Bermuda,Rosa,GG,4,286.85,0.0,1147.4,Dinheiro,Online,160.0,14
5109,2026-04-10,19:15,34,Acessório Slim,Acessório,Azul,M,3,220.29,99.13,561.74,Cartão de Débito,Física,298.0,23
5110,2026-05-01,09:15  ,57,Jaqueta Básica,Jaqueta,Verde,GG,1,111.2,0.0,111.2,PIX,Online,260.0,20
5111,2026-03-18,15:15,11,Calça Básica,Calça,Vermelha,G,1,297.24,0.0,297.24,PIX,Online,146.0,9
5112,2026-03-20,12:30,121,Vestido Casual,Vestido,Verde,G,3,101.83,30.55,274.94,PIX,Online,86.0,11
5113,2026-05-16,09:30,20,Calça X,Calça,Vermelha,P,2,211.81,42.36,381.26,Dinheiro,Física,,6
5114,2026-03-17,20:45,41,Jaqueta Casual,Jaqueta,Cinza,GG,4,274.27,0.0,1097.08,Crediário,Física,528.0,16
5115,2026-06-07,14:00,83,Camiseta Básica,Camiseta,Rosa,M,2,221.65,66.5,"376,80",Cartão de Débito,Física,72.0,8
5116,2026-06-30,18:45,111,Acessório Esporte,Acessório,Rosa,M,4,333.04,133.22,1198.94,Cartão de Crédito,Online,,10
5117,2026-09-22,17:15,162,Blusa Premium,Blusa,Branca,M,4,219.23,131.54,745.38,Dinheiro,Física,283.0,22
5118,2026-07-27,09:00,11,Calça Básica,Calça,Vermelha,G,4,297.24,0.0,1188.96,Dinheiro,Online,,17
5119,2026-05-11,15:00,69,Camiseta Social,Camiseta,Branca,M,4,96.99,19.4,368.56,Cartão de Crédito,Física,265.0,15
5120,2026-05-19,12:30,172,Camiseta Social,Camiseta,Rosa,G,1,281.43,0.0,281.43,Cartão de Débito,Física,538.0,14
5121,2026-08-21,14:30,24,Blusa X,Blusa,Cinza,GG,4,80.81,16.16,307.08,Dinheiro,Física,524.0,22
5122,2026-06-26, 21:30 ,146,Acessório Esporte,Acessório,Vermelha,P,1,103.95,0.0,103.95,Cartão de Crédito,Online,326.0,25
5123,2026-05-10,19:00,35,Jaqueta Premium,Jaqueta,Preta,P,4,289.59,0.0,1158.36,PIX,Física,140.0,18
5124,2026-09-21,14:30,46,Acessório X,Acessório,Cinza,M,4,184.96,0.0,739.84,Dinheiro,Física,472.0,5
5125,2026-04-17,21:15,39,Calça Social,Calça,Vermelha,GG,1,327.41,49.11,278.3,Cartão de Débito,Online,27.0,14
5126,2026-07-20,18:45,156,Jaqueta Básica,Jaqueta,Branca,G,1,292.56,0.0,292.56,Cartão de Crédito,Física,481.0,11
5127,2026-08-08,13:45,145,Bermuda Esporte,Bermuda,Cinza,G,4,144.91,57.96,521.68,Cartão de Débito,Física,507.0,20
5128,2026-03-02,09:15,134,Calça Slim,Calça,Rosa,P,3,297.88,0.0,893.64,Cartão de Crédito,Física,201.0,8
5129,2026-06-20,21:45,17,Acessório Casual,Acessório,Rosa,P,3,277.21,0.0,831.63,Cartão de Crédito,Online,3.0,22
5130,2026-09-14,15:30,57,Jaqueta Básica,Jaqueta,Verde,GG,4,111.2,0.0,"444,80",PIX,Física,562.0,17
5131,2026-08-12,16:30,117,Vestido Casual,Vestido,Azul,P,4,314.94,62.99,1196.77,Cartão de Crédito,Física,364.0,24
5132,2026-03-26, 10:00 ,171,Acessório X,Acessório,Verde,G,2,85.73,17.15,154.31,PIX,Online,221.0,4
5133,2026-09-13,10:15,143,Acessório Premium,Acessório,Rosa,M,1,297.19,0.0,297.19,PIX,Física,35.0,8
5134,2026-07-16,20:00,160,Calça X,Calça,Verde,P,3,137.04,41.11,370.01,Cartão de Débito,Física,229.0,17
5135,04-05-2026,13:30,161,Vestido X,Vestido,Azul,G,4,67.98,13.6,258.32,Dinheiro,Física,532.0,23
5136,2026-09-03,10:15,80,Jaqueta Casual,Jaqueta,Cinza,P,1,258.13,25.81,232.32,Cartão de Crédito,Online,78.0,18
5137,2026-03-04,16:15,125,Vestido Esporte,Vestido,Vermelha,P,4,67.79,0.0,271.16,Crediário,Online,209.0,24
5138,2026-03-07,15:45,82,Vestido Slim,Vestido,Vermelha,P,3,342.99,51.45,977.52,Cartão de Débito,Online,218.0,19
5139,2026-05-27,21:00,110,Bermuda Esporte,Bermuda,Branca,GG,3,116.53,0.0,349.59,Cartão de Débito,Online,305.0,12
5140,2026-06-23,14:30,55,Vestido Premium,Vestido,Verde,P,4,95.27,0.0,381.08,Cartão de Débito,Online,35.0,15
5141,2026-05-14,10:30,62,Camiseta Básica,Camiseta,Azul,GG,1,140.6,0.0,140.6,Dinheiro,Online,243.0,5
5142,2026-07-25,12:30,94,Acessório Casual,Acessório,Verde,M,4,202.82,81.13,730.15,Dinheiro,Física,236.0,10
5143,2026-09-05,14:45,54,Calça Esporte,Calça,Verde,P,3,77.13,0.0,231.39,Cartão de Débito,Online,336.0,19
5144,2026-03-31,11:30,118,Camiseta Esporte,Camiseta,Azul,M,3,214.08,0.0,642.24,Cartão de Crédito,Online,321.0,6
5145,2026-05-07,19:30,44,Jaqueta Esporte,Jaqueta,Azul,GG,3,198.07,59.42,"R$ 534,79",Cartão de Crédito,Online,481.0,3
5146,2026-04-10,18:00,36,Vestido Social,Vestido,Azul,P,2,348.35,69.67,627.03,Cartão de Débito,Física,439.0,19
5147,2026-06-05,12:45,169,Vestido Esporte,Vestido,Rosa,M,1,120.16,6.01,114.15,Dinheiro,Online,290.0,20
5148,2026-09-15,16:30,86,Bermuda Casual,Bermuda,Branca,P,2,211.18,0.0,422.36,Cartão de Débito,Online,170.0,10
5149,2026-03-28,15:15,12,Bermuda Esporte,Bermuda,Cinza,M,4,327.44,130.98,1178.78,Cartão de Crédito,Física,157.0,3
5150,2026-03-18,20:45,55,Vestido Premium,Vestido,Verde,P,4,95.27,0.0,381.08,Crediário,Física,363.0,16
5151,2026-09-06,16:15,114,Jaqueta Esporte,Jaqueta,Verde,P,3,60.77,9.12,173.19,Cartão de Débito,Física,325.0,16
5152,2026-06-20,11:00  ,117,Vestido Casual,Vestido,Azul,P,1,314.94,0.0,314.94,PIX,Física,25.0,14
5153,2026-08-15,17:00,82,Vestido Slim,Vestido,Vermelha,P,2,342.99,0.0,685.98,Dinheiro,Física,121.0,14
5154,2026-03-25,12:30,30,Blusa Básica,Blusa,Preta,M,3,249.41,37.41,710.82,Dinheiro,Física,336.0,8
5155,2026-06-15,13:15,169,Vestido Esporte,Vestido,Rosa,M,1,120.16,6.01,114.15,Dinheiro,Online,450.0,14
5156,2026-08-27,21:30,172,Camiseta Social,Camiseta,Rosa,G,2,281.43,28.14,534.72,Crediário,Física,207.0,2
5157,2026-03-12,10:30,1,Acessório Premium,Acessório,Verde,G,4,129.26,0.0,517.04,Cartão de Crédito,Online,167.0,18
5158,2026-08-17,12:15,111,Acessório Esporte,Acessório,Rosa,M,4,333.04,0.0,1332.16,Cartão de Débito,Física,479.0,7
5159,2026-05-20,10:30  ,68,Jaqueta Premium,Jaqueta,Vermelha,G,3,65.29,29.38,166.49,Cartão de Débito,Online,500.0,18
5160,30/06/26,15:00,68,Jaqueta Premium,Jaqueta,Vermelha,G,3,65.29,0.0,195.87,Cartão de Crédito,Física,377.0,15
5161,2026-09-13,11:15,29,Blusa Esporte,Blusa,Branca,M,1,318.44,47.77,270.67,Cartão de Crédito,Online,,9
5162,2026-09-09,21:45,76,Bermuda Premium,Bermuda,Vermelha,M,4,45.34,9.07,172.29,Cartão de Crédito,Online,159.0,11
5163,2026-04-30,21:00,164,Blusa X,Blusa,Cinza,G,4,193.36,0.0,773.44,Dinheiro,Online,14.0,9
5164,2026-05-08,19:45,71,Camiseta Esporte,Camiseta,Cinza,GG,3,252.73,0.0,758.19,Cartão de Débito,Física,304.0,8
5165,2026-04-04,14:45,144,Calça Social,Calça,Cinza,GG,4,200.29,0.0,801.16,Cartão de Débito,Online,30.0,24
5166,2026-05-19,21:30,32,Bermuda Premium,Bermuda,Azul,GG,1,298.98,44.85,254.13,Cartão de Crédito,Online,507.0,7
5167,2026-03-08,17:00,69,Camiseta Social,Camiseta,Branca,M,4,96.99,0.0,387.96,Cartão de Crédito,Online,185.0,24
5168,2026-07-22,10:30,82,Vestido Slim,Vestido,Vermelha,P,1,342.99,17.15,325.84,Cartão de Crédito,Física,435.0,8
5169,2026-04-23,13:30,177,Bermuda Básica,Bermuda,Branca,G,3,113.66,0.0,340.98,Cartão de Débito,Física,103.0,9
5170,2026-07-10,16:00,88,Camiseta Básica,Camiseta,Branca,GG,1,270.48,0.0,270.48,PIX,Física,566.0,10
5171,2026-04-06,09:15,108,Bermuda Social,Bermuda,Vermelha,P,3,179.79,80.91,458.46,Cartão de Débito,Física,447.0,11
5172,25/07/26,17:15,38,Calça X,Calça,Azul,G,2,234.51,46.9,422.12,Cartão de Crédito,Online,80.0,23
5173,2026-05-12,11:30,161,Vestido X,Vestido,Azul,G,2,67.98,20.39,115.57,Cartão de Débito,Física,432.0,1
5174,2026-05-30,14:00,24,Blusa X,Blusa,Cinza,GG,3,80.81,12.12,230.31,Dinheiro,Física,521.0,12
5175,2026-03-25,16:45,146,Acessório Esporte,Acessório,Vermelha,P,4,103.95,41.58,374.22,PIX,Física,381.0,9
5176,2026-06-14,21:30,64,Camiseta Básica,Camiseta,Rosa,M,2,108.86,10.89,206.83,Crediário,Física,517.0,14
5177,2026-06-10,11:45,52,Vestido Casual,Vestido,Rosa,GG,3,235.08,35.26,669.98,Cartão de Débito,Online,327.0,23
5178,2026-08-17,21:30,8,Blusa Social,Blusa,Preta,M,1,290.68,0.0,290.68,Cartão de Crédito,Física,447.0,24
5179,2026-03-28,10:30,81,Calça Social,Calça,Cinza,P,-2,125.82,0.0,503.28,PIX,Física,371.0,2
5180,2026-07-01,09:15,108,Bermuda Social,Bermuda,Vermelha,P,1,179.79,0.0,179.79,Cartão de Débito,Física,466.0,15
5181,2026-05-24,09:00,15,Blusa Social,Blusa,Azul,M,3,303.57,91.07,819.64,PIX,Física,331.0,16
5182,2026-07-28,16:30,40,Bermuda Esporte,Bermuda,Azul,G,4,78.7,0.0,314.8,Dinheiro,Online,439.0,14
5183,2026-08-26,15:00,109,Camiseta Básica,Camiseta,Cinza,P,3,128.12,0.0,384.36,PIX,Física,319.0,22
5184,2026-04-21,18:15,50,Blusa Esporte,Blusa,Vermelha,GG,2,189.51,0.0,379.02,PIX,Online,508.0,17
5185,2026-08-29,19:30,170,Blusa Premium,Blusa,Azul,G,1,154.9,0.0,154.9,Cartão de Crédito,Física,11.0,15
5186,2026-07-12,17:00,145,Bermuda Esporte,Bermuda,Cinza,G,1,144.91,0.0,144.91,Cartão de Débito,Física,410.0,3
5187,2026-04-10,21:45,152,Acessório Básica,Acessório,Verde,GG,1,238.11,428.0748315917626,226.2,Cartão de Crédito,Física,194.0,4
5188,31/07/26,15:15,98,Vestido Social,Vestido,Branca,G,3,290.16,0.0,870.48,PIX,Física,298.0,16
5189,2026-09-25,12:30,85,Blusa Casual,Blusa,Vermelha,G,4,273.43,164.06,929.66,Cartão de Débito,Online,240.0,12
5190,2026-07-02,15:30,20,Calça X,Calça,Vermelha,P,4,211.81,0.0,847.24,PIX,Física,327.0,3
5191,2026-05-26,11:45,89,Acessório Slim,Acessório,Preta,P,3,283.36,0.0,850.08,Cartão de Crédito,Online,490.0,12
5192,2026-05-25,11:15,171,Acessório X,Acessório,Verde,G,2,85.73,17.15,154.31,Cartão de Débito,Online,238.0,25
5193,26-05-2026,20:30,17,Acessório Casual,Acessório,Rosa,P,1,277.21,41.58,235.63,Cartão de Crédito,Física,443.0,5
5194,2026-05-23,14:15,155,Bermuda X,Bermuda,Preta,M,4,134.96,0.0,539.84,Crediário,Online,326.0,10
5195,26/06/26,21:45,161,Vestido X,Vestido,Azul,G,2,67.98,0.0,135.96,Cartão de Crédito,Física,147.0,18
5196,2026-09-05,11:15,46,Acessório X,Acessório,Cinza,M,1,184.96,0.0,184.96,PIX,Física,,22
5197,2026-03-23,10:15,41,Jaqueta Casual,Jaqueta,Cinza,GG,4,274.27,164.56,"R$ 932,52",Cartão de Débito,Física,449.0,23
5198,2026-08-27,17:30,163,Jaqueta Básica,Jaqueta,Branca,M,4,212.45,0.0,"R$ 849,80",Cartão de Crédito,Online,76.0,21
5199,2026-03-24,14:30,30,Blusa Básica,Blusa,Preta,M,4,249.41,0.0,997.64,PIX,Online,161.0,15
5200,2026-08-17,18:45,84,Jaqueta Básica,Jaqueta,Verde,P,2,313.9,62.78,565.02,Cartão de Crédito,Física,542.0,15
5201,2026-04-14,19:30,71,Camiseta Esporte,Camiseta,Cinza,GG,2,252.73,25.27,480.19,PIX,Online,447.0,23
5202,2026-05-16,09:30,32,Bermuda Premium,Bermuda,Azul,GG,4,298.98,0.0,1195.92,Cartão de Débito,Física,108.0,24
5203,2026-05-18,21:15,24,Blusa X,Blusa,Cinza,GG,1,80.81,8.08,72.73,Cartão de Débito,Online,336.0,9
5204,2026-07-08,12:00,125,Vestido Esporte,Vestido,Vermelha,P,2,67.79,0.0,135.58,PIX,Online,299.0,18
5205,2026-07-08,15:30,129,Vestido X,Vestido,Branca,GG,3,295.38,0.0,886.14,Crediário,Física,212.0,7
5206,2026-03-30,10:15,139,Acessório Slim,Acessório,Branca,P,2,227.76,45.55,409.97,Cartão de Crédito,Física,349.0,16
5207,2026-08-28,20:45,138,Acessório Social,Acessório,Rosa,G,4,125.4,0.0,501.6,Cartão de Crédito,Online,89219.0,20
5208,2026-07-16,16:00,52,Vestido Casual,Vestido,Rosa,GG,1,235.08,35.26,199.82,Cartão de Crédito,Física,491.0,25
5209,2026-07-28,19:45,133,Calça Social,Calça,Rosa,G,-2,39.8,11.94,67.66,Cartão de Débito,Física,592.0,11
5210,2026-05-15,13:00,140,Acessório Premium,Acessório,Rosa,G,2,155.17,0.0,310.34,Cartão de Débito,Física,346.0,22
5211,2026-05-12,13:30,100,Vestido Casual,Vestido,Preta,M,2,76.04,7.6,144.48,cartao credito,Online,594.0,23
5212,2026-08-21,12:15,101,Vestido Social,Vestido,Vermelha,GG,1,158.47,0.0,158.47,Crediário,Online,413.0,17
5213,2026-09-18,17:45,127,Vestido Social,Vestido,Rosa,G,2,72.5,14.5,130.5,Cartão de Débito,Online,72.0,14
5214,2026-07-08,12:00,178,Calça Básica,Calça,Azul,GG,2,144.41,0.0,288.82,Crediário,Online,252.0,2
5215,2026-08-29,16:30,11,Calça Básica,Calça,Vermelha,G,1,297.24,14.86,282.38,Cartão de Crédito,Online,299.0,22
5216,2026-06-23, 13:30,138,Acessório Social,Acessório,Rosa,G,1,125.4,0.0,125.4,Cartão de Crédito,Online,492.0,1
5217,2026-03-24,09:00,137,Camiseta Esporte,Camiseta,Preta,M,1,149.09,0.0,149.09,Cartão de Débito,Online,578.0,5
5218,2026-07-31,15:45,111,Acessório Esporte,Acessório,Rosa,M,2,333.04,0.0,666.08,Crediário,Física,157.0,11
5219,10/08/2026,09:00,168,Vestido Casual,Vestido,Azul,M,1,255.66,0.0,255.66,PIX,Online,558.0,23
5220,2026-03-07,09:30,173,Jaqueta Casual,Jaqueta,Cinza,GG,4,328.02,0.0,1312.08,PIX,Física,319.0,7
5221,2026-03-26,19:15,116,Blusa Casual,Blusa,Azul,G,3,332.71,149.72,848.41,Crediário,Online,89.0,12
5222,2026-08-14,16:45,4,Jaqueta Básica,Jaqueta,Vermelha,M,2,148.57,44.57,252.57,Dinheiro,Física,48.0,5
5223,2026-08-08,20:15,125,Vestido Esporte,Vestido,Vermelha,P,4,67.79,0.0,271.16,Cartão de Débito,Online,418.0,10
5224,2026-06-27,15:15,164,Blusa X,Blusa,Cinza,G,3,193.36,29.0,551.08,Cartão de Crédito,Online,392.0,5
5225,2026-07-18,20:00,121,Vestido Casual,Vestido,Verde,G,2,101.83,30.55,173.11,PIX,Física,454.0,3
5226,2026-05-27,15:30  ,129,Vestido X,Vestido,Branca,GG,4,295.38,59.08,1122.44,PIX,Física,327.0,7
5227,2026-04-14,10:45,141,Acessório Slim,Acessório,Rosa,G,1,250.39,0.0,250.39,Dinheiro,Online,339.0,1
5228,2026-04-03,19:45,24,Blusa X,Blusa,Cinza,GG,3,80.81,0.0,242.43,Cartão de Débito,Online,178.0,16
5229,2026-06-11,20:00,159,Acessório Slim,Acessório,Azul,G,1,201.01,10.05,190.96,Dinheiro,Online,,21
5230,2026-04-30,10:30,77,Vestido X,Vestido,Rosa,G,4,195.59,0.0,782.36,Cartão de Crédito,Online,32.0,15
5231,2026-03-24,21:00,99,Vestido Social,Vestido,Rosa,P,1,135.91,13.59,122.32,Cartão de Crédito,Física,135.0,22
5232,2026-03-04,13:30,147,Bermuda Básica,Bermuda,Branca,P,2,44.8,4.48,85.12,Cartão de Crédito,Física,53.0,8
5233,2026-09-05,13:30,136,Blusa Social,Blusa,Azul,P,4,114.45,45.78,412.02,Cartão de Crédito,Física,530.0,12
5234,2026-05-31,14:00,59,Acessório X,Acessório,Azul,G,2,137.62,0.0,275.24,PIX,Online,250.0,4
5235,2026-04-23,14:15,51,Jaqueta Slim,Jaqueta,Verde,M,1,118.56,0.0,118.56,Crediário,Online,148.0,4
5236,2026-07-21,10:00,74,Acessório Social,Acessório,Preta,GG,1,90.99,13.65,77.34,Dinheiro,Física,,17
5237,2026-06-30,11:30,47,Vestido Premium,Vestido,Cinza,G,1,115.65,11.57,104.08,Cartão de Crédito,Online,39.0,18
5238,2026-05-11,17:45,24,Blusa X,Blusa,Cinza,GG,4,80.81,0.0,323.24,Crediário,Física,203.0,14
5239,2026-09-07,15:45,128,Bermuda Básica,Bermuda,Preta,GG,1,193.28,9.66,183.62,PIX,Física,297.0,9
5240,2026-03-29,20:45,175,Calça Social,Calça,Rosa,P,2,90.45,18.09,162.81,Cartão de Débito,Online,235.0,22
5241,2026-07-12,10:45,54,Calça Esporte,Calça,Verde,P,1,77.13,3.86,73.27,Cartão de Débito,Online,90.0,7
5242,2026-06-12,14:45,55,Vestido Premium,Vestido,Verde,P,1,95.27,0.0,95.27,Cartão de Crédito,Online,252.0,21
5243,2026-04-03,19:00,111,Acessório Esporte,Acessório,Rosa,M,1,333.04,0.0,333.04,Cartão de Débito,Online,192.0,23
5244,2026-08-25,09:15,81,Calça Social,Calça,Cinza,P,1,125.82,0.0,125.82,Cartão de Débito,Física,514.0,6
5245,2026-07-06,10:30,72,Blusa Premium,Blusa,Verde,GG,3,252.12,0.0,756.36,PIX,Online,57.0,20
5246,2026-08-16,18:45,8,Blusa Social,Blusa,Preta,M,3,290.68,43.6,828.44,Cartão de Débito,Física,291.0,3
5247,2026-04-10,20:15,44,Jaqueta Esporte,Jaqueta,Azul,GG,3,198.07,0.0,594.21,PIX,Online,328.0,1
5248,2026-08-26,20:45,102,Bermuda X,Bermuda,Azul,G,1,181.84,0.0,181.84,PIX,Física,371.0,25
5249,2026-08-30,21:30,125,Vestido Esporte,Vestido,Vermelha,P,3,67.79,0.0,203.37,Cartão de Débito,Online,552.0,23
5250,2026-05-18,16:30,18,Vestido Premium,Vestido,Vermelha,P,1,221.89,0.0,221.89,PIX,Física,98.0,11
5251,2026-05-09,15:15,136,Blusa Social,Blusa,Azul,P,1,114.45,11.44,103.01,Cartão de Débito,Física,181.0,8
5252,2026-05-26,18:30,137,Camiseta Esporte,Camiseta,Preta,M,4,149.09,59.64,536.72,PIX,Online,422.0,18
5253,2026-08-17,10:45,48,Camiseta Esporte,Camiseta,Preta,G,2,170.37,17.04,323.7,Cartão de Débito,Física,244.0,25
5254,2026-05-16,12:30,130,Blusa Esporte,Blusa,Verde,GG,3,154.8,46.44,417.96,Cartão de Débito,Física,317.0,19
5255,2026-08-26,18:15,172,Camiseta Social,Camiseta,Rosa,G,3,281.43,0.0,844.29,PIX,Online,283.0,5
5256,2026-08-24,12:15,113,Blusa Social,Blusa,Rosa,P,1,270.36,13.52,256.84,Cartão de Crédito,Física,225.0,23
5257,2026-04-19,10:30,53,Camiseta Básica,Camiseta,Branca,P,3,204.54,0.0,613.62,PIX,Online,316.0,14
5258,2026-05-13,16:15,1,Acessório Premium,Acessório,Verde,G,4,129.26,0.0,517.04,Cartão de Crédito,Física,67.0,5
5259,2026-09-13,10:30,64,Camiseta Básica,Camiseta,Rosa,M,3,108.86,48.99,277.59,PIX,Física,60.0,10
5260,2026-07-26,09:45,145,Bermuda Esporte,Bermuda,Cinza,G,1,144.91,0.0,144.91,Cartão de Crédito,Online,492.0,15
5261,2026-09-09,21:45,165,Blusa Casual,Blusa,Rosa,GG,3,156.99,70.65,400.32,Dinheiro,Física,581.0,14
5262,2026-03-14,11:15,145,Bermuda Esporte,Bermuda,Cinza,G,2,144.91,28.98,260.84,Dinheiro,Online,585.0,7
5263,2026-08-31,11:45,35,Jaqueta Premium,Jaqueta,Preta,P,3,289.59,0.0,868.77,Cartão de Crédito,Física,9.0,15
5264,2026-03-25,11:30,123,Blusa Esporte,Blusa,Rosa,P,4,261.56,52.31,993.93,Cartão de Débito,Online,575.0,20
5265,2026-04-30,18:00,141,Acessório Slim,Acessório,Rosa,G,4,250.39,0.0,1001.56,Cartão de Crédito,Física,148.0,3
5266,2026-03-10,21:45,95,Bermuda Básica,Bermuda,Verde,P,1,40.47,0.0,40.47,Cartão de Crédito,Física,518.0,16
5267,2026-07-12,09:30,131,Vestido Básica,Vestido,Vermelha,M,4,38.91,23.35,132.29,Cartão de Débito,Física,562.0,9
5268,2026-06-18,10:45,55,Vestido Premium,Vestido,Verde,P,4,95.27,57.16,323.92,PIX,Física,192.0,4
5269,2026-08-23,14:30,45439,Blusa Casual,Blusa,Rosa,GG,1,156.99,23.55,133.44,Cartão de Débito,Online,288.0,2
5270,2026-09-17,21:00,29,Blusa Esporte,Blusa,Branca,M,2,318.44,95.53,541.35,Cartão de Crédito,Física,528.0,22
5271,2026-03-29,12:45,125,Vestido Esporte,Vestido,Vermelha,P,4,67.79,0.0,271.16,Cartão de Débito,Online,547.0,11
5272,2026-07-10,17:30,96,Bermuda Casual,Bermuda,Branca,M,2,123.65,0.0,247.3,Crediário,Física,30.0,19
5273,2026-08-06,20:30,104,Vestido Slim,Vestido,Verde,P,3,221.73,33.26,631.93,Dinheiro,Online,451.0,2
5274,2026-09-10,11:15,100,Vestido Casual,Vestido,Preta,M,3,76.04,0.0,"R$ 228,12",Dinheiro,Física,325.0,23
5275,2026-09-02,11:00,141,Acessório Slim,Acessório,Rosa,G,2,250.39,0.0,500.78,Cartão de Crédito,Física,3.0,23
5276,2026-04-05,11:45,124,Jaqueta Slim,Jaqueta,Verde,G,2,210.25,0.0,420.5,Cartão de Crédito,Física,,2
5277,2026-08-27,16:15,81,Calça Social,Calça,Cinza,P,4,125.82,50.33,452.95,Cartão de Crédito,Física,89.0,21
5278,2026-07-17,15:15,78,Blusa Casual,Blusa,Cinza,M,1,332.45,16.62,315.83,Cartão de Crédito,Online,259.0,6
5279,2026-08-24,15:45,110,Bermuda Esporte,Bermuda,Branca,GG,4,116.53,23.31,442.81,Dinheiro,Online,59.0,1
5280,2026-08-06,12:45,127,Vestido Social,Vestido,Rosa,G,1,72.5,0.0,72.5,Cartão de Débito,Física,400.0,2
5281,2026-08-17,16:00,152,Acessório Básica,Acessório,Verde,GG,1,238.11,0.0,238.11,Cartão de Débito,Online,41.0,11
5282,2026-08-29,13:30,25,Blusa Social,Blusa,Rosa,M,1,285.55,28.56,256.99,Cartão de Crédito,Física,298.0,8
5283,2026-07-13,13:30,73,Vestido Social,Vestido,Preta,P,3,83.59,12.54,238.23,Cartão de Crédito,Física,,8
5284,04/09/26,14:30,25,Blusa Social,Blusa,Rosa,M,1,285.55,28.56,256.99,PIX,Física,232.0,15
5285,2026-05-11,21:45,171,Acessório X,Acessório,Verde,G,2,85.73,25.72,145.74,Cartão de Crédito,Online,,25
5286,2026-08-28,20:30,73,Vestido Social,Vestido,Preta,P,2,83.59,0.0,167.18,Cartão de Débito,Física,203.0,3
5287,2026-06-29,17:00,155,Bermuda X,Bermuda,Preta,M,4,134.96,0.0,539.84,PIX,Física,491.0,11
5288,2026-07-30,14:15,95,Bermuda Básica,Bermuda,Verde,P,3,40.47,12.14,109.27,PIX,Física,324.0,13
5289,2026-03-18,11:45,14,Bermuda Social,Bermuda,Branca,P,2,125.8,25.16,226.44,PIX,Online,130.0,8
5290,2026-04-09,12:00,58,Acessório Básica,Acessório,Cinza,P,1,304.84,0.0,304.84,Dinheiro,Online,22.0,21
5291,2026-03-17,21:00,116,Blusa Casual,Blusa,Azul,G,2,332.71,66.54,598.88,Cartão de Débito,Online,425.0,19
5292,2026-07-30,19:45,101,Vestido Social,Vestido,Vermelha,GG,4,158.47,0.0,633.88,PIX,Online,344.0,11
5293,17-05-2026,19:15,81,Calça Social,Calça,Cinza,P,3,125.82,0.0,377.46,Crediário,Física,208.0,18
5294,2026-03-30,09:00,153,Vestido Básica,Vestido,Preta,G,2,129.37,440.6975509848531,232.87,PIX,Física,507.0,2
5295,2026-03-03,09:30,35,Jaqueta Premium,Jaqueta,Preta,P,4,289.59,173.75,"984,61",Cartão de Crédito,Física,196.0,10
5296,28-03-2026,16:30,161,Vestido X,Vestido,Azul,G,2,67.98,20.39,"R$ 115,57",Cartão de Crédito,Física,468.0,22
5297,2026-06-05,18:00,33,Blusa X,Blusa,Vermelha,P,2,230.83,23.08,438.58,Dinheiro,Física,111.0,13
5298,2026-08-08,15:30,152,Acessório Básica,Acessório,Verde,GG,3,238.11,0.0,714.33,Cartão de Crédito,Física,5.0,14
5299,2026-03-28,15:00,40,Bermuda Esporte,Bermuda,Azul,G,3,78.7,11.81,224.29,PIX,Online,336.0,2
5300,2026-07-24,18:30,95213,Acessório Slim,Acessório,Preta,P,1,283.36,0.0,283.36,Cartão de Débito,Física,58.0,7
5301,2026-09-07,16:00,180,Acessório X,Acessório,Cinza,G,1,73.69,0.0,73.69,Crediário,Online,429.0,25
5302,2026-06-20,09:00,143,Acessório Premium,Acessório,Rosa,M,1,297.19,0.0,297.19,Cartão de Crédito,Online,52.0,10
5303,2026-03-26,13:30,155,Bermuda X,Bermuda,Preta,M,2,134.96,0.0,269.92,Crediário,Online,332.0,25
5304,2026-06-29,12:45,34,Acessório Slim,Acessório,Azul,M,4,220.29,0.0,881.16,Cartão de Crédito,Online,491.0,22
5305,2026-06-23,16:00,60,Acessório Esporte,Acessório,Azul,G,2,112.08,0.0,224.16,Cartão de Crédito,Online,439.0,20
5306,2026-08-12,15:30,99,Vestido Social,Vestido,Rosa,P,1,135.91,6.8,129.11,Cartão de Débito,Online,435.0,25
5307,2026-08-30,12:15,69,Camiseta Social,Camiseta,Branca,M,2,96.99,0.0,193.98,Cartão de Crédito,Física,328.0,23
5308,07/06/26,15:15,42,Bermuda Casual,Bermuda,Branca,P,2,336.75,101.02,572.48,Dinheiro,Online,176.0,7
5309,2026-09-08,16:00,170,Blusa Premium,Blusa,Azul,G,3,154.9,0.0,464.7,Cartão de Crédito,Online,502.0,25
5310,2026-08-06,14:45,153,Vestido Básica,Vestido,Preta,G,1,129.37,0.0,129.37,Cartão de Crédito,Física,541.0,23
5311,2026-04-02,09:00,154,Acessório Esporte,Acessório,Azul,M,4,140.03,56.01,504.11,PIX,Física,403.0,1
5312,2026-04-06, 16:15 ,102,Bermuda X,Bermuda,Azul,G,1,181.84,0.0,181.84,Cartão de Crédito,Física,584.0,3
5313,2026-03-19,09:15,147,Bermuda Básica,Bermuda,Branca,P,1,44.8,4.48,40.32,Cartão de Crédito,Online,21.0,24
5314,2026-05-13,10:30,159,Acessório Slim,Acessório,Azul,G,4,201.01,40.2,763.84,PIX,Física,381.0,20
5315,2026-05-17,15:00,68,Jaqueta Premium,Jaqueta,Vermelha,G,2,65.29,0.0,130.58,Cartão de Crédito,Online,511.0,20
5316,2026-05-09,19:00,38,Calça X,Calça,Azul,G,2,234.51,46.9,422.12,cartão de crédito,Online,32.0,10
5317,2026-08-21,19:00,24,Blusa X,Blusa,Cinza,GG,3,80.81,0.0,242.43,Cartão de Crédito,Online,1.0,10
5318,2026-06-14,16:00,27,Vestido Premium,Vestido,Cinza,G,1,137.14,0.0,137.14,PIX,Online,402.0,18
5319,2026-06-07,16:30,144,Calça Social,Calça,Cinza,GG,1,200.29,0.0,200.29,PIX,Física,19.0,14
5320,2026-03-29,12:30,43,Vestido Básica,Vestido,Rosa,G,4,212.4,0.0,849.6,Cartão de Débito,Online,355.0,1
5321,2026-09-14,11:15,135,Camiseta Slim,Camiseta,Preta,GG,1,333.31,16.67,"R$ 316,64",PIX,Online,492.0,9
5322,2026-03-27,10:30,128,Bermuda Básica,Bermuda,Preta,GG,2,193.28,57.98,328.58,Crediário,Física,230.0,1
5323,2026-07-06,20:30,176,Camiseta Premium,Camiseta,Vermelha,GG,2,225.97,45.19,406.75,Cartão de Crédito,Online,550.0,25
5324,2026-05-18,14:45,168,Vestido Casual,Vestido,Azul,M,3,255.66,115.05,651.93,cartão de débito,Online,319.0,19
5325,2026-08-22,12:00,98,Vestido Social,Vestido,Branca,G,2,290.16,0.0,580.32,cartao credito,Física,91.0,4
5326,2026-08-14,13:00,160,Calça X,Calça,Verde,P,1,137.04,0.0,"R$ 137,04",PIX,Física,428.0,23
5327,09/08/2026,13:30,11,Calça Básica,Calça,Vermelha,G,4,297.24,178.34,1010.62,Crediário,Física,414.0,13
5328,2026-07-12,17:15,162,Blusa Premium,Blusa,Branca,M,2,219.23,21.92,416.54,Cartão de Débito,Física,574.0,18
5329,2026-07-09,21:45,97,Camiseta Slim,Camiseta,Azul,M,3,174.51,0.0,523.53,Cartão de Débito,Física,176.0,5
5330,2026-04-11,12:00,104,Vestido Slim,Vestido,Verde,P,3,221.73,66.52,598.67,Dinheiro,Física,216.0,13
5331,2026-05-27,15:00,158,Blusa Social,Blusa,Rosa,M,4,185.68,0.0,742.72,Cartão de Débito,Física,486.0,17
5332,2026-06-18,15:15,19,Blusa Casual,Blusa,Preta,M,3,212.08,31.81,604.43,Cartão de Débito,Física,89.0,14
5333,2026-06-18,15:45,142,Acessório Básica,Acessório,Cinza,G,1,333.62,16.68,316.94,Cartão de Crédito,Online,360.0,18
5334,2026-09-06,09:00,111,Acessório Esporte,Acessório,Rosa,M,4,333.04,0.0,1332.16,CREDIÁRIO,Física,89.0,14
5335,2026-07-19,15:15,102,Bermuda X,Bermuda,Azul,G,4,181.84,0.0,727.36,Cartão de Crédito,Online,148.0,1
5336,2026-06-16,17:15,156,Jaqueta Básica,Jaqueta,Branca,G,1,292.56,0.0,292.56,Cartão de Crédito,Online,64.0,2
5337,2026-08-12,11:00,109,Camiseta Básica,Camiseta,Cinza,P,2,128.12,0.0,256.24,PIX,Online,299.0,20
5338,2026-08-21,15:00,11,Calça Básica,Calça,Vermelha,G,4,297.24,0.0,1188.96,PIX,Física,144.0,17
5339,2026-07-04,12:00,92,Calça Casual,Calça,Rosa,G,2,164.58,49.37,279.79,Dinheiro,Online,350.0,2
5340,2026-05-22,21:30,66087,Acessório Slim,Acessório,Rosa,G,1,250.39,0.0,250.39,Dinheiro,Física,207.0,22
5341,2026-05-28,19:00,19,Blusa Casual,Blusa,Preta,M,1,212.08,10.6,201.48,PIX,Online,127.0,24
5342,03/05/2026,15:00,53,Camiseta Básica,Camiseta,Branca,P,4,204.54,0.0,818.16,Dinheiro,Física,11.0,25
5343,2026-07-31,19:30,33,Blusa X,Blusa,Vermelha,P,1,230.83,34.62,196.21,PIX,Online,466.0,4
5344,2026-07-27,10:30,59,Acessório X,Acessório,Azul,G,3,137.62,41.29,"R$ 371,57",Dinheiro,Online,340.0,8
5345,2026-09-22,18:00,24,Blusa X,Blusa,Cinza,GG,4,80.81,0.0,323.24,Cartão de Débito,Física,100434.0,25
5346,2026-05-11,15:45,86,Bermuda Casual,Bermuda,Branca,P,4,211.18,126.71,718.01,Pix,Física,87.0,6
5347,2026-03-21,17:15,26,Bermuda Slim,Bermuda,Branca,P,3,207.97,0.0,623.91,Cartão de Débito,Física,528.0,10
5348,2026-06-01,15:45,144,Calça Social,Calça,Cinza,GG,4,200.29,0.0,801.16,Pix,Física,361.0,1
5349,2026-03-01,13:15,44,Jaqueta Esporte,Jaqueta,Azul,GG,3,198.07,0.0,594.21,Crediário,Online,579.0,10
5350,2026-05-07,13:15,125,Vestido Esporte,Vestido,Vermelha,P,1,67.79,0.0,67.79,Cartão de Crédito,Online,233.0,8
5351,2026-08-29,14:45,97,Camiseta Slim,Camiseta,Azul,M,3,174.51,0.0,523.53,Cartão de Débito,Física,214.0,8
5352,2026-06-07,18:00,58,Acessório Básica,Acessório,Cinza,P,4,304.84,60.97,1158.39,PIX,Física,277.0,2
5353,2026-07-13,18:45,94,Acessório Casual,Acessório,Verde,M,2,202.82,0.0,405.64,Dinheiro,Online,426.0,14
5354,2026-07-23,19:30,167,Acessório Casual,Acessório,Preta,P,4,326.38,195.83,1109.69,Crediário,Online,5.0,19
5355,2026-07-31,12:30,30,Blusa Básica,Blusa,Preta,M,2,249.41,0.0,498.82,Cartão de Débito,Física,41.0,10
5356,2026-03-06,09:00,25481,Blusa Esporte,Blusa,Vermelha,M,4,241.11,0.0,"R$ 964,44",Dinheiro,Online,255.0,20
5357,2026-06-14,17:15,39,Calça Social,Calça,Vermelha,GG,2,327.41,65.48,589.34,Cartão de Débito,Online,40308.0,18
5358,2026-07-06,15:15,27,Vestido Premium,Vestido,Cinza,G,2,137.14,27.43,246.85,Cartão de Crédito,Online,61.0,24
5359,2026-06-14,14:30,64,Camiseta Básica,Camiseta,Rosa,M,3,108.86,16.33,310.25,Crediário,Online,433.0,10
5360,16-03-2026,13:00,102,Bermuda X,Bermuda,Azul,G,2,181.84,0.0,363.68,Dinheiro,Online,58.0,21
5361,2026-06-18,12:15,157,Blusa Social,Blusa,Rosa,GG,1,325.37,32.54,292.83,PIX,Online,192.0,16
5362,2026-03-23,09:45,66,Bermuda X,Bermuda,Branca,G,1,98.66,9.87,88.79,PIX,Física,374.0,9
5363,2026-05-02,20:45,147,Bermuda Básica,Bermuda,Branca,P,3,44.8,6.72,127.68,Cartão de Crédito,Online,292.0,6
5364,2026-08-26,12:30,99,Vestido Social,Vestido,Rosa,P,1,135.91,0.0,135.91,Dinheiro,Online,259.0,15
5365,2026-05-15,17:30,124,Jaqueta Slim,Jaqueta,Verde,G,1,210.25,21.02,189.23,PIX,Online,154.0,24
5366,2026-09-10,10:45,138,Acessório Social,Acessório,Rosa,G,1,125.4,0.0,125.4,Cartão de Débito,Online,330.0,22
5367,2026-03-24,11:15,24,Blusa X,Blusa,Cinza,GG,3,80.81,0.0,242.43,PIX,Online,240.0,22
5368,2026-08-08,20:15,5,Jaqueta Slim,Jaqueta,Branca,GG,3,87.47,0.0,262.41,Cartão de Crédito,Física,559.0,8
5369,2026-05-14,19:45,1,Acessório Premium,Acessório,Verde,G,3,129.26,0.0,387.78,Pix,Online,,20
5370,2026-06-06,13:45,21,Jaqueta Casual,Jaqueta,Cinza,G,1,186.68,9.33,177.35,Crediário,Online,155.0,20
5371,2026-06-13,09:30,165,Blusa Casual,Blusa,Rosa,GG,2,156.99,0.0,313.98,Cartão de Débito,Online,393.0,8
5372,15-03-2026,17:00,36,Vestido Social,Vestido,Azul,P,4,348.35,139.34,1254.06,Cartão de Crédito,Física,297.0,9
5373,2026-07-31,15:45,64,Camiseta Básica,Camiseta,Rosa,M,4,108.86,65.32,370.12,PIX,Física,295.0,21
5374,2026-05-16,12:45,7,Jaqueta Esporte,Jaqueta,Preta,P,2,33.34,10.0,56.68,Dinheiro,Física,282.0,3
5375,2026-03-06,10:45,55,Vestido Premium,Vestido,Verde,P,1,95.27,4.76,90.51,Cartão de Débito,Física,284.0,21
5376,2026-05-14,11:45,50,Blusa Esporte,Blusa,Vermelha,GG,2,189.51,37.9,341.12,PIX,Online,415.0,7
5377,2026-04-14,17:15,79,Camiseta X,Camiseta,Cinza,G,2,76.54,0.0,153.08,Cartão de Crédito,Online,171.0,19
5378,2026-04-09,19:45,31,Vestido Slim,Vestido,Azul,P,4,35.57,21.34,120.94,Cartão de Débito,Física,205.0,15
5379,2026-07-21,11:45,133,Calça Social,Calça,Rosa,G,3,39.8,0.0,119.4,Cartão de Débito,Física,202.0,10
5380,2026-09-11,15:15,7,Jaqueta Esporte,Jaqueta,Preta,P,1,33.34,0.0,33.34,Cartão de Débito,Física,137.0,3
5381,2026-07-29,09:15,109,Camiseta Básica,Camiseta,Cinza,P,3,128.12,19.22,365.14,PIX,Física,444.0,4
5382,2026-03-15,16:15,52,Vestido Casual,Vestido,Rosa,GG,1,235.08,0.0,235.08,Dinheiro,Física,,6
5383,2026-05-28,10:15,61,Acessório Básica,Acessório,Rosa,M,2,281.06,0.0,562.12,Crediário,Online,81.0,8
5384,2026-08-06,10:00,48,Camiseta Esporte,Camiseta,Preta,G,3,170.37,76.67,434.44,PIX,Online,577.0,11
5385,2026-03-16,11:15,50,Blusa Esporte,Blusa,Vermelha,GG,2,189.51,0.0,379.02,Cartão de Débito,Física,338.0,25
5386,2026-07-21,19:15,85,Blusa Casual,Blusa,Vermelha,G,1,273.43,27.34,246.09,Dinheiro,Online,485.0,23
5387,2026-08-26,13:00,31,Vestido Slim,Vestido,Azul,P,1,35.57,0.0,35.57,Cartão de Débito,Online,44.0,16
5388,2026-08-31,16:45,108,Bermuda Social,Bermuda,Vermelha,P,3,179.79,0.0,"539,37",PIX,Física,22.0,21
5389,2026-09-07,13:45,56,Bermuda Casual,Bermuda,Verde,P,2,269.73,26.97,512.49,Dinheiro,Online,402.0,8
5390,2026-03-01,15:15,115,Jaqueta Social,Jaqueta,Preta,GG,1,278.18,27.82,250.36,PIX,Online,397.0,13
5391,2026-04-14,19:15  ,26,Bermuda Slim,Bermuda,Branca,P,3,207.97,0.0,623.91,Crediário,Online,186.0,14
5392,2026-06-12,15:30,130,Blusa Esporte,Blusa,Verde,GG,2,154.8,0.0,309.6,Cartão de Crédito,Física,249.0,3
5393,2026-09-10,18:45,53,Camiseta Básica,Camiseta,Branca,P,3,204.54,0.0,613.62,Cartão de Crédito,Online,173.0,4
5394,2026-04-25,11:15,41,Jaqueta Casual,Jaqueta,Cinza,GG,3,274.27,82.28,740.53,Crediário,Online,558.0,10
5395,2026-05-04,10:15,173,Jaqueta Casual,Jaqueta,Cinza,GG,4,328.02,0.0,1312.08,PIX,Online,97737.0,23
5396,2026-07-21,21:00,172,Camiseta Social,Camiseta,Rosa,G,2,281.43,0.0,562.86,Cartão de Débito,Física,80.0,20
5397,2026-06-29,19:30,18,Vestido Premium,Vestido,Vermelha,P,1,221.89,11.09,210.8,Dinheiro,Online,,16
5398,2026-08-25,14:00,160,Calça X,Calça,Verde,P,4,137.04,0.0,548.16,PIX,Física,274.0,16
5399,2026-04-23,17:45,23,Blusa X,Blusa,Preta,P,2,219.84,0.0,439.68,PIX,Online,483.0,20
5400,29/03/26,11:15,62,Camiseta Básica,Camiseta,Azul,GG,3,140.6,0.0,421.8,Cartão de Crédito,Física,555.0,9
5401,2026-04-17,21:30,86,Bermuda Casual,Bermuda,Branca,P,3,211.18,0.0,"633,54",Cartão de Débito,Online,311.0,20
5402,2026-08-23,15:15,43,Vestido Básica,Vestido,Rosa,G,2,212.4,42.48,382.32,PIX,Física,219.0,17
5403,2026-08-08,11:15,18,Vestido Premium,Vestido,Vermelha,P,2,221.89,66.57,377.21,Cartão de Débito,Online,413.0,5
5404,2026-08-25,14:45,152,Acessório Básica,Acessório,Verde,GG,4,238.11,0.0,952.44,Cartão de Débito,Online,105.0,22
5405,2026-03-08,18:30,150,Blusa Esporte,Blusa,Vermelha,M,3,241.11,0.0,723.33,PIX,Física,461.0,25
5406,2026-04-26,17:00,172,Camiseta Social,Camiseta,Rosa,G,2,281.43,84.43,478.43,PIX,Online,526.0,18
5407,2026-09-13,21:15,180,Acessório X,Acessório,Cinza,G,4,73.69,0.0,294.76,Cartão de Débito,Física,532.0,13
5408,02-03-2026,11:00,61,Acessório Básica,Acessório,Rosa,M,1,281.06,42.16,238.9,Crediário,Física,171.0,11
5409,2026-07-17,15:30,34,Acessório Slim,Acessório,Azul,M,1,220.29,22.03,198.26,PIX,Online,60.0,10
5410,2026-04-09,17:00,144,Calça Social,Calça,Cinza,GG,2,200.29,40.06,360.52,Cartão de Crédito,Online,165.0,15
5411,2026-06-27,21:45,153,Vestido Básica,Vestido,Preta,G,3,129.37,0.0,388.11,Dinheiro,Física,438.0,23
5412,2026-03-19,09:00,120,Vestido Premium,Vestido,Rosa,GG,-2,304.25,0.0,608.5,PIX,Física,87355.0,18
5413,2026-09-11,13:15,5,Jaqueta Slim,Jaqueta,Branca,GG,1,87.47,0.0,87.47,Cartão de Crédito,Física,,23
5414,2026-04-26,15:45,107,Blusa Slim,Blusa,Preta,M,2,264.43,26.44,502.42,Crediário,Online,79.0,21
5415,2026-06-22,09:45,68,Jaqueta Premium,Jaqueta,Vermelha,G,3,65.29,0.0,195.87,Crediário,Física,18.0,14
5416,2026-03-18,16:00,74,Acessório Social,Acessório,Preta,GG,3,90.99,0.0,272.97,Cartão de Débito,Online,118.0,19
5417,2026-05-11,14:30,128,Bermuda Básica,Bermuda,Preta,GG,4,193.28,38.66,734.46,PIX,Online,379.0,12
5418,2026-05-02,13:30,61,Acessório Básica,Acessório,Rosa,M,4,281.06,168.64,955.6,Cartão de Crédito,Online,,9
5419,2026-05-01,15:30,125,Vestido Esporte,Vestido,Vermelha,P,4,67.79,40.67,230.49,cartão de débito,Física,16.0,19
5420,2026-08-21,20:45,179,Vestido Básica,Vestido,Azul,G,1,31.43,0.0,31.43,Cartão de Crédito,Online,81.0,13
5421,2026-03-20,20:45,1,Acessório Premium,Acessório,Verde,G,3,129.26,58.17,329.61,Cartão de Débito,Física,,1
5422,2026-04-21,15:00,46,Acessório X,Acessório,Cinza,M,2,184.96,0.0,369.92,Crediário,Online,273.0,7
5423,2026-03-17,17:00,50,Blusa Esporte,Blusa,Vermelha,GG,4,189.51,0.0,758.04,PIX,Física,447.0,8
5424,2026-09-07,12:15,84,Jaqueta Básica,Jaqueta,Verde,P,2,313.9,31.39,596.41,PIX,Online,379.0,18
5425,2026-08-08,19:30,33,Blusa X,Blusa,Vermelha,P,1,230.83,11.54,219.29,Cartão de Débito,Online,457.0,6
5426,2026-07-31,11:00,110,Bermuda Esporte,Bermuda,Branca,GG,1,116.53,11.65,104.88,Dinheiro,Online,230.0,21
5427,2026-08-22,20:00,155,Bermuda X,Bermuda,Preta,M,1,134.96,6.75,128.21,PIX,Online,497.0,9
5428,2026-05-17,14:30,166,Vestido Premium,Vestido,Vermelha,GG,2,194.42,19.44,369.4,PIX,Física,86.0,18
5429,2026-05-10,18:15,116,Blusa Casual,Blusa,Azul,G,3,332.71,0.0,998.13,PIX,Física,353.0,10
5430,2026-05-15,17:45,161,Vestido X,Vestido,Azul,G,4,67.98,0.0,271.92,Cartão de Crédito,Online,165.0,7
5431,2026-09-20,21:30,152,Acessório Básica,Acessório,Verde,GG,2,238.11,23.81,452.41,Crediário,Online,35.0,24
5432,2026-09-14,13:45,91,Camiseta Casual,Camiseta,Branca,P,4,29.36,0.0,117.44,Dinheiro,Online,105.0,8
5433,2026-04-20,10:45,7,Jaqueta Esporte,Jaqueta,Preta,P,1,33.34,5.0,28.34,PIX,Física,136.0,7
5434,2026-04-02,10:00,18,Vestido Premium,Vestido,Vermelha,P,1,221.89,22.19,"R$ 199,70",Dinheiro,Física,183.0,19
5435,2026-07-13,14:30,25,Blusa Social,Blusa,Rosa,M,3,285.55,85.67,770.98,Cartão de Débito,Online,40.0,5
5436,2026-06-04,15:15,155,Bermuda X,Bermuda,Preta,M,3,134.96,0.0,404.88,PIX,Online,,1
5437,2026-08-14,12:30,89,Acessório Slim,Acessório,Preta,P,1,283.36,0.0,283.36,Cartão de Débito,Online,382.0,15
5438,2026-04-02,19:30,82,Vestido Slim,Vestido,Vermelha,P,3,342.99,51.45,977.52,Crediário,Online,,12
5439,18/04/2026,11:00,133,Calça Social,Calça,Rosa,G,3,39.8,17.91,101.49,PIX,Física,571.0,4
5440,2026-03-06,20:45,16,Acessório Casual,Acessório,Verde,GG,4,160.59,0.0,642.36,Cartão de Débito,Online,278.0,12
5441,2026-06-19,14:15,28,Camiseta Social,Camiseta,Rosa,GG,2,276.72,27.67,525.77,Cartão de Débito,Online,231.0,19
5442,2026-08-06,20:00,107,Blusa Slim,Blusa,Preta,M,1,264.43,0.0,264.43,Cartão de Débito,Física,575.0,8
5443,2026-07-06,10:30,117,Vestido Casual,Vestido,Azul,P,2,314.94,0.0,629.88,Cartão de Crédito,Física,127.0,23
5444,2026-08-10,17:15,141,Acessório Slim,Acessório,Rosa,G,3,250.39,0.0,751.17,PIX,Online,60.0,17
5445,2026-05-28,13:45,8,Blusa Social,Blusa,Preta,M,3,290.68,0.0,872.04,Cartão de Débito,Online,435.0,3
5446,2026-03-03,16:15,18,Vestido Premium,Vestido,Vermelha,P,2,221.89,0.0,443.78,PIX,Online,342.0,5
5447,2026-05-07,11:00,92,Calça Casual,Calça,Rosa,G,2,164.58,0.0,329.16,Dinheiro,Física,425.0,9
5448,2026-08-07,16:45,16,Acessório Casual,Acessório,Verde,GG,4,160.59,32.12,610.24,Cartão de Débito,Online,467.0,16
5449,2026-05-30,12:00,48,Camiseta Esporte,Camiseta,Preta,G,4,170.37,0.0,681.48,Cartão de Crédito,Online,321.0,9
5450,2026-05-18,15:45,5,Jaqueta Slim,Jaqueta,Branca,GG,2,87.47,17.49,157.45,Cartão de Crédito,Online,175.0,1
5451,2026-09-24,21:30,122,Bermuda Casual,Bermuda,Rosa,GG,4,286.85,172.11,975.29,Cartão de Crédito,Online,53.0,6
5452,2026-06-24,14:00,89,Acessório Slim,Acessório,Preta,P,1,283.36,0.0,283.36,Dinheiro,Física,375.0,3
5453,2026-07-22,11:45,38,Calça X,Calça,Azul,G,4,234.51,46.9,891.14,Crediário,Física,139.0,3
5454,2026-06-10,10:30,108,Bermuda Social,Bermuda,Vermelha,P,2,179.79,0.0,359.58,Cartão de Crédito,Online,182.0,13
5455,2026-08-12,14:45,114,Jaqueta Esporte,Jaqueta,Verde,P,-1,60.77,12.15,"R$ 109,39",Cartão de Crédito,Online,390.0,11
5456,2026-08-26,19:15,24,Blusa X,Blusa,Cinza,GG,3,80.81,12.12,230.31,PIX,Física,548.0,5
5457,2026-03-21,13:15,134,Calça Slim,Calça,Rosa,P,1,297.88,0.0,297.88,PIX,Física,509.0,5
5458,2026-06-04,19:15,34,Acessório Slim,Acessório,Azul,M,3,220.29,0.0,660.87,PIX,Online,262.0,19
5459,2026-07-29,09:30,148,Acessório Premium,Acessório,Vermelha,GG,2,36.52,7.3,65.74,PIX,Online,81.0,1
5460,2026-04-11,15:15,36,Vestido Social,Vestido,Azul,P,2,348.35,0.0,696.7,Cartão de Crédito,Física,508.0,12
5461,2026-06-30,21:45,42,Bermuda Casual,Bermuda,Branca,P,4,336.75,67.35,"R$ 1.279,65",Dinheiro,Online,89.0,5
5462,2026-04-30,17:15,15,Blusa Social,Blusa,Azul,M,3,303.57,0.0,910.71,Dinheiro,Online,248.0,24
5463,2026-09-09,20:15,59,Acessório X,Acessório,Azul,G,1,137.62,20.64,116.98,Crediário,Física,412.0,2
5464,2026-08-18,16:45,103,Jaqueta Social,Jaqueta,Verde,G,2,239.05,0.0,478.1,PIX,Online,125.0,7
5465,2026-05-19,15:45,142,Acessório Básica,Acessório,Cinza,G,4,333.62,200.17,1134.31,Cartão de Crédito,Online,426.0,17
5466,28-07-2026,19:30,94,Acessório Casual,Acessório,Verde,M,3,202.82,0.0,608.46,Cartão de Débito,Online,357.0,22
5467,2026-08-29,12:30,179,Vestido Básica,Vestido,Azul,G,2,31.43,0.0,62.86,Cartão de Crédito,Física,418.0,14
5468,2026-03-11,10:30,140,Acessório Premium,Acessório,Rosa,G,2,155.17,587.3065571891583,310.34,Cartão de Débito,Online,504.0,22
5469,2026-07-03,10:45,44,Jaqueta Esporte,Jaqueta,Azul,GG,2,198.07,59.42,336.72,cartão de crédito,Online,275.0,12
5470,2026-05-18,09:00,154,Acessório Esporte,Acessório,Azul,M,4,140.03,84.02,476.1,Cartão de Crédito,Online,284.0,2
5471,2026-08-17,13:15,23,Blusa X,Blusa,Preta,P,2,219.84,0.0,439.68,Crediário,Online,304.0,6
5472,2026-09-01,16:30,101,Vestido Social,Vestido,Vermelha,GG,4,158.47,63.39,570.49,Cartão de Débito,Física,271.0,14
5473,2026-07-26,11:00,173,Jaqueta Casual,Jaqueta,Cinza,GG,4,328.02,0.0,1312.08,Dinheiro,Online,366.0,9
5474,2026-04-13,15:45,71,Camiseta Esporte,Camiseta,Cinza,GG,4,252.73,101.09,909.83,PIX,Online,,2
5475,2026-08-16,18:45,11,Calça Básica,Calça,Vermelha,G,3,297.24,44.59,"R$ 847,13",PIX,Física,203.0,13
5476,2026-08-22,09:45,52,Vestido Casual,Vestido,Rosa,GG,4,235.08,141.05,799.27,Cartão de Crédito,Física,540.0,12
5477,2026-08-21,09:00,165,Blusa Casual,Blusa,Rosa,GG,2,156.99,0.0,313.98,Cartão de Crédito,Física,103.0,22
5478,2026-09-02,12:30,43,Vestido Básica,Vestido,Rosa,G,3,212.4,0.0,637.2,Cartão de Débito,Física,157.0,14
5479,2026-05-18,18:30,29,Blusa Esporte,Blusa,Branca,M,3,318.44,0.0,955.32,Cartão de Débito,Online,319.0,9
5480,2026-06-03,11:30,33,Blusa X,Blusa,Vermelha,P,4,230.83,0.0,923.32,PIX,Online,298.0,13
5481,2026-09-21,21:00,161,Vestido X,Vestido,Azul,G,3,67.98,0.0,203.94,Dinheiro,Física,310.0,8
5482,2026-07-06,20:30,174,Jaqueta Casual,Jaqueta,Preta,GG,4,214.83,128.9,730.42,Cartão de Crédito,Física,,1
5483,2026-08-12,09:15,155,Bermuda X,Bermuda,Preta,M,4,134.96,80.98,458.86,Cartão de Crédito,Física,285.0,24
5484,2026-06-02,13:15,11,Calça Básica,Calça,Vermelha,G,2,297.24,0.0,594.48,PIX,Online,263.0,22
5485,2026-03-03,20:45,8,Blusa Social,Blusa,Preta,M,1,290.68,43.6,247.08,Cartão de Crédito,Física,328.0,2
5486,2026-03-15,14:15,60,Acessório Esporte,Acessório,Azul,G,1,112.08,16.81,95.27,Cartão de Crédito,Física,465.0,4
5487,2026-07-14,20:00,1,Acessório Premium,Acessório,Verde,G,2,129.26,38.78,219.74,Dinheiro,Online,27583.0,5
5488,2026-08-14,13:15,21,Jaqueta Casual,Jaqueta,Cinza,G,1,186.68,0.0,186.68,Cartão de Débito,Física,36.0,6
5489,2026-03-07,09:00,53,Camiseta Básica,Camiseta,Branca,P,3,204.54,92.04,521.58,Cartão de Débito,Online,554.0,21
5490,2026-09-03,15:30,124,Jaqueta Slim,Jaqueta,Verde,G,2,210.25,0.0,420.5,PIX,Física,38.0,24
5491,2026-08-03,11:30,71,Camiseta Esporte,Camiseta,Cinza,GG,1,252.73,25.27,227.46,Cartão de Crédito,Online,600.0,13
5492,2026-07-15,09:00,84,Jaqueta Básica,Jaqueta,Verde,P,1,313.9,0.0,313.9,PIX,Online,63.0,16
5493,2026-03-10,12:45,22,Vestido Social,Vestido,Rosa,G,4,289.54,57.91,1100.25,PIX,Física,550.0,3
5494,2026-07-02,21:45,105,Vestido Esporte,Vestido,Vermelha,P,3,168.87,0.0,506.61,Cartão de Crédito,Física,5.0,18
5495,2026-07-04,16:45,10988,Acessório Premium,Acessório,Rosa,G,4,155.17,62.07,558.61,Crediário,Física,575.0,3
5496,26-03-2026,14:00,37,Bermuda Básica,Bermuda,Branca,M,4,197.74,0.0,790.96,Crediário,Física,593.0,11
5497,2026-08-12,21:45,84,Jaqueta Básica,Jaqueta,Verde,P,2,313.9,31.39,596.41,Cartão de Crédito,Física,,4
5498,2026-03-29,16:00,79,Camiseta X,Camiseta,Cinza,G,4,76.54,15.31,290.85,PIX,Online,59.0,1
5499,2026-03-24,19:30,35,Jaqueta Premium,Jaqueta,Preta,P,1,289.59,0.0,289.59,Cartão de Débito,Online,326.0,18
5500,2026-08-13,18:15,140,Acessório Premium,Acessório,Rosa,G,3,155.17,0.0,465.51,Cartão de Crédito,Física,328.0,18
5501,2026-04-02,20:30,176,Camiseta Premium,Camiseta,Vermelha,GG,3,225.97,67.79,610.12,Cartão de Débito,Física,265.0,7
5502,2026-06-19,21:45,117,Vestido Casual,Vestido,Azul,P,3,314.94,47.24,897.58,Crediário,Online,455.0,4
5503,2026-08-13,15:00,161,Vestido X,Vestido,Azul,G,4,67.98,0.0,271.92,Cartão de Crédito,Online,209.0,5
5504,2026-03-03,09:45,45,Blusa Social,Blusa,Cinza,G,2,158.82,31.76,285.88,PIX,Online,398.0,5
5505,2026-09-19,14:00,13,Calça X,Calça,Verde,M,4,118.99,0.0,475.96,Cartão de Débito,Online,305.0,7
5506,2026-04-30,18:15,118,Camiseta Esporte,Camiseta,Azul,M,4,214.08,42.82,813.5,PIX,Online,555.0,19
5507,2026-05-02,21:45,144,Calça Social,Calça,Cinza,GG,3,200.29,30.04,570.83,PIX,Física,,2
5508,2026-08-26, 19:45 ,57,Jaqueta Básica,Jaqueta,Verde,GG,2,111.2,22.24,200.16,Cartão de Débito,Online,102.0,3
5509,2026-08-30,15:45,124,Jaqueta Slim,Jaqueta,Verde,G,2,210.25,0.0,420.5,Crediário,Física,401.0,24
5510,2026-06-11,15:30,116,Blusa Casual,Blusa,Azul,G,1,332.71,49.91,282.8,Crediário,Física,596.0,23
5511,2026-08-22,11:00,104,Vestido Slim,Vestido,Verde,P,1,221.73,33.26,188.47,Cartão de Débito,Física,415.0,8
5512,2026-09-05,16:15,161,Vestido X,Vestido,Azul,G,4,67.98,0.0,271.92,Cartão de Crédito,Física,,7
5513,2026-05-20,11:15,108,Bermuda Social,Bermuda,Vermelha,P,1,179.79,8.99,170.8,Cartão de Débito,Online,319.0,5
5514,2026-06-19,18:00,95,Bermuda Básica,Bermuda,Verde,P,4,40.47,24.28,137.6,Cartão de Crédito,Online,,20
5515,2026-09-25,19:45,135,Camiseta Slim,Camiseta,Preta,GG,1,333.31,33.33,299.98,Cartão de Crédito,Online,428.0,1
5516,2026-04-24,10:00,66,Bermuda X,Bermuda,Branca,G,2,98.66,0.0,197.32,Cartão de Débito,Online,505.0,10
5517,2026-08-10,17:00,11,Calça Básica,Calça,Vermelha,G,3,297.24,0.0,891.72,Cartão de Débito,Online,159.0,5
5518,2026-03-04,11:45,140,Acessório Premium,Acessório,Rosa,G,2,155.17,31.03,279.31,PIX,Online,87.0,25
5519,2026-06-20,16:15,115,Jaqueta Social,Jaqueta,Preta,GG,3,278.18,41.73,792.81,Cartão de Débito,Física,147.0,7
5520,2026-06-25,21:30,117,Vestido Casual,Vestido,Azul,P,2,314.94,0.0,629.88,Dinheiro,Online,4.0,22
5521,2026-09-25,17:15,40,Bermuda Esporte,Bermuda,Azul,G,3,78.7,35.42,200.68,Dinheiro,Física,317.0,10
5522,2026-06-24,18:15,64,Camiseta Básica,Camiseta,Rosa,M,3,108.86,32.66,293.92,Cartão de Crédito,Online,371.0,14
5523,2026-05-02,09:15,121,Vestido Casual,Vestido,Verde,G,3,101.83,30.55,274.94,Cartão de Crédito,Online,236.0,19
5524,2026-07-31,09:00,126,Vestido Slim,Vestido,Vermelha,M,2,262.43,0.0,524.86,Dinheiro,Online,428.0,16
5525,2026-08-03,15:00,33,Blusa X,Blusa,Vermelha,P,4,230.83,138.5,784.82,PIX,Física,514.0,15
5526,2026-07-24,12:30,179,Vestido Básica,Vestido,Azul,G,4,31.43,0.0,125.72,PIX,Online,260.0,9
5527,2026-06-13,17:15,90,Blusa Premium,Blusa,Branca,G,3,177.57,79.91,452.8,Cartão de Débito,Física,276.0,19
5528,2026-09-07,18:00,51,Jaqueta Slim,Jaqueta,Verde,M,1,118.56,0.0,118.56,Cartão de Débito,Física,47.0,22
5529,2026-06-06,16:00,132,Acessório Básica,Acessório,Branca,P,1,296.32,0.0,"R$ 296,32",PIX,Física,515.0,15
5530,2026-07-12,16:00,34,Acessório Slim,Acessório,Azul,M,4,220.29,88.12,793.04,Cartão de Crédito,Física,241.0,24
5531,2026-05-18,11:45,81,Calça Social,Calça,Cinza,P,3,125.82,0.0,377.46,Crediário,Física,400.0,20
5532,2026-08-23, 21:15,95,Bermuda Básica,Bermuda,Verde,P,3,40.47,0.0,121.41,PIX,Online,541.0,20
5533,2026-05-08,21:00,165,Blusa Casual,Blusa,Rosa,GG,2,156.99,0.0,313.98,Cartão de Crédito,Online,249.0,23
5534,2026-08-21,21:45,21,Jaqueta Casual,Jaqueta,Cinza,G,4,186.68,0.0,746.72,Cartão de Crédito,Física,560.0,25
5535,2026-06-04,15:00,98,Vestido Social,Vestido,Branca,G,4,290.16,0.0,1160.64,Cartão de Débito,Online,141.0,8
5536,2026-08-12,21:15,85,Blusa Casual,Blusa,Vermelha,G,4,273.43,164.06,929.66,Crediário,Física,453.0,23
5537,2026-06-17,19:00,71,Camiseta Esporte,Camiseta,Cinza,GG,1,252.73,12.64,240.09,Cartão de Débito,Online,20.0,17
5538,2026-08-27,16:00,138,Acessório Social,Acessório,Rosa,G,4,125.4,0.0,501.6,Cartão de Débito,Online,27824.0,8
5539,2026-03-22,13:00,35,Jaqueta Premium,Jaqueta,Preta,P,3,289.59,0.0,"R$ 868,77",Cartão de Débito,Física,262.0,10
5540,2026-04-18,15:15,48,Camiseta Esporte,Camiseta,Preta,G,2,170.37,0.0,340.74,Cartão de Débito,Online,466.0,6
5541,2026-05-28,21:00,67,Bermuda Básica,Bermuda,Cinza,P,2,318.87,63.77,573.97,PIX,Física,332.0,4
5542,15/09/2026,14:00,65,Jaqueta Social,Jaqueta,Cinza,GG,1,77.68,11.65,66.03,PIX,Física,267.0,24
5543,2026-09-25,13:45,28,Camiseta Social,Camiseta,Rosa,GG,3,276.72,0.0,830.16,Crediário,Online,348.0,21
5544,2026-09-24,14:45,108,Bermuda Social,Bermuda,Vermelha,P,4,179.79,71.92,647.24,Cartão de Débito,Online,163.0,12
5545,27-08-2026,17:30,28,Camiseta Social,Camiseta,Rosa,GG,1,276.72,27.67,249.05,cartao credito,Física,47.0,2
5546,2026-04-28,13:30,101,Vestido Social,Vestido,Vermelha,GG,3,158.47,47.54,427.87,Cartão de Crédito,Online,505.0,25
5547,2026-07-19,16:00,139,Acessório Slim,Acessório,Branca,P,4,227.76,0.0,911.04,Cartão De Débito,Online,25.0,11
5548,2026-03-26,12:45,89,Acessório Slim,Acessório,Preta,P,2,283.36,85.01,481.71,Dinheiro,Física,501.0,7
5549,2026-05-18,13:45,45,Blusa Social,Blusa,Cinza,G,2,158.82,0.0,317.64,PIX,Online,237.0,7
5550,2026-08-30,14:15,49,Calça Básica,Calça,Verde,GG,3,193.27,0.0,579.81,PIX,Online,495.0,22
5551,2026-06-20,09:30,116,Blusa Casual,Blusa,Azul,G,4,332.71,0.0,1330.84,Dinheiro,Online,124.0,16
5552,2026-08-21,09:30,124,Jaqueta Slim,Jaqueta,Verde,G,1,210.25,10.51,199.74,Cartão de Crédito,Online,363.0,24
5553,2026-05-03,12:30,28,Camiseta Social,Camiseta,Rosa,GG,1,276.72,27.67,249.05,Crediário,Online,507.0,21
5554,2026-07-13,18:15,138,Acessório Social,Acessório,Rosa,G,3,125.4,0.0,376.2,Cartão de Débito,Física,,18
5555,2026-08-02,14:45,175,Calça Social,Calça,Rosa,P,2,90.45,9.04,171.86,Cartão de Crédito,Física,457.0,23
5556,2026-09-05,11:15,143,Acessório Premium,Acessório,Rosa,M,4,297.19,0.0,1188.76,Cartão de Débito,Online,189.0,14
5557,2026-05-21,17:45,129,Vestido X,Vestido,Branca,GG,4,295.38,0.0,1181.52,Dinheiro,Física,463.0,18
5558,03/06/2026,16:00,20,Calça X,Calça,Vermelha,P,3,211.81,31.77,603.66,Dinheiro,Online,590.0,2
5559,2026-06-05, 13:00 ,104,Vestido Slim,Vestido,Verde,P,2,221.73,0.0,443.46,PIX,Física,470.0,21
5560,2026-03-28,17:15,130,Blusa Esporte,Blusa,Verde,GG,4,154.8,0.0,619.2,Dinheiro,Física,336.0,19
5561,2026-08-18,11:15,126,Vestido Slim,Vestido,Vermelha,M,3,262.43,0.0,787.29,Cartão de Crédito,Física,493.0,12
5562,2026-08-12,13:15,173,Jaqueta Casual,Jaqueta,Cinza,GG,4,328.02,0.0,1312.08,Cartão de Débito,Física,,19
5563,2026-06-13,10:30,64,Camiseta Básica,Camiseta,Rosa,M,3,108.86,16.33,310.25,Crediário,Física,311.0,10
5564,2026-09-05,09:30,88,Camiseta Básica,Camiseta,Branca,GG,3,270.48,121.72,689.72,PIX,Online,172.0,25
5565,2026-04-16,10:15,7,Jaqueta Esporte,Jaqueta,Preta,P,4,33.34,6.67,126.69,Cartão de Débito,Online,379.0,18
5566,2026-03-11,18:15,118,Camiseta Esporte,Camiseta,Azul,M,4,214.08,0.0,856.32,Dinheiro,Online,407.0,4
5567,2026-07-04,14:00,59,Acessório X,Acessório,Azul,G,4,137.62,55.05,495.43,Cartão de Crédito,Online,142.0,12
5568,11-07-2026,21:45,158,Blusa Social,Blusa,Rosa,M,1,185.68,9.28,176.4,Cartão de Débito,Física,78.0,14
5569,2026-08-23,10:45,145,Bermuda Esporte,Bermuda,Cinza,G,1,144.91,0.0,144.91,Cartão de Débito,Online,547.0,16
5570,2026-04-22,14:45,173,Jaqueta Casual,Jaqueta,Cinza,GG,4,328.02,0.0,1312.08,Cartão de Crédito,Online,364.0,23
5571,2026-08-04,19:45,92,Calça Casual,Calça,Rosa,G,3,164.58,74.06,419.68,PIX,Online,293.0,7
5572,2026-08-22,19:30,178,Calça Básica,Calça,Azul,GG,1,144.41,21.66,122.75,Cartão de Débito,Física,372.0,18
5573,2026-05-08,21:30,132,Acessório Básica,Acessório,Branca,P,2,296.32,0.0,592.64,Cartão de Débito,Física,256.0,7
5574,2026-08-25,13:15,61,Acessório Básica,Acessório,Rosa,M,4,281.06,0.0,1124.24,Cartão de Débito,Física,512.0,18
5575,2026-03-26,09:15,45,Blusa Social,Blusa,Cinza,G,3,158.82,0.0,476.46,Dinheiro,Online,,4
5576,2026-03-01,09:45,174,Jaqueta Casual,Jaqueta,Preta,GG,4,214.83,42.97,816.35,Cartão de Crédito,Online,301.0,13
5577,2026-07-13,21:15,107,Blusa Slim,Blusa,Preta,M,2,264.43,79.33,449.53,Cartão de Crédito,Física,363.0,7
5578,2026-03-28,12:00,34,Acessório Slim,Acessório,Azul,M,2,220.29,22.03,418.55,PIX,Física,133.0,16
5579,2026-08-26,16:00  ,79,Camiseta X,Camiseta,Cinza,G,1,76.54,0.0,76.54,PIX,Física,70.0,10
5580,2026-08-18,15:30,22,Vestido Social,Vestido,Rosa,G,3,289.54,0.0,868.62,Dinheiro,Online,43.0,6
5581,2026-09-10,18:30,154,Acessório Esporte,Acessório,Azul,M,1,140.03,0.0,140.03,Cartão de Crédito,Física,475.0,3
5582,2026-03-08, 09:00,21,Jaqueta Casual,Jaqueta,Cinza,G,3,186.68,56.0,504.04,Cartão de Crédito,Online,186.0,1
5583,2026-07-31,20:15,114,Jaqueta Esporte,Jaqueta,Verde,P,1,60.77,3.04,57.73,Cartão de Crédito,Física,219.0,15
5584,28/03/26,12:45,15,Blusa Social,Blusa,Azul,M,2,303.57,30.36,576.78,Cartão de Débito,Física,591.0,8
5585,2026-09-18,11:00,74,Acessório Social,Acessório,Preta,GG,2,90.99,18.2,163.78,Crediário,Física,225.0,4
5586,2026-07-30,16:45,160,Calça X,Calça,Verde,P,2,137.04,0.0,274.08,PIX,Física,243.0,14
5587,2026-09-20,14:30,1,Acessório Premium,Acessório,Verde,G,4,129.26,51.7,465.34,Crediário,Física,497.0,24
5588,2026-04-08,10:30,137,Camiseta Esporte,Camiseta,Preta,M,1,149.09,22.36,126.73,PIX,Online,289.0,4
5589,2026-03-10,20:45,148,Acessório Premium,Acessório,Vermelha,GG,4,36.52,14.61,131.47,Cartão de Crédito,Física,274.0,18
5590,2026-08-19,20:30,57,Jaqueta Básica,Jaqueta,Verde,GG,4,111.2,44.48,400.32,Cartão de Crédito,Online,395.0,7
5591,2026-06-06,09:00,64,Camiseta Básica,Camiseta,Rosa,M,4,108.86,0.0,435.44,dinheiro,Online,274.0,18
5592,2026-06-12,20:00,22,Vestido Social,Vestido,Rosa,G,1,289.54,28.95,260.59,Cartão de Débito,Online,298.0,9
5593,2026-07-28,12:45,142,Acessório Básica,Acessório,Cinza,G,2,333.62,66.72,600.52,Dinheiro,Física,528.0,14
5594,2026-07-22,10:30,179,Vestido Básica,Vestido,Azul,G,2,31.43,0.0,62.86,PIX,Física,485.0,14
5595,2026-04-20,16:30,129,Vestido X,Vestido,Branca,GG,1,295.38,0.0,295.38,Cartão de Débito,Online,56377.0,3
5596,2026-09-18,21:45,89,Acessório Slim,Acessório,Preta,P,2,283.36,28.34,538.38,Cartão de Débito,Online,401.0,22
5597,2026-04-14,19:15,173,Jaqueta Casual,Jaqueta,Cinza,GG,4,328.02,0.0,1312.08,Dinheiro,Online,237.0,14
5598,2026-06-17,19:45,103,Jaqueta Social,Jaqueta,Verde,G,4,239.05,47.81,908.39,PIX,Física,296.0,9
5599,2026-08-03,18:15,43,Vestido Básica,Vestido,Rosa,G,1,212.4,31.86,180.54,Dinheiro,Física,336.0,1
5600,2026-04-23,10:15,2,Camiseta Básica,Camiseta,Cinza,P,4,57.67,34.6,196.08,Dinheiro,Online,545.0,2
5601,2026-06-19,14:15,134,Calça Slim,Calça,Rosa,P,4,297.88,178.73,1012.79,Cartão de Crédito,Online,38.0,25
5602,2026-08-22, 21:30 ,111,Acessório Esporte,Acessório,Rosa,M,2,333.04,0.0,666.08,Cartão de Crédito,Online,98.0,24
5603,2026-06-07,13:30,149,Calça Premium,Calça,Vermelha,P,4,296.39,0.0,1185.56,PIX,Física,,19
5604,2026-06-07,10:15,66,Bermuda X,Bermuda,Branca,G,4,98.66,0.0,394.64,Dinheiro,Online,590.0,3
5605,2026-08-01,19:00,13,Calça X,Calça,Verde,M,4,118.99,71.39,404.57,Dinheiro,Física,106.0,24
5606,2026-06-22, 11:00 ,79,Camiseta X,Camiseta,Cinza,G,4,76.54,15.31,290.85,Cartão de Débito,Física,231.0,12
5607,2026-08-25,17:45  ,39,Calça Social,Calça,Vermelha,GG,3,327.41,98.22,884.01,Cartão de Crédito,Online,8.0,19
5608,2026-09-18,21:15,12,Bermuda Esporte,Bermuda,Cinza,M,3,327.44,0.0,982.32,Dinheiro,Online,552.0,17
5609,2026-06-09,15:45,99,Vestido Social,Vestido,Rosa,P,1,135.91,0.0,135.91,Cartão de Débito,Online,160.0,20
5610,2026-08-27,21:15,77,Vestido X,Vestido,Rosa,G,4,195.59,0.0,782.36,Crediário,Online,285.0,2
5611,2026-08-01,20:45,93,Blusa Social,Blusa,Vermelha,GG,1,327.13,16.36,310.77,Cartão de Crédito,Física,457.0,20
5612,2026-09-08,11:30,162,Blusa Premium,Blusa,Branca,M,3,219.23,32.88,624.81,Dinheiro,Física,60.0,10
5613,16/09/26,15:15,97,Camiseta Slim,Camiseta,Azul,M,4,174.51,69.8,628.24,Cartão de Crédito,Física,177.0,23
5614,2026-04-05,12:45,90,Blusa Premium,Blusa,Branca,G,4,177.57,0.0,710.28,Crediário,Física,514.0,9
5615,2026-07-21,20:30,15,Blusa Social,Blusa,Azul,M,4,303.57,0.0,1214.28,PIX,Online,183.0,17
5616,2026-07-24,13:30,138,Acessório Social,Acessório,Rosa,G,2,125.4,0.0,250.8,Dinheiro,Física,409.0,12
5617,2026-05-28,20:45,49,Calça Básica,Calça,Verde,GG,1,193.27,19.33,"R$ 173,94",Cartão de Débito,Física,238.0,12
5618,2026-03-04,10:30,110,Bermuda Esporte,Bermuda,Branca,GG,4,116.53,0.0,466.12,PIX,Online,205.0,25
5619,2026-06-05,19:00,65,Jaqueta Social,Jaqueta,Cinza,GG,2,77.68,0.0,155.36,Dinheiro,Física,,9
5620,2026-03-07,20:45,136,Blusa Social,Blusa,Azul,P,2,114.45,34.34,194.56,Dinheiro,Online,218.0,4
5621,2026-07-06,09:15,129,Vestido X,Vestido,Branca,GG,1,295.38,0.0,295.38,pix,Física,217.0,17
5622,2026-07-30,15:30,123,Blusa Esporte,Blusa,Rosa,P,4,261.56,156.94,889.3,Cartão de Crédito,Física,76.0,2
5623,2026-06-10,17:00,104,Vestido Slim,Vestido,Verde,P,3,221.73,33.26,631.93,Cartão de Débito,Online,570.0,10
5624,2026-04-12,16:30,56,Bermuda Casual,Bermuda,Verde,P,3,269.73,80.92,728.27,Cartão de Débito,Online,569.0,23
5625,2026-07-03,15:45,65,Jaqueta Social,Jaqueta,Cinza,GG,1,77.68,0.0,77.68,PIX,Online,599.0,16
5626,2026-07-20,15:45,104,Vestido Slim,Vestido,Verde,P,3,221.73,66.52,598.67,Crediário,Física,599.0,24
5627,2026-05-23,19:30,124,Jaqueta Slim,Jaqueta,Verde,G,2,210.25,21.02,399.48,Cartão de Crédito,Online,138.0,22
5628,2026-03-22,19:00,45,Blusa Social,Blusa,Cinza,G,1,158.82,23.82,135.0,Cartão de Débito,Online,171.0,10
5629,2026-04-09,20:45,99,Vestido Social,Vestido,Rosa,P,3,135.91,0.0,407.73,Cartão de Débito,Física,279.0,7
5630,2026-05-16, 11:15 ,138,Acessório Social,Acessório,Rosa,G,3,125.4,0.0,376.2,Dinheiro,Online,210.0,16
5631,2026-06-10,19:15,123,Blusa Esporte,Blusa,Rosa,P,2,261.56,78.47,444.65,PIX,Física,591.0,9
5632,2026-05-18,11:00,32,Bermuda Premium,Bermuda,Azul,GG,4,298.98,0.0,1195.92,Cartão de Débito,Física,568.0,25
5633,2026-05-23,10:15,17,Acessório Casual,Acessório,Rosa,P,2,277.21,0.0,554.42,Dinheiro,Online,42.0,22
5634,2026-04-09,13:00,62,Camiseta Básica,Camiseta,Azul,GG,1,140.6,21.09,119.51,Dinheiro,Física,315.0,11
5635,2026-09-21,16:15,169,Vestido Esporte,Vestido,Rosa,M,4,120.16,72.1,408.54,Cartão de Crédito,Online,83.0,14
5636,2026-07-13,20:45,93,Blusa Social,Blusa,Vermelha,GG,3,327.13,147.21,834.18,PIX,Física,248.0,25
5637,2026-05-23,18:30,171,Acessório X,Acessório,Verde,G,1,85.73,154.12207906645952,81.44,Dinheiro,Online,,15
5638,2026-07-29,19:15,111,Acessório Esporte,Acessório,Rosa,M,4,333.04,0.0,1332.16,Cartão de Crédito,Física,366.0,16
5639,2026-09-25,19:15,52,Vestido Casual,Vestido,Rosa,GG,2,235.08,70.52,399.64,Cartão de Crédito,Online,436.0,22
5640,2026-07-09,17:30,180,Acessório X,Acessório,Cinza,G,3,73.69,0.0,221.07,Cartão de Crédito,Física,195.0,15
5641,2026-05-18,20:30,160,Calça X,Calça,Verde,P,2,137.04,0.0,274.08,Cartão de Débito,Online,108.0,1
5642,2026-06-12,11:30,38,Calça X,Calça,Azul,G,4,234.51,0.0,938.04,Cartão de Crédito,Online,79.0,6
5643,2026-03-07,19:15,119,Vestido Básica,Vestido,Azul,P,3,51.47,0.0,154.41,Cartão de Crédito,Online,558.0,10
5644,2026-04-23,12:30,107,Blusa Slim,Blusa,Preta,M,3,264.43,39.66,753.63,PIX,Online,38.0,6
5645,2026-06-20,17:15,165,Blusa Casual,Blusa,Rosa,GG,2,156.99,47.1,266.88,Cartão de Crédito,Física,389.0,5
5646,2026-03-31,13:00,151,Blusa Casual,Blusa,Preta,P,2,121.09,389.56323644192895,205.85,PIX,Física,55.0,22
5647,2026-03-23,11:30,77,Vestido X,Vestido,Rosa,G,3,195.59,29.34,557.43,Cartão de Débito,Online,248.0,7
5648,2026-04-15,15:45,152,Acessório Básica,Acessório,Verde,GG,2,238.11,0.0,476.22,Cartão de Crédito,Física,215.0,11
5649,2026-04-24, 18:00,106,Vestido Premium,Vestido,Cinza,G,3,201.43,60.43,543.86,Cartão de Débito,Física,3.0,18
5650,2026-04-13,15:45,142,Acessório Básica,Acessório,Cinza,G,2,333.62,0.0,"667,24",PIX,Física,42.0,17
5651,2026-05-25,13:15,109,Camiseta Básica,Camiseta,Cinza,P,4,128.12,51.25,461.23,Cartão de Crédito,Online,501.0,14
5652,2026-06-06,16:30,78,Blusa Casual,Blusa,Cinza,M,4,332.45,66.49,1263.31,Cartão de Débito,Online,78.0,20
5653,2026-07-25,13:30,127,Vestido Social,Vestido,Rosa,G,1,72.5,0.0,72.5,Cartão de Crédito,Online,501.0,25
5654,2026-04-07,18:45,168,Vestido Casual,Vestido,Azul,M,4,255.66,0.0,1022.64,Dinheiro,Online,456.0,24
5655,2026-08-03,12:45,71,Camiseta Esporte,Camiseta,Cinza,GG,2,252.73,0.0,505.46,Dinheiro,Online,552.0,7
5656,2026-06-08,14:45,136,Blusa Social,Blusa,Azul,P,2,114.45,0.0,228.9,Crediário,Online,272.0,22
5657,2026-03-04,21:15,21,Jaqueta Casual,Jaqueta,Cinza,G,4,186.68,0.0,746.72,PIX,Online,83.0,16
5658,2026-08-20,14:30,114,Jaqueta Esporte,Jaqueta,Verde,P,-1,60.77,0.0,121.54,Cartão de Débito,Online,412.0,9
5659,2026-07-23,12:30,93,Blusa Social,Blusa,Vermelha,GG,4,327.13,196.28,1112.24,Dinheiro,Física,333.0,22
5660,2026-07-08,17:45,50,Blusa Esporte,Blusa,Vermelha,GG,4,189.51,0.0,758.04,Dinheiro,Física,252.0,10
5661,2026-04-04,16:30,50,Blusa Esporte,Blusa,Vermelha,GG,1,189.51,358.6404126213746,189.51,PIX,Online,488.0,18
5662,2026-06-13,10:30,16,Acessório Casual,Acessório,Verde,GG,4,160.59,64.24,578.12,PIX,Online,115.0,10
5663,2026-07-15,17:30,180,Acessório X,Acessório,Cinza,G,3,73.69,22.11,198.96,Cartão de Crédito,Online,387.0,19
5664,2026-05-22,15:45,175,Calça Social,Calça,Rosa,P,3,90.45,0.0,271.35,Cartão de Crédito,Física,39.0,9
5665,2026-03-09,21:00,129,Vestido X,Vestido,Branca,GG,2,295.38,88.61,502.15,Cartão de Débito,Física,481.0,25
5666,2026-07-29,09:00,54,Calça Esporte,Calça,Verde,P,1,77.13,7.71,69.42,Crediário,Física,44.0,19
5667,2026-09-04,11:00,66,Bermuda X,Bermuda,Branca,G,3,98.66,0.0,295.98,PIX,Online,380.0,12
5668,2026-07-21,21:15,122,Bermuda Casual,Bermuda,Rosa,GG,4,286.85,114.74,1032.66,Dinheiro,Online,480.0,17
5669,2026-07-27,16:45,59,Acessório X,Acessório,Azul,G,3,137.62,20.64,392.22,Cartão de Débito,Online,456.0,8
5670,2026-04-08,16:00,104,Vestido Slim,Vestido,Verde,P,2,221.73,0.0,443.46,Cartão de Débito,Online,407.0,2
5671,2026-04-05,15:15,168,Vestido Casual,Vestido,Azul,M,4,255.66,0.0,1022.64,Crediário,Online,45.0,15
5672,2026-08-28,18:15,31,Vestido Slim,Vestido,Azul,P,3,35.57,16.01,90.7,PIX,Online,88.0,22
5673,2026-07-26,21:15,37,Bermuda Básica,Bermuda,Branca,M,2,197.74,59.32,336.16,PIX,Online,580.0,25
5674,2026-03-26,12:30,109,Camiseta Básica,Camiseta,Cinza,P,2,128.12,12.81,243.43,Crediário,Online,531.0,2
5675,2026-05-01,16:45,121,Vestido Casual,Vestido,Verde,G,3,101.83,0.0,305.49,Cartão de Débito,Física,367.0,25
5676,2026-09-23,10:00,91,Camiseta Casual,Camiseta,Branca,P,4,29.36,11.74,105.7,Cartão de Débito,Física,334.0,12
5677,2026-03-24,21:00,93,Blusa Social,Blusa,Vermelha,GG,1,327.13,0.0,327.13,PIX,Física,204.0,12
5678,2026-07-30,11:00,168,Vestido Casual,Vestido,Azul,M,3,255.66,0.0,766.98,Crediário,Online,209.0,22
5679,2026-08-22, 18:00,108,Bermuda Social,Bermuda,Vermelha,P,4,179.79,35.96,683.2,Cartão de Crédito,Online,345.0,25
5680,2026-07-24,14:00,36,Vestido Social,Vestido,Azul,P,3,348.35,0.0,1045.05,Cartão de Crédito,Online,71.0,11
5681,2026-08-25,11:15,69,Camiseta Social,Camiseta,Branca,M,2,96.99,0.0,193.98,CARTÃO DE CRÉDITO,Física,500.0,3
5682,2026-09-10,09:15,106,Vestido Premium,Vestido,Cinza,G,4,201.43,120.86,684.86,Cartão de Débito,Online,13.0,18
5683,2026-04-03,13:30,113,Blusa Social,Blusa,Rosa,P,1,270.36,0.0,270.36,Cartão de Débito,Online,285.0,20
5684,2026-05-29,15:30,92,Calça Casual,Calça,Rosa,G,3,164.58,0.0,493.74,Cartão de Débito,Online,111.0,19
5685,2026-07-20,11:00,79,Camiseta X,Camiseta,Cinza,G,4,76.54,0.0,306.16,Cartão de Crédito,Online,470.0,16
5686,2026-07-30,17:30,5,Jaqueta Slim,Jaqueta,Branca,GG,3,87.47,0.0,262.41,Cartão de Crédito,Física,51.0,22
5687,2026-08-25,10:00,180,Acessório X,Acessório,Cinza,G,4,73.69,0.0,294.76,Cartão de Débito,Física,417.0,6
5688,2026-05-31,18:45,39,Calça Social,Calça,Vermelha,GG,1,327.41,49.11,278.3,Cartão de Débito,Online,309.0,22
5689,2026-06-10,21:45,74,Acessório Social,Acessório,Preta,GG,2,90.99,18.2,163.78,Cartão de Débito,Física,66870.0,8
5690,2026-09-12,12:45,75,Jaqueta Casual,Jaqueta,Azul,G,1,238.16,0.0,238.16,PIX,Física,346.0,20
5691,2026-03-28,11:45,125,Vestido Esporte,Vestido,Vermelha,P,4,67.79,27.12,244.04,PIX,Física,157.0,19
5692,2026-04-14,15:00,177,Bermuda Básica,Bermuda,Branca,G,2,113.66,0.0,227.32,Cartão de Crédito,Online,581.0,1
5693,2026-06-19,18:30,127,Vestido Social,Vestido,Rosa,G,4,72.5,14.5,275.5,Cartão de Crédito,Online,583.0,9
5694,2026-08-18, 13:15 ,25,Blusa Social,Blusa,Rosa,M,3,285.55,128.5,728.15,PIX,Online,343.0,25
5695,2026-06-21,11:00,176,Camiseta Premium,Camiseta,Vermelha,GG,2,225.97,0.0,451.94,Cartão de Crédito,Física,272.0,5
5696,2026-07-25,20:15,38,Calça X,Calça,Azul,G,4,234.51,0.0,938.04,Cartão de Crédito,Física,299.0,20
5697,2026-03-11,12:15,83,Camiseta Básica,Camiseta,Rosa,M,1,221.65,0.0,221.65,Cartão de Débito,Física,591.0,18
5698,2026-05-27,15:00,65,Jaqueta Social,Jaqueta,Cinza,GG,1,77.68,0.0,77.68,Cartão de Crédito,Física,131.0,7
5699,2026-08-24,20:15,9,Jaqueta Social,Jaqueta,Rosa,G,4,97.54,0.0,390.16,Cartão de Débito,Online,274.0,24
5700,2026-04-24,16:00,146,Acessório Esporte,Acessório,Vermelha,P,3,103.95,15.59,296.26,Cartão de Crédito,Física,509.0,5
5701,2026-07-11,10:15,116,Blusa Casual,Blusa,Azul,G,1,332.71,0.0,332.71,Dinheiro,Física,89.0,25
5702,2026-04-10,20:30,80,Jaqueta Casual,Jaqueta,Cinza,P,3,258.13,0.0,774.39,PIX,Física,469.0,14
5703,2026-06-23,12:15,103,Jaqueta Social,Jaqueta,Verde,G,3,239.05,0.0,717.15,Cartão de Crédito,Física,349.0,8
5704,2026-04-24,09:15,175,Calça Social,Calça,Rosa,P,2,90.45,0.0,180.9,PIX,Física,497.0,8
5705,2026-09-04,09:30,135,Camiseta Slim,Camiseta,Preta,GG,2,333.31,0.0,666.62,PIX,Online,,3
5706,2026-06-22,18:00,40,Bermuda Esporte,Bermuda,Azul,G,-1,78.7,0.0,78.7,Crediário,Online,385.0,1
5707,2026-08-30,09:15,27,Vestido Premium,Vestido,Cinza,G,3,137.14,0.0,411.42,Cartão de Débito,Online,356.0,12
5708,2026-05-23,21:30,82,Vestido Slim,Vestido,Vermelha,P,3,342.99,0.0,1028.97,Cartão de Débito,Online,204.0,23
5709,2026-07-26,14:30,50,Blusa Esporte,Blusa,Vermelha,GG,2,189.51,0.0,379.02,PIX,Física,126.0,24
5710,2026-04-17,10:15,106,Vestido Premium,Vestido,Cinza,G,3,201.43,0.0,604.29,Cartão de Crédito,Online,287.0,21
5711,2026-08-26,09:30,109,Camiseta Básica,Camiseta,Cinza,P,4,128.12,51.25,461.23,PIX,Física,510.0,23
5712,2026-08-22,18:00,146,Acessório Esporte,Acessório,Vermelha,P,2,103.95,0.0,207.9,Crediário,Física,340.0,3
5713,2026-06-14,18:00,165,Blusa Casual,Blusa,Rosa,GG,3,156.99,0.0,470.97,Crediário,Online,507.0,15
5714,2026-08-13,10:00,93,Blusa Social,Blusa,Vermelha,GG,1,327.13,16.36,"R$ 310,77",Dinheiro,Online,339.0,5
5715,2026-09-08,15:30,16,Acessório Casual,Acessório,Verde,GG,1,160.59,0.0,160.59,Dinheiro,Física,,21
5716,2026-07-20,14:30,115,Jaqueta Social,Jaqueta,Preta,GG,1,278.18,27.82,250.36,Cartão de Crédito,Física,73745.0,15
5717,2026-04-06,18:45,34,Acessório Slim,Acessório,Azul,M,4,220.29,0.0,881.16,Crediário,Online,556.0,4
5718,2026-08-20,18:30,141,Acessório Slim,Acessório,Rosa,G,4,250.39,0.0,1001.56,Cartão de Crédito,Física,305.0,23
5719,2026-03-21,14:15,180,Acessório X,Acessório,Cinza,G,1,73.69,11.05,62.64,Cartão de Crédito,Online,184.0,2
5720,2026-05-30,18:45,4,Jaqueta Básica,Jaqueta,Vermelha,M,1,148.57,0.0,148.57,Cartão de Débito,Online,359.0,24
5721,2026-03-06,19:15,154,Acessório Esporte,Acessório,Azul,M,3,140.03,63.01,357.08,Dinheiro,Física,18.0,22
5722,2026-04-21,12:30,138,Acessório Social,Acessório,Rosa,G,1,125.4,12.54,112.86,Dinheiro,Online,,18
5723,2026-06-12,14:15,47,Vestido Premium,Vestido,Cinza,G,1,115.65,5.78,109.87,Cartão de Débito,Física,445.0,9
5724,2026-09-05,11:15,130,Blusa Esporte,Blusa,Verde,GG,3,154.8,0.0,464.4,PIX,Física,388.0,4
5725,2026-03-20,21:30,3,Camiseta Social,Camiseta,Branca,GG,1,48.72,0.0,48.72,Crediário,Física,238.0,17
5726,2026-08-28,13:00,117,Vestido Casual,Vestido,Azul,P,2,314.94,31.49,598.39,Cartão de Crédito,Online,430.0,4
5727,01/03/2026,14:30,173,Jaqueta Casual,Jaqueta,Cinza,GG,1,328.02,49.2,"R$ 278,82",Cartão de Débito,Física,403.0,8
5728,2026-08-06,16:30,18,Vestido Premium,Vestido,Vermelha,P,3,221.89,99.85,565.82,Cartão de Crédito,Online,392.0,24
5729,2026-07-15,12:45,103,Jaqueta Social,Jaqueta,Verde,G,2,239.05,47.81,430.29,Cartão de Crédito,Física,382.0,18
5730,2026-09-21,19:15,12442,Calça Social,Calça,Cinza,GG,1,200.29,0.0,200.29,PIX,Física,297.0,17
5731,2026-03-02,12:30,150,Blusa Esporte,Blusa,Vermelha,M,1,241.11,36.17,"204,94",Cartão de Débito,Física,208.0,3
5732,2026-06-21,11:30,132,Acessório Básica,Acessório,Branca,P,2,296.32,88.9,503.74,Cartão de Débito,Online,331.0,6
5733,2026-08-09, 09:45 ,40,Bermuda Esporte,Bermuda,Azul,G,3,78.7,0.0,236.1,Dinheiro,Física,325.0,7
5734,2026-03-01,10:30,79,Camiseta X,Camiseta,Cinza,G,4,76.54,30.62,275.54,Cartão de Crédito,Física,269.0,25
5735,2026-09-11,20:45,37,Bermuda Básica,Bermuda,Branca,M,3,197.74,0.0,593.22,Cartão de Débito,Física,71.0,4
5736,2026-06-05,15:30,166,Vestido Premium,Vestido,Vermelha,GG,4,194.42,77.77,699.91,PIX,Física,269.0,11
5737,2026-09-23,19:00,54,Calça Esporte,Calça,Verde,P,4,77.13,0.0,308.52,PIX,Online,151.0,24
5738,2026-07-20,16:15,101,Vestido Social,Vestido,Vermelha,GG,3,158.47,71.31,404.1,Crediário,Física,242.0,25
5739,2026-04-21,09:45,133,Calça Social,Calça,Rosa,G,3,39.8,17.91,101.49,Cartão de Crédito,Online,,12
5740,2026-09-19,14:30,105,Vestido Esporte,Vestido,Vermelha,P,3,168.87,75.99,"R$ 430,62",Dinheiro,Online,260.0,25
5741,2026-08-21,14:45,62,Camiseta Básica,Camiseta,Azul,GG,1,140.6,0.0,140.6,PIX,Física,351.0,10
5742,2026-06-29,13:15,90,Blusa Premium,Blusa,Branca,G,1,177.57,0.0,177.57,Cartão de Débito,Online,363.0,16
5743,2026-09-09,15:30,73,Vestido Social,Vestido,Preta,P,3,83.59,12.54,238.23,Cartão de Débito,Física,462.0,1
5744,2026-09-11,17:45,139,Acessório Slim,Acessório,Branca,P,4,227.76,91.1,819.94,PIX,Online,296.0,18
5745,2026-03-25,11:15,37,Bermuda Básica,Bermuda,Branca,M,4,197.74,39.55,"R$ 751,41",PIX,Física,108.0,10
5746,2026-04-21,11:30,80,Jaqueta Casual,Jaqueta,Cinza,P,4,258.13,0.0,1032.52,Cartão de Crédito,Online,218.0,10
5747,2026-08-07,18:45,45,Blusa Social,Blusa,Cinza,G,1,158.82,15.88,142.94,Cartão de Débito,Física,455.0,13
5748,2026-05-19,20:00,87,Camiseta Casual,Camiseta,Rosa,G,1,25.88,1.29,24.59,PIX,Online,174.0,10
5749,2026-07-18,19:15,34,Acessório Slim,Acessório,Azul,M,3,220.29,0.0,660.87,PIX,Física,328.0,11
5750,2026-04-02, 13:15 ,6,Acessório X,Acessório,Azul,GG,1,334.07,0.0,334.07,Cartão de Débito,Online,264.0,17
5751,2026-09-07,13:30,110,Bermuda Esporte,Bermuda,Branca,GG,2,116.53,0.0,233.06,Crediário,Online,314.0,21
5752,2026-03-02,18:30,52,Vestido Casual,Vestido,Rosa,GG,3,235.08,0.0,705.24,PIX,Física,103.0,22
5753,2026-04-29,14:45,131,Vestido Básica,Vestido,Vermelha,M,1,38.91,0.0,38.91,Dinheiro,Online,144.0,14
5754,2026-03-30,11:30,85,Blusa Casual,Blusa,Vermelha,G,1,273.43,27.34,246.09,Dinheiro,Online,204.0,18
5755,2026-09-06,11:00,146,Acessório Esporte,Acessório,Vermelha,P,3,103.95,0.0,311.85,PIX,Online,348.0,5
5756,2026-05-06,19:45,52,Vestido Casual,Vestido,Rosa,GG,1,235.08,35.26,199.82,PIX,Online,390.0,17
5757,2026-05-30,13:45,155,Bermuda X,Bermuda,Preta,M,3,134.96,0.0,404.88,Cartão de Débito,Online,349.0,25
5758,2026-05-09,17:30,20,Calça X,Calça,Vermelha,P,1,211.81,10.59,201.22,Cartão de Crédito,Online,,13
5759,2026-07-28,20:45,31,Vestido Slim,Vestido,Azul,P,3,35.57,5.34,101.37,Cartão de Débito,Física,363.0,22
5760,2026-04-04,10:00,147,Bermuda Básica,Bermuda,Branca,P,4,44.8,0.0,179.2,Cartão de Débito,Física,15.0,5
5761,2026-04-03,16:30,36,Vestido Social,Vestido,Azul,P,4,348.35,69.67,1323.73,Cartão de Débito,Física,159.0,7
5762,2026-03-28,16:15,131,Vestido Básica,Vestido,Vermelha,M,1,38.91,0.0,38.91,Dinheiro,Física,598.0,3
5763,2026-08-17,09:15,165,Blusa Casual,Blusa,Rosa,GG,4,156.99,31.4,596.56,Dinheiro,Online,519.0,12
5764,2026-09-05,21:30,150,Blusa Esporte,Blusa,Vermelha,M,4,241.11,0.0,964.44,Dinheiro,Física,436.0,5
5765,2026-06-16,15:00,163,Jaqueta Básica,Jaqueta,Branca,M,4,212.45,84.98,764.82,Cartão de Crédito,Online,527.0,10
5766,2026-07-07,13:15,93,Blusa Social,Blusa,Vermelha,GG,2,327.13,98.14,556.12,PIX,Online,352.0,24
5767,2026-06-17,15:45,67,Bermuda Básica,Bermuda,Cinza,P,3,318.87,143.49,813.12,Cartão de Crédito,Online,386.0,20
5768,2026-05-15,17:30,180,Acessório X,Acessório,Cinza,G,2,73.69,22.11,125.27,Cartão de Crédito,Física,364.0,5
5769,2026-08-31,14:45,18,Vestido Premium,Vestido,Vermelha,P,3,221.89,66.57,599.1,Crediário,Online,515.0,18
5770,2026-07-28, 14:30,167,Acessório Casual,Acessório,Preta,P,1,326.38,16.32,310.06,Cartão de Débito,Online,123.0,8
5771,2026-05-19,19:15,47,Vestido Premium,Vestido,Cinza,G,4,115.65,0.0,462.6,Crediário,Online,81.0,16
5772,2026-07-13,17:30,126,Vestido Slim,Vestido,Vermelha,M,4,262.43,52.49,"997,23",Cartão de Débito,Física,51.0,11
5773,2026-06-22,20:30,158,Blusa Social,Blusa,Rosa,M,1,185.68,0.0,185.68,Cartão de Débito,Física,347.0,18
5774,2026-08-02,10:30,2,Camiseta Básica,Camiseta,Cinza,P,1,57.67,0.0,57.67,PIX,Física,393.0,3
5775,2026-04-08,09:00,131,Vestido Básica,Vestido,Vermelha,M,3,38.91,5.84,110.89,Dinheiro,Online,269.0,15
5776,2026-05-09,14:45,144,Calça Social,Calça,Cinza,GG,1,200.29,30.04,170.25,PIX,Física,577.0,11
5777,2026-05-13,10:15,163,Jaqueta Básica,Jaqueta,Branca,M,3,212.45,95.6,541.75,Cartão de Crédito,Física,145.0,22
5778,2026-03-08,19:30,141,Acessório Slim,Acessório,Rosa,G,2,250.39,0.0,500.78,Cartão de Débito,Online,383.0,13
5779,2026-07-14,11:15,18,Vestido Premium,Vestido,Vermelha,P,4,221.89,88.76,798.8,Crediário,Física,132.0,24
5780,2026-08-02,16:00,128,Bermuda Básica,Bermuda,Preta,GG,2,193.28,0.0,386.56,PIX,Online,145.0,25
5781,2026-07-22,20:00,96,Bermuda Casual,Bermuda,Branca,M,4,123.65,0.0,494.6,Cartão de Crédito,Online,257.0,4
5782,2026-03-21,10:30,83,Camiseta Básica,Camiseta,Rosa,M,4,221.65,132.99,753.61,Dinheiro,Física,277.0,21
5783,2026-08-03,10:45,166,Vestido Premium,Vestido,Vermelha,GG,1,194.42,9.72,184.7,PIX,Física,291.0,7
5784,2026-08-03,20:15,114,Jaqueta Esporte,Jaqueta,Verde,P,3,60.77,0.0,182.31,Dinheiro,Online,171.0,2
5785,2026-03-22,18:45,147,Bermuda Básica,Bermuda,Branca,P,1,44.8,6.72,38.08,PIX,Online,382.0,14
5786,2026-07-01,20:30,125,Vestido Esporte,Vestido,Vermelha,P,4,67.79,40.67,230.49,Dinheiro,Online,,1
5787,2026-09-09,11:00,156,Jaqueta Básica,Jaqueta,Branca,G,4,292.56,0.0,1170.24,Dinheiro,Física,,23
5788,2026-06-26,13:30,112,Calça Básica,Calça,Azul,M,-2,318.38,0.0,1273.52,Crediário,Física,,2
5789,2026-08-31,12:45,155,Bermuda X,Bermuda,Preta,M,2,134.96,0.0,269.92,Cartão de Débito,Física,137.0,10
5790,2026-09-03,18:45,45,Blusa Social,Blusa,Cinza,G,3,158.82,23.82,452.64,Crediário,Física,600.0,20
5791,2026-05-25,13:30,137,Camiseta Esporte,Camiseta,Preta,M,2,149.09,0.0,298.18,Cartão de Débito,Online,458.0,19
5792,2026-03-18,09:15,17,Acessório Casual,Acessório,Rosa,P,3,277.21,0.0,831.63,Cartão de Débito,Online,299.0,25
5793,2026-03-24,19:15,106,Vestido Premium,Vestido,Cinza,G,1,201.43,20.14,181.29,Cartão de Crédito,Online,504.0,19
5794,2026-05-03,15:45,61,Acessório Básica,Acessório,Rosa,M,1,281.06,0.0,281.06,Cartão de Débito,Online,372.0,24
5795,2026-06-12,14:45,140,Acessório Premium,Acessório,Rosa,G,1,155.17,7.76,147.41,PIX,Física,441.0,10
5796,2026-08-05,20:30,171,Acessório X,Acessório,Verde,G,2,85.73,0.0,171.46,Dinheiro,Online,415.0,1
5797,2026-03-19,15:45,145,Bermuda Esporte,Bermuda,Cinza,G,1,144.91,0.0,144.91,PIX,Online,488.0,5
5798,2026-04-05,20:30,26,Bermuda Slim,Bermuda,Branca,P,1,207.97,31.2,176.77,Cartão de Débito,Física,355.0,22
5799,2026-05-21,14:15,38,Calça X,Calça,Azul,G,3,234.51,0.0,"R$ 703,53",Cartão de Débito,Online,541.0,2
5800,2026-04-29,16:15,33,Blusa X,Blusa,Vermelha,P,3,230.83,103.87,588.62,PIX,Física,164.0,23
5801,2026-07-24,10:15  ,154,Acessório Esporte,Acessório,Azul,M,4,140.03,56.01,504.11,Cartão de Débito,Online,,8
5802,2026-03-08,16:15,6,Acessório X,Acessório,Azul,GG,3,334.07,0.0,1002.21,PIX,Física,421.0,7
5803,2026-08-09,14:45,20,Calça X,Calça,Vermelha,P,3,211.81,63.54,571.89,PIX,Online,50.0,10
5804,2026-05-26, 14:30,153,Vestido Básica,Vestido,Preta,G,3,129.37,0.0,388.11,Crediário,Física,386.0,12
5805,2026-09-07,16:00,13,Calça X,Calça,Verde,M,1,118.99,11.9,107.09,Dinheiro,Online,141.0,18
5806,2026-05-24,16:00,133,Calça Social,Calça,Rosa,G,4,39.8,0.0,159.2,PIX,Online,245.0,17
5807,07/05/26,11:30,177,Bermuda Básica,Bermuda,Branca,G,3,113.66,34.1,306.88,CARTÃO DE CRÉDITO,Online,329.0,15
5808,2026-09-02,15:30,43,Vestido Básica,Vestido,Rosa,G,2,212.4,63.72,361.08,Cartão de Débito,Online,,23
5809,2026-07-27,14:45,160,Calça X,Calça,Verde,P,1,137.04,0.0,137.04,Dinheiro,Online,29.0,16
5810,2026-09-10,19:30,23,Blusa X,Blusa,Preta,P,1,219.84,32.98,186.86,Crediário,Física,356.0,8
5811,2026-04-07,14:45,51,Jaqueta Slim,Jaqueta,Verde,M,1,118.56,17.78,100.78,Cartão De Crédito,Online,384.0,15
5812,2026-03-17,16:45,62,Camiseta Básica,Camiseta,Azul,GG,2,140.6,0.0,281.2,Cartão de Crédito,Online,495.0,3
5813,2026-04-23,10:00,171,Acessório X,Acessório,Verde,G,4,85.73,51.44,291.48,PIX,Online,94.0,1
5814,2026-04-09,14:15,136,Blusa Social,Blusa,Azul,P,4,114.45,0.0,457.8,Cartão de Débito,Online,344.0,1
5815,2026-04-17,20:00,150,Blusa Esporte,Blusa,Vermelha,M,2,241.11,0.0,482.22,Cartão de Crédito,Online,345.0,18
5816,2026-09-16,14:45,109,Camiseta Básica,Camiseta,Cinza,P,3,128.12,38.44,345.92,Cartão de Débito,Física,175.0,2
5817,2026-05-14,14:30,79,Camiseta X,Camiseta,Cinza,G,1,76.54,11.48,65.06,Cartão de Crédito,Online,76.0,9
5818,2026-07-13,19:30,71,Camiseta Esporte,Camiseta,Cinza,GG,1,252.73,0.0,252.73,Cartão de Débito,Física,551.0,2
5819,2026-03-16,12:30,153,Vestido Básica,Vestido,Preta,G,2,129.37,12.94,245.8,Cartão de Débito,Online,543.0,16
5820,2026-05-22,14:30,150,Blusa Esporte,Blusa,Vermelha,M,4,241.11,48.22,916.22,Crediário,Física,80.0,12
5821,2026-08-30,13:15,44,Jaqueta Esporte,Jaqueta,Azul,GG,3,198.07,89.13,505.08,Cartão de Crédito,Física,59.0,18
5822,2026-08-22,17:30,84,Jaqueta Básica,Jaqueta,Verde,P,4,313.9,0.0,1255.6,Cartão de Crédito,Física,92.0,13
5823,2026-07-18,17:30,61,Acessório Básica,Acessório,Rosa,M,2,281.06,0.0,562.12,Cartão De Crédito,Física,34696.0,10
5824,2026-07-25,15:45,132,Acessório Básica,Acessório,Branca,P,4,296.32,0.0,1185.28,PIX,Física,499.0,24
5825,2026-04-03,20:45,27,Vestido Premium,Vestido,Cinza,G,2,137.14,13.71,260.57,PIX,Online,509.0,8
5826,2026-05-18,21:00,16,Acessório Casual,Acessório,Verde,GG,1,160.59,8.03,152.56,Cartão de Crédito,Física,474.0,5
5827,2026-03-14,10:45,65,Jaqueta Social,Jaqueta,Cinza,GG,4,77.68,0.0,310.72,Cartão de Débito,Online,266.0,5
5828,2026-08-27,14:30,151,Blusa Casual,Blusa,Preta,P,2,121.09,36.33,205.85,Cartão de Débito,Física,33.0,15
5829,2026-07-09,19:00,126,Vestido Slim,Vestido,Vermelha,M,3,262.43,118.09,669.2,Cartão de Débito,Online,352.0,4
5830,2026-09-13,12:30,47,Vestido Premium,Vestido,Cinza,G,1,115.65,0.0,115.65,PIX,Física,560.0,21
5831,2026-06-27,10:15,40,Bermuda Esporte,Bermuda,Azul,G,4,78.7,0.0,314.8,Dinheiro,Online,58.0,17
5832,2026-07-05,11:00,137,Camiseta Esporte,Camiseta,Preta,M,4,149.09,89.45,506.91,PIX,Online,391.0,8
5833,2026-04-30,20:45,104,Vestido Slim,Vestido,Verde,P,4,221.73,44.35,842.57,Cartão de Crédito,Online,503.0,19
5834,2026-03-24,12:30,8,Blusa Social,Blusa,Preta,M,2,290.68,0.0,581.36,Cartão de Débito,Online,9.0,21
5835,2026-08-25,10:00,106,Vestido Premium,Vestido,Cinza,G,4,201.43,0.0,805.72,PIX,Online,263.0,21
5836,2026-07-31,09:15,1,Acessório Premium,Acessório,Verde,G,1,129.26,0.0,129.26,Crediário,Física,228.0,24
5837,2026-05-12,12:45,96,Bermuda Casual,Bermuda,Branca,M,2,123.65,0.0,247.3,Dinheiro,Online,88.0,3
5838,2026-08-16,18:15,153,Vestido Básica,Vestido,Preta,G,4,129.37,0.0,517.48,Cartão de Crédito,Online,476.0,24
5839,2026-07-16,13:45,57,Jaqueta Básica,Jaqueta,Verde,GG,4,111.2,0.0,444.8,Cartão de Débito,Online,374.0,16
5840,2026-09-19,17:15,12,Bermuda Esporte,Bermuda,Cinza,M,3,327.44,0.0,982.32,Dinheiro,Física,275.0,22
5841,2026-04-24,15:30,35,Jaqueta Premium,Jaqueta,Preta,P,3,289.59,43.44,825.33,cartão de débito,Física,367.0,7
5842,2026-07-08,11:30,178,Calça Básica,Calça,Azul,GG,4,144.41,0.0,577.64,PIX,Online,466.0,11
5843,2026-06-05,10:45,111,Acessório Esporte,Acessório,Rosa,M,2,333.04,66.61,599.47,Cartão de Crédito,Online,151.0,1
5844,2026-07-28,19:15,82,Vestido Slim,Vestido,Vermelha,P,1,342.99,51.45,291.54,PIX,Online,529.0,25
5845,2026-05-10,13:45,23,Blusa X,Blusa,Preta,P,2,219.84,21.98,417.7,Cartão de Débito,Online,128.0,14
5846,2026-04-26,15:30,132,Acessório Básica,Acessório,Branca,P,3,296.32,133.34,755.62,Cartão de Débito,Física,265.0,24
5847,2026-05-08,19:15,152,Acessório Básica,Acessório,Verde,GG,3,238.11,0.0,"R$ 714,33",Cartão de Débito,Física,389.0,3
5848,2026-09-22,20:00,130,Blusa Esporte,Blusa,Verde,GG,3,154.8,0.0,464.4,Cartão de Débito,Física,41.0,5
5849,2026-04-21,10:45,165,Blusa Casual,Blusa,Rosa,GG,4,156.99,0.0,627.96,Dinheiro,Online,173.0,20
5850,2026-04-30,10:00,43,Vestido Básica,Vestido,Rosa,G,1,212.4,21.24,191.16,Cartão de Crédito,Física,391.0,11
5851,01/08/26,16:15,94,Acessório Casual,Acessório,Verde,M,1,202.82,0.0,202.82,Cartão de Débito,Online,16.0,2
5852,2026-08-23,19:15,34,Acessório Slim,Acessório,Azul,M,1,220.29,11.01,209.28,Cartão de Débito,Física,,23
5853,2026-03-07,17:30,3,Camiseta Social,Camiseta,Branca,GG,3,48.72,21.92,124.24,Cartão de Crédito,Física,517.0,7
5854,2026-04-06,10:30,14,Bermuda Social,Bermuda,Branca,P,2,125.8,25.16,226.44,Cartão de Crédito,Física,434.0,24
5855,22/06/2026,10:45,64,Camiseta Básica,Camiseta,Rosa,M,1,108.86,5.44,103.42,Crediário,Online,547.0,17
5856,2026-03-17,12:45,70,Blusa Slim,Blusa,Verde,GG,2,203.23,0.0,406.46,Cartão de Crédito,Física,387.0,19
5857,2026-06-28,21:30,174,Jaqueta Casual,Jaqueta,Preta,GG,4,214.83,128.9,730.42,Dinheiro,Física,62.0,15
5858,2026-04-30,09:15,148,Acessório Premium,Acessório,Vermelha,GG,1,36.52,0.0,36.52,Cartão de Débito,Online,371.0,1
5859,2026-04-29,12:00,2,Camiseta Básica,Camiseta,Cinza,P,1,57.67,8.65,49.02,dinheiro,Física,531.0,17
5860,2026-07-27,10:15,101,Vestido Social,Vestido,Vermelha,GG,4,158.47,63.39,570.49,PIX,Online,570.0,22
5861,2026-07-09,12:00,77,Vestido X,Vestido,Rosa,G,4,195.59,0.0,782.36,Cartão de Débito,Física,423.0,15
5862,2026-09-13,11:00,30,Blusa Básica,Blusa,Preta,M,2,249.41,24.94,473.88,PIX,Online,100.0,2
5863,2026-04-04,13:00,76,Bermuda Premium,Bermuda,Vermelha,M,3,45.34,6.8,129.22,Cartão de Débito,Física,488.0,16
5864,2026-07-27,14:00,79,Camiseta X,Camiseta,Cinza,G,3,76.54,34.44,195.18,Crediário,Física,250.0,2
5865,2026-06-19,15:15,86,Bermuda Casual,Bermuda,Branca,P,1,211.18,21.12,190.06,Crediário,Física,276.0,1
5866,29/05/26,11:45,134,Calça Slim,Calça,Rosa,P,3,297.88,0.0,893.64,Dinheiro,Física,461.0,2
5867,2026-08-16,15:30,37,Bermuda Básica,Bermuda,Branca,M,1,197.74,0.0,197.74,PIX,Física,512.0,4
5868,2026-07-05,19:00,84,Jaqueta Básica,Jaqueta,Verde,P,2,313.9,31.39,596.41,cartão de crédito,Física,273.0,10
5869,2026-06-07,10:45,27,Vestido Premium,Vestido,Cinza,G,3,137.14,0.0,411.42,PIX,Física,278.0,8
5870,2026-06-28,16:30,168,Vestido Casual,Vestido,Azul,M,1,255.66,0.0,255.66,PIX,Física,193.0,7
5871,2026-03-14,09:00,66,Bermuda X,Bermuda,Branca,G,1,98.66,4.93,93.73,Crediário,Física,428.0,25
5872,2026-09-22,10:30,56,Bermuda Casual,Bermuda,Verde,P,3,269.73,121.38,687.81,PIX,Online,363.0,15
5873,2026-04-16,21:45,12,Bermuda Esporte,Bermuda,Cinza,M,3,327.44,0.0,982.32,PIX,Online,229.0,15
5874,2026-04-27,21:45,170,Blusa Premium,Blusa,Azul,G,2,154.9,30.98,278.82,Dinheiro,Online,338.0,6
5875,2026-06-13, 12:45,165,Blusa Casual,Blusa,Rosa,GG,1,156.99,0.0,156.99,Cartão de Crédito,Física,,6
5876,2026-08-27,18:45,53,Camiseta Básica,Camiseta,Branca,P,1,204.54,20.45,184.09,Cartão de Débito,Online,,5
5877,2026-08-19,18:15,115,Jaqueta Social,Jaqueta,Preta,GG,3,278.18,83.45,751.09,Dinheiro,Online,155.0,20
5878,2026-09-01,17:00,164,Blusa X,Blusa,Cinza,G,2,193.36,0.0,"R$ 386,72",Cartão de Crédito,Física,341.0,1
5879,2026-04-17,20:45,65,Jaqueta Social,Jaqueta,Cinza,GG,1,77.68,0.0,77.68,PIX,Online,,15
5880,2026-04-04,16:15,153,Vestido Básica,Vestido,Preta,G,2,129.37,38.81,219.93,Cartão de Débito,Online,28.0,2
5881,2026-04-05,10:45,32,Bermuda Premium,Bermuda,Azul,GG,1,298.98,0.0,298.98,Crediário,Online,391.0,1
5882,2026-09-01,09:30  ,178,Calça Básica,Calça,Azul,GG,4,144.41,0.0,577.64,Cartão de Débito,Online,145.0,17
5883,2026-08-16, 11:45,146,Acessório Esporte,Acessório,Vermelha,P,3,103.95,31.18,280.67,Cartão de Débito,Online,352.0,8
5884,2026-05-19,13:45,39,Calça Social,Calça,Vermelha,GG,1,327.41,0.0,"327,41",Cartão de Crédito,Online,545.0,23
5885,2026-09-08,17:30,134,Calça Slim,Calça,Rosa,P,4,297.88,0.0,1191.52,PIX,Física,37.0,6
5886,2026-08-16,21:45,127,Vestido Social,Vestido,Rosa,G,2,72.5,21.75,123.25,Cartão de Crédito,Física,510.0,21
5887,2026-04-12,11:30,147,Bermuda Básica,Bermuda,Branca,P,4,44.8,0.0,179.2,Cartão de Débito,Online,579.0,18
5888,2026-04-11,09:00,170,Blusa Premium,Blusa,Azul,G,2,154.9,30.98,278.82,PIX,Física,194.0,14
5889,2026-06-10,11:15,126,Vestido Slim,Vestido,Vermelha,M,2,262.43,0.0,524.86,crediário,Física,519.0,22
5890,2026-06-25,09:15,87,Camiseta Casual,Camiseta,Rosa,G,1,25.88,0.0,25.88,Crediário,Online,503.0,7
5891,2026-06-29,21:15,84,Jaqueta Básica,Jaqueta,Verde,P,2,313.9,94.17,533.63,Cartão de Crédito,Online,344.0,22
5892,2026-07-13,17:45,50,Blusa Esporte,Blusa,Vermelha,GG,1,189.51,18.95,170.56,Cartão de Crédito,Online,508.0,11
5893,2026-07-14,20:00,149,Calça Premium,Calça,Vermelha,P,2,296.39,0.0,592.78,Cartão de Débito,Online,129.0,18
5894,2026-05-14,17:00,109,Camiseta Básica,Camiseta,Cinza,P,3,128.12,19.22,"365,14",Cartão de Débito,Física,,11
5895,2026-05-08,10:00,93,Blusa Social,Blusa,Vermelha,GG,3,327.13,0.0,981.39,crediário,Online,600.0,10
5896,2026-08-05, 19:30,72,Blusa Premium,Blusa,Verde,GG,2,252.12,75.64,428.6,pix,Física,158.0,19
5897,2026-05-22,09:00,25,Blusa Social,Blusa,Rosa,M,3,285.55,128.5,728.15,PIX,Física,591.0,12
5898,2026-04-13,21:00,105,Vestido Esporte,Vestido,Vermelha,P,1,168.87,8.44,160.43,Crediário,Física,193.0,12
5899,2026-06-29,10:00,28,Camiseta Social,Camiseta,Rosa,GG,3,276.72,0.0,830.16,Dinheiro,Online,146.0,8
5900,2026-08-20,11:15,13,Calça X,Calça,Verde,M,2,118.99,35.7,202.28,Cartão de Crédito,Física,9.0,13
5901,2026-07-29,13:30,176,Camiseta Premium,Camiseta,Vermelha,GG,2,225.97,0.0,451.94,PIX,Online,235.0,16
5902,2026-03-24,21:45,126,Vestido Slim,Vestido,Vermelha,M,4,262.43,0.0,1049.72,Crediário,Física,474.0,18
5903,2026-04-22,19:00,152,Acessório Básica,Acessório,Verde,GG,2,238.11,0.0,476.22,Cartão de Débito,Física,432.0,25
5904,2026-04-15,21:45,171,Acessório X,Acessório,Verde,G,3,85.73,38.58,218.61,Crediário,Física,169.0,21
5905,2026-03-31,17:00,159,Acessório Slim,Acessório,Azul,G,4,201.01,0.0,804.04,Cartão de Débito,Física,587.0,12
5906,29/05/2026,21:00,141,Acessório Slim,Acessório,Rosa,G,4,250.39,0.0,1001.56,Cartão de Crédito,Física,575.0,19
5907,2026-07-26,19:45,13,Calça X,Calça,Verde,M,1,118.99,5.95,113.04,PIX,Online,464.0,2
5908,2026-03-17,17:45,169,Vestido Esporte,Vestido,Rosa,M,3,120.16,0.0,360.48,Crediário,Online,506.0,4
5909,2026-08-13,14:00,117,Vestido Casual,Vestido,Azul,P,2,314.94,0.0,"629,88",PIX,Física,496.0,8
5910,2026-06-05,10:15,99,Vestido Social,Vestido,Rosa,P,3,135.91,61.16,346.57,PIX,Física,145.0,4
5911,2026-03-12,14:45,123,Blusa Esporte,Blusa,Rosa,P,4,261.56,0.0,1046.24,Cartão de Débito,Física,,22
5912,2026-06-04,21:15,26,Bermuda Slim,Bermuda,Branca,P,1,207.97,10.4,197.57,Crediário,Online,33.0,25
5913,2026-09-23,11:45,69,Camiseta Social,Camiseta,Branca,M,1,96.99,0.0,96.99,Cartão de Crédito,Online,121.0,9
5914,2026-07-02,21:45,77,Vestido X,Vestido,Rosa,G,2,195.59,58.68,332.5,Cartão de Crédito,Física,506.0,9
5915,2026-04-09,14:15,93,Blusa Social,Blusa,Vermelha,GG,2,327.13,32.71,621.55,PIX,Online,319.0,25
5916,2026-07-04,15:00,133,Calça Social,Calça,Rosa,G,2,39.8,0.0,79.6,PIX,Física,,23
5917,2026-04-02,14:45,131,Vestido Básica,Vestido,Vermelha,M,2,38.91,11.67,66.15,Cartão de Débito,Online,408.0,14
5918,2026-08-03,13:45,171,Acessório X,Acessório,Verde,G,2,85.73,0.0,171.46,Crediário,Online,401.0,15
5919,2026-07-19,14:15,135,Camiseta Slim,Camiseta,Preta,GG,1,333.31,0.0,333.31,Cartão de Débito,Física,65.0,20
5920,2026-07-24,10:00,49,Calça Básica,Calça,Verde,GG,1,193.27,0.0,193.27,Cartão de Crédito,Física,87.0,5
5921,2026-05-22,13:15,29,Blusa Esporte,Blusa,Branca,M,1,318.44,47.77,270.67,PIX,Online,327.0,19
5922,2026-09-14,19:45,175,Calça Social,Calça,Rosa,P,1,90.45,0.0,90.45,Cartão de Crédito,Online,263.0,4
5923,2026-06-16,14:00,25,Blusa Social,Blusa,Rosa,M,1,285.55,0.0,"285,55",Crediário,Física,96.0,9
5924,2026-06-13,18:45,19,Blusa Casual,Blusa,Preta,M,4,212.08,0.0,848.32,Cartão de Débito,Física,561.0,7
5925,2026-08-04,18:15,95,Bermuda Básica,Bermuda,Verde,P,3,40.47,6.07,115.34,Cartão de Débito,Física,6.0,25
5926,2026-09-04,13:30,129,Vestido X,Vestido,Branca,GG,3,295.38,44.31,841.83,Cartão de Débito,Online,524.0,21
5927,2026-05-01,13:45,146,Acessório Esporte,Acessório,Vermelha,P,3,103.95,0.0,311.85,Crediário,Online,252.0,4
5928,2026-06-17,13:45,42,Bermuda Casual,Bermuda,Branca,P,2,336.75,67.35,606.15,Cartão de Débito,Física,111.0,22
5929,2026-07-20,20:30,92,Calça Casual,Calça,Rosa,G,2,164.58,0.0,329.16,Cartão de Débito,Online,436.0,4
5930,2026-06-09,20:45,142,Acessório Básica,Acessório,Cinza,G,2,333.62,0.0,667.24,PIX,Online,535.0,18
5931,2026-04-30,20:00,137,Camiseta Esporte,Camiseta,Preta,M,4,149.09,59.64,536.72,Cartão de Crédito,Física,9.0,25
5932,2026-06-05,15:30,177,Bermuda Básica,Bermuda,Branca,G,2,113.66,11.37,215.95,Crediário,Online,295.0,2
5933,2026-05-25,15:45,65,Jaqueta Social,Jaqueta,Cinza,GG,4,77.68,15.54,295.18,Cartão de Crédito,Física,222.0,12
5934,2026-03-21,18:00,148,Acessório Premium,Acessório,Vermelha,GG,2,36.52,7.3,65.74,Cartão de Débito,Física,92.0,16
5935,2026-04-30,12:45,176,Camiseta Premium,Camiseta,Vermelha,GG,3,225.97,0.0,677.91,Cartão de Crédito,Online,,1
5936,2026-04-26,13:30,84,Jaqueta Básica,Jaqueta,Verde,P,2,313.9,31.39,596.41,Cartão de Crédito,Física,218.0,2
5937,2026-06-10, 18:15,24,Blusa X,Blusa,Cinza,GG,3,80.81,0.0,242.43,Crediário,Online,2.0,21
5938,2026-05-29,13:30,114,Jaqueta Esporte,Jaqueta,Verde,P,1,60.77,9.12,51.65,PIX,Física,181.0,7
5939,2026-05-10,14:30,2,Camiseta Básica,Camiseta,Cinza,P,4,57.67,23.07,207.61,Cartão de Crédito,Física,18.0,10
5940,2026-09-02,09:00,73,Vestido Social,Vestido,Preta,P,3,83.59,0.0,250.77,PIX,Física,230.0,18
5941,2026-06-14,15:30,96,Bermuda Casual,Bermuda,Branca,M,3,123.65,37.1,333.85,Cartão de Débito,Online,359.0,19
5942,2026-06-15,11:00,60,Acessório Esporte,Acessório,Azul,G,2,112.08,11.21,212.95,Cartão de Crédito,Online,576.0,11
5943,2026-06-27,15:15,57,Jaqueta Básica,Jaqueta,Verde,GG,4,111.2,0.0,444.8,PIX,Online,373.0,20
5944,01-06-2026,12:15,3,Camiseta Social,Camiseta,Branca,GG,3,48.72,21.92,124.24,Cartão de Débito,Física,563.0,6
5945,2026-04-27,16:30,25,Blusa Social,Blusa,Rosa,M,1,285.55,42.83,242.72,Dinheiro,Física,587.0,25
5946,2026-03-18,15:45,34,Acessório Slim,Acessório,Azul,M,3,220.29,0.0,660.87,PIX,Online,194.0,9
5947,2026-06-24,09:00,51743,Blusa Social,Blusa,Rosa,P,3,270.36,0.0,811.08,Cartão de Crédito,Física,522.0,4
5948,11-06-2026,20:00,86,Bermuda Casual,Bermuda,Branca,P,2,211.18,0.0,"R$ 422,36",PIX,Física,562.0,6
5949,2026-04-18, 14:45 ,70,Blusa Slim,Blusa,Verde,GG,3,203.23,60.97,548.72,Dinheiro,Online,276.0,12
5950,2026-05-29,17:30,126,Vestido Slim,Vestido,Vermelha,M,2,262.43,52.49,472.37,Cartão de Débito,Física,,11
5951,2026-06-06,14:00,175,Calça Social,Calça,Rosa,P,4,90.45,0.0,361.8,Crediário,Online,123.0,4
5952,2026-03-06,18:30,76,Bermuda Premium,Bermuda,Vermelha,M,2,45.34,0.0,90.68,Dinheiro,Física,392.0,22
5953,14-04-2026,16:45,178,Calça Básica,Calça,Azul,GG,1,144.41,21.66,122.75,Cartão de Débito,Física,84.0,6
5954,2026-04-07,19:30,62,Camiseta Básica,Camiseta,Azul,GG,3,140.6,0.0,421.8,Cartão de Crédito,Online,102.0,6
5955,2026-08-06,09:30  ,117,Vestido Casual,Vestido,Azul,P,1,314.94,0.0,314.94,PIX,Online,60.0,13
5956,2026-09-21,21:45,90,Blusa Premium,Blusa,Branca,G,4,177.57,71.03,639.25,Cartão de Crédito,Online,4.0,6
5957,2026-08-14,15:00,59,Acessório X,Acessório,Azul,G,1,137.62,20.64,116.98,Cartão de Crédito,Física,116.0,19
5958,2026-09-07,18:30,136,Blusa Social,Blusa,Azul,P,1,114.45,17.17,97.28,Crediário,Física,228.0,13
5959,2026-09-24,13:45,156,Jaqueta Básica,Jaqueta,Branca,G,1,292.56,0.0,292.56,Cartão de Débito,Física,582.0,23
5960,2026-08-24,15:15,4,Jaqueta Básica,Jaqueta,Vermelha,M,2,148.57,0.0,297.14,Cartão de Crédito,Física,471.0,10
5961,2026-03-02,15:45,90,Blusa Premium,Blusa,Branca,G,2,177.57,53.27,301.87,Cartão de Débito,Física,128.0,15
5962,2026-08-14,15:30,147,Bermuda Básica,Bermuda,Branca,P,3,44.8,6.72,127.68,Dinheiro,Física,239.0,17
5963,2026-07-07,09:15,64,Camiseta Básica,Camiseta,Rosa,M,2,108.86,21.77,195.95,Dinheiro,Física,8.0,18
5964,2026-07-20,13:00,65,Jaqueta Social,Jaqueta,Cinza,GG,2,77.68,7.77,147.59,PIX,Física,538.0,7
5965,2026-08-04, 21:00,39,Calça Social,Calça,Vermelha,GG,1,327.41,0.0,327.41,DINHEIRO,Online,67.0,12
5966,2026-05-02,18:15,106,Vestido Premium,Vestido,Cinza,G,1,201.43,0.0,201.43,Cartão de Débito,Física,23.0,9
5967,2026-07-29,09:00,66,Bermuda X,Bermuda,Branca,G,4,98.66,0.0,394.64,PIX,Online,58.0,10
5968,2026-04-17,20:45,34,Acessório Slim,Acessório,Azul,M,4,220.29,0.0,881.16,Cartão de Crédito,Física,575.0,19
5969,2026-03-20,13:30,9,Jaqueta Social,Jaqueta,Rosa,G,3,97.54,43.89,248.73,Cartão de Crédito,Online,431.0,4
5970,2026-09-04,19:45,103,Jaqueta Social,Jaqueta,Verde,G,1,239.05,11.95,227.1,Cartão de Crédito,Física,473.0,14
5971,2026-05-08,12:15,172,Camiseta Social,Camiseta,Rosa,G,1,281.43,0.0,281.43,PIX,Física,122.0,5
5972,2026-09-04,14:30,122,Bermuda Casual,Bermuda,Rosa,GG,3,286.85,0.0,860.55,Dinheiro,Online,79.0,21
5973,2026-09-25,16:15,64,Camiseta Básica,Camiseta,Rosa,M,-2,108.86,43.54,391.9,cartao credito,Online,201.0,15
5974,2026-05-24,16:30,134,Calça Slim,Calça,Rosa,P,4,297.88,0.0,1191.52,Cartão de Débito,Física,300.0,8
5975,2026-07-19,18:15,57,Jaqueta Básica,Jaqueta,Verde,GG,2,111.2,0.0,222.4,Dinheiro,Física,553.0,4
5976,2026-08-01,13:00,59,Acessório X,Acessório,Azul,G,2,137.62,41.29,233.95,PIX,Física,284.0,8
5977,2026-05-03,11:30,165,Blusa Casual,Blusa,Rosa,GG,2,156.99,31.4,282.58,PIX,Física,381.0,17
5978,2026-07-02,16:45,118,Camiseta Esporte,Camiseta,Azul,M,2,214.08,21.41,406.75,Cartão de Crédito,Online,580.0,4
5979,2026-09-12,21:45,97,Camiseta Slim,Camiseta,Azul,M,2,174.51,0.0,349.02,Cartão de Débito,Física,441.0,3
5980,2026-04-10,18:15,153,Vestido Básica,Vestido,Preta,G,2,129.37,0.0,258.74,Cartão de Crédito,Online,36.0,2
5981,15-09-2026,15:15,104,Vestido Slim,Vestido,Verde,P,1,221.73,0.0,221.73,Cartão de Débito,Online,420.0,13
5982,2026-03-13,18:30,92,Calça Casual,Calça,Rosa,G,4,164.58,0.0,658.32,Cartão de Crédito,Física,91.0,4
5983,2026-04-06,11:45,39,Calça Social,Calça,Vermelha,GG,3,327.41,0.0,982.23,PIX,Física,336.0,11
5984,2026-09-23,17:45,145,Bermuda Esporte,Bermuda,Cinza,G,3,144.91,0.0,434.73,Cartão de Débito,Online,286.0,23
5985,2026-05-16,13:00,74,Acessório Social,Acessório,Preta,GG,4,90.99,0.0,363.96,Crediário,Online,384.0,9
5986,2026-05-30,10:15,81,Calça Social,Calça,Cinza,P,4,125.82,0.0,503.28,PIX,Física,548.0,1
5987,2026-07-26,14:15,151,Blusa Casual,Blusa,Preta,P,3,121.09,36.33,326.94,Cartão de Débito,Física,412.0,5
5988,2026-05-04,17:15,168,Vestido Casual,Vestido,Azul,M,2,255.66,0.0,511.32,Cartão de Crédito,Física,41.0,19
5989,2026-04-06,13:30,151,Blusa Casual,Blusa,Preta,P,4,121.09,48.44,435.92,Crediário,Física,99.0,10
5990,2026-08-28,12:30,43,Vestido Básica,Vestido,Rosa,G,4,212.4,127.44,"722,16",Cartão de Débito,Física,506.0,4
5991,2026-09-17,17:15,69,Camiseta Social,Camiseta,Branca,M,4,96.99,0.0,387.96,Dinheiro,Física,85.0,13
5992,2026-06-22,21:15,106,Vestido Premium,Vestido,Cinza,G,2,201.43,0.0,402.86,Dinheiro,Online,425.0,7
5993,2026-04-08,12:15,167,Acessório Casual,Acessório,Preta,P,1,326.38,16.32,310.06,Cartão De Crédito,Física,304.0,25
5994,2026-06-24,12:45,99,Vestido Social,Vestido,Rosa,P,4,135.91,0.0,543.64,Cartão de Débito,Online,348.0,1
5995,2026-05-05,12:00,133,Calça Social,Calça,Rosa,G,3,39.8,17.91,101.49,Cartão de Débito,Física,276.0,19
5996,2026-03-17,18:45,142,Acessório Básica,Acessório,Cinza,G,4,333.62,2272.903249277872,1201.03,Cartão de Débito,Online,189.0,8
5997,2026-07-22,14:00,142,Acessório Básica,Acessório,Cinza,G,4,333.62,200.17,1134.31,Cartão de Débito,Online,173.0,6
5998,2026-07-07,10:00,154,Acessório Esporte,Acessório,Azul,M,3,140.03,63.01,357.08,Cartão de Crédito,Física,567.0,17
5999,2026-09-04,20:00,135,Camiseta Slim,Camiseta,Preta,GG,1,333.31,0.0,333.31,Cartão de Débito,Online,240.0,12
6000,2026-05-15,21:30,21,Jaqueta Casual,Jaqueta,Cinza,G,3,186.68,28.0,"R$ 532,04",Dinheiro,Física,,5
6001,2026-05-01,15:45,11,Calça Básica,Calça,Vermelha,G,3,297.24,0.0,891.72,Cartão de Crédito,Online,569.0,16
6002,2026-03-05,14:15,150,Blusa Esporte,Blusa,Vermelha,M,4,241.11,0.0,964.44,PIX,Online,75076.0,9
6003,2026-09-02,18:15,155,Bermuda X,Bermuda,Preta,M,4,134.96,53.98,485.86,PIX,Online,430.0,16
6004,2026-04-03,14:30,33,Blusa X,Blusa,Vermelha,P,3,230.83,34.62,657.87,Cartão de Crédito,Online,545.0,16
6005,2026-06-05,12:30,5,Jaqueta Slim,Jaqueta,Branca,GG,3,87.47,0.0,262.41,PIX,Física,203.0,16
6006,2026-07-30,15:15,3,Camiseta Social,Camiseta,Branca,GG,2,48.72,0.0,97.44,Cartão de Débito,Online,,20
6007,2026-05-06,10:00,67,Bermuda Básica,Bermuda,Cinza,P,1,318.87,15.94,"302,93",PIX,Física,308.0,15
6008,2026-03-11,09:15,169,Vestido Esporte,Vestido,Rosa,M,1,120.16,12.02,108.14,Cartão de Débito,Online,383.0,1
6009,2026-08-27,10:30  ,87,Camiseta Casual,Camiseta,Rosa,G,4,25.88,15.53,87.99,Cartão de Débito,Física,178.0,25
6010,17/03/26,18:00,139,Acessório Slim,Acessório,Branca,P,2,227.76,0.0,"R$ 455,52",PIX,Online,80.0,1
6011,2026-03-06,19:45,155,Bermuda X,Bermuda,Preta,M,4,134.96,0.0,539.84,Cartão de Crédito,Física,208.0,9
6012,2026-06-26,15:45,162,Blusa Premium,Blusa,Branca,M,4,219.23,0.0,876.92,Cartão de Débito,Física,540.0,18
6013,2026-05-25,19:45,66,Bermuda X,Bermuda,Branca,G,2,98.66,9.87,187.45,Cartão de Débito,Online,23.0,13
6014,2026-06-26,19:00,32,Bermuda Premium,Bermuda,Azul,GG,1,298.98,29.9,269.08,Cartão de Crédito,Online,36.0,5
6015,2026-09-01,17:15,117,Vestido Casual,Vestido,Azul,P,2,314.94,31.49,598.39,Cartão de Débito,Física,363.0,13
6016,2026-05-19,13:30,75,Jaqueta Casual,Jaqueta,Azul,G,2,238.16,811.2793967951933,428.69,PIX,Física,443.0,2
6017,2026-05-27,13:45,110,Bermuda Esporte,Bermuda,Branca,GG,3,116.53,0.0,349.59,Dinheiro,Online,208.0,5
6018,2026-06-11,11:00,93,Blusa Social,Blusa,Vermelha,GG,4,327.13,0.0,1308.52,Dinheiro,Online,114.0,9
6019,2026-04-19,19:30,60,Acessório Esporte,Acessório,Azul,G,3,112.08,50.44,285.8,Cartão de Crédito,Física,307.0,6
6020,2026-04-28,12:00,86,Bermuda Casual,Bermuda,Branca,P,2,211.18,42.24,380.12,Cartão de Débito,Online,,1
6021,2026-09-03,12:45,45,Blusa Social,Blusa,Cinza,G,2,158.82,47.65,269.99,Cartão de Crédito,Online,12.0,10
6022,2026-06-24,10:15,146,Acessório Esporte,Acessório,Vermelha,P,2,103.95,10.4,197.5,Crediário,Física,394.0,15
6023,2026-05-31,11:15,78,Blusa Casual,Blusa,Cinza,M,2,332.45,66.49,598.41,Crediário,Online,261.0,23
6024,2026-04-01,20:30,129,Vestido X,Vestido,Branca,GG,2,295.38,88.61,502.15,Cartão de Débito,Online,385.0,22
6025,2026-08-21,21:45,78,Blusa Casual,Blusa,Cinza,M,3,332.45,0.0,997.35,Cartão de Crédito,Física,59.0,13
6026,2026-04-19,12:15,114,Jaqueta Esporte,Jaqueta,Verde,P,1,60.77,0.0,60.77,pix,Online,431.0,10
6027,2026-03-25,10:15,166,Vestido Premium,Vestido,Vermelha,GG,1,194.42,0.0,194.42,Cartão de Débito,Online,453.0,23
6028,2026-08-23, 18:15 ,48,Camiseta Esporte,Camiseta,Preta,G,1,170.37,0.0,170.37,Cartão de Crédito,Online,333.0,5
6029,2026-08-23,20:15,16,Acessório Casual,Acessório,Verde,GG,2,160.59,48.18,273.0,PIX,Física,530.0,18
6030,2026-08-27,15:45,114,Jaqueta Esporte,Jaqueta,Verde,P,2,60.77,18.23,103.31,CARTÃO DE DÉBITO,Física,,4
6031,2026-09-19,17:00,41,Jaqueta Casual,Jaqueta,Cinza,GG,3,274.27,123.42,699.39,Cartão de Crédito,Física,307.0,22
6032,2026-08-09,14:45,12074,Jaqueta Social,Jaqueta,Cinza,GG,1,77.68,0.0,77.68,PIX,Online,417.0,7
6033,07/05/26,18:30,142,Acessório Básica,Acessório,Cinza,G,1,333.62,50.04,283.58,Cartão de Débito,Física,1.0,19
6034,2026-05-23,10:45,26,Bermuda Slim,Bermuda,Branca,P,2,207.97,41.59,374.35,Crediário,Online,353.0,3
6035,2026-08-29,16:45,44,Jaqueta Esporte,Jaqueta,Azul,GG,1,198.07,29.71,168.36,Crediário,Online,553.0,19
6036,2026-07-12,20:45,15,Blusa Social,Blusa,Azul,M,2,303.57,30.36,576.78,Dinheiro,Online,14.0,25
6037,2026-07-30,19:30,120,Vestido Premium,Vestido,Rosa,GG,3,304.25,0.0,912.75,Dinheiro,Online,42.0,10
6038,2026-06-09,10:15,16,Acessório Casual,Acessório,Verde,GG,1,160.59,8.03,152.56,Dinheiro,Física,279.0,5
6039,2026-08-25,09:45,165,Blusa Casual,Blusa,Rosa,GG,4,156.99,0.0,627.96,Cartão de Crédito,Física,176.0,5
6040,2026-08-23,21:00,128,Bermuda Básica,Bermuda,Preta,GG,3,193.28,86.98,492.86,Crediário,Física,9.0,4
6041,2026-08-22,12:00,99,Vestido Social,Vestido,Rosa,P,2,135.91,0.0,271.82,cartão de crédito,Física,54.0,16
6042,2026-09-16,12:00,172,Camiseta Social,Camiseta,Rosa,G,2,281.43,0.0,562.86,Cartão de Crédito,Física,594.0,2
6043,2026-07-18,20:30,20,Calça X,Calça,Vermelha,P,2,211.81,63.54,360.08,Crediário,Física,338.0,7
6044,2026-04-16,11:15,124,Jaqueta Slim,Jaqueta,Verde,G,1,210.25,0.0,210.25,Cartão de Débito,Física,285.0,18
6045,2026-08-07,16:45,70,Blusa Slim,Blusa,Verde,GG,3,203.23,30.48,579.21,PIX,Física,259.0,5
6046,2026-04-01,21:45,11,Calça Básica,Calça,Vermelha,G,4,297.24,0.0,1188.96,Cartão de Crédito,Online,383.0,3
6047,2026-08-12,16:15,6,Acessório X,Acessório,Azul,GG,2,334.07,100.22,567.92,Cartão de Débito,Física,378.0,15
6048,2026-09-09,21:00,48,Camiseta Esporte,Camiseta,Preta,G,4,170.37,68.15,613.33,Cartão de Crédito,Online,97.0,13
6049,2026-07-14,18:30,44,Jaqueta Esporte,Jaqueta,Azul,GG,2,198.07,0.0,396.14,Cartão de Crédito,Física,202.0,22
6050,2026-07-20,09:30,125,Vestido Esporte,Vestido,Vermelha,P,1,67.79,0.0,"67,79",Crediário,Física,276.0,14
6051,2026-05-23,12:15,164,Blusa X,Blusa,Cinza,G,1,193.36,19.34,174.02,PIX,Física,256.0,22
6052,2026-07-27,17:30,48,Camiseta Esporte,Camiseta,Preta,G,4,170.37,0.0,681.48,Dinheiro,Online,481.0,5
6053,2026-08-04,12:30,143,Acessório Premium,Acessório,Rosa,M,3,297.19,0.0,891.57,Cartão de Débito,Online,323.0,3
6054,2026-06-18,21:30,123,Blusa Esporte,Blusa,Rosa,P,3,261.56,117.7,666.98,Dinheiro,Física,76.0,12
6055,2026-07-27,10:30,25,Blusa Social,Blusa,Rosa,M,4,285.55,114.22,1027.98,PIX,Online,287.0,20
6056,2026-08-17,10:45,170,Blusa Premium,Blusa,Azul,G,2,154.9,30.98,"278,82",Cartão de Débito,Online,326.0,16
6057,2026-06-07,10:00,171,Acessório X,Acessório,Verde,G,1,85.73,0.0,85.73,Cartão de Crédito,Online,517.0,14
6058,2026-06-10,20:00,157,Blusa Social,Blusa,Rosa,GG,1,325.37,32.54,292.83,Cartão de Crédito,Online,60.0,14
6059,2026-04-07,15:15,102,Bermuda X,Bermuda,Azul,G,1,181.84,0.0,181.84,Cartão de Crédito,Física,265.0,5
6060,14-09-2026,13:30,174,Jaqueta Casual,Jaqueta,Preta,GG,4,214.83,0.0,859.32,PIX,Física,97.0,10
6061,2026-06-10,16:00,135,Camiseta Slim,Camiseta,Preta,GG,3,333.31,0.0,"999,93",Cartão de Débito,Online,,2
6062,2026-03-30,21:45,42,Bermuda Casual,Bermuda,Branca,P,3,336.75,101.02,909.23,PIX,Física,524.0,19
6063,2026-07-25,20:00,142,Acessório Básica,Acessório,Cinza,G,1,333.62,0.0,333.62,Cartão de Débito,Física,285.0,14
6064,2026-07-25,20:30,177,Bermuda Básica,Bermuda,Branca,G,1,113.66,17.05,96.61,Cartão de Débito,Física,133.0,3
6065,2026-03-02,12:30,95,Bermuda Básica,Bermuda,Verde,P,3,40.47,18.21,103.2,Cartão de Débito,Física,344.0,8
6066,2026-08-25,17:30,127,Vestido Social,Vestido,Rosa,G,2,72.5,0.0,145.0,Cartão de Débito,Online,298.0,15
6067,2026-03-26,13:30,138,Acessório Social,Acessório,Rosa,G,2,125.4,12.54,238.26,Crediário,Online,,13
6068,07/06/26,19:30,26,Bermuda Slim,Bermuda,Branca,P,1,207.97,20.8,187.17,Cartão de Crédito,Física,489.0,24
6069,2026-06-26,11:30,146,Acessório Esporte,Acessório,Vermelha,P,2,103.95,10.4,197.5,Crediário,Online,121.0,4
6070,2026-03-15,21:00,171,Acessório X,Acessório,Verde,G,1,85.73,0.0,85.73,Cartão de Crédito,Online,516.0,25
6071,2026-03-02,19:45,164,Blusa X,Blusa,Cinza,G,4,193.36,116.02,657.42,Dinheiro,Física,85.0,10
6072,06-07-2026,10:15,74,Acessório Social,Acessório,Preta,GG,4,90.99,36.4,327.56,Cartão de Débito,Online,216.0,14
6073,08/08/2026,21:45,101,Vestido Social,Vestido,Vermelha,GG,2,158.47,0.0,316.94,PIX,Online,398.0,16
6074,2026-08-28,12:45,47,Vestido Premium,Vestido,Cinza,G,3,115.65,17.35,329.6,Cartão de Crédito,Física,70.0,18
6075,2026-05-29,11:30,55,Vestido Premium,Vestido,Verde,P,3,95.27,28.58,257.23,Cartão de Débito,Física,15765.0,7
6076,2026-06-15,16:45,97,Camiseta Slim,Camiseta,Azul,M,2,174.51,17.45,331.57,Dinheiro,Física,313.0,14
6077,2026-06-12,13:00,89,Acessório Slim,Acessório,Preta,P,1,283.36,42.5,240.86,Cartão de Crédito,Física,293.0,21
6078,2026-04-05,20:45,102,Bermuda X,Bermuda,Azul,G,3,181.84,27.28,518.24,PIX,Física,214.0,23
6079,2026-09-21,18:00,10,Jaqueta Casual,Jaqueta,Cinza,GG,4,338.29,135.32,1217.84,Dinheiro,Física,144.0,24
6080,2026-05-19,11:45,57,Jaqueta Básica,Jaqueta,Verde,GG,3,111.2,50.04,283.56,Dinheiro,Online,407.0,15
6081,2026-09-13,19:00,130,Blusa Esporte,Blusa,Verde,GG,3,154.8,0.0,464.4,Cartão de Débito,Física,432.0,5
6082,2026-08-08,19:30,109,Camiseta Básica,Camiseta,Cinza,P,3,128.12,19.22,365.14,PIX,Física,454.0,17
6083,2026-04-26,09:00,154,Acessório Esporte,Acessório,Azul,M,2,140.03,28.01,252.05,Cartão de Crédito,Online,529.0,3
6084,2026-03-25,09:00,131,Vestido Básica,Vestido,Vermelha,M,3,38.91,17.51,99.22,Dinheiro,Física,,8
6085,2026-05-15,16:15,19,Blusa Casual,Blusa,Preta,M,1,212.08,31.81,"R$ 180,27",Cartão de Débito,Física,40.0,13
6086,2026-04-27,12:00,143,Acessório Premium,Acessório,Rosa,M,1,297.19,29.72,"267,47",PIX,Online,452.0,5
6087,2026-05-14,14:45,19,Blusa Casual,Blusa,Preta,M,3,212.08,0.0,636.24,Cartão de Débito,Física,49.0,12
6088,2026-09-06,17:30,171,Acessório X,Acessório,Verde,G,3,85.73,0.0,257.19,Crediário,Online,325.0,12
6089,2026-06-07,17:30,117,Vestido Casual,Vestido,Azul,P,1,314.94,0.0,314.94,Cartão de Débito,Online,237.0,13
6090,2026-07-22,11:15,106,Vestido Premium,Vestido,Cinza,G,1,201.43,20.14,181.29,Cartão de Crédito,Online,116.0,14
6091,2026-04-23,16:30,172,Camiseta Social,Camiseta,Rosa,G,2,281.43,0.0,562.86,PIX,Online,187.0,21
6092,2026-07-08,15:00,121,Vestido Casual,Vestido,Verde,G,4,101.83,61.1,346.22,PIX,Online,511.0,1
6093,2026-08-12,10:30,29,Blusa Esporte,Blusa,Branca,M,2,318.44,31.84,605.04,Cartão de Crédito,Online,386.0,7
6094,2026-05-24,10:15,75,Jaqueta Casual,Jaqueta,Azul,G,4,238.16,0.0,952.64,Cartão de Crédito,Online,214.0,2
6095,2026-07-14,18:15,3,Camiseta Social,Camiseta,Branca,GG,4,48.72,0.0,194.88,PIX,Online,,13
6096,2026-09-24,16:00,104,Vestido Slim,Vestido,Verde,P,1,221.73,0.0,221.73,PIX,Online,291.0,7
6097,2026-04-07,20:00,113,Blusa Social,Blusa,Rosa,P,3,270.36,0.0,811.08,Cartão de Débito,Online,360.0,2
6098,2026-03-25,13:30,128,Bermuda Básica,Bermuda,Preta,GG,4,193.28,115.97,657.15,Cartão de Débito,Online,499.0,12
6099,2026-06-26,12:15,26,Bermuda Slim,Bermuda,Branca,P,4,207.97,0.0,831.88,Cartão de Débito,Física,251.0,6
6100,2026-08-20,16:15,89,Acessório Slim,Acessório,Preta,P,3,283.36,0.0,850.08,Crediário,Online,417.0,4
6101,2026-08-11,10:00,139,Acessório Slim,Acessório,Branca,P,2,227.76,68.33,387.19,Cartão de Débito,Física,24.0,9
6102,2026-08-10,13:00,124,Jaqueta Slim,Jaqueta,Verde,G,4,210.25,84.1,756.9,Cartão de Crédito,Física,512.0,18
6103,2026-08-31,19:15,115,Jaqueta Social,Jaqueta,Preta,GG,4,278.18,55.64,1057.08,Cartão de Crédito,Física,249.0,6
6104,2026-05-01,12:00,173,Jaqueta Casual,Jaqueta,Cinza,GG,2,328.02,98.41,557.63,PIX,Online,185.0,4
6105,2026-03-09,14:00,13,Calça X,Calça,Verde,M,3,118.99,0.0,356.97,Cartão de Débito,Física,77.0,7
6106,2026-08-13,13:45,85,Blusa Casual,Blusa,Vermelha,G,3,273.43,0.0,820.29,Cartão de Débito,Física,595.0,18
6107,2026-06-01,18:15,98,Vestido Social,Vestido,Branca,G,2,290.16,0.0,580.32,Cartão de Débito,Online,374.0,5
6108,2026-08-17,13:30,13,Calça X,Calça,Verde,M,3,118.99,53.55,303.42,Cartão de Crédito,Física,66.0,16
6109,2026-07-11,21:45,142,Acessório Básica,Acessório,Cinza,G,1,333.62,0.0,333.62,Cartão de Débito,Online,373.0,3
6110,2026-06-28,21:00,39,Calça Social,Calça,Vermelha,GG,4,327.41,65.48,1244.16,Cartão de Débito,Online,29.0,5
6111,2026-06-04,16:00,21,Jaqueta Casual,Jaqueta,Cinza,G,1,186.68,0.0,186.68,PIX,Física,99.0,17
6112,2026-09-09, 15:00 ,172,Camiseta Social,Camiseta,Rosa,G,4,281.43,0.0,1125.72,Dinheiro,Online,491.0,17
6113,2026-07-11,09:15,102,Bermuda X,Bermuda,Azul,G,2,181.84,18.18,345.5,PIX,Online,41.0,4
6114,2026-09-01,21:30,61,Acessório Básica,Acessório,Rosa,M,4,281.06,168.64,955.6,Dinheiro,Física,29.0,9
6115,2026-06-18,13:00,171,Acessório X,Acessório,Verde,G,3,85.73,0.0,257.19,CARTÃO DE CRÉDITO,Online,276.0,18
6116,2026-08-14,09:45,86,Bermuda Casual,Bermuda,Branca,P,4,211.18,0.0,844.72,Dinheiro,Online,489.0,6
6117,2026-08-29,17:15,13,Calça X,Calça,Verde,M,1,118.99,5.95,113.04,Dinheiro,Online,80675.0,6
6118,2026-06-25,20:00,22,Vestido Social,Vestido,Rosa,G,1,289.54,0.0,289.54,Cartão de Crédito,Online,520.0,13
6119,2026-07-20,19:45,119,Vestido Básica,Vestido,Azul,P,3,51.47,23.16,131.25,PIX,Física,342.0,23
6120,2026-04-25,10:00,176,Camiseta Premium,Camiseta,Vermelha,GG,1,225.97,0.0,"225,97",Cartão de Débito,Online,41.0,11
6121,2026-05-19,13:15,13,Calça X,Calça,Verde,M,4,118.99,0.0,475.96,Dinheiro,Online,105.0,10
6122,2026-09-21,18:45,54,Calça Esporte,Calça,Verde,P,1,77.13,0.0,77.13,PIX,Online,6.0,17
6123,2026-03-19,20:00,103,Jaqueta Social,Jaqueta,Verde,G,3,239.05,0.0,717.15,PIX,Física,,5
6124,2026-08-18,09:00,70,Blusa Slim,Blusa,Verde,GG,1,203.23,0.0,203.23,Cartão de Crédito,Física,,17
6125,2026-09-04,17:45,64,Camiseta Básica,Camiseta,Rosa,M,4,108.86,0.0,435.44,PIX,Online,219.0,19
6126,2026-03-27,19:15,94,Acessório Casual,Acessório,Verde,M,1,202.82,10.14,192.68,Cartão de Crédito,Online,295.0,6
6127,2026-06-23,21:30,67,Bermuda Básica,Bermuda,Cinza,P,3,318.87,143.49,813.12,PIX,Física,287.0,14
6128,2026-06-17,13:00,45,Blusa Social,Blusa,Cinza,G,2,158.82,47.65,269.99,Cartão de Crédito,Online,40.0,2
6129,2026-07-25,19:30,121,Vestido Casual,Vestido,Verde,G,1,101.83,0.0,"101,83",Cartão de Débito,Online,175.0,5
6130,2026-09-19,09:00,114,Jaqueta Esporte,Jaqueta,Verde,P,3,60.77,18.23,164.08,Cartão de Débito,Online,225.0,5
6131,2026-04-20,20:30,52103,Camiseta Casual,Camiseta,Rosa,G,1,25.88,0.0,25.88,Cartão de Crédito,Física,23.0,12
6132,2026-09-05,17:00,127,Vestido Social,Vestido,Rosa,G,1,72.5,7.25,65.25,Cartão de Débito,Física,220.0,21
6133,2026-09-13,16:15,154,Acessório Esporte,Acessório,Azul,M,2,140.03,28.01,252.05,Cartão de Crédito,Física,413.0,17
6134,2026-07-21,19:00,74,Acessório Social,Acessório,Preta,GG,4,90.99,0.0,363.96,Cartão de Crédito,Online,234.0,22
6135,2026-08-07,16:15,64,Camiseta Básica,Camiseta,Rosa,M,2,108.86,10.89,206.83,PIX,Física,,1
6136,2026-04-24,16:30,67,Bermuda Básica,Bermuda,Cinza,P,2,318.87,0.0,637.74,Cartão de Crédito,Física,250.0,16
6137,2026-05-02,11:00,87,Camiseta Casual,Camiseta,Rosa,G,3,25.88,3.88,73.76,Cartão de Crédito,Física,83.0,23
6138,2026-09-21,16:30,137,Camiseta Esporte,Camiseta,Preta,M,2,149.09,44.73,253.45,Cartão de Crédito,Física,515.0,15
6139,2026-03-31,19:00,151,Blusa Casual,Blusa,Preta,P,2,121.09,36.33,205.85,Cartão de Débito,Online,,13
6140,2026-05-21,13:15,54,Calça Esporte,Calça,Verde,P,2,77.13,7.71,146.55,Cartão de Crédito,Online,597.0,9
6141,2026-08-27,18:45,153,Vestido Básica,Vestido,Preta,G,2,129.37,0.0,258.74,Cartão de Crédito,Online,252.0,10
6142,2026-06-02,14:45,16,Acessório Casual,Acessório,Verde,GG,2,160.59,0.0,321.18,PIX,Física,184.0,12
6143,2026-08-14,19:00,162,Blusa Premium,Blusa,Branca,M,3,219.23,0.0,657.69,Cartão de Crédito,Física,276.0,24
6144,04/09/2026,19:30,126,Vestido Slim,Vestido,Vermelha,M,1,262.43,39.36,223.07,Cartão de Crédito,Online,,14
6145,2026-08-22,10:00,175,Calça Social,Calça,Rosa,P,2,90.45,9.04,171.86,Cartão de Crédito,Online,141.0,3
6146,2026-09-22,18:15,128,Bermuda Básica,Bermuda,Preta,GG,2,193.28,0.0,386.56,Dinheiro,Física,560.0,14
6147,2026-03-02,20:30,112,Calça Básica,Calça,Azul,M,3,318.38,143.27,811.87,Cartão de Débito,Online,76.0,7
6148,2026-03-21,16:00,109,Camiseta Básica,Camiseta,Cinza,P,2,128.12,0.0,256.24,PIX,Online,424.0,25
6149,2026-06-21,19:45,176,Camiseta Premium,Camiseta,Vermelha,GG,2,225.97,67.79,384.15,CARTÃO DE CRÉDITO,Física,431.0,13
6150,2026-08-29,13:00,7,Jaqueta Esporte,Jaqueta,Preta,P,4,33.34,6.67,126.69,Cartão de Débito,Física,281.0,8
6151,2026-07-26,20:15,78,Blusa Casual,Blusa,Cinza,M,1,332.45,16.62,315.83,Cartão de Crédito,Física,364.0,12
6152,2026-06-14,13:00,64,Camiseta Básica,Camiseta,Rosa,M,2,108.86,21.77,195.95,PIX,Física,13.0,8
6153,2026-05-15,21:30,7,Jaqueta Esporte,Jaqueta,Preta,P,3,33.34,0.0,100.02,PIX,Física,384.0,24
6154,2026-05-23,12:30,163,Jaqueta Básica,Jaqueta,Branca,M,3,212.45,95.6,541.75,Cartão de Crédito,Online,72.0,15
6155,2026-03-01,10:00,141,Acessório Slim,Acessório,Rosa,G,4,250.39,0.0,1001.56,PIX,Física,547.0,23
6156,2026-08-01,15:00,157,Blusa Social,Blusa,Rosa,GG,3,325.37,48.81,927.3,Crediário,Online,383.0,19
6157,2026-08-31,10:15,166,Vestido Premium,Vestido,Vermelha,GG,4,194.42,77.77,"699,91",Crediário,Física,83.0,19
6158,2026-04-22,16:00,34,Acessório Slim,Acessório,Azul,M,4,220.29,0.0,881.16,PIX,Online,375.0,5
6159,2026-06-09,14:00,153,Vestido Básica,Vestido,Preta,G,4,129.37,77.62,439.86,PIX,Física,387.0,5
6160,2026-04-25,13:15,57,Jaqueta Básica,Jaqueta,Verde,GG,4,111.2,0.0,"R$ 444,80",Cartão de Débito,Online,242.0,16
6161,2026-03-21,12:45,34,Acessório Slim,Acessório,Azul,M,1,220.29,0.0,220.29,PIX,Online,254.0,7
6162,2026-05-21,17:30,179,Vestido Básica,Vestido,Azul,G,3,31.43,0.0,94.29,Crediário,Online,,24
6163,2026-08-29, 19:45 ,12,Bermuda Esporte,Bermuda,Cinza,M,1,327.44,0.0,327.44,Dinheiro,Online,20.0,21
6164,2026-07-18,20:45,129,Vestido X,Vestido,Branca,GG,2,295.38,0.0,590.76,Cartão de Crédito,Física,598.0,5
6165,2026-08-22,12:15,97,Camiseta Slim,Camiseta,Azul,M,3,174.51,78.53,445.0,Dinheiro,Online,362.0,11
6166,2026-06-22,14:15,133,Calça Social,Calça,Rosa,G,2,39.8,7.96,71.64,Cartão de Crédito,Física,290.0,24
6167,2026-09-03,11:45,42,Bermuda Casual,Bermuda,Branca,P,3,336.75,151.54,858.71,Dinheiro,Física,385.0,17
6168,2026-04-03,19:00,9,Jaqueta Social,Jaqueta,Rosa,G,3,97.54,14.63,277.99,cartão de débito,Online,207.0,13
6169,2026-04-13,16:45,176,Camiseta Premium,Camiseta,Vermelha,GG,4,225.97,0.0,903.88,PIX,Online,61.0,8
6170,2026-06-01,21:45,134,Calça Slim,Calça,Rosa,P,4,297.88,0.0,1191.52,Crediário,Online,290.0,24
6171,2026-09-21,13:15,145,Bermuda Esporte,Bermuda,Cinza,G,1,144.91,14.49,130.42,Cartão de Crédito,Física,242.0,7
6172,2026-04-03,11:45,176,Camiseta Premium,Camiseta,Vermelha,GG,2,225.97,67.79,384.15,Crediário,Online,110.0,18
6173,2026-08-03,21:15,129,Vestido X,Vestido,Branca,GG,1,295.38,44.31,251.07,Crediário,Online,443.0,19
6174,2026-07-04,11:45,16,Acessório Casual,Acessório,Verde,GG,2,160.59,16.06,305.12,Cartão de Débito,Física,80.0,12
6175,2026-07-27,18:30,82,Vestido Slim,Vestido,Vermelha,P,4,342.99,68.6,1303.36,PIX,Física,294.0,7
6176,2026-06-09,20:15,94,Acessório Casual,Acessório,Verde,M,4,202.82,0.0,811.28,PIX,Física,534.0,7
6177,2026-07-09,16:30,20,Calça X,Calça,Vermelha,P,1,211.81,21.18,190.63,Dinheiro,Física,10.0,9
6178,2026-03-23,17:15,155,Bermuda X,Bermuda,Preta,M,2,134.96,26.99,242.93,Cartão de Crédito,Física,2.0,8
6179,2026-09-17,19:15,136,Blusa Social,Blusa,Azul,P,2,114.45,0.0,228.9,Cartão de Crédito,Online,155.0,18
6180,2026-07-21,13:30,162,Blusa Premium,Blusa,Branca,M,3,219.23,0.0,657.69,Dinheiro,Física,279.0,9
6181,2026-05-13,20:30,157,Blusa Social,Blusa,Rosa,GG,4,325.37,0.0,1301.48,Cartão de Débito,Física,476.0,24
6182,2026-05-05,18:30,77,Vestido X,Vestido,Rosa,G,3,195.59,0.0,586.77,Cartão de Débito,Online,159.0,7
6183,2026-04-03,13:00,124,Jaqueta Slim,Jaqueta,Verde,G,4,210.25,84.1,756.9,Cartão de Débito,Online,389.0,23
6184,2026-04-20,11:30,52,Vestido Casual,Vestido,Rosa,GG,3,235.08,105.79,599.45,PIX,Online,90.0,7
6185,2026-05-26,19:15,159,Acessório Slim,Acessório,Azul,G,2,201.01,20.1,381.92,Cartão de Débito,Online,165.0,25
6186,2026-08-11,20:15,111,Acessório Esporte,Acessório,Rosa,M,3,333.04,99.91,899.21,Cartão de Crédito,Física,,25
6187,2026-05-22,16:00,20,Calça X,Calça,Vermelha,P,4,211.81,0.0,847.24,PIX,Online,,19
6188,2026-08-01,10:30,119,Vestido Básica,Vestido,Azul,P,2,51.47,0.0,102.94,PIX,Física,384.0,4
6189,2026-07-19,17:45,34,Acessório Slim,Acessório,Azul,M,4,220.29,132.17,748.99,Dinheiro,Física,181.0,18
6190,2026-08-22,19:00,119,Vestido Básica,Vestido,Azul,P,2,51.47,0.0,102.94,Cartão de Débito,Física,469.0,10
6191,2026-03-12,13:00,130,Blusa Esporte,Blusa,Verde,GG,3,154.8,23.22,441.18,Cartão de Crédito,Física,426.0,22
6192,2026-06-08,09:30,46,Acessório X,Acessório,Cinza,M,1,184.96,0.0,184.96,Crediário,Física,327.0,25
6193,2026-08-22, 18:00 ,22,Vestido Social,Vestido,Rosa,G,2,289.54,0.0,579.08,Cartão de Débito,Física,,11
6194,2026-09-25,13:00,26,Bermuda Slim,Bermuda,Branca,P,3,207.97,1003.6102771429867,530.32,Cartão de Débito,Física,364.0,17
6195,2026-05-18,12:00,15,Blusa Social,Blusa,Azul,M,2,303.57,0.0,607.14,PIX,Física,31.0,10
6196,2026-08-22,20:30  ,124,Jaqueta Slim,Jaqueta,Verde,G,2,210.25,0.0,420.5,Cartão de Crédito,Física,595.0,20
6197,2026-03-26,21:30,167,Acessório Casual,Acessório,Preta,P,3,326.38,48.96,930.18,Cartão de Crédito,Física,72.0,21
6198,2026-09-20,15:00,4,Jaqueta Básica,Jaqueta,Vermelha,M,4,148.57,29.71,564.57,PIX,Física,199.0,23
6199,2026-07-15,20:15,116,Blusa Casual,Blusa,Azul,G,4,332.71,199.63,1131.21,Cartão De Débito,Física,28.0,16
6200,2026-08-25,21:00,67,Bermuda Básica,Bermuda,Cinza,P,2,318.87,95.66,542.08,Cartão de Débito,Física,472.0,11
6201,2026-09-15,17:45,58,Acessório Básica,Acessório,Cinza,P,4,304.84,182.9,1036.46,Cartão de Crédito,Física,26.0,21
6202,2026-09-17,16:30,168,Vestido Casual,Vestido,Azul,M,2,255.66,25.57,485.75,Cartão de Débito,Física,343.0,20
6203,2026-07-28,10:15,102,Bermuda X,Bermuda,Azul,G,1,181.84,0.0,181.84,Crediário,Online,461.0,21
6204,2026-03-08,09:00,121,Vestido Casual,Vestido,Verde,G,4,101.83,0.0,407.32,cartao credito,Online,233.0,24
6205,2026-04-06,15:45,157,Blusa Social,Blusa,Rosa,GG,3,325.37,0.0,976.11,PIX,Física,454.0,19
6206,2026-03-13,12:00,95,Bermuda Básica,Bermuda,Verde,P,3,40.47,0.0,121.41,Cartão de Débito,Física,544.0,7
6207,2026-09-03,10:00,78,Blusa Casual,Blusa,Cinza,M,3,332.45,0.0,997.35,Cartão de Crédito,Física,336.0,24
6208,2026-08-28,19:00,114,Jaqueta Esporte,Jaqueta,Verde,P,2,60.77,0.0,121.54,PIX,Física,244.0,13
6209,2026-08-18,12:45,19,Blusa Casual,Blusa,Preta,M,4,212.08,0.0,848.32,PIX,Online,566.0,15
6210,2026-07-13,15:45,59,Acessório X,Acessório,Azul,G,2,137.62,27.52,247.72,Cartão de Débito,Online,123.0,20
6211,01-06-2026,11:45,38,Calça X,Calça,Azul,G,3,234.51,35.18,668.35,Cartão de Débito,Online,433.0,17
6212,2026-06-24,21:00,2,Camiseta Básica,Camiseta,Cinza,P,4,57.67,0.0,230.68,Cartão de Crédito,Online,224.0,5
6213,2026-04-25,09:30,146,Acessório Esporte,Acessório,Vermelha,P,2,103.95,0.0,207.9,PIX,Física,55.0,3
6214,2026-05-13,12:30,151,Blusa Casual,Blusa,Preta,P,1,121.09,18.16,102.93,Cartão De Crédito,Física,,10
6215,2026-09-05,15:15,49,Calça Básica,Calça,Verde,GG,1,193.27,0.0,193.27,PIX,Online,,20
6216,2026-04-22,16:30,142,Acessório Básica,Acessório,Cinza,G,1,333.62,0.0,333.62,cartão de débito,Física,580.0,16
6217,2026-03-01,13:30,3,Camiseta Social,Camiseta,Branca,GG,4,48.72,0.0,194.88,Cartão de Débito,Online,191.0,13
6218,2026-08-31,20:00,64,Camiseta Básica,Camiseta,Rosa,M,3,108.86,0.0,326.58,PIX,Online,578.0,3
6219,2026-06-20,09:00  ,59,Acessório X,Acessório,Azul,G,3,137.62,0.0,412.86,Cartão de Crédito,Online,48.0,20
6220,2026-03-06,09:15,175,Calça Social,Calça,Rosa,P,4,90.45,0.0,361.8,PIX,Online,267.0,19
6221,2026-06-14,11:30,58,Acessório Básica,Acessório,Cinza,P,4,304.84,0.0,1219.36,Dinheiro,Online,327.0,18
6222,2026-06-23,10:00,127,Vestido Social,Vestido,Rosa,G,4,72.5,14.5,275.5,Cartão de Débito,Física,,15
6223,2026-08-14,17:45,43,Vestido Básica,Vestido,Rosa,G,2,212.4,0.0,424.8,Dinheiro,Física,373.0,12
6224,2026-07-26,14:00,123,Blusa Esporte,Blusa,Rosa,P,3,261.56,0.0,784.68,PIX,Online,272.0,11
6225,2026-04-11,10:00,93,Blusa Social,Blusa,Vermelha,GG,1,327.13,0.0,327.13,Crediário,Online,152.0,5
6226,2026-07-17,20:15,98,Vestido Social,Vestido,Branca,G,1,290.16,0.0,290.16,Crediário,Física,141.0,12
6227,2026-09-09,15:30,159,Acessório Slim,Acessório,Azul,G,2,201.01,20.1,381.92,Cartão de Crédito,Física,85.0,9
6228,2026-03-26,18:45,113,Blusa Social,Blusa,Rosa,P,2,270.36,0.0,540.72,Cartão de Débito,Física,439.0,8
6229,2026-03-20,11:30,158,Blusa Social,Blusa,Rosa,M,2,185.68,0.0,371.36,PIX,Online,261.0,13
6230,23/09/26,20:00,48,Camiseta Esporte,Camiseta,Preta,G,2,170.37,17.04,323.7,Cartão de Crédito,Física,213.0,21
6231,2026-07-23,10:15,39,Calça Social,Calça,Vermelha,GG,3,327.41,0.0,982.23,Dinheiro,Física,388.0,5
6232,2026-03-31,09:30,28,Camiseta Social,Camiseta,Rosa,GG,2,276.72,0.0,553.44,Crediário,Física,66.0,12
6233,2026-05-25,17:15,59,Acessório X,Acessório,Azul,G,1,137.62,6.88,130.74,Cartão de Débito,Online,189.0,7
6234,2026-03-30,17:45,145,Bermuda Esporte,Bermuda,Cinza,G,4,144.91,28.98,550.66,PIX,Online,591.0,14
6235,2026-03-07,21:00,180,Acessório X,Acessório,Cinza,G,4,73.69,29.48,265.28,Cartão de Débito,Online,289.0,10
6236,2026-03-01,10:30,170,Blusa Premium,Blusa,Azul,G,4,154.9,30.98,588.62,PIX,Online,564.0,11
6237,2026-06-24,13:30,11,Calça Básica,Calça,Vermelha,G,4,297.24,59.45,1129.51,PIX,Online,442.0,2
6238,2026-04-25,11:45,177,Bermuda Básica,Bermuda,Branca,G,1,113.66,17.05,96.61,PIX,Online,497.0,10
6239,2026-03-22,15:15,34,Acessório Slim,Acessório,Azul,M,3,220.29,99.13,561.74,PIX,Física,334.0,23
6240,2026-05-14,19:45,22,Vestido Social,Vestido,Rosa,G,4,289.54,57.91,1100.25,Cartão de Débito,Física,128.0,3
6241,2026-03-07,20:30,180,Acessório X,Acessório,Cinza,G,2,73.69,0.0,147.38,Crediário,Online,531.0,14
6242,2026-09-09,09:00,37,Bermuda Básica,Bermuda,Branca,M,3,197.74,0.0,593.22,Cartão de Débito,Física,337.0,21
6243,2026-09-19,13:45,137,Camiseta Esporte,Camiseta,Preta,M,4,149.09,29.82,566.54,Cartão de Débito,Física,406.0,22
6244,2026-08-15,09:15,179,Vestido Básica,Vestido,Azul,G,1,31.43,0.0,31.43,PIX,Online,333.0,23
6245,2026-04-18,12:15,69,Camiseta Social,Camiseta,Branca,M,4,96.99,0.0,387.96,PIX,Física,99.0,11
6246,2026-04-27,16:15,42,Bermuda Casual,Bermuda,Branca,P,4,336.75,67.35,1279.65,Cartão De Débito,Física,470.0,7
6247,2026-07-15,20:45,61,Acessório Básica,Acessório,Rosa,M,4,281.06,112.42,"R$ 1.011,82",Cartão de Débito,Física,27.0,3
6248,2026-08-17,19:30,169,Vestido Esporte,Vestido,Rosa,M,2,120.16,0.0,240.32,Cartão de Crédito,Online,170.0,21
6249,2026-08-25,21:45,169,Vestido Esporte,Vestido,Rosa,M,1,120.16,12.02,108.14,Cartão de Débito,Online,268.0,20
6250,2026-05-20,14:45,131,Vestido Básica,Vestido,Vermelha,M,2,38.91,0.0,77.82,DINHEIRO,Online,112.0,20
6251,2026-08-23,12:30,172,Camiseta Social,Camiseta,Rosa,G,1,281.43,0.0,281.43,Cartão de Débito,Online,460.0,13
6252,2026-03-04,16:30,8,Blusa Social,Blusa,Preta,M,4,290.68,0.0,1162.72,Cartão de Crédito,Física,595.0,12
6253,2026-06-10,19:15,14,Bermuda Social,Bermuda,Branca,P,3,125.8,37.74,339.66,Cartão de Débito,Física,111.0,16
6254,2026-04-06,12:30,178,Calça Básica,Calça,Azul,GG,2,144.41,28.88,259.94,PIX,Online,339.0,19
6255,01/09/2026,16:30,144,Calça Social,Calça,Cinza,GG,4,200.29,0.0,801.16,Cartão de Débito,Online,563.0,13
6256,2026-03-12,19:30,3,Camiseta Social,Camiseta,Branca,GG,2,48.72,0.0,97.44,Cartão de Crédito,Física,290.0,6
6257,2026-06-02,17:00,62,Camiseta Básica,Camiseta,Azul,GG,3,140.6,21.09,400.71,PIX,Física,471.0,8
6258,2026-04-17,12:15,142,Acessório Básica,Acessório,Cinza,G,1,333.62,16.68,316.94,PIX,Física,590.0,8
6259,2026-06-09,11:45,29,Blusa Esporte,Blusa,Branca,M,3,318.44,143.3,812.02,Cartão de Crédito,Online,598.0,24
6260,2026-09-04,20:45,122,Bermuda Casual,Bermuda,Rosa,GG,2,286.85,0.0,573.7,Cartão de Crédito,Online,75.0,7
6261,2026-06-19,15:00,10,Jaqueta Casual,Jaqueta,Cinza,GG,2,338.29,0.0,676.58,Cartão de Crédito,Online,276.0,16
6262,2026-08-31, 10:30,23,Blusa X,Blusa,Preta,P,3,219.84,98.93,560.59,Cartão de Crédito,Física,67.0,16
6263,2026-05-11,09:30,166,Vestido Premium,Vestido,Vermelha,GG,1,194.42,29.16,165.26,Dinheiro,Física,23.0,10
6264,2026-06-15,21:45,25,Blusa Social,Blusa,Rosa,M,4,285.55,0.0,1142.2,PIX,Física,419.0,16
6265,2026-05-07,10:15,82,Vestido Slim,Vestido,Vermelha,P,3,342.99,0.0,1028.97,Dinheiro,Online,396.0,23
6266,2026-03-10,11:30,20,Calça X,Calça,Vermelha,P,4,211.81,0.0,847.24,Cartão de Crédito,Física,140.0,14
6267,2026-03-10,12:00,100,Vestido Casual,Vestido,Preta,M,1,76.04,11.41,64.63,Crediário,Física,397.0,8
6268,2026-05-14,18:45,131,Vestido Básica,Vestido,Vermelha,M,1,38.91,3.89,35.02,Crediário,Física,144.0,9
6269,2026-09-01,14:45,57,Jaqueta Básica,Jaqueta,Verde,GG,3,111.2,0.0,333.6,cartao credito,Física,,22
6270,2026-04-28,09:00,170,Blusa Premium,Blusa,Azul,G,4,154.9,0.0,619.6,Dinheiro,Física,576.0,17
6271,2026-06-20,19:15,70,Blusa Slim,Blusa,Verde,GG,1,203.23,10.16,193.07,Cartão de Crédito,Física,163.0,9
6272,2026-05-15,12:30,21054,Acessório Esporte,Acessório,Azul,M,-2,140.03,0.0,420.09,Cartão de Crédito,Online,541.0,14
6273,2026-04-08,21:00,177,Bermuda Básica,Bermuda,Branca,G,4,113.66,0.0,454.64,Cartão de Débito,Online,384.0,22
6274,2026-05-07,12:00,161,Vestido X,Vestido,Azul,G,4,67.98,40.79,231.13,Cartão de Crédito,Online,422.0,2
6275,2026-05-23,19:00,14,Bermuda Social,Bermuda,Branca,P,4,125.8,0.0,503.2,Cartão de Débito,Online,491.0,10
6276,2026-07-17,09:45,24,Blusa X,Blusa,Cinza,GG,1,80.81,12.12,68.69,Dinheiro,Online,,8
6277,2026-06-20,19:45,167,Acessório Casual,Acessório,Preta,P,0,326.38,0.0,326.38,Cartão de Débito,Online,465.0,18
6278,2026-07-23,17:15,51,Jaqueta Slim,Jaqueta,Verde,M,1,118.56,0.0,118.56,PIX,Online,359.0,19
6279,2026-04-30,10:30,3492,Acessório X,Acessório,Cinza,M,3,184.96,0.0,554.88,Crediário,Online,238.0,22
6280,2026-09-13,11:15,55,Vestido Premium,Vestido,Verde,P,3,95.27,42.87,242.94,Cartão de Crédito,Online,64.0,1
6281,2026-03-05,19:30,18,Vestido Premium,Vestido,Vermelha,P,4,221.89,0.0,887.56,Cartão de Débito,Online,169.0,5
6282,2026-09-07,12:15,63,Calça Premium,Calça,Vermelha,G,3,277.67,41.65,791.36,Cartão de Débito,Física,287.0,24
6283,2026-08-19,13:45,105,Vestido Esporte,Vestido,Vermelha,P,2,168.87,0.0,337.74,PIX,Física,,9
6284,2026-07-11,10:30,167,Acessório Casual,Acessório,Preta,P,4,326.38,130.55,1174.97,Cartão de Crédito,Física,62.0,8
6285,2026-07-10,20:30,125,Vestido Esporte,Vestido,Vermelha,P,2,67.79,0.0,135.58,Crediário,Física,244.0,2
6286,2026-07-27,20:45,56,Bermuda Casual,Bermuda,Verde,P,3,269.73,80.92,728.27,Dinheiro,Online,387.0,15
6287,2026-08-11,20:15,5,Jaqueta Slim,Jaqueta,Branca,GG,1,87.47,13.12,74.35,PIX,Física,149.0,11
6288,2026-05-20,14:15,140,Acessório Premium,Acessório,Rosa,G,3,155.17,46.55,418.96,Crediário,Online,385.0,23
6289,2026-07-02,12:00,70,Blusa Slim,Blusa,Verde,GG,1,203.23,30.48,172.75,dinheiro,Online,148.0,24
6290,2026-05-03,15:30,101,Vestido Social,Vestido,Vermelha,GG,3,158.47,71.31,404.1,PIX,Online,213.0,5
6291,2026-06-21,20:30,147,Bermuda Básica,Bermuda,Branca,P,1,44.8,0.0,44.8,Cartão de Débito,Online,374.0,12
6292,2026-08-19,10:00,46,Acessório X,Acessório,Cinza,M,1,184.96,0.0,184.96,Cartão de Débito,Física,292.0,25
6293,2026-09-17,13:30,49,Calça Básica,Calça,Verde,GG,4,193.27,115.96,657.12,Cartão de Crédito,Física,573.0,14
6294,2026-04-18,09:15,138,Acessório Social,Acessório,Rosa,G,4,125.4,75.24,426.36,Cartão de Crédito,Física,,7
6295,2026-04-09,11:45,111,Acessório Esporte,Acessório,Rosa,M,3,333.04,0.0,999.12,Cartão de Débito,Física,473.0,18
6296,2026-03-25, 17:45,37,Bermuda Básica,Bermuda,Branca,M,2,197.74,19.77,375.71,Cartão de Débito,Física,201.0,15
6297,2026-06-12,18:15,101,Vestido Social,Vestido,Vermelha,GG,1,158.47,15.85,142.62,PIX,Física,507.0,6
6298,2026-06-22,19:15,21,Jaqueta Casual,Jaqueta,Cinza,G,1,186.68,9.33,177.35,Dinheiro,Física,497.0,7
6299,2026-05-05,17:00,92,Calça Casual,Calça,Rosa,G,3,164.58,24.69,"469,05",Dinheiro,Física,234.0,12
6300,2026-08-25,15:30,174,Jaqueta Casual,Jaqueta,Preta,GG,2,214.83,64.45,365.21,CARTÃO DE DÉBITO,Física,121.0,23
6301,2026-03-26,12:00,170,Blusa Premium,Blusa,Azul,G,2,154.9,556.9703964888225,294.31,Cartão de Débito,Online,,20
6302,2026-06-19,14:00,161,Vestido X,Vestido,Azul,G,2,67.98,20.39,115.57,PIX,Online,89.0,2
6303,2026-08-09,14:00,138,Acessório Social,Acessório,Rosa,G,2,125.4,25.08,225.72,Cartão de Débito,Física,,3
6304,2026-05-15,11:00,117,Vestido Casual,Vestido,Azul,P,4,314.94,0.0,1259.76,PIX,Online,282.0,5
6305,2026-08-20,11:45,139,Acessório Slim,Acessório,Branca,P,1,227.76,0.0,227.76,PIX,Online,,15
6306,2026-05-22,16:30,1,Acessório Premium,Acessório,Verde,G,4,129.26,0.0,517.04,PIX,Física,552.0,7
6307,2026-03-31,19:45,38,Calça X,Calça,Azul,G,4,234.51,46.9,891.14,Cartão de Débito,Online,157.0,25
6308,2026-08-18,11:30,52,Vestido Casual,Vestido,Rosa,GG,2,235.08,70.52,399.64,Crediário,Online,40.0,13
6309,2026-03-11,10:45,87,Camiseta Casual,Camiseta,Rosa,G,3,25.88,0.0,77.64,Dinheiro,Online,268.0,10
6310,2026-04-15,16:00,34,Acessório Slim,Acessório,Azul,M,2,220.29,0.0,440.58,Cartão de Débito,Online,211.0,17
6311,2026-09-11,09:30,174,Jaqueta Casual,Jaqueta,Preta,GG,3,214.83,0.0,644.49,Cartão de Crédito,Online,520.0,13
6312,2026-07-03,10:00,53,Camiseta Básica,Camiseta,Branca,P,2,204.54,0.0,409.08,Cartão de Crédito,Física,373.0,24
6313,2026-04-15,19:00,15,Blusa Social,Blusa,Azul,M,0,303.57,0.0,607.14,Cartão de Crédito,Física,159.0,10
6314,2026-08-26,20:30,153,Vestido Básica,Vestido,Preta,G,1,129.37,12.94,116.43,Dinheiro,Física,252.0,15
6315,2026-05-03, 09:30 ,122,Bermuda Casual,Bermuda,Rosa,GG,4,286.85,0.0,1147.4,PIX,Online,163.0,2
6316,2026-03-15,09:45,152,Acessório Básica,Acessório,Verde,GG,3,238.11,0.0,714.33,Dinheiro,Física,120.0,25
6317,2026-03-28,17:45,66,Bermuda X,Bermuda,Branca,G,2,98.66,0.0,197.32,Cartão de Crédito,Física,367.0,1
6318,2026-06-21,20:45,26,Bermuda Slim,Bermuda,Branca,P,4,207.97,0.0,831.88,Cartão de Débito,Online,569.0,12
6319,2026-07-29,11:45,170,Blusa Premium,Blusa,Azul,G,4,154.9,92.94,526.66,PIX,Física,259.0,17
6320,2026-07-10,18:15,154,Acessório Esporte,Acessório,Azul,M,1,140.03,0.0,140.03,Cartão de Débito,Online,298.0,4
6321,2026-06-28,11:30,87,Camiseta Casual,Camiseta,Rosa,G,2,25.88,0.0,51.76,Crediário,Online,584.0,20
6322,2026-08-18,21:30,68,Jaqueta Premium,Jaqueta,Vermelha,G,2,65.29,0.0,130.58,Cartão de Débito,Online,235.0,1
6323,2026-06-22,15:15,18,Vestido Premium,Vestido,Vermelha,P,2,221.89,0.0,443.78,Cartão de Crédito,Física,337.0,23
6324,2026-06-03,21:15,18,Vestido Premium,Vestido,Vermelha,P,2,221.89,0.0,443.78,Cartão de Crédito,Física,74.0,19
6325,2026-06-12,13:30,123,Blusa Esporte,Blusa,Rosa,P,3,261.56,0.0,784.68,Cartão de Crédito,Física,279.0,7
6326,2026-06-29,15:30,83,Camiseta Básica,Camiseta,Rosa,M,4,221.65,0.0,886.6,Cartão de Débito,Física,37.0,12
6327,2026-08-11,21:00,130,Blusa Esporte,Blusa,Verde,GG,2,154.8,0.0,"309,60",Cartão de Crédito,Online,42.0,1
6328,2026-08-04,12:45,14,Bermuda Social,Bermuda,Branca,P,2,125.8,0.0,251.6,Cartão de Crédito,Online,516.0,18
6329,2026-07-27, 09:45 ,20,Calça X,Calça,Vermelha,P,3,211.81,0.0,635.43,Cartão de Crédito,Online,539.0,12
6330,2026-07-25,18:15,152,Acessório Básica,Acessório,Verde,GG,1,238.11,0.0,238.11,Cartão de Crédito,Física,14.0,12
6331,2026-07-07,09:00,88,Camiseta Básica,Camiseta,Branca,GG,4,270.48,0.0,1081.92,PIX,Física,395.0,1
6332,2026-06-01,20:00,101,Vestido Social,Vestido,Vermelha,GG,4,158.47,31.69,602.19,Cartão de Débito,Física,564.0,6
6333,2026-08-01,19:00,17,Acessório Casual,Acessório,Rosa,P,4,277.21,55.44,1053.4,PIX,Física,85.0,13
6334,2026-04-21,21:30,34,Acessório Slim,Acessório,Azul,M,4,220.29,0.0,881.16,PIX,Física,9.0,9
6335,2026-03-03,16:30,35,Jaqueta Premium,Jaqueta,Preta,P,3,289.59,43.44,825.33,Cartão de Crédito,Física,86.0,3
6336,2026-06-14,17:30,96,Bermuda Casual,Bermuda,Branca,M,2,123.65,37.1,210.2,Crediário,Online,242.0,13
6337,2026-08-08,16:00,168,Vestido Casual,Vestido,Azul,M,4,255.66,0.0,1022.64,Dinheiro,Física,154.0,13
6338,2026-06-06,09:30,118,Camiseta Esporte,Camiseta,Azul,M,3,214.08,0.0,642.24,PIX,Online,467.0,4
6339,2026-07-10,20:45,179,Vestido Básica,Vestido,Azul,G,4,31.43,12.57,113.15,Cartão de Débito,Física,,13
6340,2026-03-04,16:15,127,Vestido Social,Vestido,Rosa,G,3,72.5,32.62,184.88,Cartão de Crédito,Física,536.0,24
6341,31-07-2026,10:15,150,Blusa Esporte,Blusa,Vermelha,M,3,241.11,72.33,651.0,Cartão de Débito,Física,,2
6342,2026-07-03,10:00,154,Acessório Esporte,Acessório,Azul,M,1,140.03,7.0,133.03,Cartão de Débito,Física,281.0,25
6343,2026-07-20,09:15,169,Vestido Esporte,Vestido,Rosa,M,3,120.16,36.05,324.43,Cartão de Débito,Online,435.0,6
6344,2026-07-28,11:00,159,Acessório Slim,Acessório,Azul,G,4,201.01,40.2,763.84,Cartão de Crédito,Física,45.0,25
6345,2026-06-23,10:30,177,Bermuda Básica,Bermuda,Branca,G,3,113.66,0.0,340.98,Cartão de Débito,Física,591.0,6
6346,2026-07-28,16:30,144,Calça Social,Calça,Cinza,GG,4,200.29,120.17,680.99,PIX,Física,415.0,23
6347,2026-08-08,13:45,66,Bermuda X,Bermuda,Branca,G,2,98.66,0.0,197.32,Cartão de Débito,Online,48.0,10
6348,2026-04-16,16:45,15,Blusa Social,Blusa,Azul,M,4,303.57,0.0,1214.28,Cartão de Crédito,Online,353.0,13
6349,2026-09-20,17:45,47,Vestido Premium,Vestido,Cinza,G,1,115.65,0.0,115.65,Cartão de Crédito,Online,,25
6350,2026-09-03,09:15,11,Calça Básica,Calça,Vermelha,G,4,297.24,0.0,1188.96,Cartão de Débito,Física,244.0,13
6351,2026-06-28,14:45,66,Bermuda X,Bermuda,Branca,G,3,98.66,0.0,295.98,Dinheiro,Online,118.0,4
6352,2026-08-07,15:00,15,Blusa Social,Blusa,Azul,M,3,303.57,136.61,774.1,Dinheiro,Online,349.0,19
6353,2026-07-01,15:30,180,Acessório X,Acessório,Cinza,G,1,73.69,0.0,73.69,Crediário,Física,509.0,19
6354,2026-08-20,10:00,47,Vestido Premium,Vestido,Cinza,G,1,115.65,0.0,115.65,Dinheiro,Online,,19
6355,2026-06-29,12:30,151,Blusa Casual,Blusa,Preta,P,3,121.09,54.49,308.78,PIX,Física,140.0,12
6356,2026-04-14,19:00,165,Blusa Casual,Blusa,Rosa,GG,3,156.99,0.0,470.97,Dinheiro,Online,131.0,19
6357,2026-08-26,11:15,178,Calça Básica,Calça,Azul,GG,4,144.41,86.65,490.99,Dinheiro,Online,160.0,4
6358,2026-08-30,14:00,70,Blusa Slim,Blusa,Verde,GG,1,203.23,0.0,203.23,Cartão de Débito,Online,587.0,13
6359,2026-08-14,11:00,52,Vestido Casual,Vestido,Rosa,GG,2,235.08,0.0,470.16,Cartão de Débito,Física,,20
6360,2026-05-17,17:45,24,Blusa X,Blusa,Cinza,GG,3,80.81,12.12,230.31,Dinheiro,Física,166.0,22
6361,2026-09-02,21:45,26,Bermuda Slim,Bermuda,Branca,P,2,207.97,62.39,353.55,cartao credito,Online,245.0,3
6362,2026-03-21,16:30,46,Acessório X,Acessório,Cinza,M,3,184.96,83.23,471.65,Cartão de Débito,Online,185.0,4
6363,2026-04-17,09:15,128,Bermuda Básica,Bermuda,Preta,GG,1,193.28,0.0,193.28,Cartão de Débito,Física,341.0,11
6364,2026-09-21,20:15,146,Acessório Esporte,Acessório,Vermelha,P,3,103.95,0.0,311.85,Cartão de Débito,Online,483.0,5
6365,01-07-2026,20:00,172,Camiseta Social,Camiseta,Rosa,G,1,281.43,28.14,253.29,PIX,Online,235.0,20
6366,2026-07-05,17:00,147,Bermuda Básica,Bermuda,Branca,P,3,44.8,0.0,134.4,PIX,Online,60.0,11
6367,2026-03-29,17:00,162,Blusa Premium,Blusa,Branca,M,4,219.23,87.69,789.23,Cartão de Crédito,Online,43.0,13
6368,2026-03-21,16:30,154,Acessório Esporte,Acessório,Azul,M,2,140.03,28.01,252.05,Dinheiro,Online,303.0,16
6369,2026-04-07,20:15,153,Vestido Básica,Vestido,Preta,G,1,129.37,0.0,129.37,PIX,Física,544.0,22
6370,2026-06-24,09:45,82,Vestido Slim,Vestido,Vermelha,P,3,342.99,102.9,926.07,Cartão de Crédito,Online,337.0,18
6371,2026-03-15,13:30,131,Vestido Básica,Vestido,Vermelha,M,4,38.91,0.0,155.64,Cartão de Débito,Online,465.0,22
6372,2026-03-20,09:00,151,Blusa Casual,Blusa,Preta,P,3,121.09,0.0,363.27,Cartão de Crédito,Física,593.0,21
6373,2026-05-25,18:45,107,Blusa Slim,Blusa,Preta,M,1,264.43,0.0,264.43,Cartão de Crédito,Online,531.0,24
6374,2026-09-19,17:30,83,Camiseta Básica,Camiseta,Rosa,M,3,221.65,0.0,664.95,Crediário,Online,329.0,4
6375,2026-05-15, 16:45 ,168,Vestido Casual,Vestido,Azul,M,3,255.66,0.0,766.98,Cartão de Crédito,Física,80.0,19
6376,2026-07-01,21:00,149,Calça Premium,Calça,Vermelha,P,2,296.39,88.92,503.86,PIX,Física,124.0,17
6377,2026-06-27,18:45,82,Vestido Slim,Vestido,Vermelha,P,3,342.99,51.45,977.52,PIX,Física,472.0,1
6378,2026-06-24,18:30,173,Jaqueta Casual,Jaqueta,Cinza,GG,4,328.02,0.0,1312.08,Cartão de Débito,Física,547.0,4
6379,2026-03-25,10:45,127,Vestido Social,Vestido,Rosa,G,2,72.5,7.25,"R$ 137,75",Cartão de Débito,Física,47.0,6
6380,2026-05-19,13:15,77,Vestido X,Vestido,Rosa,G,2,195.59,19.56,371.62,PIX,Online,99.0,19
6381,2026-08-26,17:30,141,Acessório Slim,Acessório,Rosa,G,2,250.39,75.12,425.66,Dinheiro,Física,184.0,4
6382,2026-05-10,15:00,141,Acessório Slim,Acessório,Rosa,G,4,250.39,150.23,851.33,PIX,Online,213.0,25
6383,2026-06-21,16:45,91,Camiseta Casual,Camiseta,Branca,P,1,29.36,2.94,26.42,Cartão de Débito,Online,400.0,13
6384,2026-05-03,15:00,63,Calça Premium,Calça,Vermelha,G,3,277.67,124.95,708.06,PIX,Online,444.0,10
6385,2026-03-18,21:45,131,Vestido Básica,Vestido,Vermelha,M,1,38.91,3.89,35.02,PIX,Online,229.0,14
6386,2026-03-22,18:15,39,Calça Social,Calça,Vermelha,GG,3,327.41,147.33,834.9,Cartão de Crédito,Física,299.0,5
6387,2026-09-12,13:45,165,Blusa Casual,Blusa,Rosa,GG,4,156.99,31.4,596.56,cartão de débito,Física,,2
6388,23/06/2026,19:30,55,Vestido Premium,Vestido,Verde,P,1,95.27,14.29,80.98,Cartão de Débito,Online,509.0,13
6389,2026-04-28,12:00,115,Jaqueta Social,Jaqueta,Preta,GG,2,278.18,0.0,556.36,Dinheiro,Física,370.0,4
6390,2026-03-14,20:00,16,Acessório Casual,Acessório,Verde,GG,4,160.59,96.35,546.01,PIX,Online,48.0,10
6391,2026-05-01,09:45,67,Bermuda Básica,Bermuda,Cinza,P,-1,318.87,47.83,271.04,PIX,Online,569.0,17
6392,2026-08-06,10:15,122,Bermuda Casual,Bermuda,Rosa,GG,4,286.85,0.0,1147.4,PIX,Online,390.0,25
6393,2026-03-28,09:30,47,Vestido Premium,Vestido,Cinza,G,3,115.65,0.0,346.95,Cartão de Crédito,Online,326.0,25
6394,2026-07-17,19:45  ,9,Jaqueta Social,Jaqueta,Rosa,G,3,97.54,29.26,263.36,PIX,Online,318.0,11
6395,2026-09-23,11:15,50,Blusa Esporte,Blusa,Vermelha,GG,2,189.51,0.0,379.02,Cartão de Débito,Online,539.0,6
6396,2026-05-08,21:30,93,Blusa Social,Blusa,Vermelha,GG,2,327.13,0.0,654.26,Cartão de Crédito,Online,332.0,13
6397,2026-05-01, 21:30 ,91,Camiseta Casual,Camiseta,Branca,P,1,29.36,0.0,29.36,PIX,Online,,12
6398,2026-05-08,16:00,143,Acessório Premium,Acessório,Rosa,M,1,297.19,14.86,282.33,Cartão de Crédito,Online,,21
6399,2026-04-05,18:45,139,Acessório Slim,Acessório,Branca,P,2,227.76,45.55,409.97,Cartão de Crédito,Online,,8
6400,2026-05-27,12:00,139,Acessório Slim,Acessório,Branca,P,3,227.76,102.49,580.79,Dinheiro,Online,562.0,12
6401,2026-09-17, 21:15,133,Calça Social,Calça,Rosa,G,3,39.8,17.91,101.49,Cartão de Débito,Física,190.0,18
6402,2026-03-02,18:30,82,Vestido Slim,Vestido,Vermelha,P,3,342.99,0.0,1028.97,Cartão de Débito,Online,11483.0,15
6403,2026-07-27,11:15,29,Blusa Esporte,Blusa,Branca,M,2,318.44,1024.4841294526998,541.35,PIX,Física,139.0,13
6404,2026-05-21,09:45,19,Blusa Casual,Blusa,Preta,M,1,212.08,21.21,190.87,Cartão de Crédito,Física,369.0,19
6405,2026-04-10,15:30,144,Calça Social,Calça,Cinza,GG,2,200.29,60.09,340.49,PIX,Online,278.0,17
6406,2026-07-10,15:00,101,Vestido Social,Vestido,Vermelha,GG,3,158.47,0.0,475.41,Cartão de Crédito,Física,554.0,25
6407,2026-06-29,14:00,152,Acessório Básica,Acessório,Verde,GG,3,238.11,71.43,642.9,PIX,Online,402.0,11
6408,2026-04-09,20:45,99,Vestido Social,Vestido,Rosa,P,2,135.91,0.0,271.82,Cartão de Débito,Online,574.0,21
6409,2026-09-10,15:15,175,Calça Social,Calça,Rosa,P,4,90.45,36.18,325.62,Cartão de Débito,Online,365.0,6
6410,2026-06-21,17:00,76,Bermuda Premium,Bermuda,Vermelha,M,1,45.34,6.8,38.54,Cartão de Débito,Online,310.0,24
6411,2026-05-21,09:30,145,Bermuda Esporte,Bermuda,Cinza,G,3,144.91,0.0,434.73,PIX,Online,191.0,19
6412,2026-07-28,13:45,129,Vestido X,Vestido,Branca,GG,2,295.38,0.0,590.76,Cartão de Crédito,Online,194.0,16
6413,2026-09-06,16:45,168,Vestido Casual,Vestido,Azul,M,4,255.66,153.4,869.24,PIX,Física,521.0,4
6414,2026-04-26,14:30,136,Blusa Social,Blusa,Azul,P,3,114.45,0.0,343.35,Cartão de Crédito,Física,4.0,7
6415,2026-03-26,20:15,58,Acessório Básica,Acessório,Cinza,P,3,304.84,91.45,823.07,PIX,Física,588.0,10
6416,27/08/2026,15:00,60,Acessório Esporte,Acessório,Azul,G,3,112.08,33.62,302.62,Dinheiro,Física,210.0,18
6417,2026-09-04,20:15,163,Jaqueta Básica,Jaqueta,Branca,M,4,212.45,0.0,849.8,Cartão de Débito,Física,363.0,12
6418,2026-04-23,19:45,159,Acessório Slim,Acessório,Azul,G,3,201.01,30.15,572.88,Cartão de Crédito,Online,475.0,13
6419,2026-08-12,21:15,49,Calça Básica,Calça,Verde,GG,1,193.27,0.0,193.27,Cartão de Débito,Online,277.0,2
6420,2026-04-29,18:30,18,Vestido Premium,Vestido,Vermelha,P,3,221.89,66.57,599.1,Cartão de Crédito,Física,34.0,5
6421,2026-09-07,19:00,4,Jaqueta Básica,Jaqueta,Vermelha,M,3,148.57,0.0,445.71,Cartão de Débito,Física,242.0,18
6422,2026-06-13,10:45,175,Calça Social,Calça,Rosa,P,1,90.45,0.0,90.45,Cartão de Crédito,Física,56553.0,2
6423,2026-06-14,18:45,19,Blusa Casual,Blusa,Preta,M,3,212.08,31.81,604.43,PIX,Online,477.0,6
6424,2026-06-05,14:15,48834,Acessório Básica,Acessório,Cinza,G,2,333.62,66.72,600.52,PIX,Online,21.0,19
6425,2026-05-29,14:45,147,Bermuda Básica,Bermuda,Branca,P,1,44.8,0.0,44.8,Cartão de Crédito,Física,455.0,23
6426,2026-05-15,13:15,77,Vestido X,Vestido,Rosa,G,2,195.59,19.56,371.62,Cartão de Crédito,Online,3.0,10
6427,2026-09-18,10:00,123,Blusa Esporte,Blusa,Rosa,P,4,261.56,104.62,941.62,Dinheiro,Física,157.0,18
6428,2026-03-30,12:00,68,Jaqueta Premium,Jaqueta,Vermelha,G,4,65.29,0.0,261.16,PIX,Online,475.0,15
6429,2026-04-07,18:00,39,Calça Social,Calça,Vermelha,GG,4,327.41,196.45,"R$ 1.113,19",Dinheiro,Física,490.0,9
6430,2026-06-04,12:00,160,Calça X,Calça,Verde,P,1,137.04,0.0,137.04,Cartão de Crédito,Online,96.0,3
6431,2026-04-25,11:30,145,Bermuda Esporte,Bermuda,Cinza,G,4,144.91,86.95,492.69,Cartão de Débito,Física,302.0,4
6432,2026-04-28,09:00,1,Acessório Premium,Acessório,Verde,G,3,129.26,19.39,368.39,Dinheiro,Online,144.0,24
6433,2026-09-09,18:30,10,Jaqueta Casual,Jaqueta,Cinza,GG,3,338.29,0.0,1014.87,Cartão de Débito,Online,233.0,7
6434,2026-08-07,10:45,142,Acessório Básica,Acessório,Cinza,G,2,333.62,33.36,633.88,Cartão de Débito,Online,101.0,7
6435,2026-07-12,17:45,16,Acessório Casual,Acessório,Verde,GG,1,160.59,0.0,160.59,PIX,Online,526.0,2
6436,2026-04-02,17:15,96,Bermuda Casual,Bermuda,Branca,M,2,123.65,0.0,247.3,Cartão de Débito,Física,281.0,15
6437,2026-03-24,20:30,41,Jaqueta Casual,Jaqueta,Cinza,GG,4,274.27,54.85,1042.23,Cartão de Crédito,Física,253.0,24
6438,2026-07-25,11:30,94,Acessório Casual,Acessório,Verde,M,2,202.82,60.85,344.79,Dinheiro,Online,255.0,22
6439,2026-09-05,21:15,172,Camiseta Social,Camiseta,Rosa,G,2,281.43,56.29,506.57,PIX,Online,20.0,21
6440,2026-08-08,10:15,141,Acessório Slim,Acessório,Rosa,G,1,250.39,25.04,225.35,Cartão de Crédito,Física,57.0,20
6441,29/03/26,21:00,170,Blusa Premium,Blusa,Azul,G,3,154.9,46.47,418.23,Dinheiro,Online,375.0,10
6442,24/07/2026,19:30,42,Bermuda Casual,Bermuda,Branca,P,3,336.75,0.0,1010.25,Cartão de Crédito,Online,201.0,15
6443,2026-08-13,16:15,135,Camiseta Slim,Camiseta,Preta,GG,2,333.31,0.0,666.62,Cartão de Crédito,Física,474.0,1
6444,2026-04-05,13:00,21,Jaqueta Casual,Jaqueta,Cinza,G,3,186.68,56.0,504.04,PIX,Online,29.0,18
6445,2026-03-02,16:30,123,Blusa Esporte,Blusa,Rosa,P,2,261.56,0.0,523.12,Cartão de Débito,Física,283.0,24
6446,2026-08-16,18:30,120,Vestido Premium,Vestido,Rosa,GG,3,304.25,45.64,867.11,Cartão de Débito,Física,515.0,21
6447,2026-08-04,13:00  ,51,Jaqueta Slim,Jaqueta,Verde,M,4,118.56,0.0,474.24,Cartão de Débito,Online,,23
6448,2026-09-15,18:45,165,Blusa Casual,Blusa,Rosa,GG,4,156.99,0.0,627.96,PIX,Física,566.0,2
6449,2026-04-20,17:30,127,Vestido Social,Vestido,Rosa,G,1,72.5,7.25,65.25,Crediário,Online,400.0,19
6450,2026-04-16,13:00,58,Acessório Básica,Acessório,Cinza,P,3,304.84,0.0,914.52,Cartão de Débito,Online,91.0,14
6451,2026-04-05,11:15,52,Vestido Casual,Vestido,Rosa,GG,3,235.08,0.0,705.24,Dinheiro,Física,390.0,1
6452,2026-09-25,14:15,105,Vestido Esporte,Vestido,Vermelha,P,3,168.87,0.0,506.61,Crediário,Física,588.0,18
6453,2026-06-15,18:30,80,Jaqueta Casual,Jaqueta,Cinza,P,2,258.13,77.44,438.82,Cartão de Crédito,Física,15.0,17
6454,2026-03-02,10:45,118,Camiseta Esporte,Camiseta,Azul,M,3,214.08,32.11,610.13,Cartão de Crédito,Online,232.0,24
6455,2026-08-13,12:15,150,Blusa Esporte,Blusa,Vermelha,M,2,241.11,72.33,"R$ 409,89",Cartão de Crédito,Online,90.0,24
6456,2026-03-16,15:15,147,Bermuda Básica,Bermuda,Branca,P,4,44.8,26.88,152.32,Cartão de Débito,Online,255.0,22
6457,2026-08-08,20:00,178,Calça Básica,Calça,Azul,GG,2,144.41,0.0,288.82,PIX,Física,364.0,15
6458,2026-07-31,14:30,64,Camiseta Básica,Camiseta,Rosa,M,3,108.86,0.0,326.58,PIX,Física,229.0,3
6459,2026-05-29,13:30,10,Jaqueta Casual,Jaqueta,Cinza,GG,2,338.29,0.0,676.58,Cartão de Débito,Online,466.0,11
6460,2026-06-11,13:30,91,Camiseta Casual,Camiseta,Branca,P,2,29.36,0.0,58.72,Cartão de Crédito,Física,547.0,3
6461,2026-06-26,15:15,44,Jaqueta Esporte,Jaqueta,Azul,GG,4,198.07,79.23,"R$ 713,05",Cartão de Crédito,Física,120.0,6
6462,2026-05-05,11:15,28,Camiseta Social,Camiseta,Rosa,GG,2,276.72,0.0,553.44,Cartão de Débito,Física,350.0,8
6463,31/03/2026,11:45,113,Blusa Social,Blusa,Rosa,P,2,270.36,54.07,486.65,PIX,Física,,23
6464,2026-08-14,15:45,152,Acessório Básica,Acessório,Verde,GG,3,238.11,35.72,678.61,Crediário,Física,430.0,1
6465,2026-08-11,09:00,108,Bermuda Social,Bermuda,Vermelha,P,1,179.79,323.23245462366515,170.8,Cartão De Crédito,Online,477.0,3
6466,2026-03-09,16:15,127,Vestido Social,Vestido,Rosa,G,1,72.5,0.0,72.5,PIX,Online,93.0,2
6467,2026-09-20,17:30,127,Vestido Social,Vestido,Rosa,G,2,72.5,0.0,145.0,PIX,Online,41.0,24
6468,2026-09-22,10:00,111,Acessório Esporte,Acessório,Rosa,M,2,333.04,0.0,666.08,Cartão de Débito,Online,541.0,7
6469,2026-03-27,19:00,175,Calça Social,Calça,Rosa,P,4,90.45,18.09,343.71,Cartão de Crédito,Física,207.0,9
6470,2026-07-14,13:45,46,Acessório X,Acessório,Cinza,M,4,184.96,36.99,702.85,Crediário,Online,36.0,24
6471,2026-08-08,09:00,50,Blusa Esporte,Blusa,Vermelha,GG,3,189.51,0.0,568.53,Dinheiro,Física,456.0,15
6472,2026-09-02,20:15,80,Jaqueta Casual,Jaqueta,Cinza,P,3,258.13,77.44,696.95,PIX,Online,323.0,7
6473,2026-08-15,17:15,75,Jaqueta Casual,Jaqueta,Azul,G,1,238.16,0.0,238.16,Cartão de Crédito,Física,303.0,21
6474,2026-05-31,20:30,25,Blusa Social,Blusa,Rosa,M,1,285.55,0.0,285.55,Cartão de Débito,Física,134.0,16
6475,01/09/2026, 10:00 ,105,Vestido Esporte,Vestido,Vermelha,P,1,168.87,0.0,168.87,Cartão de Crédito,Online,236.0,6
6476,2026-09-01,15:15,142,Acessório Básica,Acessório,Cinza,G,4,333.62,200.17,1134.31,PIX,Física,436.0,15
6477,2026-07-14,21:15,69,Camiseta Social,Camiseta,Branca,M,2,96.99,0.0,193.98,PIX,Online,581.0,16
6478,2026-08-19,11:00,23,Blusa X,Blusa,Preta,P,4,219.84,87.94,791.42,Cartão de Débito,Online,73.0,15
6479,2026-04-19,19:00,93277,Vestido X,Vestido,Branca,GG,1,295.38,0.0,295.38,PIX,Online,44.0,23
6480,2026-06-03,15:00,180,Acessório X,Acessório,Cinza,G,4,73.69,44.21,250.55,Cartão de Débito,Física,367.0,16
6481,2026-07-07,15:15,51,Jaqueta Slim,Jaqueta,Verde,M,1,118.56,17.78,100.78,Cartão de Crédito,Online,120.0,17
6482,13/03/2026,10:45,146,Acessório Esporte,Acessório,Vermelha,P,1,103.95,0.0,103.95,Crediário,Online,525.0,5
6483,2026-07-11,15:00,118,Camiseta Esporte,Camiseta,Azul,M,1,214.08,0.0,214.08,Cartão de Crédito,Online,482.0,10
6484,2026-07-12,11:30,147,Bermuda Básica,Bermuda,Branca,P,3,44.8,20.16,114.24,PIX,Física,439.0,17
6485,2026-07-15,18:45,62,Camiseta Básica,Camiseta,Azul,GG,4,140.6,0.0,562.4,pix,Física,495.0,12
6486,2026-03-02,20:45,115,Jaqueta Social,Jaqueta,Preta,GG,2,278.18,55.64,500.72,Cartão de Débito,Online,451.0,1
6487,26-03-2026,19:30,105,Vestido Esporte,Vestido,Vermelha,P,2,168.87,0.0,337.74,Cartão de Crédito,Física,489.0,12
6488,2026-04-04,17:00,99,Vestido Social,Vestido,Rosa,P,2,135.91,40.77,231.05,Cartão de Débito,Online,379.0,8
6489,2026-05-20,17:30,14,Bermuda Social,Bermuda,Branca,P,3,125.8,0.0,377.4,Cartão de Crédito,Física,267.0,14
6490,2026-07-14,17:00,167,Acessório Casual,Acessório,Preta,P,3,326.38,146.87,832.27,PIX,Física,458.0,18
6491,2026-07-16,16:30,58,Acessório Básica,Acessório,Cinza,P,4,304.84,182.9,1036.46,PIX,Online,349.0,2
6492,2026-05-15,21:45,54,Calça Esporte,Calça,Verde,P,1,77.13,0.0,77.13,PIX,Online,378.0,23
6493,2026-08-20,15:30,19,Blusa Casual,Blusa,Preta,M,1,212.08,21.21,190.87,PIX,Online,394.0,15
6494,2026-07-12,12:30,177,Bermuda Básica,Bermuda,Branca,G,4,113.66,22.73,431.91,Cartão de Débito,Física,267.0,20
6495,2026-03-09,16:45,87,Camiseta Casual,Camiseta,Rosa,G,3,25.88,11.65,65.99,Cartão de Débito,Física,291.0,6
6496,2026-08-04,11:30,129,Vestido X,Vestido,Branca,GG,3,295.38,44.31,841.83,Cartão de Débito,Online,12.0,7
6497,2026-07-01,17:00,73,Vestido Social,Vestido,Preta,P,2,83.59,16.72,150.46,Crediário,Online,360.0,9
6498,2026-08-20,12:30,81,Calça Social,Calça,Cinza,P,3,125.82,0.0,377.46,Cartão de Crédito,Física,496.0,14
6499,2026-04-25,19:45,33,Blusa X,Blusa,Vermelha,P,4,230.83,138.5,784.82,Cartão de Débito,Física,334.0,21
6500,2026-07-04,14:30,65,Jaqueta Social,Jaqueta,Cinza,GG,4,77.68,0.0,310.72,Cartão de Débito,Física,245.0,15
6501,2026-08-28,10:00,81,Calça Social,Calça,Cinza,P,1,125.82,0.0,125.82,Cartão de Débito,Física,32.0,8
6502,2026-07-12,14:45,140,Acessório Premium,Acessório,Rosa,G,1,155.17,0.0,155.17,Cartão de Débito,Física,487.0,22
6503,2026-04-20,21:15,11,Calça Básica,Calça,Vermelha,G,3,297.24,133.76,757.96,Cartão de Débito,Física,374.0,9
6504,2026-04-23,16:15,38,Calça X,Calça,Azul,G,3,234.51,0.0,703.53,Cartão de Crédito,Online,297.0,3
6505,2026-04-22,13:00,18,Vestido Premium,Vestido,Vermelha,P,2,221.89,0.0,443.78,PIX,Online,53.0,24
6506,2026-08-01,16:00,40,Bermuda Esporte,Bermuda,Azul,G,2,78.7,23.61,133.79,PIX,Física,313.0,16
6507,2026-07-08,17:45,109,Camiseta Básica,Camiseta,Cinza,P,-2,128.12,6.41,121.71,Cartão de Crédito,Física,52.0,9
6508,12/07/2026,20:15,35,Jaqueta Premium,Jaqueta,Preta,P,4,289.59,0.0,1158.36,PIX,Física,244.0,22
6509,2026-07-31,11:45,129,Vestido X,Vestido,Branca,GG,2,295.38,0.0,590.76,Cartão de Débito,Física,537.0,5
6510,2026-06-21,21:00,173,Jaqueta Casual,Jaqueta,Cinza,GG,1,328.02,16.4,311.62,Cartão de Crédito,Física,86.0,14
6511,2026-03-18,19:30,99,Vestido Social,Vestido,Rosa,P,4,135.91,81.55,462.09,Cartão de Débito,Física,362.0,24
6512,2026-08-27,19:30,117,Vestido Casual,Vestido,Azul,P,4,314.94,0.0,1259.76,Cartão de Débito,Online,448.0,16
6513,2026-04-09,13:45,48,Camiseta Esporte,Camiseta,Preta,G,2,170.37,0.0,340.74,Cartão de Crédito,Física,377.0,22
6514,2026-05-28,14:45,130,Blusa Esporte,Blusa,Verde,GG,1,154.8,0.0,154.8,Crediário,Física,203.0,20
6515,2026-07-03,17:45,88,Camiseta Básica,Camiseta,Branca,GG,4,270.48,0.0,1081.92,Crediário,Física,,23
6516,2026-08-15,13:30,99,Vestido Social,Vestido,Rosa,P,3,135.91,0.0,407.73,Cartão de Crédito,Online,289.0,11
6517,2026-08-16,18:30,130,Blusa Esporte,Blusa,Verde,GG,2,154.8,0.0,309.6,Cartão de Crédito,Física,35.0,4
6518,2026-08-31,18:15,84,Jaqueta Básica,Jaqueta,Verde,P,4,313.9,125.56,1130.04,Crediário,Online,162.0,8
6519,2026-03-20,13:30,31,Vestido Slim,Vestido,Azul,P,1,35.57,0.0,35.57,Cartão de Crédito,Física,340.0,13
6520,2026-03-15,18:30,94,Acessório Casual,Acessório,Verde,M,3,202.82,0.0,608.46,Cartão de Débito,Online,103.0,25
6521,2026-08-14,15:45,145,Bermuda Esporte,Bermuda,Cinza,G,3,144.91,43.47,391.26,PIX,Física,169.0,9
6522,2026-04-20,19:00,7,Jaqueta Esporte,Jaqueta,Preta,P,2,33.34,10.0,56.68,Cartão de Crédito,Online,197.0,1
6523,2026-08-17,13:45,71,Camiseta Esporte,Camiseta,Cinza,GG,2,252.73,0.0,505.46,PIX,Física,220.0,23
6524,2026-03-24,18:00,69,Camiseta Social,Camiseta,Branca,M,3,96.99,29.1,261.87,Cartão de Débito,Online,,5
6525,2026-05-23,18:15,100,Vestido Casual,Vestido,Preta,M,1,76.04,3.8,72.24,Cartão de Crédito,Online,,17
6526,2026-06-11,11:15,142,Acessório Básica,Acessório,Cinza,G,1,333.62,50.04,"R$ 283,58",Cartão de Crédito,Online,222.0,6
6527,2026-07-16,10:45,37,Bermuda Básica,Bermuda,Branca,M,2,197.74,0.0,395.48,Cartão de Crédito,Física,565.0,8
6528,2026-04-01,15:45,65,Jaqueta Social,Jaqueta,Cinza,GG,3,77.68,11.65,221.39,Cartão de Débito,Online,532.0,1
6529,24/04/26,17:00,170,Blusa Premium,Blusa,Azul,G,4,154.9,0.0,619.6,Crediário,Física,,13
6530,2026-08-23,14:45,29,Blusa Esporte,Blusa,Branca,M,1,318.44,0.0,318.44,Cartão de Débito,Online,376.0,13
6531,2026-08-22,21:30,171,Acessório X,Acessório,Verde,G,3,85.73,38.58,218.61,Cartão de Crédito,Online,,19
6532,2026-05-09,21:45,88,Camiseta Básica,Camiseta,Branca,GG,4,270.48,54.1,"R$ 1.027,82",Cartão de Débito,Física,34.0,3
6533,2026-05-21,19:15,12,Bermuda Esporte,Bermuda,Cinza,M,2,327.44,0.0,654.88,Cartão de Crédito,Física,330.0,2
6534,2026-06-11,12:00,109,Camiseta Básica,Camiseta,Cinza,P,3,128.12,0.0,384.36,PIX,Física,189.0,23
6535,2026-04-09,21:00,130,Blusa Esporte,Blusa,Verde,GG,4,154.8,61.92,557.28,Cartão de Crédito,Online,244.0,16
6536,2026-09-03,10:30,69,Camiseta Social,Camiseta,Branca,M,2,96.99,0.0,"193,98",Cartão de Crédito,Física,512.0,15
6537,2026-08-08,14:15,30,Blusa Básica,Blusa,Preta,M,2,249.41,49.88,448.94,cartão de débito,Física,146.0,8
6538,2026-06-12,14:00,72,Blusa Premium,Blusa,Verde,GG,2,252.12,75.64,428.6,Cartão de Crédito,Física,35.0,25
6539,2026-03-16,14:00,120,Vestido Premium,Vestido,Rosa,GG,4,304.25,182.55,1034.45,Cartão de Crédito,Física,556.0,25
6540,2026-04-23,19:15,97,Camiseta Slim,Camiseta,Azul,M,4,174.51,104.71,593.33,PIX,Física,369.0,10
6541,03/03/26,17:15,16,Acessório Casual,Acessório,Verde,GG,4,160.59,64.24,578.12,Cartão de Débito,Física,108.0,24
6542,2026-07-15,11:00,166,Vestido Premium,Vestido,Vermelha,GG,2,194.42,0.0,388.84,Crediário,Física,487.0,19
6543,2026-04-24,11:30,147,Bermuda Básica,Bermuda,Branca,P,4,44.8,0.0,179.2,Crediário,Online,,6
6544,2026-05-25,19:15,39,Calça Social,Calça,Vermelha,GG,4,327.41,0.0,1309.64,Cartão de Débito,Online,335.0,13
6545,2026-03-28,09:00,109,Camiseta Básica,Camiseta,Cinza,P,4,128.12,51.25,461.23,Cartão de Crédito,Física,456.0,2
6546,2026-06-10,17:00,167,Acessório Casual,Acessório,Preta,P,4,326.38,0.0,1305.52,PIX,Física,294.0,13
6547,2026-07-20,18:15,66,Bermuda X,Bermuda,Branca,G,1,98.66,4.93,93.73,Dinheiro,Online,105.0,12
6548,11-09-2026,15:30,81,Calça Social,Calça,Cinza,P,3,125.82,0.0,"377,46",Cartão de Crédito,Online,197.0,10
6549,2026-09-16,20:30,92,Calça Casual,Calça,Rosa,G,4,164.58,32.92,625.4,Cartão de Crédito,Online,464.0,16
6550,2026-06-10,11:00,79,Camiseta X,Camiseta,Cinza,G,4,76.54,0.0,306.16,Dinheiro,Física,466.0,6
6551,2026-05-29,15:45,147,Bermuda Básica,Bermuda,Branca,P,3,44.8,0.0,134.4,Cartão de Crédito,Online,552.0,16
6552,2026-05-07,13:15,157,Blusa Social,Blusa,Rosa,GG,3,325.37,0.0,976.11,PIX,Online,221.0,16
6553,2026-07-29,15:30,81,Calça Social,Calça,Cinza,P,1,125.82,6.29,119.53,Cartão de Crédito,Física,348.0,22
6554,2026-09-17,19:15,168,Vestido Casual,Vestido,Azul,M,2,255.66,25.57,485.75,Cartão de Débito,Física,83.0,17
6555,2026-08-27,09:15,170,Blusa Premium,Blusa,Azul,G,4,154.9,92.94,526.66,Dinheiro,Online,,25
6556,2026-08-10,13:30,154,Acessório Esporte,Acessório,Azul,M,2,140.03,0.0,280.06,Cartão de Débito,Online,411.0,17
6557,2026-07-02,15:00,115,Jaqueta Social,Jaqueta,Preta,GG,3,278.18,0.0,834.54,Cartão de Débito,Online,447.0,24
6558,2026-07-26,09:45,13,Calça X,Calça,Verde,M,3,118.99,17.85,339.12,Crediário,Online,557.0,8
6559,2026-03-06,20:45,10,Jaqueta Casual,Jaqueta,Cinza,GG,3,338.29,152.23,862.64,PIX,Online,591.0,9
6560,2026-04-07,15:45,105,Vestido Esporte,Vestido,Vermelha,P,1,168.87,8.44,160.43,Dinheiro,Online,354.0,7
6561,2026-08-04,13:15,48,Camiseta Esporte,Camiseta,Preta,G,1,170.37,0.0,170.37,PIX,Física,350.0,10
6562,2026-03-25,16:45,68,Jaqueta Premium,Jaqueta,Vermelha,G,3,65.29,9.79,186.08,Crediário,Online,421.0,10
6563,09/03/2026,18:15,28,Camiseta Social,Camiseta,Rosa,GG,2,276.72,27.67,525.77,Cartão de Crédito,Física,447.0,13
6564,2026-05-13,15:45,143,Acessório Premium,Acessório,Rosa,M,3,297.19,44.58,846.99,PIX,Online,58.0,14
6565,2026-03-14,21:00,91,Camiseta Casual,Camiseta,Branca,P,1,29.36,4.4,24.96,Crediário,Física,244.0,10
6566,2026-06-27,17:15,167,Acessório Casual,Acessório,Preta,P,4,326.38,195.83,1109.69,Cartão de Débito,Física,221.0,22
6567,2026-07-02,12:00,19,Blusa Casual,Blusa,Preta,M,4,212.08,0.0,848.32,PIX,Online,353.0,22
6568,26/06/2026,09:00,135,Camiseta Slim,Camiseta,Preta,GG,4,333.31,66.66,1266.58,Cartão de Crédito,Física,125.0,25
6569,2026-05-14,10:45,118,Camiseta Esporte,Camiseta,Azul,M,1,214.08,0.0,214.08,PIX,Física,559.0,8
6570,2026-05-26,10:45,121,Vestido Casual,Vestido,Verde,G,2,101.83,0.0,203.66,Cartão de Crédito,Física,546.0,2
6571,2026-04-22,11:30,34,Acessório Slim,Acessório,Azul,M,1,220.29,22.03,198.26,Cartão de Crédito,Online,52.0,3
6572,2026-03-04,15:15,6,Acessório X,Acessório,Azul,GG,3,334.07,0.0,1002.21,PIX,Online,440.0,24
6573,2026-06-30,16:15  ,72,Blusa Premium,Blusa,Verde,GG,1,252.12,0.0,252.12,Cartão de Débito,Física,263.0,18
6574,2026-07-04,20:30,80,Jaqueta Casual,Jaqueta,Cinza,P,2,258.13,0.0,516.26,PIX,Física,239.0,18
6575,2026-07-22,10:30,113,Blusa Social,Blusa,Rosa,P,2,270.36,54.07,486.65,Crediário,Física,398.0,20
6576,2026-05-17,09:45,74,Acessório Social,Acessório,Preta,GG,2,90.99,18.2,163.78,Dinheiro,Online,454.0,23
6577,2026-07-06,14:00,54,Calça Esporte,Calça,Verde,P,1,77.13,0.0,77.13,Cartão de Débito,Física,598.0,22
6578,2026-03-15,17:15,64277,Jaqueta Premium,Jaqueta,Vermelha,G,1,65.29,0.0,65.29,Cartão de Crédito,Online,568.0,14
6579,2026-07-31,09:00,93,Blusa Social,Blusa,Vermelha,GG,4,327.13,0.0,1308.52,Cartão de Débito,Online,405.0,25
6580,2026-05-07,19:15,19,Blusa Casual,Blusa,Preta,M,4,212.08,84.83,763.49,Cartão de Crédito,Física,600.0,2
6581,2026-05-17,14:45,67,Bermuda Básica,Bermuda,Cinza,P,1,318.87,47.83,271.04,PIX,Física,422.0,14
6582,2026-06-11,19:00,133,Calça Social,Calça,Rosa,G,3,39.8,0.0,119.4,Cartão de Crédito,Física,88.0,25
6583,2026-08-20,15:30,161,Vestido X,Vestido,Azul,G,4,67.98,0.0,271.92,Cartão de Débito,Online,282.0,21
6584,2026-06-23,14:45,102,Bermuda X,Bermuda,Azul,G,1,181.84,0.0,181.84,Cartão de Débito,Online,421.0,13
6585,2026-05-28,19:00,65,Jaqueta Social,Jaqueta,Cinza,GG,2,77.68,0.0,155.36,Crediário,Física,530.0,25
6586,2026-06-02,10:00,76,Bermuda Premium,Bermuda,Vermelha,M,3,45.34,6.8,129.22,Cartão de Crédito,Online,,16
6587,2026-09-03,17:15,89,Acessório Slim,Acessório,Preta,P,3,283.36,127.51,722.57,Cartão de Débito,Online,321.0,9
6588,2026-05-29,14:15,31,Vestido Slim,Vestido,Azul,P,3,35.57,0.0,106.71,Cartão de Débito,Física,362.0,24
6589,2026-04-24,13:45,128,Bermuda Básica,Bermuda,Preta,GG,2,193.28,0.0,386.56,Cartão de Crédito,Física,9.0,16
6590,2026-08-17,13:15,135,Camiseta Slim,Camiseta,Preta,GG,2,333.31,33.33,633.29,Cartão de Débito,Física,448.0,3
6591,2026-05-17,20:15,90,Blusa Premium,Blusa,Branca,G,0,177.57,0.0,532.71,Cartão de Crédito,Online,547.0,3
6592,2026-06-14,21:45,103,Jaqueta Social,Jaqueta,Verde,G,1,239.05,23.9,215.15,Crediário,Online,290.0,23
6593,2026-09-03,11:30,125,Vestido Esporte,Vestido,Vermelha,P,4,67.79,13.56,257.6,PIX,Online,240.0,16
6594,2026-09-21,17:45,121,Vestido Casual,Vestido,Verde,G,1,101.83,5.09,96.74,Cartão de Débito,Online,198.0,19
6595,2026-04-10,17:30,165,Blusa Casual,Blusa,Rosa,GG,1,156.99,0.0,156.99,Crediário,Física,99.0,21
6596,2026-09-20,11:45,81,Calça Social,Calça,Cinza,P,1,125.82,0.0,125.82,PIX,Física,583.0,21
6597,2026-07-20,18:00,113,Blusa Social,Blusa,Rosa,P,2,270.36,27.04,513.68,Cartão de Crédito,Online,46.0,4
6598,2026-09-11,09:45,178,Calça Básica,Calça,Azul,GG,3,144.41,0.0,433.23,Cartão de Crédito,Online,70.0,14
6599,2026-09-03,19:45,116,Blusa Casual,Blusa,Azul,G,3,332.71,0.0,998.13,cartao credito,Física,575.0,8
6600,2026-05-10,21:15,12,Bermuda Esporte,Bermuda,Cinza,M,4,327.44,65.49,1244.27,CARTÃO DE CRÉDITO,Online,406.0,23
6601,2026-05-24,17:00,5,Jaqueta Slim,Jaqueta,Branca,GG,3,87.47,0.0,262.41,Crediário,Online,579.0,9
6602,2026-07-11,18:15,166,Vestido Premium,Vestido,Vermelha,GG,4,194.42,0.0,777.68,PIX,Física,156.0,11
6603,2026-03-28,12:45,35,Jaqueta Premium,Jaqueta,Preta,P,3,289.59,130.32,"R$ 738,45",Cartão de Débito,Online,255.0,2
6604,2026-03-30,17:00,117,Vestido Casual,Vestido,Azul,P,4,314.94,62.99,1196.77,PIX,Online,234.0,6
6605,2026-06-12,12:15,102,Bermuda X,Bermuda,Azul,G,3,181.84,27.28,518.24,Cartão de Débito,Online,61.0,11
6606,2026-09-17,13:30,50,Blusa Esporte,Blusa,Vermelha,GG,4,189.51,113.71,644.33,Cartão de Débito,Online,204.0,4
6607,2026-05-11,09:45,38,Calça X,Calça,Azul,G,4,234.51,140.71,797.33,Cartão de Débito,Física,281.0,7
6608,2026-07-05,14:00,39,Calça Social,Calça,Vermelha,GG,1,327.41,0.0,327.41,Dinheiro,Online,219.0,16
6609,2026-09-02,11:00,93,Blusa Social,Blusa,Vermelha,GG,1,327.13,0.0,327.13,PIX,Online,97.0,11
6610,2026-04-24,09:00,58,Acessório Básica,Acessório,Cinza,P,1,304.84,0.0,304.84,Dinheiro,Física,171.0,2
6611,2026-04-06,17:30,81,Calça Social,Calça,Cinza,P,2,125.82,0.0,251.64,Cartão de Crédito,Online,356.0,6
6612,2026-05-23,16:00,149,Calça Premium,Calça,Vermelha,P,3,296.39,0.0,889.17,Crediário,Física,68.0,3
6613,2026-07-10, 11:15 ,83,Camiseta Básica,Camiseta,Rosa,M,1,221.65,0.0,221.65,PIX,Física,579.0,22
6614,2026-07-24,10:30,157,Blusa Social,Blusa,Rosa,GG,2,325.37,97.61,553.13,Cartão de Crédito,Física,599.0,5
6615,2026-06-07,09:00,30,Blusa Básica,Blusa,Preta,M,3,249.41,112.23,636.0,dinheiro,Física,383.0,21
6616,2026-05-30,15:15,146,Acessório Esporte,Acessório,Vermelha,P,3,103.95,0.0,311.85,Cartão de Crédito,Física,98.0,10
6617,2026-05-31,15:30,115,Jaqueta Social,Jaqueta,Preta,GG,-1,278.18,166.91,945.81,Cartão de Débito,Física,595.0,20
6618,2026-09-09,10:30,22,Vestido Social,Vestido,Rosa,G,1,289.54,0.0,289.54,Cartão de Débito,Física,218.0,1
6619,2026-05-04,16:30,99,Vestido Social,Vestido,Rosa,P,1,135.91,13.59,122.32,PIX,Online,305.0,1
6620,2026-08-14,19:15,25,Blusa Social,Blusa,Rosa,M,2,285.55,57.11,513.99,Cartão de Crédito,Física,577.0,25
6621,2026-09-23,21:45,86,Bermuda Casual,Bermuda,Branca,P,4,211.18,84.47,760.25,PIX,Online,407.0,2
6622,2026-08-12,16:15,6,Acessório X,Acessório,Azul,GG,3,334.07,50.11,952.1,Cartão de Débito,Online,401.0,4
6623,2026-03-20,18:45,24,Blusa X,Blusa,Cinza,GG,2,80.81,16.16,145.46,Cartão de Crédito,Física,234.0,18
6624,2026-08-08,19:15,70,Blusa Slim,Blusa,Verde,GG,4,203.23,121.94,690.98,Cartão de Crédito,Online,600.0,19
6625,2026-03-15,21:45,36,Vestido Social,Vestido,Azul,P,4,348.35,69.67,1323.73,Cartão de Crédito,Física,,17
6626,2026-08-15,15:30,63,Calça Premium,Calça,Vermelha,G,2,277.67,0.0,555.34,PIX,Online,504.0,25
6627,2026-06-23,21:30,178,Calça Básica,Calça,Azul,GG,3,144.41,21.66,411.57,Cartão de Crédito,Online,308.0,5
6628,2026-03-16,11:00,99,Vestido Social,Vestido,Rosa,P,1,135.91,0.0,135.91,PIX,Física,216.0,13
6629,2026-08-22,21:00,5,Jaqueta Slim,Jaqueta,Branca,GG,2,87.47,26.24,148.7,Cartão de Débito,Online,136.0,9
6630,2026-03-29,21:15,136,Blusa Social,Blusa,Azul,P,1,114.45,0.0,114.45,PIX,Online,131.0,13
6631,2026-05-09, 12:45,32,Bermuda Premium,Bermuda,Azul,GG,1,298.98,0.0,298.98,Cartão de Débito,Física,431.0,22
6632,2026-05-22,15:30,139,Acessório Slim,Acessório,Branca,P,4,227.76,0.0,911.04,Cartão de Débito,Física,301.0,7
6633,2026-08-22,13:00,7,Jaqueta Esporte,Jaqueta,Preta,P,4,33.34,13.34,120.02,Cartão de Débito,Física,481.0,1
6634,2026-09-22,10:45,11,Calça Básica,Calça,Vermelha,G,3,297.24,89.17,802.55,Cartão de Crédito,Online,189.0,14
6635,2026-07-29, 10:30,111,Acessório Esporte,Acessório,Rosa,M,4,333.04,0.0,1332.16,Crediário,Física,229.0,9
6636,2026-03-08,09:45,2,Camiseta Básica,Camiseta,Cinza,P,4,57.67,23.07,207.61,Dinheiro,Física,233.0,1
6637,2026-03-20,20:00,13,Calça X,Calça,Verde,M,4,118.99,0.0,475.96,Cartão de Débito,Online,225.0,6
6638,2026-03-02,19:15,116,Blusa Casual,Blusa,Azul,G,3,332.71,0.0,998.13,Dinheiro,Física,302.0,7
6639,2026-05-04,15:00,65,Jaqueta Social,Jaqueta,Cinza,GG,3,77.68,0.0,233.04,PIX,Online,275.0,24
6640,2026-06-15,11:45,166,Vestido Premium,Vestido,Vermelha,GG,1,194.42,9.72,184.7,Cartão de Débito,Online,492.0,19
6641,2026-03-18,21:45,175,Calça Social,Calça,Rosa,P,4,90.45,0.0,361.8,Crediário,Física,202.0,24
6642,2026-08-11,20:15,132,Acessório Básica,Acessório,Branca,P,1,296.32,44.45,251.87,Cartão de Crédito,Online,544.0,7
6643,2026-09-05,19:30,165,Blusa Casual,Blusa,Rosa,GG,1,156.99,15.7,141.29,PIX,Online,422.0,2
6644,2026-03-19,18:00,8,Blusa Social,Blusa,Preta,M,1,290.68,0.0,290.68,Cartão de Crédito,Online,110.0,14
6645,2026-04-02,09:15,55,Vestido Premium,Vestido,Verde,P,4,95.27,0.0,381.08,Cartão de Débito,Online,27.0,24
6646,2026-07-15,20:30,65,Jaqueta Social,Jaqueta,Cinza,GG,2,77.68,0.0,"155,36",Crediário,Física,21.0,4
6647,2026-08-23,13:15,63,Calça Premium,Calça,Vermelha,G,1,277.67,0.0,277.67,PIX,Física,385.0,7
6648,2026-03-05,10:00,58,Acessório Básica,Acessório,Cinza,P,1,304.84,0.0,304.84,Dinheiro,Física,366.0,6
6649,2026-06-16,15:15,172,Camiseta Social,Camiseta,Rosa,G,1,281.43,14.07,267.36,Cartão De Crédito,Online,211.0,13
6650,2026-09-24,11:45,104,Vestido Slim,Vestido,Verde,P,3,221.73,99.78,565.41,Crediário,Online,5.0,6
6651,2026-05-01, 20:15,87,Camiseta Casual,Camiseta,Rosa,G,3,25.88,0.0,77.64,CARTÃO DE CRÉDITO,Física,22.0,25
6652,2026-07-04,13:00,112,Calça Básica,Calça,Azul,M,2,318.38,0.0,"636,76",Dinheiro,Física,569.0,17
6653,2026-06-01,18:30,61,Acessório Básica,Acessório,Rosa,M,3,281.06,42.16,801.02,Cartão de Débito,Online,142.0,2
6654,2026-08-04,20:30,138,Acessório Social,Acessório,Rosa,G,4,125.4,0.0,501.6,Cartão de Crédito,Online,464.0,23
6655,2026-04-21,15:15,32,Bermuda Premium,Bermuda,Azul,GG,2,298.98,89.69,508.27,Dinheiro,Física,454.0,18
6656,2026-03-16,21:30,101,Vestido Social,Vestido,Vermelha,GG,2,158.47,0.0,316.94,Cartão de Crédito,Física,257.0,8
6657,2026-03-01,17:45,126,Vestido Slim,Vestido,Vermelha,M,3,262.43,78.73,708.56,Cartão de Débito,Física,493.0,5
6658,2026-05-09,13:00,128,Bermuda Básica,Bermuda,Preta,GG,2,193.28,0.0,"386,56",PIX,Online,470.0,14
6659,2026-06-01,16:15,11,Calça Básica,Calça,Vermelha,G,1,297.24,0.0,297.24,Cartão de Débito,Online,268.0,21
6660,2026-03-28,15:30,163,Jaqueta Básica,Jaqueta,Branca,M,4,212.45,127.47,722.33,Crediário,Online,454.0,21
6661,08/03/2026,18:30,9,Jaqueta Social,Jaqueta,Rosa,G,4,97.54,19.51,370.65,PIX,Online,62.0,1
6662,2026-06-27,14:15,87,Camiseta Casual,Camiseta,Rosa,G,3,25.88,0.0,77.64,Dinheiro,Física,529.0,3
6663,2026-09-04,16:45,133,Calça Social,Calça,Rosa,G,3,39.8,17.91,101.49,Cartão de Crédito,Física,586.0,9
6664,2026-07-09,21:00,128,Bermuda Básica,Bermuda,Preta,GG,4,193.28,0.0,773.12,Cartão de Crédito,Física,427.0,8
6665,2026-05-28,18:00,123,Blusa Esporte,Blusa,Rosa,P,3,261.56,0.0,784.68,cartao credito,Online,18.0,18
6666,2026-05-10,21:30,75,Jaqueta Casual,Jaqueta,Azul,G,3,238.16,0.0,714.48,Cartão de Crédito,Online,,2
6667,2026-07-02,15:15,149,Calça Premium,Calça,Vermelha,P,2,296.39,0.0,592.78,Cartão de Débito,Física,362.0,13
6668,2026-05-22,12:30,14,Bermuda Social,Bermuda,Branca,P,3,125.8,0.0,377.4,PIX,Online,453.0,13
6669,2026-08-13,13:00,139,Acessório Slim,Acessório,Branca,P,3,227.76,68.33,614.95,Cartão de Crédito,Física,343.0,5
6670,2026-06-22,16:15,20,Calça X,Calça,Vermelha,P,3,211.81,0.0,635.43,Cartão de Débito,Física,361.0,11
6671,2026-03-28,17:00,148,Acessório Premium,Acessório,Vermelha,GG,3,36.52,10.96,98.6,Cartão de Crédito,Física,215.0,18
6672,2026-05-16,17:15,62,Camiseta Básica,Camiseta,Azul,GG,3,140.6,21.09,400.71,Cartão de Débito,Física,217.0,14
6673,03-05-2026,09:15,173,Jaqueta Casual,Jaqueta,Cinza,GG,2,328.02,65.6,590.44,Dinheiro,Online,462.0,24
6674,2026-07-29,20:00,139,Acessório Slim,Acessório,Branca,P,2,227.76,68.33,387.19,Cartão de Crédito,Online,3.0,8
6675,2026-04-15,11:00,138,Acessório Social,Acessório,Rosa,G,2,125.4,37.62,213.18,Dinheiro,Online,33.0,15
6676,2026-06-13,19:30,66,Bermuda X,Bermuda,Branca,G,4,98.66,0.0,"R$ 394,64",PIX,Online,319.0,9
6677,2026-04-01,12:45,128,Bermuda Básica,Bermuda,Preta,GG,4,193.28,38.66,734.46,PIX,Física,271.0,5
6678,2026-07-19,15:30,38,Calça X,Calça,Azul,G,4,234.51,46.9,891.14,Cartão de Crédito,Online,514.0,4
6679,13/09/26,12:15,166,Vestido Premium,Vestido,Vermelha,GG,4,194.42,0.0,777.68,Crediário,Online,472.0,22
6680,2026-07-07,17:45,41,Jaqueta Casual,Jaqueta,Cinza,GG,1,274.27,27.43,246.84,Cartão de Débito,Online,23.0,16
6681,2026-06-04,19:45,77,Vestido X,Vestido,Rosa,G,2,195.59,0.0,391.18,PIX,Física,567.0,13
6682,2026-04-01,14:30,126,Vestido Slim,Vestido,Vermelha,M,2,262.43,78.73,446.13,Dinheiro,Física,438.0,11
6683,2026-05-26,10:15,105,Vestido Esporte,Vestido,Vermelha,P,4,168.87,0.0,675.48,Crediário,Física,338.0,14
6684,2026-04-07,15:30,43,Vestido Básica,Vestido,Rosa,G,1,212.4,10.62,201.78,Cartão de Débito,Online,74.0,5
6685,2026-05-26,18:30,50,Blusa Esporte,Blusa,Vermelha,GG,3,189.51,0.0,568.53,Cartão de Débito,Online,590.0,16
6686,2026-06-18,19:30,70,Blusa Slim,Blusa,Verde,GG,2,203.23,20.32,386.14,Cartão de Débito,Física,390.0,8
6687,2026-06-22,15:15,28,Camiseta Social,Camiseta,Rosa,GG,4,276.72,110.69,996.19,PIX,Física,213.0,18
6688,2026-06-07,12:30,155,Bermuda X,Bermuda,Preta,M,1,134.96,13.5,121.46,Cartão de Débito,Física,268.0,22
6689,2026-06-03,12:45,56,Bermuda Casual,Bermuda,Verde,P,3,269.73,80.92,728.27,Cartão de Débito,Física,267.0,11
6690,16-09-2026,09:15,114,Jaqueta Esporte,Jaqueta,Verde,P,1,60.77,6.08,54.69,cartão de crédito,Física,467.0,1
6691,2026-05-12,19:30,71,Camiseta Esporte,Camiseta,Cinza,GG,4,252.73,101.09,909.83,Dinheiro,Online,145.0,25
6692,2026-06-20,16:00,11,Calça Básica,Calça,Vermelha,G,4,297.24,0.0,1188.96,PIX,Física,383.0,10
6693,2026-09-06,17:15,115,Jaqueta Social,Jaqueta,Preta,GG,1,278.18,0.0,278.18,CARTÃO DE DÉBITO,Online,454.0,12
6694,2026-05-01,13:30,178,Calça Básica,Calça,Azul,GG,3,144.41,21.66,411.57,Crediário,Online,38.0,2
6695,2026-05-18,20:45,176,Camiseta Premium,Camiseta,Vermelha,GG,3,225.97,67.79,610.12,PIX,Online,418.0,5
6696,16/05/26,12:30,4,Jaqueta Básica,Jaqueta,Vermelha,M,4,148.57,0.0,594.28,Pix,Online,494.0,21
6697,2026-09-05,13:15,116,Blusa Casual,Blusa,Azul,G,2,332.71,0.0,665.42,Cartão de Débito,Online,112.0,7
6698,2026-03-17,11:45,123,Blusa Esporte,Blusa,Rosa,P,3,261.56,0.0,784.68,Cartão de Débito,Online,174.0,8
6699,2026-06-06,18:45,85,Blusa Casual,Blusa,Vermelha,G,3,273.43,0.0,820.29,Cartão de Crédito,Física,468.0,6
6700,2026-08-05,18:00,129,Vestido X,Vestido,Branca,GG,3,295.38,88.61,797.53,Cartão de Crédito,Online,,1
6701,2026-05-27, 15:15 ,132,Acessório Básica,Acessório,Branca,P,3,296.32,0.0,888.96,PIX,Online,514.0,21
6702,2026-08-09,09:45,116,Blusa Casual,Blusa,Azul,G,2,332.71,0.0,665.42,Dinheiro,Online,434.0,1
6703,2026-08-17,18:15,48,Camiseta Esporte,Camiseta,Preta,G,2,170.37,0.0,340.74,Dinheiro,Física,105.0,2
6704,2026-07-10,13:30,143,Acessório Premium,Acessório,Rosa,M,4,297.19,59.44,1129.32,PIX,Online,490.0,11
6705,2026-07-02,18:30  ,4,Jaqueta Básica,Jaqueta,Vermelha,M,1,148.57,0.0,148.57,Cartão de Crédito,Física,432.0,21
6706,2026-03-30,20:45,89,Acessório Slim,Acessório,Preta,P,2,283.36,28.34,538.38,Dinheiro,Física,33.0,14
6707,2026-03-23, 19:00,107,Blusa Slim,Blusa,Preta,M,1,264.43,0.0,264.43,PIX,Online,496.0,25
6708,2026-07-03,09:45,50,Blusa Esporte,Blusa,Vermelha,GG,3,189.51,0.0,568.53,Cartão de Débito,Online,243.0,16
6709,2026-06-03,11:00,140,Acessório Premium,Acessório,Rosa,G,2,155.17,0.0,310.34,Cartão de Crédito,Física,65511.0,3
6710,13-06-2026,15:15,12,Bermuda Esporte,Bermuda,Cinza,M,3,327.44,147.35,834.97,Cartão de Crédito,Online,235.0,11
6711,2026-09-11,14:00,94,Acessório Casual,Acessório,Verde,M,4,202.82,81.13,730.15,Cartão de Crédito,Online,218.0,4
6712,2026-03-16,13:45,110,Bermuda Esporte,Bermuda,Branca,GG,1,116.53,0.0,116.53,Dinheiro,Online,120.0,14
6713,2026-03-03,10:45,53,Camiseta Básica,Camiseta,Branca,P,4,204.54,122.72,695.44,Dinheiro,Online,78.0,17
6714,2026-05-01,20:15,153,Vestido Básica,Vestido,Preta,G,4,129.37,51.75,465.73,Cartão de Crédito,Física,393.0,25
6715,09/03/2026, 21:00,84,Jaqueta Básica,Jaqueta,Verde,P,3,313.9,0.0,941.7,PIX,Online,541.0,21
6716,2026-04-15,17:45  ,15,Blusa Social,Blusa,Azul,M,3,303.57,91.07,819.64,Cartão de Crédito,Online,488.0,7
6717,2026-04-24,14:30,179,Vestido Básica,Vestido,Azul,G,1,31.43,3.14,28.29,Cartão de Crédito,Online,176.0,17
6718,2026-05-15,09:45,48,Camiseta Esporte,Camiseta,Preta,G,2,170.37,17.04,323.7,Cartão de Crédito,Online,414.0,24
6719,2026-05-30,20:45,98,Vestido Social,Vestido,Branca,G,3,290.16,0.0,870.48,PIX,Online,407.0,7
6720,2026-08-01,18:15,83,Camiseta Básica,Camiseta,Rosa,M,1,221.65,0.0,221.65,Cartão de Crédito,Online,472.0,12
6721,2026-05-01,09:45,130,Blusa Esporte,Blusa,Verde,GG,3,154.8,69.66,394.74,Cartão de Crédito,Online,194.0,18
6722,2026-05-21,16:30,11,Calça Básica,Calça,Vermelha,G,3,297.24,133.76,757.96,Dinheiro,Online,345.0,5
6723,2026-07-23,16:00,92,Calça Casual,Calça,Rosa,G,2,164.58,16.46,312.7,Cartão de Débito,Física,419.0,12
6724,22/05/2026,12:15,72,Blusa Premium,Blusa,Verde,GG,2,252.12,50.42,453.82,Dinheiro,Online,203.0,12
6725,2026-08-20,10:30,174,Jaqueta Casual,Jaqueta,Preta,GG,4,214.83,85.93,773.39,cartao credito,Online,6.0,11
6726,2026-03-06,15:30,78,Blusa Casual,Blusa,Cinza,M,3,332.45,0.0,997.35,Cartão de Débito,Online,200.0,11
6727,2026-07-18,12:30,133,Calça Social,Calça,Rosa,G,2,39.8,0.0,79.6,Cartão de Crédito,Online,,11
6728,2026-04-09,15:15,11,Calça Básica,Calça,Vermelha,G,3,297.24,89.17,802.55,Cartão de Débito,Física,371.0,7
6729,2026-06-28,16:30,152,Acessório Básica,Acessório,Verde,GG,4,238.11,47.62,"904,82",Dinheiro,Física,118.0,23
6730,2026-03-29,21:30,72,Blusa Premium,Blusa,Verde,GG,3,252.12,0.0,756.36,Cartão de Crédito,Física,448.0,5
6731,2026-03-07,16:30,142,Acessório Básica,Acessório,Cinza,G,2,333.62,33.36,633.88,Cartão de Débito,Online,139.0,16
6732,2026-06-19,13:45,121,Vestido Casual,Vestido,Verde,G,4,101.83,20.37,386.95,Cartão de Crédito,Física,243.0,18
6733,2026-08-27,15:00,124,Jaqueta Slim,Jaqueta,Verde,G,2,210.25,63.08,"357,42",PIX,Online,329.0,18
6734,29-08-2026,15:15,91,Camiseta Casual,Camiseta,Branca,P,3,29.36,0.0,88.08,Cartão de Crédito,Física,595.0,22
6735,07-08-2026,10:30,115,Jaqueta Social,Jaqueta,Preta,GG,2,278.18,0.0,556.36,Dinheiro,Online,542.0,23
6736,2026-05-01,21:15,106,Vestido Premium,Vestido,Cinza,G,1,201.43,30.21,171.22,Cartão de Crédito,Online,114.0,24
6737,2026-07-19,12:30,67,Bermuda Básica,Bermuda,Cinza,P,1,318.87,0.0,318.87,PIX,Online,346.0,12
6738,2026-07-28,12:00,106,Vestido Premium,Vestido,Cinza,G,4,201.43,0.0,805.72,PIX,Online,436.0,25
6739,06/07/26,11:00,125,Vestido Esporte,Vestido,Vermelha,P,2,67.79,6.78,"128,80",PIX,Online,387.0,14
6740,2026-07-20,10:30,167,Acessório Casual,Acessório,Preta,P,1,326.38,32.64,293.74,Crediário,Física,328.0,9
6741,2026-08-18,17:00,99,Vestido Social,Vestido,Rosa,P,1,135.91,0.0,135.91,PIX,Física,572.0,21
6742,2026-08-09,18:00,56,Bermuda Casual,Bermuda,Verde,P,3,269.73,121.38,687.81,Cartão de Crédito,Física,125.0,15
6743,02/08/26,13:30,90,Blusa Premium,Blusa,Branca,G,2,177.57,0.0,355.14,Cartão de Débito,Física,189.0,25
6744,2026-06-14,21:00,171,Acessório X,Acessório,Verde,G,3,85.73,38.58,218.61,Crediário,Online,119.0,10
6745,2026-06-12,13:15,101,Vestido Social,Vestido,Vermelha,GG,2,158.47,47.54,269.4,Cartão de Crédito,Online,43.0,13
6746,2026-09-19,19:30,104,Vestido Slim,Vestido,Verde,P,4,221.73,0.0,"886,92",Cartão de Crédito,Online,113.0,11
6747,2026-04-10,21:30,77,Vestido X,Vestido,Rosa,G,1,195.59,0.0,195.59,Cartão de Crédito,Física,471.0,24
6748,2026-06-19,15:15,60,Acessório Esporte,Acessório,Azul,G,1,112.08,0.0,112.08,Cartão de Crédito,Física,455.0,8
6749,2026-06-15,12:30,114,Jaqueta Esporte,Jaqueta,Verde,P,1,60.77,6.08,54.69,Cartão de Crédito,Online,303.0,12
6750,2026-04-15,13:00,177,Bermuda Básica,Bermuda,Branca,G,2,113.66,0.0,227.32,PIX,Física,4.0,24
6751,17-03-2026,10:45,66,Bermuda X,Bermuda,Branca,G,4,98.66,59.2,335.44,Crediário,Física,,19
6752,2026-09-18,09:15,79,Camiseta X,Camiseta,Cinza,G,3,76.54,0.0,229.62,Cartão de Débito,Física,17.0,4
6753,2026-08-09,15:00,102,Bermuda X,Bermuda,Azul,G,3,181.84,0.0,545.52,Dinheiro,Online,124.0,3
6754,2026-08-26,15:30,163,Jaqueta Básica,Jaqueta,Branca,M,3,212.45,31.87,605.48,Cartão de Débito,Física,509.0,13
6755,2026-05-27,14:30,21,Jaqueta Casual,Jaqueta,Cinza,G,1,186.68,9.33,177.35,Cartão de Crédito,Física,,17
6756,2026-05-31,20:30,19,Blusa Casual,Blusa,Preta,M,4,212.08,42.42,805.9,Cartão de Débito,Física,134.0,9
6757,2026-06-05,21:00,93,Blusa Social,Blusa,Vermelha,GG,3,327.13,0.0,981.39,Cartão de Débito,Online,175.0,5
6758,2026-06-29,20:30,136,Blusa Social,Blusa,Azul,P,3,114.45,0.0,343.35,PIX,Online,486.0,25
6759,2026-07-08,19:45,165,Blusa Casual,Blusa,Rosa,GG,3,156.99,0.0,470.97,Cartão de Débito,Online,585.0,12
6760,2026-05-02,15:15,108,Bermuda Social,Bermuda,Vermelha,P,2,179.79,0.0,359.58,Cartão de Crédito,Física,92.0,19
6761,2026-03-03,18:15,68,Jaqueta Premium,Jaqueta,Vermelha,G,2,65.29,0.0,130.58,PIX,Online,413.0,10
6762,2026-07-15,16:30,27,Vestido Premium,Vestido,Cinza,G,1,137.14,13.71,123.43,PIX,Online,216.0,16
6763,2026-05-02,19:45,140,Acessório Premium,Acessório,Rosa,G,4,155.17,62.07,558.61,Cartão de Débito,Online,443.0,3
6764,2026-08-07,17:00,36,Vestido Social,Vestido,Azul,P,2,348.35,69.67,627.03,Cartão de Débito,Física,244.0,22
6765,2026-04-07, 19:15 ,72,Blusa Premium,Blusa,Verde,GG,4,252.12,0.0,"1.008,48",Crediário,Física,117.0,24
6766,2026-08-01,11:15,40,Bermuda Esporte,Bermuda,Azul,G,1,78.7,0.0,78.7,PIX,Física,537.0,12
6767,2026-07-25,15:30,45,Blusa Social,Blusa,Cinza,G,4,158.82,95.29,539.99,Cartão de Crédito,Física,196.0,10
6768,2026-09-14,10:30,111,Acessório Esporte,Acessório,Rosa,M,3,333.04,0.0,999.12,Cartão de Débito,Online,332.0,10
6769,2026-04-05,13:15,133,Calça Social,Calça,Rosa,G,3,39.8,17.91,101.49,Cartão de Débito,Física,323.0,21
6770,2026-07-31,14:30,91,Camiseta Casual,Camiseta,Branca,P,3,29.36,0.0,88.08,PIX,Física,309.0,22
6771,2026-07-18,18:15,86,Bermuda Casual,Bermuda,Branca,P,0,211.18,0.0,211.18,CARTÃO DE CRÉDITO,Física,409.0,5
6772,2026-09-23,11:00,115,Jaqueta Social,Jaqueta,Preta,GG,2,278.18,0.0,556.36,Cartão de Crédito,Física,590.0,4
6773,2026-03-29,12:15,122,Bermuda Casual,Bermuda,Rosa,GG,2,286.85,0.0,573.7,PIX,Física,523.0,8
6774,2026-05-09,11:30,15,Blusa Social,Blusa,Azul,M,3,303.57,0.0,910.71,Cartão de Crédito,Física,145.0,2
6775,2026-05-20,16:15,137,Camiseta Esporte,Camiseta,Preta,M,2,149.09,44.73,253.45,Cartão de Crédito,Online,468.0,25
6776,2026-04-29,16:00,156,Jaqueta Básica,Jaqueta,Branca,G,3,292.56,131.65,746.03,Crediário,Física,482.0,5
6777,2026-03-31,19:00,86,Bermuda Casual,Bermuda,Branca,P,4,211.18,42.24,802.48,Dinheiro,Online,,20
6778,2026-07-03,14:30,20,Calça X,Calça,Vermelha,P,4,211.81,127.09,720.15,Dinheiro,Física,595.0,12
6779,2026-04-29,11:30,152,Acessório Básica,Acessório,Verde,GG,3,238.11,0.0,714.33,Dinheiro,Online,158.0,14
6780,2026-05-26,11:00,13,Calça X,Calça,Verde,M,1,118.99,0.0,118.99,Dinheiro,Física,139.0,12
6781,2026-05-13,11:30,111,Acessório Esporte,Acessório,Rosa,M,1,333.04,0.0,333.04,Cartão de Crédito,Física,454.0,17
6782,2026-09-16,14:45,153,Vestido Básica,Vestido,Preta,G,4,129.37,25.87,491.61,Cartão de Débito,Online,67.0,5
6783,2026-09-11,18:45,8,Blusa Social,Blusa,Preta,M,2,290.68,29.07,552.29,Cartão de Débito,Online,565.0,17
6784,2026-06-09,16:45,133,Calça Social,Calça,Rosa,G,2,39.8,3.98,75.62,Cartão de Crédito,Online,113.0,8
6785,2026-09-09,09:00,43,Vestido Básica,Vestido,Rosa,G,4,212.4,84.96,764.64,Cartão de Crédito,Online,342.0,18
6786,2026-05-19,17:15,118,Camiseta Esporte,Camiseta,Azul,M,2,214.08,21.41,406.75,Dinheiro,Física,277.0,18
6787,2026-06-07,20:15,15,Blusa Social,Blusa,Azul,M,4,303.57,182.14,1032.14,Dinheiro,Online,554.0,23
6788,2026-06-03,12:45,150,Blusa Esporte,Blusa,Vermelha,M,3,241.11,36.17,"R$ 687,16",Cartão de Débito,Física,199.0,7
6789,2026-08-17,20:30,178,Calça Básica,Calça,Azul,GG,4,144.41,0.0,577.64,Cartão de Débito,Física,563.0,20
6790,2026-05-06,10:30  ,85,Blusa Casual,Blusa,Vermelha,G,2,273.43,82.03,464.83,PIX,Online,,5
6791,2026-05-24,15:15,139,Acessório Slim,Acessório,Branca,P,4,227.76,45.55,865.49,Cartão de Débito,Física,303.0,10
6792,2026-05-19,17:45,19,Blusa Casual,Blusa,Preta,M,3,212.08,0.0,636.24,Crediário,Física,289.0,19
6793,2026-09-19,10:15,178,Calça Básica,Calça,Azul,GG,1,144.41,0.0,144.41,Cartão de Débito,Física,523.0,20
6794,02/05/2026,18:00,103,Jaqueta Social,Jaqueta,Verde,G,3,239.05,71.72,645.43,Dinheiro,Online,478.0,10
6795,2026-06-21,13:30,49,Calça Básica,Calça,Verde,GG,1,193.27,9.66,183.61,Cartão de Crédito,Online,572.0,4
6796,2026-07-10,09:00,136,Blusa Social,Blusa,Azul,P,1,114.45,0.0,114.45,Dinheiro,Física,,22
6797,2026-08-10,21:30,120,Vestido Premium,Vestido,Rosa,GG,2,304.25,60.85,547.65,PIX,Online,85.0,3
6798,2026-04-16,10:15,76,Bermuda Premium,Bermuda,Vermelha,M,1,45.34,0.0,"45,34",Dinheiro,Física,266.0,7
6799,2026-04-20,17:15,43,Vestido Básica,Vestido,Rosa,G,1,212.4,0.0,212.4,Pix,Física,536.0,20
6800,2026-08-19,14:00,40,Bermuda Esporte,Bermuda,Azul,G,3,78.7,11.81,224.29,Cartão de Crédito,Online,497.0,8
6801,2026-04-09,12:00,38,Calça X,Calça,Azul,G,3,234.51,35.18,668.35,Cartão de Débito,Física,507.0,19
6802,2026-08-15,18:15,87,Camiseta Casual,Camiseta,Rosa,G,2,25.88,5.18,"46,58",PIX,Online,305.0,13
6803,2026-07-19,20:30,5,Jaqueta Slim,Jaqueta,Branca,GG,2,87.47,8.75,166.19,Cartão de Débito,Física,294.0,5
6804,2026-08-28,11:15,63,Calça Premium,Calça,Vermelha,G,2,277.67,27.77,527.57,PIX,Online,597.0,7
6805,2026-05-08,18:45,157,Blusa Social,Blusa,Rosa,GG,4,325.37,0.0,1301.48,Cartão de Débito,Online,332.0,16
6806,2026-06-26,19:30,176,Camiseta Premium,Camiseta,Vermelha,GG,4,225.97,135.58,768.3,Cartão de Crédito,Física,183.0,14
6807,2026-09-19,21:00,153,Vestido Básica,Vestido,Preta,G,4,129.37,77.62,439.86,PIX,Online,9.0,11
6808,2026-04-11,09:00,177,Bermuda Básica,Bermuda,Branca,G,2,113.66,11.37,215.95,CARTÃO DE CRÉDITO,Física,298.0,12
6809,2026-06-06,12:15,30,Blusa Básica,Blusa,Preta,M,1,249.41,0.0,249.41,PIX,Física,244.0,10
6810,2026-05-23,18:00,146,Acessório Esporte,Acessório,Vermelha,P,3,103.95,0.0,311.85,Cartão de Débito,Física,488.0,18
6811,2026-09-17,21:45,121,Vestido Casual,Vestido,Verde,G,1,101.83,0.0,101.83,Dinheiro,Física,260.0,1
6812,2026-05-16,14:30,127,Vestido Social,Vestido,Rosa,G,4,72.5,29.0,261.0,Cartão de Débito,Física,195.0,20
6813,2026-04-15,14:00,50,Blusa Esporte,Blusa,Vermelha,GG,3,189.51,0.0,568.53,PIX,Online,36.0,21
6814,2026-04-17,17:30,155,Bermuda X,Bermuda,Preta,M,4,134.96,0.0,539.84,Dinheiro,Online,235.0,15
6815,2026-03-09,10:30,167,Acessório Casual,Acessório,Preta,P,2,326.38,0.0,652.76,Crediário,Física,393.0,16
6816,2026-03-18,19:45,75,Jaqueta Casual,Jaqueta,Azul,G,3,238.16,71.45,643.03,Cartão de Débito,Online,513.0,11
6817,2026-08-18,13:30,159,Acessório Slim,Acessório,Azul,G,1,201.01,20.1,180.91,cartão de crédito,Física,91.0,11
6818,2026-05-04,16:45  ,25,Blusa Social,Blusa,Rosa,M,3,285.55,0.0,856.65,Cartão De Crédito,Física,76.0,3
6819,2026-05-17,16:15,57,Jaqueta Básica,Jaqueta,Verde,GG,1,111.2,0.0,"R$ 111,20",Cartão de Crédito,Online,13.0,2
6820,2026-04-15,21:00,120,Vestido Premium,Vestido,Rosa,GG,1,304.25,15.21,"R$ 289,04",Cartão de Débito,Online,250.0,22
6821,2026-06-10,14:30,24,Blusa X,Blusa,Cinza,GG,1,80.81,12.12,68.69,Cartão de Débito,Física,140.0,5
6822,2026-04-24,11:30,142,Acessório Básica,Acessório,Cinza,G,2,333.62,100.09,567.15,PIX,Online,520.0,25
6823,2026-05-23,20:15,103,Jaqueta Social,Jaqueta,Verde,G,2,239.05,0.0,478.1,PIX,Física,135.0,19
6824,2026-07-27,17:00,119,Vestido Básica,Vestido,Azul,P,4,51.47,10.29,195.59,Cartão de Crédito,Física,,13
6825,2026-07-08,14:45,89,Acessório Slim,Acessório,Preta,P,3,283.36,42.5,807.58,Cartão de Débito,Online,266.0,6
6826,2026-05-12,12:00,36,Vestido Social,Vestido,Azul,P,4,348.35,0.0,1393.4,Cartão de Crédito,Online,90.0,12
6827,2026-03-21,14:15,147,Bermuda Básica,Bermuda,Branca,P,2,44.8,0.0,89.6,Dinheiro,Física,,12
6828,2026-04-01, 14:15 ,134,Calça Slim,Calça,Rosa,P,3,297.88,89.36,804.28,PIX,Online,47.0,16
6829,2026-09-18,11:45,170,Blusa Premium,Blusa,Azul,G,4,154.9,61.96,557.64,Cartão de Crédito,Online,96.0,9
6830,2026-07-02,17:30,121,Vestido Casual,Vestido,Verde,G,1,101.83,0.0,101.83,Crediário,Física,193.0,10
6831,2026-09-12,16:00,41,Jaqueta Casual,Jaqueta,Cinza,GG,3,274.27,0.0,"822,81",Cartão de Débito,Física,513.0,24
6832,2026-08-22,17:45,83,Camiseta Básica,Camiseta,Rosa,M,3,221.65,66.5,598.45,PIX,Online,574.0,22
6833,2026-06-20,10:45,113,Blusa Social,Blusa,Rosa,P,1,270.36,40.55,229.81,cartão de crédito,Física,361.0,11
6834,2026-08-11,17:30,43,Vestido Básica,Vestido,Rosa,G,3,212.4,63.72,573.48,PIX,Física,316.0,3
6835,2026-05-01,10:00,3,Camiseta Social,Camiseta,Branca,GG,1,48.72,0.0,48.72,PIX,Física,25.0,19
6836,2026-07-18,19:45,143,Acessório Premium,Acessório,Rosa,M,4,297.19,0.0,1188.76,PIX,Física,69.0,5
6837,2026-05-01,17:15,52,Vestido Casual,Vestido,Rosa,GG,2,235.08,0.0,470.16,Dinheiro,Física,68154.0,22
6838,2026-03-27,17:45,53,Camiseta Básica,Camiseta,Branca,P,1,204.54,0.0,204.54,Cartão de Débito,Online,161.0,4
6839,2026-05-12,12:00,55,Vestido Premium,Vestido,Verde,P,1,95.27,0.0,"95,27",Cartão de Crédito,Online,144.0,4
6840,2026-03-08,18:45,80,Jaqueta Casual,Jaqueta,Cinza,P,3,258.13,38.72,735.67,Cartão de Débito,Online,502.0,23
6841,2026-03-01,15:00,122,Bermuda Casual,Bermuda,Rosa,GG,2,286.85,57.37,516.33,Crediário,Online,6.0,19
6842,2026-08-22,21:15,43,Vestido Básica,Vestido,Rosa,G,3,212.4,31.86,605.34,Dinheiro,Física,240.0,21
6843,2026-05-05,21:00,75,Jaqueta Casual,Jaqueta,Azul,G,2,238.16,0.0,476.32,Cartão de Crédito,Física,298.0,4
6844,2026-05-19,16:15,156,Jaqueta Básica,Jaqueta,Branca,G,3,292.56,87.77,789.91,Dinheiro,Online,,3
6845,28/06/2026,21:45,176,Camiseta Premium,Camiseta,Vermelha,GG,4,225.97,0.0,903.88,Cartão de Débito,Física,408.0,25
6846,2026-04-14,18:45,55,Vestido Premium,Vestido,Verde,P,3,95.27,0.0,285.81,Cartão de Débito,Online,195.0,5
6847,2026-07-30,09:30,154,Acessório Esporte,Acessório,Azul,M,1,140.03,14.0,126.03,PIX,Online,193.0,10
6848,2026-04-06,13:45,7,Jaqueta Esporte,Jaqueta,Preta,P,3,33.34,0.0,100.02,Cartão de Débito,Física,563.0,6
6849,13-03-2026,11:45,160,Calça X,Calça,Verde,P,3,137.04,20.56,390.56,PIX,Online,82740.0,25
6850,2026-04-25,19:45,65,Jaqueta Social,Jaqueta,Cinza,GG,2,77.68,23.3,132.06,Cartão de Débito,Online,515.0,25
6851,2026-04-17, 20:15,160,Calça X,Calça,Verde,P,3,137.04,61.67,349.45,Cartão de Crédito,Física,457.0,21
6852,2026-09-18,16:00,148,Acessório Premium,Acessório,Vermelha,GG,3,36.52,0.0,"109,56",Cartão de Débito,Física,441.0,17
6853,2026-03-14,13:45,127,Vestido Social,Vestido,Rosa,G,1,72.5,10.88,61.62,PIX,Física,548.0,2
6854,2026-07-17,17:00,156,Jaqueta Básica,Jaqueta,Branca,G,4,292.56,0.0,1170.24,Crediário,Online,519.0,6
6855,2026-03-15,09:15,180,Acessório X,Acessório,Cinza,G,2,73.69,0.0,147.38,Cartão de Crédito,Física,552.0,15
6856,2026-03-15,15:30,105,Vestido Esporte,Vestido,Vermelha,P,1,168.87,0.0,168.87,Cartão de Crédito,Online,70.0,9
6857,2026-09-13,09:30,20,Calça X,Calça,Vermelha,P,3,211.81,0.0,635.43,Cartão de Débito,Física,108.0,4
6858,2026-05-12,20:15,61,Acessório Básica,Acessório,Rosa,M,2,281.06,28.11,534.01,Cartão de Crédito,Física,332.0,19
6859,2026-06-19, 10:30 ,44,Jaqueta Esporte,Jaqueta,Azul,GG,3,198.07,0.0,594.21,Cartão de Crédito,Física,315.0,12
6860,2026-03-14,21:15,130,Blusa Esporte,Blusa,Verde,GG,3,154.8,23.22,441.18,Cartão de Débito,Online,493.0,23
6861,2026-09-10,10:00,177,Bermuda Básica,Bermuda,Branca,G,3,113.66,0.0,340.98,Cartão de Débito,Física,18.0,9
6862,2026-06-22,13:15,47,Vestido Premium,Vestido,Cinza,G,2,115.65,0.0,231.3,Cartão de Débito,Física,38.0,12
6863,2026-05-03,10:30,2,Camiseta Básica,Camiseta,Cinza,P,2,57.67,0.0,115.34,Cartão de Débito,Física,110.0,19
6864,2026-04-04,11:45,154,Acessório Esporte,Acessório,Azul,M,3,140.03,21.0,"399,09",Cartão de Débito,Online,18.0,4
6865,2026-03-01,15:00,116,Blusa Casual,Blusa,Azul,G,1,332.71,0.0,332.71,PIX,Física,393.0,7
6866,2026-04-19,12:15,43,Vestido Básica,Vestido,Rosa,G,2,212.4,21.24,403.56,PIX,Física,172.0,15
6867,2026-03-28,11:00,78,Blusa Casual,Blusa,Cinza,M,3,332.45,0.0,997.35,Crediário,Física,,12
6868,2026-07-03,17:45,110,Bermuda Esporte,Bermuda,Branca,GG,4,116.53,0.0,466.12,Crediário,Online,405.0,20
6869,2026-07-15,17:45,140,Acessório Premium,Acessório,Rosa,G,4,155.17,93.1,527.58,Cartão de Débito,Física,522.0,16
6870,2026-09-23,19:30,14,Bermuda Social,Bermuda,Branca,P,1,125.8,0.0,125.8,Cartão de Crédito,Física,524.0,4
6871,2026-04-12,17:30,60,Acessório Esporte,Acessório,Azul,G,2,112.08,0.0,224.16,Cartão de Crédito,Física,334.0,7
6872,2026-03-04,21:15,115,Jaqueta Social,Jaqueta,Preta,GG,3,278.18,125.18,709.36,Dinheiro,Física,230.0,16
6873,2026-04-09,19:30,48,Camiseta Esporte,Camiseta,Preta,G,1,170.37,0.0,170.37,Cartão de Débito,Online,456.0,21
6874,2026-03-15,17:45,167,Acessório Casual,Acessório,Preta,P,4,326.38,0.0,1305.52,PIX,Física,227.0,22
6875,2026-07-06,19:45,170,Blusa Premium,Blusa,Azul,G,3,154.9,0.0,464.7,Cartão de Débito,Online,517.0,7
6876,2026-09-12,11:45,14,Bermuda Social,Bermuda,Branca,P,2,125.8,0.0,251.6,Cartão de Débito,Online,,6
6877,2026-05-22,10:30,153,Vestido Básica,Vestido,Preta,G,1,129.37,0.0,129.37,PIX,Online,517.0,20
6878,2026-06-07,19:00,22,Vestido Social,Vestido,Rosa,G,2,289.54,0.0,579.08,PIX,Online,382.0,19
6879,2026-04-30,15:30,32,Bermuda Premium,Bermuda,Azul,GG,4,298.98,119.59,1076.33,Dinheiro,Física,26.0,16
6880,2026-04-14,10:30,73,Vestido Social,Vestido,Preta,P,3,83.59,12.54,238.23,Cartão de Crédito,Online,306.0,17
6881,2026-03-26,14:15,38,Calça X,Calça,Azul,G,1,234.51,0.0,234.51,Cartão de Débito,Online,456.0,20
6882,2026-07-13,11:00,149,Calça Premium,Calça,Vermelha,P,1,296.39,14.82,281.57,Cartão De Débito,Física,387.0,7
6883,2026-04-13,16:45,89,Acessório Slim,Acessório,Preta,P,2,283.36,85.01,481.71,PIX,Física,341.0,25
6884,2026-06-19,21:00,86,Bermuda Casual,Bermuda,Branca,P,4,211.18,84.47,760.25,Cartão de Débito,Online,424.0,15
6885,2026-07-21,18:45,82,Vestido Slim,Vestido,Vermelha,P,2,342.99,0.0,685.98,PIX,Online,85.0,2
6886,2026-03-27,11:15,67,Bermuda Básica,Bermuda,Cinza,P,3,318.87,47.83,908.78,Cartão de Débito,Online,497.0,17
6887,2026-04-12,19:00,79,Camiseta X,Camiseta,Cinza,G,1,76.54,7.65,68.89,Cartão de Débito,Física,331.0,6
6888,2026-07-31,10:45,68,Jaqueta Premium,Jaqueta,Vermelha,G,4,65.29,13.06,248.1,PIX,Online,241.0,11
6889,2026-08-23,21:15,43,Vestido Básica,Vestido,Rosa,G,3,212.4,0.0,637.2,Crediário,Física,115.0,25
6890,2026-06-09,17:45,73,Vestido Social,Vestido,Preta,P,1,83.59,0.0,83.59,Crediário,Física,133.0,24
6891,2026-03-31,14:00,141,Acessório Slim,Acessório,Rosa,G,2,250.39,0.0,500.78,Cartão de Crédito,Online,256.0,17
6892,2026-08-11,09:45,173,Jaqueta Casual,Jaqueta,Cinza,GG,4,328.02,0.0,1312.08,Cartão de Débito,Online,255.0,3
6893,2026-03-15,12:00,112,Calça Básica,Calça,Azul,M,2,318.38,63.68,573.08,Cartão de Débito,Online,263.0,13
6894,2026-04-29,09:00,145,Bermuda Esporte,Bermuda,Cinza,G,3,144.91,0.0,434.73,Crediário,Online,473.0,16
6895,2026-05-18,16:45,3,Camiseta Social,Camiseta,Branca,GG,1,48.72,2.44,46.28,Cartão de Débito,Física,20.0,19
6896,2026-06-05,13:00,110,Bermuda Esporte,Bermuda,Branca,GG,3,116.53,34.96,314.63,PIX,Física,202.0,13
6897,2026-06-17,16:45,84,Jaqueta Básica,Jaqueta,Verde,P,4,313.9,62.78,1192.82,Cartão de Débito,Física,424.0,1
6898,2026-07-30,10:45,8,Blusa Social,Blusa,Preta,M,1,290.68,0.0,290.68,Cartão de Crédito,Online,226.0,21
6899,2026-06-26,11:00,152,Acessório Básica,Acessório,Verde,GG,2,238.11,0.0,476.22,Dinheiro,Online,,17
6900,2026-03-23,17:00,148,Acessório Premium,Acessório,Vermelha,GG,3,36.52,16.43,93.13,Cartão de Débito,Online,534.0,9
6901,2026-06-22,13:30,99,Vestido Social,Vestido,Rosa,P,1,135.91,0.0,135.91,Cartão de Crédito,Física,443.0,5
6902,2026-06-16,18:15  ,28,Camiseta Social,Camiseta,Rosa,GG,2,276.72,0.0,553.44,Cartão de Débito,Física,522.0,22
6903,2026-09-14,11:00,16,Acessório Casual,Acessório,Verde,GG,1,160.59,24.09,136.5,Cartão de Débito,Física,237.0,9
6904,2026-06-12,16:00,15,Blusa Social,Blusa,Azul,M,1,303.57,45.54,"R$ 258,03",Crediário,Física,49764.0,11
6905,2026-03-16,17:00,86,Bermuda Casual,Bermuda,Branca,P,1,211.18,21.12,190.06,PIX,Física,363.0,16
6906,2026-09-18,17:45,15,Blusa Social,Blusa,Azul,M,2,303.57,0.0,607.14,Dinheiro,Online,497.0,23
6907,2026-03-14,18:45,61,Acessório Básica,Acessório,Rosa,M,4,281.06,0.0,1124.24,PIX,Online,4.0,7
6908,2026-03-06,14:00,39,Calça Social,Calça,Vermelha,GG,1,327.41,16.37,311.04,PIX,Física,571.0,8
6909,2026-06-14,14:00,164,Blusa X,Blusa,Cinza,G,3,193.36,0.0,580.08,Cartão de Débito,Online,590.0,8
6910,2026-04-22,12:00,14,Bermuda Social,Bermuda,Branca,P,1,125.8,18.87,106.93,PIX,Online,176.0,15
6911,2026-04-13,17:15,1697,Vestido Casual,Vestido,Rosa,GG,2,235.08,0.0,470.16,Cartão de Débito,Física,167.0,5
6912,2026-08-11,12:30,134,Calça Slim,Calça,Rosa,P,3,297.88,0.0,893.64,Cartão de Crédito,Física,41.0,9
6913,07/09/26,18:30,62,Camiseta Básica,Camiseta,Azul,GG,4,140.6,56.24,506.16,Dinheiro,Física,391.0,22
6914,2026-03-20,19:30,108,Bermuda Social,Bermuda,Vermelha,P,3,179.79,26.97,512.4,PIX,Física,418.0,17
6915,2026-07-20,09:30,14,Bermuda Social,Bermuda,Branca,P,4,125.8,0.0,503.2,PIX,Online,581.0,20
6916,2026-07-14,16:15,178,Calça Básica,Calça,Azul,GG,4,144.41,0.0,577.64,Cartão de Crédito,Online,56.0,8
6917,2026-09-18,13:30,144,Calça Social,Calça,Cinza,GG,3,200.29,0.0,600.87,Cartão de Débito,Online,588.0,21
6918,2026-03-03,20:45,127,Vestido Social,Vestido,Rosa,G,2,72.5,0.0,145.0,Cartão de Débito,Física,,12
6919,2026-08-12,20:00,104,Vestido Slim,Vestido,Verde,P,4,221.73,0.0,886.92,Cartão de Crédito,Online,129.0,22
6920,2026-09-23,21:15,101,Vestido Social,Vestido,Vermelha,GG,4,158.47,63.39,570.49,Dinheiro,Online,410.0,18
6921,2026-09-05,09:45,98,Vestido Social,Vestido,Branca,G,1,290.16,0.0,290.16,Cartão de Crédito,Física,206.0,10
6922,2026-08-07,18:30,151,Blusa Casual,Blusa,Preta,P,3,121.09,0.0,363.27,Crediário,Online,347.0,1
6923,2026-05-06,14:15,163,Jaqueta Básica,Jaqueta,Branca,M,3,212.45,0.0,637.35,Cartão de Débito,Física,536.0,23
6924,2026-05-24,11:00,81,Calça Social,Calça,Cinza,P,3,125.82,0.0,377.46,Cartão de Débito,Online,536.0,20
6925,07/04/2026,09:15,156,Jaqueta Básica,Jaqueta,Branca,G,3,292.56,87.77,789.91,Crediário,Online,318.0,6
6926,2026-08-26,10:15,143,Acessório Premium,Acessório,Rosa,M,1,297.19,0.0,297.19,Cartão de Débito,Online,548.0,16
6927,2026-03-26,14:00,23,Blusa X,Blusa,Preta,P,1,219.84,0.0,219.84,Crediário,Física,464.0,17
6928,2026-07-21,17:45,166,Vestido Premium,Vestido,Vermelha,GG,1,194.42,0.0,194.42,PIX,Física,411.0,23
6929,2026-03-30,10:00,133,Calça Social,Calça,Rosa,G,4,39.8,0.0,159.2,Dinheiro,Online,261.0,4
6930,2026-06-04,09:45,92411,Calça Básica,Calça,Azul,M,4,318.38,63.68,1209.84,Crediário,Física,85.0,4
6931,2026-05-29,12:45,150,Blusa Esporte,Blusa,Vermelha,M,2,241.11,72.33,409.89,Cartão de Débito,Online,32474.0,2
6932,2026-09-06,15:45,16,Acessório Casual,Acessório,Verde,GG,2,160.59,0.0,321.18,PIX,Física,433.0,12
6933,2026-05-30,13:00,143,Acessório Premium,Acessório,Rosa,M,2,297.19,0.0,"594,38",Cartão de Débito,Física,195.0,17
6934,2026-08-06,15:45,116,Blusa Casual,Blusa,Azul,G,3,332.71,149.72,848.41,Cartão de Débito,Online,201.0,19
6935,2026-08-09,12:30,161,Vestido X,Vestido,Azul,G,4,67.98,13.6,258.32,PIX,Física,372.0,10
6936,2026-08-14,11:30,38,Calça X,Calça,Azul,G,4,234.51,93.8,844.24,PIX,Física,399.0,1
6937,2026-04-25,09:00,57,Jaqueta Básica,Jaqueta,Verde,GG,4,111.2,44.48,400.32,Crediário,Física,327.0,8
6938,2026-05-04,14:00,111,Acessório Esporte,Acessório,Rosa,M,2,333.04,99.91,566.17,Cartão de Débito,Online,571.0,21
6939,2026-08-10,15:15,7,Jaqueta Esporte,Jaqueta,Preta,P,2,33.34,10.0,56.68,Dinheiro,Física,129.0,8
6940,2026-05-05,12:30,136,Blusa Social,Blusa,Azul,P,1,114.45,0.0,114.45,Crediário,Física,91.0,2
6941,2026-06-19,21:45,116,Blusa Casual,Blusa,Azul,G,2,332.71,0.0,665.42,PIX,Online,65.0,13
6942,2026-07-09,11:15,72,Blusa Premium,Blusa,Verde,GG,4,252.12,100.85,907.63,Crediário,Física,422.0,15
6943,2026-08-09, 17:45 ,176,Camiseta Premium,Camiseta,Vermelha,GG,2,225.97,0.0,451.94,Dinheiro,Online,509.0,2
6944,2026-05-01,09:30,136,Blusa Social,Blusa,Azul,P,1,114.45,17.17,97.28,Dinheiro,Física,219.0,7
6945,26/05/2026,14:30,80,Jaqueta Casual,Jaqueta,Cinza,P,3,258.13,38.72,735.67,PIX,Online,482.0,6
6946,18/03/26,13:15,84,Jaqueta Básica,Jaqueta,Verde,P,1,313.9,47.08,266.82,PIX,Física,38.0,23
6947,2026-08-23,18:00,98,Vestido Social,Vestido,Branca,G,3,290.16,0.0,870.48,Cartão de Débito,Física,52.0,14
6948,2026-06-04,09:15,123,Blusa Esporte,Blusa,Rosa,P,1,261.56,0.0,261.56,Cartão de Crédito,Online,330.0,14
6949,2026-07-19,13:00,77,Vestido X,Vestido,Rosa,G,4,195.59,0.0,782.36,Crediário,Online,162.0,6
6950,2026-08-15,20:00,78,Blusa Casual,Blusa,Cinza,M,4,332.45,0.0,1329.8,Cartão de Débito,Online,333.0,21
6951,2026-07-30,15:30,79,Camiseta X,Camiseta,Cinza,G,1,76.54,0.0,76.54,Dinheiro,Online,218.0,2
6952,2026-08-02,16:00,17,Acessório Casual,Acessório,Rosa,P,2,277.21,27.72,526.7,PIX,Física,449.0,9
6953,2026-09-14,13:15,150,Blusa Esporte,Blusa,Vermelha,M,3,241.11,108.5,614.83,Cartão de Crédito,Física,556.0,17
6954,2026-06-08,09:15,128,Bermuda Básica,Bermuda,Preta,GG,3,193.28,0.0,579.84,PIX,Física,592.0,3
6955,2026-07-27,13:15,29,Blusa Esporte,Blusa,Branca,M,3,318.44,95.53,859.79,PIX,Online,,2
6956,2026-07-02,21:45,39,Calça Social,Calça,Vermelha,GG,4,327.41,0.0,1309.64,Cartão de Débito,Online,215.0,15
6957,2026-09-08,16:45,15,Blusa Social,Blusa,Azul,M,2,303.57,30.36,576.78,Cartão de Débito,Online,563.0,3
6958,2026-05-17,15:30,72,Blusa Premium,Blusa,Verde,GG,4,252.12,100.85,907.63,Cartão de Débito,Online,543.0,10
6959,2026-04-15,14:00,59,Acessório X,Acessório,Azul,G,1,137.62,0.0,137.62,Dinheiro,Online,335.0,10
6960,2026-03-01,17:30,27,Vestido Premium,Vestido,Cinza,G,4,137.14,0.0,548.56,PIX,Física,,11
6961,2026-03-04,11:30,103,Jaqueta Social,Jaqueta,Verde,G,3,239.05,35.86,"681,29",Cartão de Débito,Online,598.0,18
6962,2026-06-03,19:30,27,Vestido Premium,Vestido,Cinza,G,1,137.14,13.71,123.43,Cartão de Débito,Física,236.0,8
6963,2026-08-24,15:45  ,64,Camiseta Básica,Camiseta,Rosa,M,4,108.86,0.0,435.44,Cartão de Crédito,Física,543.0,17
6964,2026-08-15,19:00,89,Acessório Slim,Acessório,Preta,P,1,283.36,0.0,283.36,PIX,Online,411.0,14
6965,2026-04-24,21:15,69,Camiseta Social,Camiseta,Branca,M,2,96.99,29.1,164.88,Cartão de Débito,Física,438.0,5
6966,2026-03-27,12:00,30,Blusa Básica,Blusa,Preta,M,2,249.41,0.0,498.82,Cartão de Crédito,Online,269.0,12
6967,2026-06-29,21:30,144,Calça Social,Calça,Cinza,GG,2,200.29,0.0,400.58,Cartão de Crédito,Online,178.0,3
6968,2026-05-05,13:30,134,Calça Slim,Calça,Rosa,P,1,297.88,0.0,297.88,Dinheiro,Online,586.0,16
6969,2026-08-21,12:30,16,Acessório Casual,Acessório,Verde,GG,1,160.59,24.09,136.5,PIX,Online,567.0,15
6970,2026-03-02,13:45,24,Blusa X,Blusa,Cinza,GG,3,80.81,0.0,242.43,Dinheiro,Online,282.0,6
6971,2026-05-10,09:45,37,Bermuda Básica,Bermuda,Branca,M,4,197.74,79.1,711.86,cartão de débito,Online,564.0,11
6972,2026-03-18,17:30,135,Camiseta Slim,Camiseta,Preta,GG,2,333.31,33.33,633.29,Crediário,Online,553.0,13
6973,2026-09-20,16:15,21,Jaqueta Casual,Jaqueta,Cinza,G,3,186.68,28.0,532.04,PIX,Online,387.0,20
6974,2026-07-06,16:15,67,Bermuda Básica,Bermuda,Cinza,P,4,318.87,63.77,1211.71,Crediário,Física,65.0,21
6975,2026-08-12, 16:30,86,Bermuda Casual,Bermuda,Branca,P,1,211.18,10.56,200.62,Cartão de Crédito,Online,454.0,11
6976,2026-03-15,17:15,171,Acessório X,Acessório,Verde,G,1,85.73,0.0,85.73,Cartão de Crédito,Online,304.0,12
6977,2026-08-30,09:00,84,Jaqueta Básica,Jaqueta,Verde,P,4,313.9,0.0,1255.6,Cartão de Débito,Online,299.0,9
6978,2026-08-17,16:00,174,Jaqueta Casual,Jaqueta,Preta,GG,3,214.83,96.67,547.82,PIX,Física,407.0,2
6979,2026-03-15,12:45,32,Bermuda Premium,Bermuda,Azul,GG,2,298.98,0.0,597.96,Cartão de Crédito,Online,,25
6980,2026-08-17,13:00,34,Acessório Slim,Acessório,Azul,M,3,220.29,66.09,594.78,Cartão de Débito,Física,235.0,25
6981,2026-03-25,13:45,158,Blusa Social,Blusa,Rosa,M,4,185.68,0.0,742.72,PIX,Online,105.0,20
6982,2026-09-14,14:30,134,Calça Slim,Calça,Rosa,P,4,297.88,0.0,1191.52,PIX,Física,485.0,11
6983,2026-03-21,11:30,41,Jaqueta Casual,Jaqueta,Cinza,GG,3,274.27,0.0,822.81,Cartão de Crédito,Física,550.0,7
6984,2026-03-19,19:15,100,Vestido Casual,Vestido,Preta,M,2,76.04,22.81,129.27,Cartão de Débito,Física,401.0,1
6985,2026-05-21,17:30,38,Calça X,Calça,Azul,G,3,234.51,105.53,598.0,Crediário,Online,572.0,21
6986,2026-04-30,15:45,39,Calça Social,Calça,Vermelha,GG,3,327.41,49.11,933.12,Cartão de Débito,Online,209.0,19
6987,2026-04-14, 13:00,35,Jaqueta Premium,Jaqueta,Preta,P,1,289.59,14.48,275.11,Cartão de Crédito,Física,452.0,11
6988,2026-07-30,14:15,80,Jaqueta Casual,Jaqueta,Cinza,P,1,258.13,0.0,258.13,Cartão de Crédito,Online,70.0,10
6989,2026-09-07,15:15,178,Calça Básica,Calça,Azul,GG,3,144.41,0.0,433.23,PIX,Física,463.0,3
6990,2026-09-01,21:15,82,Vestido Slim,Vestido,Vermelha,P,4,342.99,0.0,"R$ 1.371,96",Crediário,Física,291.0,2
6991,2026-09-12,14:45,145,Bermuda Esporte,Bermuda,Cinza,G,2,144.91,28.98,260.84,Crediário,Física,498.0,18
6992,2026-07-09,14:00  ,45,Blusa Social,Blusa,Cinza,G,3,158.82,23.82,452.64,Cartão de Débito,Online,516.0,10
6993,2026-07-11,12:15,82,Vestido Slim,Vestido,Vermelha,P,1,342.99,0.0,342.99,Dinheiro,Online,76.0,12
6994,2026-03-25,11:30,173,Jaqueta Casual,Jaqueta,Cinza,GG,2,328.02,32.8,623.24,Cartão de Débito,Física,225.0,24
6995,2026-08-03,11:45,124,Jaqueta Slim,Jaqueta,Verde,G,2,210.25,42.05,378.45,PIX,Física,272.0,18
6996,2026-06-29,13:30,49,Calça Básica,Calça,Verde,GG,3,193.27,0.0,579.81,Cartão de Débito,Online,597.0,17
6997,2026-06-13,17:15,49,Calça Básica,Calça,Verde,GG,1,193.27,19.33,173.94,Cartão de Débito,Física,364.0,18
6998,2026-09-16,11:00,162,Blusa Premium,Blusa,Branca,M,4,219.23,0.0,876.92,Cartão de Débito,Online,566.0,12
6999,2026-03-10,14:00,164,Blusa X,Blusa,Cinza,G,4,193.36,77.34,696.1,Dinheiro,Online,597.0,15
7000,2026-03-11,11:30,120,Vestido Premium,Vestido,Rosa,GG,4,304.25,0.0,1217.0,Crediário,Online,255.0,17
7001,17-07-2026,18:00,160,Calça X,Calça,Verde,P,1,137.04,13.7,123.34,Cartão de Crédito,Física,,12
7002,25/06/2026,13:15,137,Camiseta Esporte,Camiseta,Preta,M,1,149.09,0.0,149.09,Cartão de Débito,Física,158.0,22
7003,2026-07-18,21:15,49,Calça Básica,Calça,Verde,GG,1,193.27,19.33,173.94,Cartão de Débito,Física,358.0,23
7004,2026-08-16,16:30,156,Jaqueta Básica,Jaqueta,Branca,G,2,292.56,0.0,585.12,Dinheiro,Física,575.0,9
7005,2026-06-08,12:45,133,Calça Social,Calça,Rosa,G,4,39.8,0.0,159.2,PIX,Física,350.0,20
7006,2026-07-18,17:30  ,111,Acessório Esporte,Acessório,Rosa,M,3,333.04,99.91,899.21,Cartão de Crédito,Física,416.0,1
7007,2026-06-20,11:15,109,Camiseta Básica,Camiseta,Cinza,P,4,128.12,0.0,512.48,Crediário,Online,318.0,8
7008,2026-06-27,16:15,87,Camiseta Casual,Camiseta,Rosa,G,3,25.88,0.0,77.64,Cartão de Crédito,Física,15.0,21
7009,2026-06-10,11:15,110,Bermuda Esporte,Bermuda,Branca,GG,4,116.53,23.31,442.81,Cartão de Crédito,Física,580.0,19
7010,2026-07-19,17:15,106,Vestido Premium,Vestido,Cinza,G,4,201.43,0.0,805.72,Cartão de Crédito,Física,250.0,24
7011,2026-08-11,21:30,129,Vestido X,Vestido,Branca,GG,3,295.38,88.61,797.53,Cartão de Crédito,Online,316.0,22
7012,2026-03-23,16:30,123,Blusa Esporte,Blusa,Rosa,P,1,261.56,0.0,261.56,Cartão de Crédito,Online,544.0,10
7013,2026-05-05,17:45,63,Calça Premium,Calça,Vermelha,G,3,277.67,124.95,708.06,PIX,Física,418.0,3
7014,2026-05-17,20:30  ,16,Acessório Casual,Acessório,Verde,GG,4,160.59,0.0,642.36,Cartão de Crédito,Online,441.0,16
7015,2026-04-17,16:00,46,Acessório X,Acessório,Cinza,M,3,184.96,0.0,"R$ 554,88",CARTÃO DE DÉBITO,Física,154.0,12
7016,2026-03-16,16:30,23,Blusa X,Blusa,Preta,P,4,219.84,0.0,879.36,PIX,Física,56.0,16
7017,2026-08-29,10:00,117,Vestido Casual,Vestido,Azul,P,4,314.94,125.98,1133.78,Cartão de Crédito,Online,201.0,12
7018,2026-05-12,15:45,159,Acessório Slim,Acessório,Azul,G,2,201.01,20.1,381.92,Cartão de Débito,Física,491.0,14
7019,2026-08-20,20:00,54,Calça Esporte,Calça,Verde,P,2,77.13,0.0,154.26,Crediário,Física,400.0,10
7020,2026-07-04,16:00,173,Jaqueta Casual,Jaqueta,Cinza,GG,4,328.02,196.81,1115.27,Cartão de Débito,Física,571.0,18
7021,2026-05-13,14:30,99,Vestido Social,Vestido,Rosa,P,1,135.91,6.8,129.11,Pix,Online,130.0,3
7022,2026-09-05,09:30,130,Blusa Esporte,Blusa,Verde,GG,4,154.8,0.0,619.2,PIX,Online,179.0,24
7023,2026-05-18,17:15,176,Camiseta Premium,Camiseta,Vermelha,GG,4,225.97,135.58,768.3,Cartão de Crédito,Online,434.0,18
7024,2026-07-16,14:45,46,Acessório X,Acessório,Cinza,M,1,184.96,18.5,166.46,PIX,Online,456.0,5
7025,2026-05-29,21:00,81,Calça Social,Calça,Cinza,P,2,125.82,0.0,251.64,Cartão de Débito,Online,99.0,7
7026,2026-08-09,14:15,152,Acessório Básica,Acessório,Verde,GG,2,238.11,0.0,476.22,PIX,Online,157.0,18
7027,2026-05-06,21:15,103,Jaqueta Social,Jaqueta,Verde,G,2,239.05,0.0,478.1,Cartão de Débito,Online,86.0,8
7028,2026-09-05,18:30,163,Jaqueta Básica,Jaqueta,Branca,M,1,212.45,0.0,212.45,Cartão de Crédito,Online,91.0,5
7029,2026-06-03,20:15,67,Bermuda Básica,Bermuda,Cinza,P,3,318.87,95.66,860.95,Cartão de Crédito,Física,270.0,15
7030,2026-05-21,18:30,22,Vestido Social,Vestido,Rosa,G,2,289.54,57.91,521.17,Cartão de Débito,Online,218.0,3
7031,2026-05-18,15:45,87,Camiseta Casual,Camiseta,Rosa,G,4,25.88,5.18,98.34,Crediário,Física,570.0,6
7032,2026-07-21,09:45,176,Camiseta Premium,Camiseta,Vermelha,GG,3,225.97,101.69,576.22,Cartão de Débito,Física,236.0,19
7033,2026-03-21,20:15,180,Acessório X,Acessório,Cinza,G,3,73.69,11.05,210.02,Cartão de Débito,Física,184.0,15
7034,2026-06-05,15:30,142,Acessório Básica,Acessório,Cinza,G,3,333.62,150.13,850.73,Cartão de Crédito,Física,167.0,7
7035,2026-06-07,16:15,171,Acessório X,Acessório,Verde,G,4,85.73,0.0,342.92,PIX,Online,416.0,6
7036,2026-08-20,10:00,130,Blusa Esporte,Blusa,Verde,GG,2,154.8,15.48,294.12,PIX,Física,146.0,3
7037,2026-03-07,21:45,78,Blusa Casual,Blusa,Cinza,M,4,332.45,132.98,1196.82,Crediário,Online,43.0,24
7038,16-08-2026,09:15,135,Camiseta Slim,Camiseta,Preta,GG,3,333.31,99.99,899.94,Dinheiro,Online,100.0,24
7039,2026-06-25,17:30,13,Calça X,Calça,Verde,M,1,118.99,225.1840150800346,118.99,PIX,Online,519.0,16
7040,2026-07-07,17:00  ,118,Camiseta Esporte,Camiseta,Azul,M,2,214.08,64.22,363.94,Dinheiro,Online,297.0,10
7041,2026-05-14,10:15,36,Vestido Social,Vestido,Azul,P,4,348.35,139.34,1254.06,Dinheiro,Física,315.0,10
7042,2026-08-08,16:15,27984,Jaqueta Social,Jaqueta,Rosa,G,2,97.54,29.26,165.82,PIX,Física,293.0,7
7043,2026-03-14,18:30,12,Bermuda Esporte,Bermuda,Cinza,M,1,327.44,0.0,327.44,PIX,Online,61265.0,16
7044,2026-08-08,20:00,81,Calça Social,Calça,Cinza,P,3,125.82,0.0,"R$ 377,46",Dinheiro,Online,83.0,22
7045,2026-03-19,21:45,8,Blusa Social,Blusa,Preta,M,2,290.68,0.0,581.36,PIX,Física,277.0,12
7046,2026-08-23,18:15,105,Vestido Esporte,Vestido,Vermelha,P,3,168.87,0.0,506.61,Cartão de Débito,Online,552.0,15
7047,2026-06-04,09:00,81,Calça Social,Calça,Cinza,P,4,125.82,50.33,452.95,Cartão de Crédito,Física,537.0,20
7048,24/06/26,12:30,138,Acessório Social,Acessório,Rosa,G,1,125.4,0.0,125.4,PIX,Física,218.0,5
7049,27-08-2026,14:30,10,Jaqueta Casual,Jaqueta,Cinza,GG,2,338.29,33.83,642.75,Cartão de Crédito,Online,142.0,8
7050,2026-03-11, 19:15,45,Blusa Social,Blusa,Cinza,G,3,158.82,0.0,476.46,Cartão de Crédito,Física,124.0,8
7051,2026-04-25,14:00,26,Bermuda Slim,Bermuda,Branca,P,1,207.97,0.0,207.97,Crediário,Online,,11
7052,2026-03-15,16:45,7,Jaqueta Esporte,Jaqueta,Preta,P,3,33.34,5.0,95.02,Cartão de Débito,Online,215.0,25
7053,2026-04-08,09:30,8,Blusa Social,Blusa,Preta,M,2,290.68,87.2,494.16,Cartão de Débito,Física,,9
7054,2026-03-22, 16:30,129,Vestido X,Vestido,Branca,GG,3,295.38,0.0,886.14,PIX,Física,451.0,15
7055,2026-06-22,10:45,42,Bermuda Casual,Bermuda,Branca,P,3,336.75,50.51,959.74,Cartão de Débito,Online,360.0,8
7056,2026-06-11,20:45,21,Jaqueta Casual,Jaqueta,Cinza,G,4,186.68,37.34,709.38,Cartão de Débito,Física,38.0,13
7057,2026-06-05,14:30,43,Vestido Básica,Vestido,Rosa,G,4,212.4,84.96,764.64,Dinheiro,Online,16.0,7
7058,2026-03-03,13:15,32,Bermuda Premium,Bermuda,Azul,GG,1,298.98,29.9,269.08,Dinheiro,Online,526.0,14
7059,2026-08-22,17:15  ,8,Blusa Social,Blusa,Preta,M,1,290.68,0.0,290.68,Cartão de Crédito,Física,159.0,3
7060,2026-06-25, 10:30,30,Blusa Básica,Blusa,Preta,M,4,249.41,0.0,997.64,PIX,Física,222.0,18
7061,2026-08-17,10:45,55,Vestido Premium,Vestido,Verde,P,1,95.27,9.53,85.74,PIX,Física,143.0,18
7062,2026-04-16,14:30,137,Camiseta Esporte,Camiseta,Preta,M,3,149.09,44.73,402.54,Cartão de Crédito,Online,,15
7063,2026-08-21,16:15,118,Camiseta Esporte,Camiseta,Azul,M,1,214.08,10.7,203.38,PIX,Física,302.0,1
7064,2026-05-08,14:30,167,Acessório Casual,Acessório,Preta,P,1,326.38,48.96,277.42,Cartão de Débito,Física,7.0,14
7065,2026-03-02,09:30,115,Jaqueta Social,Jaqueta,Preta,GG,4,278.18,55.64,1057.08,Dinheiro,Online,499.0,20
7066,13-06-2026,09:30,54,Calça Esporte,Calça,Verde,P,1,77.13,0.0,77.13,PIX,Online,278.0,8
7067,2026-05-14,21:15,71,Camiseta Esporte,Camiseta,Cinza,GG,2,252.73,0.0,505.46,Dinheiro,Física,199.0,3
7068,2026-04-28,10:15,38178,Calça Social,Calça,Cinza,GG,4,200.29,120.17,680.99,Cartão de Débito,Física,403.0,13
7069,2026-05-23,14:00,166,Vestido Premium,Vestido,Vermelha,GG,1,194.42,29.16,165.26,PIX,Física,394.0,22
7070,2026-07-28,20:45,167,Acessório Casual,Acessório,Preta,P,1,326.38,16.32,310.06,Crediário,Física,293.0,17
7071,2026-08-19,17:15,127,Vestido Social,Vestido,Rosa,G,3,72.5,10.88,206.62,Cartão de Débito,Online,499.0,13
7072,2026-04-26,09:30,86,Bermuda Casual,Bermuda,Branca,P,2,211.18,42.24,380.12,Cartão de Débito,Online,537.0,3
7073,2026-05-20,19:30,140,Acessório Premium,Acessório,Rosa,G,3,155.17,23.28,442.23,Crediário,Online,224.0,10
7074,2026-04-26,13:45,168,Vestido Casual,Vestido,Azul,M,1,255.66,0.0,255.66,Cartão de Crédito,Online,216.0,20
7075,2026-09-13,09:30,173,Jaqueta Casual,Jaqueta,Cinza,GG,3,328.02,0.0,984.06,Cartão de Crédito,Online,182.0,20
7076,2026-09-07,17:15,55,Vestido Premium,Vestido,Verde,P,1,95.27,9.53,85.74,Cartão de Débito,Online,428.0,16
7077,2026-04-11,09:00,174,Jaqueta Casual,Jaqueta,Preta,GG,3,214.83,0.0,644.49,Cartão de Crédito,Física,507.0,12
7078,2026-07-13,12:15,7,Jaqueta Esporte,Jaqueta,Preta,P,3,33.34,15.0,85.02,Crediário,Física,358.0,15
7079,2026-05-03,15:45,72,Blusa Premium,Blusa,Verde,GG,3,252.12,0.0,756.36,Cartão de Crédito,Física,549.0,20
7080,02/05/2026,16:45,155,Bermuda X,Bermuda,Preta,M,2,134.96,0.0,269.92,Cartão de Crédito,Online,266.0,20
7081,2026-09-21,20:15,79,Camiseta X,Camiseta,Cinza,G,4,76.54,15.31,290.85,Dinheiro,Online,282.0,13
7082,2026-04-13,20:45,22,Vestido Social,Vestido,Rosa,G,1,289.54,0.0,289.54,PIX,Online,318.0,21
7083,2026-07-27,17:15,33,Blusa X,Blusa,Vermelha,P,4,230.83,0.0,923.32,Cartão de Débito,Física,187.0,6
7084,2026-05-16,16:00,174,Jaqueta Casual,Jaqueta,Preta,GG,3,214.83,0.0,644.49,Crediário,Online,165.0,23
7085,2026-06-23,11:45,123,Blusa Esporte,Blusa,Rosa,P,3,261.56,0.0,784.68,Cartão de Crédito,Física,582.0,20
7086,2026-06-16,16:15,13,Calça X,Calça,Verde,M,1,118.99,0.0,118.99,PIX,Física,,20
7087,2026-07-12,16:30,111,Acessório Esporte,Acessório,Rosa,M,4,333.04,0.0,1332.16,Cartão de Crédito,Física,,12
7088,2026-03-26,10:00,143,Acessório Premium,Acessório,Rosa,M,3,297.19,0.0,891.57,Cartão de Crédito,Online,542.0,25
7089,2026-09-02,16:30,2,Camiseta Básica,Camiseta,Cinza,P,1,57.67,8.65,49.02,Cartão de Crédito,Online,103.0,19
7090,2026-07-29,21:45,162,Blusa Premium,Blusa,Branca,M,1,219.23,21.92,197.31,Crediário,Física,316.0,18
7091,2026-09-19,16:30,87,Camiseta Casual,Camiseta,Rosa,G,1,25.88,2.59,"R$ 23,29",Dinheiro,Física,24.0,9
7092,2026-07-05,10:15,169,Vestido Esporte,Vestido,Rosa,M,3,120.16,0.0,360.48,Cartão de Débito,Física,363.0,22
7093,2026-04-30,21:45,139,Acessório Slim,Acessório,Branca,P,3,227.76,102.49,580.79,Crediário,Física,,6
7094,2026-04-04,14:45,160,Calça X,Calça,Verde,P,4,137.04,0.0,548.16,Cartão de Débito,Física,589.0,15
7095,2026-03-21,17:15,99,Vestido Social,Vestido,Rosa,P,3,135.91,61.16,346.57,PIX,Online,283.0,18
7096,2026-07-26,19:15,160,Calça X,Calça,Verde,P,1,137.04,6.85,130.19,PIX,Online,39.0,23
7097,2026-05-28,18:15,137,Camiseta Esporte,Camiseta,Preta,M,2,149.09,0.0,298.18,Cartão de Débito,Física,,18
7098,2026-03-17,20:00,96,Bermuda Casual,Bermuda,Branca,M,1,123.65,6.18,117.47,Cartão de Débito,Online,561.0,12
7099,2026-04-23,15:45,123,Blusa Esporte,Blusa,Rosa,P,2,261.56,78.47,444.65,PIX,Física,366.0,15
7100,2026-07-09,15:30,85,Blusa Casual,Blusa,Vermelha,G,3,273.43,0.0,820.29,Cartão de Débito,Online,,2
7101,2026-05-06,19:15,157,Blusa Social,Blusa,Rosa,GG,1,325.37,48.81,276.56,Cartão de Crédito,Online,244.0,9
7102,2026-05-22,12:15,129,Vestido X,Vestido,Branca,GG,3,295.38,0.0,886.14,PIX,Online,114.0,17
7103,2026-07-28,19:15,151,Blusa Casual,Blusa,Preta,P,4,121.09,0.0,484.36,Cartão de Crédito,Online,193.0,6
7104,2026-06-09,15:00,125,Vestido Esporte,Vestido,Vermelha,P,2,67.79,20.34,115.24,Cartão de Crédito,Física,521.0,6
7105,2026-05-26,12:15,81,Calça Social,Calça,Cinza,P,1,125.82,0.0,125.82,Cartão de Débito,Física,359.0,17
7106,2026-08-09,21:15,129,Vestido X,Vestido,Branca,GG,3,295.38,88.61,797.53,Cartão de Crédito,Física,28.0,17
7107,2026-05-02,19:45,97,Camiseta Slim,Camiseta,Azul,M,2,174.51,0.0,349.02,Cartão de Crédito,Online,383.0,23
7108,2026-05-22,12:15,83,Camiseta Básica,Camiseta,Rosa,M,3,221.65,66.5,598.45,Cartão de Débito,Online,15.0,19
7109,2026-06-12,12:45,55,Vestido Premium,Vestido,Verde,P,4,95.27,0.0,381.08,PIX,Online,370.0,12
7110,2026-05-20, 16:45,53,Camiseta Básica,Camiseta,Branca,P,2,204.54,0.0,409.08,PIX,Online,69.0,3
7111,2026-08-26,19:45,122,Bermuda Casual,Bermuda,Rosa,GG,2,286.85,86.06,487.64,Cartão de Crédito,Física,412.0,5
7112,2026-09-10,19:15,98,Vestido Social,Vestido,Branca,G,4,290.16,58.03,1102.61,Cartão de Crédito,Física,412.0,18
7113,2026-05-07,16:30,108,Bermuda Social,Bermuda,Vermelha,P,2,179.79,53.94,305.64,Cartão de Débito,Online,281.0,9
7114,2026-08-01,09:00,140,Acessório Premium,Acessório,Rosa,G,1,155.17,23.28,131.89,PIX,Online,88.0,11
7115,2026-07-25,12:30,91,Camiseta Casual,Camiseta,Branca,P,3,29.36,4.4,83.68,Cartão de Débito,Física,432.0,22
7116,29-06-2026,09:45,161,Vestido X,Vestido,Azul,G,4,67.98,40.79,231.13,Cartão de Débito,Física,307.0,15
7117,2026-07-08,16:15,156,Jaqueta Básica,Jaqueta,Branca,G,4,292.56,0.0,1170.24,Dinheiro,Física,201.0,5
7118,2026-05-26,11:45,2,Camiseta Básica,Camiseta,Cinza,P,3,57.67,17.3,155.71,Crediário,Física,71.0,6
7119,2026-04-15,19:30,136,Blusa Social,Blusa,Azul,P,2,114.45,0.0,228.9,Dinheiro,Online,58.0,16
7120,2026-06-14,19:15,128,Bermuda Básica,Bermuda,Preta,GG,4,193.28,0.0,773.12,Cartão de Crédito,Online,555.0,14
7121,2026-08-08,18:15,31,Vestido Slim,Vestido,Azul,P,3,35.57,0.0,106.71,PIX,Física,341.0,19
7122,2026-05-15, 20:00,108,Bermuda Social,Bermuda,Vermelha,P,4,179.79,71.92,647.24,Dinheiro,Online,35992.0,12
7123,2026-08-17,17:45,170,Blusa Premium,Blusa,Azul,G,2,154.9,0.0,309.8,Cartão de Crédito,Física,508.0,9
7124,2026-07-15,12:00,68,Jaqueta Premium,Jaqueta,Vermelha,G,3,65.29,0.0,195.87,Cartão de Crédito,Física,285.0,18
7125,2026-04-08,14:15,44,Jaqueta Esporte,Jaqueta,Azul,GG,1,198.07,29.71,168.36,Crediário,Online,74.0,24
7126,2026-09-19,19:00,164,Blusa X,Blusa,Cinza,G,4,193.36,38.67,734.77,Cartão de Crédito,Física,97.0,2
7127,2026-03-23,13:30,16,Acessório Casual,Acessório,Verde,GG,1,160.59,8.03,152.56,Cartão de Crédito,Online,325.0,8
7128,2026-09-06,12:15,130,Blusa Esporte,Blusa,Verde,GG,2,154.8,46.44,263.16,PIX,Física,102.0,24
7129,2026-07-13,18:30,82,Vestido Slim,Vestido,Vermelha,P,4,342.99,205.79,1166.17,PIX,Online,367.0,5
7130,2026-04-05,10:00,156,Jaqueta Básica,Jaqueta,Branca,G,3,292.56,87.77,789.91,Cartão de Crédito,Física,260.0,23
7131,2026-06-01,14:15,100,Vestido Casual,Vestido,Preta,M,2,76.04,7.6,144.48,Cartão de Crédito,Física,337.0,12
7132,2026-07-09,19:45,41,Jaqueta Casual,Jaqueta,Cinza,GG,1,274.27,0.0,274.27,Crediário,Física,24.0,11
7133,2026-06-05,12:15,15,Blusa Social,Blusa,Azul,M,2,303.57,91.07,516.07,PIX,Física,137.0,8
7134,2026-03-14,11:15,83,Camiseta Básica,Camiseta,Rosa,M,1,221.65,11.08,210.57,Cartão de Crédito,Física,293.0,12
7135,2026-07-09,15:45,77,Vestido X,Vestido,Rosa,G,2,195.59,19.56,371.62,PIX,Online,360.0,17
7136,2026-09-17,11:30,127,Vestido Social,Vestido,Rosa,G,4,72.5,29.0,261.0,Cartão de Crédito,Online,453.0,6
7137,2026-05-09,14:00,73,Vestido Social,Vestido,Preta,P,4,83.59,16.72,317.64,Dinheiro,Online,507.0,10
7138,2026-08-08,20:30,173,Jaqueta Casual,Jaqueta,Cinza,GG,2,328.02,32.8,623.24,PIX,Física,529.0,7
7139,2026-03-18,14:45,51,Jaqueta Slim,Jaqueta,Verde,M,3,118.56,0.0,355.68,Cartão de Crédito,Física,,1
7140,2026-05-10,12:45,20,Calça X,Calça,Vermelha,P,1,211.81,10.59,201.22,Cartão de Crédito,Física,570.0,10
7141,2026-04-02,19:30,97,Camiseta Slim,Camiseta,Azul,M,4,174.51,34.9,663.14,Crediário,Física,351.0,11
7142,2026-06-20,13:30,104,Vestido Slim,Vestido,Verde,P,1,221.73,33.26,188.47,Dinheiro,Física,435.0,17
7143,31-07-2026, 14:30,62,Camiseta Básica,Camiseta,Azul,GG,2,140.6,42.18,239.02,PIX,Física,565.0,16
7144,2026-05-30,15:15,160,Calça X,Calça,Verde,P,2,137.04,27.41,246.67,Cartão de Crédito,Online,188.0,1
7145,2026-03-27,17:45,86,Bermuda Casual,Bermuda,Branca,P,-2,211.18,42.24,802.48,Cartão de Débito,Online,482.0,17
7146,2026-04-19,12:30,165,Blusa Casual,Blusa,Rosa,GG,1,156.99,7.85,149.14,Crediário,Física,58.0,12
7147,2026-09-21, 12:45 ,106,Vestido Premium,Vestido,Cinza,G,4,201.43,0.0,805.72,Cartão de Débito,Física,109.0,5
7148,2026-07-05,16:15,120,Vestido Premium,Vestido,Rosa,GG,4,304.25,0.0,1217.0,Cartão de Crédito,Online,,5
7149,2026-06-18,20:30,157,Blusa Social,Blusa,Rosa,GG,1,325.37,16.27,309.1,Cartão de Débito,Online,460.0,16
7150,2026-08-19,10:45,40,Bermuda Esporte,Bermuda,Azul,G,4,78.7,15.74,299.06,Dinheiro,Física,495.0,6
7151,2026-06-04,16:30  ,80,Jaqueta Casual,Jaqueta,Cinza,P,1,258.13,38.72,219.41,Cartão de Débito,Online,282.0,8
7152,2026-09-15,15:45,131,Vestido Básica,Vestido,Vermelha,M,2,38.91,0.0,77.82,PIX,Online,219.0,1
7153,2026-07-06,10:00,19,Blusa Casual,Blusa,Preta,M,1,212.08,0.0,212.08,Cartão de Débito,Online,259.0,2
7154,2026-04-01,09:45,38,Calça X,Calça,Azul,G,2,234.51,0.0,"469,02",Cartão de Crédito,Online,157.0,10
7155,2026-03-25,21:45,115,Jaqueta Social,Jaqueta,Preta,GG,3,278.18,0.0,"R$ 834,54",Cartão de Débito,Física,16171.0,20
7156,2026-06-10,14:45,146,Acessório Esporte,Acessório,Vermelha,P,2,103.95,31.18,176.72,PIX,Online,,9
7157,2026-09-06,21:45,159,Acessório Slim,Acessório,Azul,G,1,201.01,30.15,170.86,Dinheiro,Online,384.0,11
7158,2026-08-01,14:30,162,Blusa Premium,Blusa,Branca,M,2,219.23,21.92,416.54,Cartão de Débito,Física,399.0,12
7159,2026-04-17,11:45,159,Acessório Slim,Acessório,Azul,G,2,201.01,20.1,381.92,Crediário,Online,417.0,5
7160,2026-05-27,15:45,25,Blusa Social,Blusa,Rosa,M,3,285.55,0.0,856.65,Dinheiro,Online,180.0,16
7161,2026-09-21,13:00,94,Acessório Casual,Acessório,Verde,M,3,202.82,60.85,547.61,Cartão de Débito,Física,263.0,11
7162,2026-04-11,20:00,119,Vestido Básica,Vestido,Azul,P,1,51.47,0.0,51.47,Dinheiro,Física,404.0,1
7163,2026-05-31,11:45,29,Blusa Esporte,Blusa,Branca,M,1,318.44,0.0,318.44,PIX,Física,477.0,12
7164,2026-05-08,17:00,33,Blusa X,Blusa,Vermelha,P,3,230.83,69.25,623.24,PIX,Online,287.0,24
7165,2026-07-15,17:30  ,137,Camiseta Esporte,Camiseta,Preta,M,2,149.09,0.0,298.18,Dinheiro,Física,311.0,2
7166,2026-09-22,15:30,98,Vestido Social,Vestido,Branca,G,1,290.16,14.51,275.65,Cartão de Débito,Online,504.0,14
7167,2026-03-21,18:15,111,Acessório Esporte,Acessório,Rosa,M,2,333.04,66.61,599.47,PIX,Online,60.0,3
7168,2026-03-08,14:30,25,Blusa Social,Blusa,Rosa,M,2,285.55,0.0,"571,10",Cartão de Débito,Online,479.0,21
7169,2026-06-17, 13:45 ,67,Bermuda Básica,Bermuda,Cinza,P,1,318.87,0.0,318.87,PIX,Física,264.0,15
7170,2026-08-10,21:45,56,Bermuda Casual,Bermuda,Verde,P,1,269.73,26.97,242.76,Cartão de Crédito,Online,560.0,16
7171,2026-04-19,21:45,63,Calça Premium,Calça,Vermelha,G,4,277.67,111.07,999.61,Cartão de Crédito,Online,27.0,11
7172,2026-06-03,11:15,152,Acessório Básica,Acessório,Verde,GG,1,238.11,23.81,214.3,Cartão de Débito,Física,454.0,13
7173,2026-05-31,12:45,41,Jaqueta Casual,Jaqueta,Cinza,GG,2,274.27,27.43,521.11,Dinheiro,Física,189.0,1
7174,2026-08-26,14:45,46,Acessório X,Acessório,Cinza,M,2,184.96,0.0,369.92,Cartão de Débito,Online,243.0,20
7175,2026-04-27,11:45,162,Blusa Premium,Blusa,Branca,M,1,219.23,0.0,219.23,Crediário,Online,332.0,4
7176,2026-09-06,14:00,21,Jaqueta Casual,Jaqueta,Cinza,G,4,186.68,37.34,"R$ 709,38",PIX,Online,63.0,1
7177,2026-03-17,12:30,180,Acessório X,Acessório,Cinza,G,4,73.69,29.48,265.28,Cartão de Débito,Online,540.0,13
7178,2026-04-09,15:45,85,Blusa Casual,Blusa,Vermelha,G,1,273.43,41.01,232.42,Cartão de Débito,Física,204.0,17
7179,2026-08-23,19:00,158,Blusa Social,Blusa,Rosa,M,4,185.68,0.0,742.72,Dinheiro,Física,224.0,7
7180,2026-04-25,10:15,113,Blusa Social,Blusa,Rosa,P,3,270.36,0.0,811.08,PIX,Online,11.0,23
7181,2026-06-04,17:15,132,Acessório Básica,Acessório,Branca,P,4,296.32,59.26,1126.02,Cartão de Débito,Online,533.0,25
7182,2026-08-26,12:15,109,Camiseta Básica,Camiseta,Cinza,P,3,128.12,38.44,345.92,cartão de crédito,Física,,13
7183,2026-03-28,15:30,162,Blusa Premium,Blusa,Branca,M,3,219.23,32.88,624.81,Crediário,Física,220.0,20
7184,2026-09-10,09:00,97,Camiseta Slim,Camiseta,Azul,M,1,174.51,26.18,148.33,Cartão de Débito,Física,315.0,4
7185,2026-09-04,15:15,92,Calça Casual,Calça,Rosa,G,1,164.58,16.46,148.12,PIX,Física,195.0,20
7186,2026-06-06,19:00,84,Jaqueta Básica,Jaqueta,Verde,P,4,313.9,62.78,1192.82,PIX,Física,244.0,6
7187,2026-09-06,15:45,122,Bermuda Casual,Bermuda,Rosa,GG,1,286.85,0.0,286.85,Dinheiro,Física,251.0,4
7188,2026-09-22,13:00,109,Camiseta Básica,Camiseta,Cinza,P,3,128.12,0.0,384.36,Crediário,Online,488.0,8
7189,2026-04-18,12:30,176,Camiseta Premium,Camiseta,Vermelha,GG,3,225.97,101.69,"576,22",PIX,Física,262.0,17
7190,2026-08-24,12:30,134,Calça Slim,Calça,Rosa,P,3,297.88,44.68,848.96,Cartão de Crédito,Online,480.0,19
7191,2026-03-17,21:15,100,Vestido Casual,Vestido,Preta,M,3,76.04,0.0,228.12,Crediário,Física,132.0,18
7192,30/05/2026,18:00,121,Vestido Casual,Vestido,Verde,G,3,101.83,15.27,290.22,PIX,Física,2.0,7
7193,2026-06-05,20:15,88,Camiseta Básica,Camiseta,Branca,GG,3,270.48,121.72,689.72,Crediário,Online,,23
7194,2026-08-11,18:00,10,Jaqueta Casual,Jaqueta,Cinza,GG,4,338.29,0.0,1353.16,Dinheiro,Online,126.0,8
7195,2026-08-14,21:45,175,Calça Social,Calça,Rosa,P,1,90.45,4.52,85.93,Cartão de Crédito,Online,319.0,21
7196,2026-09-22,20:30,76,Bermuda Premium,Bermuda,Vermelha,M,4,45.34,0.0,181.36,Cartão de Crédito,Física,20.0,15
7197,2026-03-23,18:30,123,Blusa Esporte,Blusa,Rosa,P,1,261.56,13.08,248.48,PIX,Física,141.0,12
7198,2026-05-06,18:15,54,Calça Esporte,Calça,Verde,P,3,77.13,0.0,231.39,Cartão de Crédito,Física,401.0,3
7199,2026-08-03,10:00,92,Calça Casual,Calça,Rosa,G,4,164.58,0.0,658.32,Cartão de Débito,Online,114.0,17
7200,2026-06-19,21:30,23,Blusa X,Blusa,Preta,P,2,219.84,0.0,439.68,PIX,Física,96.0,6
7201,2026-03-17,20:30,20,Calça X,Calça,Vermelha,P,4,211.81,0.0,847.24,PIX,Física,239.0,13
7202,2026-03-16, 19:15,113,Blusa Social,Blusa,Rosa,P,1,270.36,13.52,256.84,Cartão de Crédito,Física,180.0,5
7203,2026-07-07,18:45,16,Acessório Casual,Acessório,Verde,GG,1,160.59,24.09,136.5,Dinheiro,Online,346.0,14
7204,2026-06-03,15:00,20,Calça X,Calça,Vermelha,P,1,211.81,0.0,211.81,Dinheiro,Física,492.0,11
7205,2026-08-04,18:00,18,Vestido Premium,Vestido,Vermelha,P,4,221.89,1511.698388485853,798.8,Cartão de Crédito,Online,,5
7206,10-09-2026,10:15,66,Bermuda X,Bermuda,Branca,G,2,98.66,29.6,167.72,Dinheiro,Online,99.0,23
7207,2026-07-09,11:00,106,Vestido Premium,Vestido,Cinza,G,4,201.43,120.86,684.86,PIX,Online,293.0,15
7208,2026-04-20,13:45,8,Blusa Social,Blusa,Preta,M,2,290.68,0.0,581.36,Cartão de Crédito,Física,294.0,18
7209,2026-07-06,11:00,72,Blusa Premium,Blusa,Verde,GG,3,252.12,75.64,680.72,Dinheiro,Online,302.0,18
7210,2026-09-01,12:15,71,Camiseta Esporte,Camiseta,Cinza,GG,2,252.73,25.27,480.19,Cartão de Crédito,Física,217.0,13
7211,2026-04-29,13:30,122,Bermuda Casual,Bermuda,Rosa,GG,3,286.85,43.03,817.52,PIX,Física,66.0,10
7212,2026-08-02,19:30,105,Vestido Esporte,Vestido,Vermelha,P,2,168.87,0.0,337.74,Cartão de Crédito,Física,266.0,13
7213,2026-04-05,14:15,39,Calça Social,Calça,Vermelha,GG,1,327.41,49.11,"R$ 278,30",Crediário,Online,49.0,6
7214,2026-08-01,20:15,46,Acessório X,Acessório,Cinza,M,4,184.96,73.98,665.86,Dinheiro,Física,399.0,18
7215,2026-06-05,10:15,151,Blusa Casual,Blusa,Preta,P,4,121.09,24.22,460.14,PIX,Física,545.0,6
7216,2026-06-02,14:00,4,Jaqueta Básica,Jaqueta,Vermelha,M,4,148.57,0.0,"R$ 594,28",Cartão de Crédito,Física,69.0,10
7217,2026-09-19,12:00,89,Acessório Slim,Acessório,Preta,P,1,283.36,0.0,283.36,Cartão de Débito,Física,55.0,7
7218,01/06/2026,21:30,4,Jaqueta Básica,Jaqueta,Vermelha,M,4,148.57,29.71,564.57,Crediário,Física,120.0,22
7219,2026-04-02,11:15,102,Bermuda X,Bermuda,Azul,G,2,181.84,18.18,345.5,Cartão de Crédito,Física,469.0,19
7220,2026-05-28,10:45,77,Vestido X,Vestido,Rosa,G,3,195.59,0.0,586.77,Cartão de Crédito,Física,478.0,21
7221,2026-07-15,20:15,48,Camiseta Esporte,Camiseta,Preta,G,2,170.37,0.0,340.74,Cartão de Crédito,Física,439.0,10
7222,2026-05-28,13:00,131,Vestido Básica,Vestido,Vermelha,M,4,38.91,0.0,155.64,Cartão de Débito,Física,473.0,1
7223,2026-04-06,15:30  ,38,Calça X,Calça,Azul,G,2,234.51,70.35,398.67,PIX,Online,28.0,22
7224,2026-04-29,10:00,37,Bermuda Básica,Bermuda,Branca,M,4,197.74,118.64,672.32,Cartão de Crédito,Online,519.0,22
7225,2026-09-01,09:45,27,Vestido Premium,Vestido,Cinza,G,1,137.14,6.86,130.28,Cartão de Débito,Online,128.0,11
7226,2026-07-16,12:00,164,Blusa X,Blusa,Cinza,G,4,193.36,0.0,773.44,PIX,Física,474.0,9
7227,2026-04-04,15:15,60,Acessório Esporte,Acessório,Azul,G,3,112.08,0.0,336.24,Cartão de Débito,Online,514.0,10
7228,2026-04-03,13:00,138,Acessório Social,Acessório,Rosa,G,1,125.4,0.0,125.4,Dinheiro,Online,213.0,7
7229,2026-09-05,16:45,62,Camiseta Básica,Camiseta,Azul,GG,4,140.6,84.36,478.04,Cartão de Débito,Física,217.0,15
7230,2026-03-29,13:45,60,Acessório Esporte,Acessório,Azul,G,1,112.08,16.81,95.27,Cartão de Crédito,Online,444.0,8
7231,2026-07-28,14:00,15,Blusa Social,Blusa,Azul,M,2,303.57,0.0,607.14,Cartão de Débito,Física,361.0,5
7232,2026-03-26,17:15,100,Vestido Casual,Vestido,Preta,M,2,76.04,0.0,152.08,Dinheiro,Online,111.0,2
7233,2026-04-27,14:45,127,Vestido Social,Vestido,Rosa,G,1,72.5,3.62,68.88,Dinheiro,Online,392.0,1
7234,2026-06-11,10:30,167,Acessório Casual,Acessório,Preta,P,1,326.38,48.96,277.42,Cartão de Crédito,Física,531.0,19
7235,2026-06-30,09:00,13,Calça X,Calça,Verde,M,3,118.99,0.0,356.97,Cartão de Débito,Física,242.0,3
7236,2026-07-12,12:30,129,Vestido X,Vestido,Branca,GG,3,295.38,44.31,841.83,Cartão de Débito,Online,564.0,9
7237,2026-06-29,19:15,4,Jaqueta Básica,Jaqueta,Vermelha,M,1,148.57,7.43,141.14,Cartão de Crédito,Online,387.0,10
7238,2026-03-26,11:00,120,Vestido Premium,Vestido,Rosa,GG,3,304.25,0.0,912.75,PIX,Física,56.0,5
7239,2026-06-18,17:45,128,Bermuda Básica,Bermuda,Preta,GG,2,193.28,57.98,328.58,Cartão de Crédito,Online,32.0,8
7240,08-07-2026,20:00,98,Vestido Social,Vestido,Branca,G,1,290.16,29.02,261.14,Dinheiro,Física,478.0,10
7241,2026-03-25,19:30,26,Bermuda Slim,Bermuda,Branca,P,3,207.97,0.0,623.91,Dinheiro,Física,,19
7242,2026-08-18,13:30,33,Blusa X,Blusa,Vermelha,P,3,230.83,103.87,588.62,PIX,Física,111.0,13
7243,2026-03-25,17:30,172,Camiseta Social,Camiseta,Rosa,G,3,281.43,0.0,844.29,Cartão de Débito,Online,59.0,11
7244,2026-05-15,11:45,138,Acessório Social,Acessório,Rosa,G,4,125.4,0.0,501.6,Dinheiro,Física,12.0,21
7245,2026-03-03,21:45,105,Vestido Esporte,Vestido,Vermelha,P,2,168.87,16.89,320.85,Dinheiro,Online,297.0,5
7246,20/03/2026,21:15,32,Bermuda Premium,Bermuda,Azul,GG,3,298.98,134.54,762.4,Cartão de Crédito,Física,201.0,23
7247,2026-05-22,09:00  ,103,Jaqueta Social,Jaqueta,Verde,G,2,239.05,47.81,430.29,Cartão de Crédito,Física,117.0,9
7248,2026-03-17,12:00,179,Vestido Básica,Vestido,Azul,G,3,31.43,14.14,80.15,Cartão de Débito,Física,325.0,19
7249,2026-05-18,20:30,125,Vestido Esporte,Vestido,Vermelha,P,4,67.79,40.67,230.49,Cartão de Débito,Online,430.0,12
7250,2026-04-15,16:00,9,Jaqueta Social,Jaqueta,Rosa,G,1,97.54,14.63,82.91,Cartão de Débito,Online,120.0,12
7251,2026-06-05,10:15,16,Acessório Casual,Acessório,Verde,GG,4,160.59,64.24,578.12,Dinheiro,Física,77.0,6
7252,2026-04-20,19:45,136,Blusa Social,Blusa,Azul,P,4,114.45,68.67,389.13,PIX,Online,308.0,24
7253,2026-03-11,21:45,47,Vestido Premium,Vestido,Cinza,G,3,115.65,0.0,"R$ 346,95",Cartão de Crédito,Física,260.0,8
7254,2026-06-06,21:30,144,Calça Social,Calça,Cinza,GG,3,200.29,0.0,600.87,Cartão de Débito,Física,257.0,4
7255,2026-09-25,15:30,91,Camiseta Casual,Camiseta,Branca,P,3,29.36,0.0,88.08,Cartão de Crédito,Física,530.0,19
7256,27/07/2026,11:30,105,Vestido Esporte,Vestido,Vermelha,P,4,168.87,33.77,641.71,Crediário,Física,478.0,1
7257,2026-06-24,09:30,58,Acessório Básica,Acessório,Cinza,P,1,304.84,0.0,304.84,Cartão de Crédito,Online,297.0,23
7258,2026-09-04,10:00,25,Blusa Social,Blusa,Rosa,M,2,285.55,85.66,485.44,Cartão de Crédito,Online,503.0,23
7259,2026-08-03,13:15,153,Vestido Básica,Vestido,Preta,G,4,129.37,0.0,517.48,Cartão de Crédito,Online,10.0,20
7260,2026-03-15,12:00,148,Acessório Premium,Acessório,Vermelha,GG,3,36.52,16.43,93.13,PIX,Online,138.0,6
7261,2026-07-20,17:15,105,Vestido Esporte,Vestido,Vermelha,P,4,168.87,67.55,607.93,Crediário,Física,32.0,14
7262,2026-05-24,10:15,36,Vestido Social,Vestido,Azul,P,2,348.35,104.51,592.19,Cartão de Crédito,Física,,17
7263,2026-07-27,15:15,172,Camiseta Social,Camiseta,Rosa,G,4,281.43,0.0,1125.72,Cartão de Débito,Física,392.0,24
7264,2026-08-20,10:15,96767,Acessório Casual,Acessório,Verde,M,4,202.82,121.69,689.59,Cartão de Crédito,Online,453.0,19
7265,2026-03-04,14:30,9,Jaqueta Social,Jaqueta,Rosa,G,3,97.54,29.26,263.36,Cartão de Débito,Física,253.0,17
7266,2026-04-23,20:00,168,Vestido Casual,Vestido,Azul,M,4,255.66,51.13,971.51,Cartão de Débito,Online,,19
7267,2026-08-06,19:00,121,Vestido Casual,Vestido,Verde,G,3,101.83,15.27,290.22,PIX,Online,,18
7268,2026-03-25,11:45,1,Acessório Premium,Acessório,Verde,G,2,129.26,0.0,258.52,PIX,Online,106.0,5
7269,2026-04-12,11:00,43,Vestido Básica,Vestido,Rosa,G,4,212.4,0.0,849.6,Crediário,Física,34.0,19
7270,2026-05-12,21:30,174,Jaqueta Casual,Jaqueta,Preta,GG,3,214.83,96.67,547.82,Dinheiro,Online,273.0,23
7271,2026-07-15,17:30,69,Camiseta Social,Camiseta,Branca,M,3,96.99,0.0,290.97,Cartão de Crédito,Online,175.0,14
7272,2026-05-17,20:45,89,Acessório Slim,Acessório,Preta,P,2,283.36,0.0,566.72,Cartão De Crédito,Online,,18
7273,2026-03-20,13:15,140,Acessório Premium,Acessório,Rosa,G,1,155.17,7.76,"R$ 147,41",Cartão de Crédito,Online,282.0,19
7274,2026-08-14,19:15,104,Vestido Slim,Vestido,Verde,P,4,221.73,133.04,753.88,PIX,Online,41.0,25
7275,2026-03-17,16:15,80,Jaqueta Casual,Jaqueta,Cinza,P,-2,258.13,38.72,735.67,Crediário,Online,25.0,9
7276,2026-09-17,11:00,101,Vestido Social,Vestido,Vermelha,GG,2,158.47,15.85,301.09,Cartão de Crédito,Online,345.0,10
7277,2026-04-01,17:30,135,Camiseta Slim,Camiseta,Preta,GG,4,333.31,66.66,1266.58,PIX,Online,160.0,13
7278,2026-03-09,18:00,180,Acessório X,Acessório,Cinza,G,4,73.69,29.48,265.28,Dinheiro,Física,353.0,20
7279,2026-06-03,19:00,105,Vestido Esporte,Vestido,Vermelha,P,1,168.87,25.33,143.54,Dinheiro,Online,73.0,9
7280,05/06/26,20:45,171,Acessório X,Acessório,Verde,G,-2,85.73,17.15,"154,31",Cartão de Crédito,Física,210.0,12
7281,2026-05-21,16:30,37954,Camiseta Básica,Camiseta,Azul,GG,1,140.6,14.06,126.54,Dinheiro,Física,531.0,1
7282,2026-06-30,20:45,25,Blusa Social,Blusa,Rosa,M,4,285.55,57.11,1085.09,Crediário,Física,474.0,24
7283,2026-03-01,12:00,95,Bermuda Básica,Bermuda,Verde,P,4,40.47,16.19,145.69,Cartão de Crédito,Online,,21
7284,04/03/2026,13:45,35,Jaqueta Premium,Jaqueta,Preta,P,4,289.59,173.75,984.61,Cartão de Crédito,Online,16.0,22
7285,2026-05-20,11:30,71586,Vestido Social,Vestido,Vermelha,GG,2,158.47,0.0,316.94,Cartão de Débito,Online,221.0,12
7286,2026-06-04,12:00,63,Calça Premium,Calça,Vermelha,G,4,277.67,111.07,999.61,Cartão de Débito,Online,,12
7287,2026-05-19,14:45,104,Vestido Slim,Vestido,Verde,P,4,221.73,44.35,842.57,Cartão de Débito,Física,87.0,4
7288,2026-04-22,20:00,21,Jaqueta Casual,Jaqueta,Cinza,G,2,186.68,0.0,373.36,cartão de débito,Física,490.0,7
7289,2026-09-05, 15:15,1,Acessório Premium,Acessório,Verde,G,4,129.26,77.56,439.48,Cartão de Crédito,Física,397.0,4
7290,2026-03-14,10:15,94,Acessório Casual,Acessório,Verde,M,1,202.82,0.0,202.82,Cartão de Crédito,Física,29.0,1
7291,2026-06-16,12:15,7,Jaqueta Esporte,Jaqueta,Preta,P,2,33.34,6.67,60.01,Cartão de Débito,Física,581.0,6
7292,2026-09-17,17:30  ,138,Acessório Social,Acessório,Rosa,G,4,125.4,0.0,501.6,Cartão de Crédito,Online,196.0,14
7293,2026-03-26,09:30,137,Camiseta Esporte,Camiseta,Preta,M,4,149.09,0.0,596.36,Cartão de Crédito,Física,43.0,4
7294,2026-09-06,18:30,135,Camiseta Slim,Camiseta,Preta,GG,1,333.31,0.0,333.31,PIX,Online,470.0,14
7295,2026-03-30,11:00,180,Acessório X,Acessório,Cinza,G,4,73.69,14.74,280.02,Cartão de Débito,Física,73359.0,9
7296,2026-08-04,12:15,180,Acessório X,Acessório,Cinza,G,3,73.69,0.0,221.07,Cartão de Crédito,Física,115.0,10
7297,2026-06-19,16:30,109,Camiseta Básica,Camiseta,Cinza,P,1,128.12,0.0,128.12,PIX,Física,60.0,6
7298,2026-07-16,12:15,177,Bermuda Básica,Bermuda,Branca,G,4,113.66,0.0,454.64,Cartão de Crédito,Online,192.0,22
7299,2026-09-01,09:15,140,Acessório Premium,Acessório,Rosa,G,3,155.17,0.0,465.51,Dinheiro,Online,333.0,14
7300,2026-06-08,21:15,39,Calça Social,Calça,Vermelha,GG,3,327.41,147.33,834.9,Cartão de Crédito,Online,469.0,19
7301,2026-09-24,14:15,3,Camiseta Social,Camiseta,Branca,GG,1,48.72,0.0,48.72,Crediário,Online,111.0,8
7302,2026-07-08,11:15,23,Blusa X,Blusa,Preta,P,4,219.84,43.97,835.39,CARTÃO DE DÉBITO,Física,389.0,6
7303,2026-05-23,21:15,15,Blusa Social,Blusa,Azul,M,4,303.57,121.43,1092.85,Dinheiro,Física,403.0,21
7304,23-05-2026,14:30,40,Bermuda Esporte,Bermuda,Azul,G,4,78.7,0.0,314.8,Cartão de Débito,Online,523.0,8
7305,2026-07-17,13:45,175,Calça Social,Calça,Rosa,P,3,90.45,27.14,244.21,PIX,Online,572.0,3
7306,2026-06-25,20:45,97,Camiseta Slim,Camiseta,Azul,M,4,174.51,0.0,"R$ 698,04",Cartão de Crédito,Física,386.0,25
7307,2026-03-09,15:00,112,Calça Básica,Calça,Azul,M,4,318.38,0.0,1273.52,Cartão de Crédito,Física,447.0,18
7308,2026-08-17,14:45,47,Vestido Premium,Vestido,Cinza,G,2,115.65,0.0,231.3,Cartão de Crédito,Online,136.0,7
7309,2026-04-09,12:45,77,Vestido X,Vestido,Rosa,G,3,195.59,0.0,586.77,Cartão de Débito,Online,,16
7310,2026-07-24,16:15,144,Calça Social,Calça,Cinza,GG,2,200.29,60.09,340.49,Cartão de Crédito,Online,59.0,9
7311,2026-05-15,15:00,152,Acessório Básica,Acessório,Verde,GG,4,238.11,95.24,857.2,PIX,Online,330.0,12
7312,2026-04-16,16:15,99,Vestido Social,Vestido,Rosa,P,2,135.91,13.59,258.23,Cartão de Crédito,Física,540.0,24
7313,2026-06-06,18:00,168,Vestido Casual,Vestido,Azul,M,3,255.66,115.05,"R$ 651,93",PIX,Física,507.0,18
7314,2026-08-13,19:00,81,Calça Social,Calça,Cinza,P,1,125.82,0.0,125.82,crediário,Física,,3
7315,2026-03-10,15:30,50,Blusa Esporte,Blusa,Vermelha,GG,1,189.51,9.48,180.03,PIX,Online,588.0,6
7316,19/09/2026,15:15,41,Jaqueta Casual,Jaqueta,Cinza,GG,3,274.27,0.0,822.81,PIX,Física,442.0,1
7317,2026-06-19,13:30,84,Jaqueta Básica,Jaqueta,Verde,P,4,313.9,0.0,1255.6,Crediário,Online,,20
7318,2026-06-19,12:15,122,Bermuda Casual,Bermuda,Rosa,GG,3,286.85,0.0,860.55,Cartão de Crédito,Online,218.0,12
7319,2026-09-01,18:45,63,Calça Premium,Calça,Vermelha,G,4,277.67,55.53,1055.15,Crediário,Online,,2
7320,2026-07-22,10:45,96,Bermuda Casual,Bermuda,Branca,M,3,123.65,0.0,370.95,Cartão de Crédito,Física,189.0,5
7321,2026-09-10,19:00,157,Blusa Social,Blusa,Rosa,GG,3,325.37,146.42,829.69,Cartão de Crédito,Física,176.0,9
7322,17/09/26,16:15,173,Jaqueta Casual,Jaqueta,Cinza,GG,2,328.02,32.8,623.24,Cartão de Débito,Online,153.0,14
7323,2026-04-17,20:30,6,Acessório X,Acessório,Azul,GG,4,334.07,200.44,1135.84,Dinheiro,Online,246.0,18
7324,2026-08-24, 16:30 ,64,Camiseta Básica,Camiseta,Rosa,M,1,108.86,5.44,103.42,PIX,Online,1.0,20
7325,2026-04-01,16:30,118,Camiseta Esporte,Camiseta,Azul,M,3,214.08,0.0,642.24,PIX,Física,161.0,1
7326,2026-04-19,18:45,100,Vestido Casual,Vestido,Preta,M,1,76.04,0.0,76.04,Cartão de Débito,Física,73.0,9
7327,2026-05-21,13:15,92,Calça Casual,Calça,Rosa,G,2,164.58,49.37,279.79,Cartão de Crédito,Física,131.0,6
7328,2026-04-10,16:30,11,Calça Básica,Calça,Vermelha,G,2,297.24,0.0,594.48,Crediário,Online,333.0,6
7329,2026-09-13,19:30,91,Camiseta Casual,Camiseta,Branca,P,1,29.36,1.47,27.89,Cartão de Crédito,Física,91.0,9
7330,2026-08-20,13:00,88,Camiseta Básica,Camiseta,Branca,GG,3,270.48,0.0,811.44,PIX,Física,477.0,23
7331,2026-07-04,14:15,93,Blusa Social,Blusa,Vermelha,GG,4,327.13,0.0,1308.52,Dinheiro,Física,448.0,19
7332,2026-07-22,11:45,113,Blusa Social,Blusa,Rosa,P,2,270.36,0.0,540.72,Cartão de Débito,Online,117.0,6
7333,2026-04-28,17:30,2,Camiseta Básica,Camiseta,Cinza,P,1,57.67,8.65,49.02,Cartão de Crédito,Física,195.0,16
7334,2026-07-11,09:45,175,Calça Social,Calça,Rosa,P,1,90.45,0.0,90.45,Cartão de Crédito,Online,144.0,25
7335,2026-08-08,13:00,19,Blusa Casual,Blusa,Preta,M,2,212.08,21.21,402.95,Cartão de Débito,Física,431.0,25
7336,2026-03-15,14:15,48,Camiseta Esporte,Camiseta,Preta,G,4,170.37,34.07,647.41,Cartão de Débito,Física,313.0,5
7337,2026-03-08,15:00,122,Bermuda Casual,Bermuda,Rosa,GG,2,286.85,0.0,573.7,Cartão de Débito,Online,250.0,18
7338,2026-06-07,19:45,46,Acessório X,Acessório,Cinza,M,4,184.96,0.0,739.84,Dinheiro,Online,199.0,16
7339,2026-04-23,12:45,110,Bermuda Esporte,Bermuda,Branca,GG,2,116.53,34.96,198.1,Dinheiro,Online,,9
7340,2026-09-23,11:15,156,Jaqueta Básica,Jaqueta,Branca,G,2,292.56,87.77,497.35,Dinheiro,Física,215.0,12
7341,2026-07-08,21:15,124,Jaqueta Slim,Jaqueta,Verde,G,2,210.25,0.0,420.5,Crediário,Física,297.0,24
7342,2026-07-28,11:15,12,Bermuda Esporte,Bermuda,Cinza,M,3,327.44,98.23,884.09,PIX,Física,192.0,4
7343,2026-05-05,20:00,168,Vestido Casual,Vestido,Azul,M,1,255.66,483.8267526293105,255.66,Cartão de Débito,Online,173.0,19
7344,2026-07-18,11:30,125,Vestido Esporte,Vestido,Vermelha,P,3,67.79,30.51,172.86,Dinheiro,Física,543.0,18
7345,2026-06-23,16:45,3,Camiseta Social,Camiseta,Branca,GG,1,48.72,0.0,48.72,Cartão de Crédito,Online,230.0,25
7346,2026-06-03,10:45,40,Bermuda Esporte,Bermuda,Azul,G,2,78.7,0.0,157.4,Cartão de Débito,Online,26.0,14
7347,2026-03-12,18:15,136,Blusa Social,Blusa,Azul,P,4,114.45,0.0,457.8,Cartão de Débito,Física,546.0,15
7348,2026-06-07,16:30,57,Jaqueta Básica,Jaqueta,Verde,GG,3,111.2,16.68,316.92,Cartão de Crédito,Online,196.0,1
7349,2026-04-05,16:00,124,Jaqueta Slim,Jaqueta,Verde,G,4,210.25,0.0,841.0,PIX,Online,494.0,20
7350,2026-04-17,18:45,54,Calça Esporte,Calça,Verde,P,2,77.13,7.71,146.55,Cartão de Crédito,Física,1.0,24
7351,2026-04-11,14:30,106,Vestido Premium,Vestido,Cinza,G,2,201.43,20.14,382.72,Dinheiro,Física,554.0,4
7352,2026-07-18,16:00,8,Blusa Social,Blusa,Preta,M,0,290.68,58.14,1104.58,PIX,Online,11.0,16
7353,2026-06-21,20:00,169,Vestido Esporte,Vestido,Rosa,M,2,120.16,0.0,240.32,Cartão de Débito,Física,208.0,13
7354,2026-04-21,16:00,80,Jaqueta Casual,Jaqueta,Cinza,P,3,258.13,0.0,774.39,PIX,Física,42.0,4
7355,2026-07-03,15:15,6,Acessório X,Acessório,Azul,GG,2,334.07,33.41,"R$ 634,73",Cartão de Débito,Online,579.0,13
7356,2026-03-21,10:00,65,Jaqueta Social,Jaqueta,Cinza,GG,3,77.68,23.3,209.74,Cartão de Crédito,Online,302.0,10
7357,2026-07-13,14:00,153,Vestido Básica,Vestido,Preta,G,1,129.37,12.94,116.43,PIX,Online,527.0,19
7358,2026-05-23,11:30,68,Jaqueta Premium,Jaqueta,Vermelha,G,3,65.29,29.38,166.49,Cartão de Débito,Online,189.0,3
7359,2026-03-19,13:45,84,Jaqueta Básica,Jaqueta,Verde,P,1,313.9,47.08,266.82,Crediário,Online,216.0,4
7360,2026-04-11,20:30,56,Bermuda Casual,Bermuda,Verde,P,2,269.73,0.0,539.46,Crediário,Física,172.0,5
7361,2026-06-12,14:15,108,Bermuda Social,Bermuda,Vermelha,P,4,179.79,35.96,683.2,Cartão de Débito,Física,137.0,1
7362,2026-06-01,13:15,17,Acessório Casual,Acessório,Rosa,P,4,277.21,166.33,942.51,Crediário,Física,371.0,9
7363,2026-09-09,12:30,157,Blusa Social,Blusa,Rosa,GG,3,325.37,48.81,"R$ 927,30",Cartão de Crédito,Online,,4
7364,2026-06-14,13:30,160,Calça X,Calça,Verde,P,2,137.04,0.0,274.08,Cartão de Crédito,Física,396.0,22
7365,2026-05-14,15:00,152,Acessório Básica,Acessório,Verde,GG,4,238.11,95.24,857.2,pix,Física,12041.0,16
7366,2026-03-07,09:30,98,Vestido Social,Vestido,Branca,G,1,290.16,43.52,246.64,Cartão de Débito,Online,587.0,18
7367,2026-09-25,18:00,47,Vestido Premium,Vestido,Cinza,G,1,115.65,5.78,109.87,Cartão de Débito,Online,36.0,1
7368,2026-06-08,13:30,156,Jaqueta Básica,Jaqueta,Branca,G,4,292.56,58.51,"1.111,73",Crediário,Física,75.0,24
7369,2026-05-12,10:45,175,Calça Social,Calça,Rosa,P,1,90.45,0.0,90.45,Cartão de Crédito,Online,494.0,6
7370,2026-08-07,13:30,139,Acessório Slim,Acessório,Branca,P,4,227.76,91.1,819.94,PIX,Online,71.0,9
7371,2026-08-05,16:45,150,Blusa Esporte,Blusa,Vermelha,M,2,241.11,24.11,458.11,pix,Física,228.0,8
7372,2026-07-27,17:15,56238,Camiseta Social,Camiseta,Rosa,G,3,281.43,0.0,844.29,Cartão de Débito,Online,159.0,9
7373,2026-07-17,11:00,85,Blusa Casual,Blusa,Vermelha,G,2,273.43,0.0,546.86,Cartão de Crédito,Online,46.0,16
7374,2026-09-12,18:45,145,Bermuda Esporte,Bermuda,Cinza,G,3,144.91,65.21,369.52,Dinheiro,Online,106.0,3
7375,2026-08-14,17:00,111,Acessório Esporte,Acessório,Rosa,M,2,333.04,66.61,599.47,PIX,Física,17.0,6
7376,2026-06-25,14:30,55,Vestido Premium,Vestido,Verde,P,1,95.27,0.0,95.27,PIX,Online,299.0,9
7377,2026-05-06,19:00,98,Vestido Social,Vestido,Branca,G,3,290.16,130.57,739.91,PIX,Online,406.0,15
7378,2026-06-27,20:15,47,Vestido Premium,Vestido,Cinza,G,3,115.65,0.0,346.95,Cartão de Débito,Online,241.0,7
7379,2026-05-22,10:00,52,Vestido Casual,Vestido,Rosa,GG,2,235.08,47.02,423.14,PIX,Física,389.0,8
7380,2026-09-11,10:45,66,Bermuda X,Bermuda,Branca,G,4,98.66,0.0,394.64,PIX,Física,129.0,3
7381,2026-09-02,15:15  ,17,Acessório Casual,Acessório,Rosa,P,2,277.21,83.16,471.26,Cartão de Débito,Física,52.0,18
7382,24/09/26, 17:30,83,Camiseta Básica,Camiseta,Rosa,M,1,221.65,22.17,199.48,Cartão de Crédito,Física,458.0,8
7383,2026-03-12,09:15,62,Camiseta Básica,Camiseta,Azul,GG,3,140.6,21.09,400.71,Cartão de Débito,Física,544.0,1
7384,2026-03-12,20:45,36,Vestido Social,Vestido,Azul,P,4,348.35,209.01,1184.39,Dinheiro,Online,253.0,23
7385,2026-09-03,11:15,26,Bermuda Slim,Bermuda,Branca,P,1,207.97,0.0,207.97,PIX,Online,463.0,4
7386,2026-08-31,16:30,154,Acessório Esporte,Acessório,Azul,M,1,140.03,21.0,119.03,PIX,Online,280.0,11
7387,2026-05-30,21:00,178,Calça Básica,Calça,Azul,GG,1,144.41,21.66,122.75,Cartão de Crédito,Online,27.0,16
7388,2026-06-24,13:00,63,Calça Premium,Calça,Vermelha,G,1,277.67,0.0,277.67,Cartão de Crédito,Online,12.0,19
7389,2026-06-30,21:15,175,Calça Social,Calça,Rosa,P,1,90.45,0.0,90.45,Dinheiro,Online,556.0,2
7390,2026-08-05,21:45,81,Calça Social,Calça,Cinza,P,1,125.82,0.0,"R$ 125,82",Crediário,Física,469.0,15
7391,2026-08-10,18:30,10,Jaqueta Casual,Jaqueta,Cinza,GG,3,338.29,50.74,964.13,Cartão de Débito,Física,204.0,17
7392,2026-05-25,14:15,150,Blusa Esporte,Blusa,Vermelha,M,4,241.11,96.44,868.0,Cartão de Crédito,Online,531.0,22
7393,2026-06-11,15:30,150,Blusa Esporte,Blusa,Vermelha,M,2,241.11,0.0,482.22,Cartão de Débito,Física,342.0,5
7394,2026-05-15,11:30,79,Camiseta X,Camiseta,Cinza,G,3,76.54,11.48,218.14,Cartão de Crédito,Online,44.0,9
7395,2026-04-19,19:30,143,Acessório Premium,Acessório,Rosa,M,3,297.19,0.0,891.57,cartão de crédito,Física,469.0,11
7396,2026-04-11,21:00,55,Vestido Premium,Vestido,Verde,P,4,95.27,0.0,381.08,Cartão de Crédito,Online,236.0,16
7397,2026-08-29,18:00,32,Bermuda Premium,Bermuda,Azul,GG,1,298.98,44.85,254.13,Cartão de Crédito,Física,559.0,6
7398,2026-09-24,15:30,61,Acessório Básica,Acessório,Rosa,M,4,281.06,0.0,1124.24,Cartão de Crédito,Online,,19
7399,2026-05-31,19:45,6,Acessório X,Acessório,Azul,GG,4,334.07,0.0,1336.28,Dinheiro,Online,60.0,2
7400,2026-07-07,21:00,147,Bermuda Básica,Bermuda,Branca,P,1,44.8,0.0,44.8,Dinheiro,Física,565.0,18
7401,2026-03-16,10:30,69,Camiseta Social,Camiseta,Branca,M,2,96.99,0.0,193.98,Cartão de Débito,Online,85.0,16
7402,2026-09-16,16:30,66,Bermuda X,Bermuda,Branca,G,3,98.66,0.0,295.98,Cartão de Crédito,Online,425.0,6
7403,2026-08-16, 19:30 ,4,Jaqueta Básica,Jaqueta,Vermelha,M,4,148.57,59.43,534.85,Crediário,Física,540.0,3
7404,2026-04-22,15:15,17,Acessório Casual,Acessório,Rosa,P,3,277.21,41.58,790.05,Dinheiro,Física,489.0,20
7405,2026-09-18,13:15,42,Bermuda Casual,Bermuda,Branca,P,4,336.75,134.7,1212.3,PIX,Física,202.0,8
7406,2026-06-09,12:00,142,Acessório Básica,Acessório,Cinza,G,1,333.62,50.04,283.58,PIX,Online,44.0,22
7407,2026-04-18,11:00,6,Acessório X,Acessório,Azul,GG,2,334.07,66.81,601.33,Cartão de Crédito,Física,333.0,19
7408,2026-05-14,21:45,37,Bermuda Básica,Bermuda,Branca,M,3,197.74,0.0,593.22,Dinheiro,Física,131.0,6
7409,2026-09-24,18:00,146,Acessório Esporte,Acessório,Vermelha,P,1,103.95,0.0,103.95,PIX,Online,327.0,2
7410,2026-08-03,20:15,60,Acessório Esporte,Acessório,Azul,G,2,112.08,0.0,224.16,PIX,Online,336.0,4
7411,2026-05-06,13:00,96,Bermuda Casual,Bermuda,Branca,M,4,123.65,24.73,469.87,Cartão de Débito,Online,399.0,18
7412,2026-06-14,19:00,17,Acessório Casual,Acessório,Rosa,P,1,277.21,13.86,263.35,Cartão de Débito,Online,541.0,8
7413,2026-08-18,13:00  ,163,Jaqueta Básica,Jaqueta,Branca,M,1,212.45,0.0,212.45,Cartão de Débito,Física,20.0,19
7414,2026-05-06,20:30,146,Acessório Esporte,Acessório,Vermelha,P,1,103.95,15.59,88.36,Cartão de Crédito,Física,76.0,8
7415,2026-08-19,16:30,53,Camiseta Básica,Camiseta,Branca,P,4,204.54,40.91,777.25,Cartão de Débito,Online,4.0,9
7416,2026-04-10,19:30,1,Acessório Premium,Acessório,Verde,G,4,129.26,0.0,517.04,Dinheiro,Online,413.0,10
7417,2026-06-19,12:45,108,Bermuda Social,Bermuda,Vermelha,P,1,179.79,8.99,170.8,Cartão de Crédito,Online,544.0,17
7418,2026-07-30,14:15,38,Calça X,Calça,Azul,G,2,234.51,23.45,445.57,Dinheiro,Online,125.0,5
7419,2026-07-29,17:00,155,Bermuda X,Bermuda,Preta,M,2,134.96,0.0,269.92,CARTÃO DE CRÉDITO,Física,99.0,12
7420,2026-07-25,16:30,114,Jaqueta Esporte,Jaqueta,Verde,P,4,60.77,0.0,243.08,Dinheiro,Online,412.0,4
7421,2026-03-20,20:00,165,Blusa Casual,Blusa,Rosa,GG,4,156.99,62.8,565.16,Dinheiro,Online,32.0,23
7422,2026-03-18,09:45,71,Camiseta Esporte,Camiseta,Cinza,GG,1,252.73,37.91,214.82,Cartão de Crédito,Física,296.0,25
7423,2026-05-10,15:30,129,Vestido X,Vestido,Branca,GG,3,295.38,0.0,886.14,Dinheiro,Online,371.0,12
7424,2026-05-22,12:45,146,Acessório Esporte,Acessório,Vermelha,P,2,103.95,20.79,187.11,Dinheiro,Física,104.0,21
7425,2026-09-19,16:30,48,Camiseta Esporte,Camiseta,Preta,G,1,170.37,25.56,144.81,Cartão de Débito,Física,354.0,14
7426,2026-03-07,16:30,131,Vestido Básica,Vestido,Vermelha,M,2,38.91,7.78,70.04,Cartão de Débito,Online,524.0,1
7427,2026-04-08,20:30,99,Vestido Social,Vestido,Rosa,P,2,135.91,40.77,231.05,Cartão de Crédito,Física,447.0,19
7428,2026-04-17,15:45,97,Camiseta Slim,Camiseta,Azul,M,1,174.51,17.45,157.06,PIX,Física,275.0,13
7429,2026-04-12,16:45,60,Acessório Esporte,Acessório,Azul,G,3,112.08,0.0,336.24,PIX,Física,73.0,21
7430,2026-09-06,20:15,170,Blusa Premium,Blusa,Azul,G,3,154.9,46.47,418.23,Cartão de Débito,Física,323.0,12
7431,2026-08-29,14:30,127,Vestido Social,Vestido,Rosa,G,1,72.5,0.0,72.5,Dinheiro,Física,,9
7432,2026-07-16,19:15,167,Acessório Casual,Acessório,Preta,P,4,326.38,0.0,1305.52,Cartão de Débito,Física,341.0,25
7433,2026-07-02,12:45,15,Blusa Social,Blusa,Azul,M,4,303.57,182.14,"R$ 1.032,14",Cartão de Débito,Física,187.0,12
7434,2026-03-04,12:45,2,Camiseta Básica,Camiseta,Cinza,P,2,57.67,17.3,98.04,Cartão de Débito,Física,511.0,22
7435,22-08-2026,21:00,119,Vestido Básica,Vestido,Azul,P,3,51.47,0.0,"R$ 154,41",Cartão de Débito,Online,562.0,5
7436,2026-06-16,21:15,119,Vestido Básica,Vestido,Azul,P,3,51.47,7.72,146.69,PIX,Física,269.0,18
7437,2026-06-24,10:00,145,Bermuda Esporte,Bermuda,Cinza,G,4,144.91,57.96,521.68,Cartão de Crédito,Física,,25
7438,2026-05-15,21:45,154,Acessório Esporte,Acessório,Azul,M,3,140.03,0.0,420.09,PIX,Física,95.0,2
7439,2026-08-30,20:00,123,Blusa Esporte,Blusa,Rosa,P,2,261.56,26.16,496.96,Cartão de Débito,Física,301.0,11
7440,2026-04-15,17:00,117,Vestido Casual,Vestido,Azul,P,1,314.94,31.49,283.45,Cartão de Débito,Online,2.0,7
7441,2026-03-24,12:45,155,Bermuda X,Bermuda,Preta,M,4,134.96,53.98,485.86,Crediário,Física,401.0,8
7442,2026-08-17,14:15,40,Bermuda Esporte,Bermuda,Azul,G,3,78.7,0.0,236.1,Cartão de Débito,Física,,21
7443,2026-04-07,11:45,164,Blusa X,Blusa,Cinza,G,3,193.36,87.01,493.07,Dinheiro,Física,559.0,23
7444,2026-07-12,19:15,81,Calça Social,Calça,Cinza,P,4,125.82,0.0,503.28,Crediário,Online,126.0,6
7445,2026-09-22,12:00,76,Bermuda Premium,Bermuda,Vermelha,M,4,45.34,0.0,181.36,Crediário,Online,275.0,19
7446,2026-05-23,12:15,1,Acessório Premium,Acessório,Verde,G,4,129.26,51.7,465.34,Cartão de Crédito,Online,143.0,16
7447,2026-09-15,15:30,113,Blusa Social,Blusa,Rosa,P,4,270.36,0.0,"R$ 1.081,44",PIX,Física,22.0,14
7448,2026-06-25,19:15,90,Blusa Premium,Blusa,Branca,G,4,177.57,71.03,639.25,Cartão de Crédito,Online,224.0,21
7449,2026-09-21,12:15,101,Vestido Social,Vestido,Vermelha,GG,1,158.47,15.85,142.62,PIX,Online,10.0,16
7450,2026-06-25,15:45,49,Calça Básica,Calça,Verde,GG,2,193.27,0.0,386.54,Cartão de Crédito,Online,438.0,5
7451,2026-08-12,15:30,47,Vestido Premium,Vestido,Cinza,G,3,115.65,0.0,346.95,Dinheiro,Online,274.0,12
7452,2026-03-13,09:00,84,Jaqueta Básica,Jaqueta,Verde,P,3,313.9,0.0,941.7,Cartão de Débito,Online,280.0,8
7453,2026-07-03,10:45,176,Camiseta Premium,Camiseta,Vermelha,GG,4,225.97,0.0,903.88,Dinheiro,Física,60.0,4
7454,05/09/2026,17:45,176,Camiseta Premium,Camiseta,Vermelha,GG,2,225.97,0.0,451.94,Cartão de Crédito,Física,67.0,23
7455,2026-06-09,14:15,159,Acessório Slim,Acessório,Azul,G,2,201.01,20.1,381.92,Cartão de Crédito,Física,392.0,13
7456,2026-06-16,21:00,24,Blusa X,Blusa,Cinza,GG,3,80.81,36.36,206.07,Cartão de Crédito,Física,254.0,8
7457,2026-07-09,12:30,95665,Calça Casual,Calça,Rosa,G,2,164.58,0.0,329.16,PIX,Online,472.0,20
7458,2026-09-22,21:15,170,Blusa Premium,Blusa,Azul,G,1,154.9,15.49,139.41,Cartão de Débito,Online,527.0,2
7459,2026-06-14,15:45,81,Calça Social,Calça,Cinza,P,3,125.82,0.0,377.46,PIX,Online,495.0,24
7460,2026-07-18,14:30,54,Calça Esporte,Calça,Verde,P,3,77.13,0.0,231.39,dinheiro,Online,507.0,25
7461,2026-07-30,17:45,83,Camiseta Básica,Camiseta,Rosa,M,1,221.65,0.0,221.65,Cartão de Débito,Online,464.0,3
7462,2026-05-09,12:30,1,Acessório Premium,Acessório,Verde,G,2,129.26,25.85,232.67,Cartão de Crédito,Física,405.0,7
7463,2026-08-30,18:00,50,Blusa Esporte,Blusa,Vermelha,GG,3,189.51,0.0,568.53,Cartão de Débito,Online,435.0,13
7464,2026-09-05,12:00,180,Acessório X,Acessório,Cinza,G,1,73.69,0.0,73.69,Crediário,Online,391.0,9
7465,2026-07-18,11:00,126,Vestido Slim,Vestido,Vermelha,M,4,262.43,157.46,892.26,cartão de débito,Física,29.0,4
7466,2026-08-16,10:30,31,Vestido Slim,Vestido,Azul,P,2,35.57,7.11,64.03,Dinheiro,Online,41.0,10
7467,2026-05-07,10:30,139,Acessório Slim,Acessório,Branca,P,1,227.76,0.0,227.76,Dinheiro,Online,317.0,1
7468,2026-06-06,20:00,175,Calça Social,Calça,Rosa,P,3,90.45,40.7,230.65,PIX,Online,16.0,17
7469,2026-05-29,12:15,99,Vestido Social,Vestido,Rosa,P,3,135.91,40.77,366.96,Dinheiro,Online,436.0,6
7470,2026-09-01,16:30,112,Calça Básica,Calça,Azul,M,2,318.38,0.0,636.76,Cartão de Débito,Online,379.0,18
7471,2026-03-22,19:30,98,Vestido Social,Vestido,Branca,G,1,290.16,0.0,290.16,Cartão de Débito,Online,115.0,22
7472,2026-05-18,20:15,116,Blusa Casual,Blusa,Azul,G,1,332.71,0.0,332.71,PIX,Física,434.0,14
7473,2026-08-17,18:30,72,Blusa Premium,Blusa,Verde,GG,1,252.12,25.21,226.91,PIX,Online,366.0,15
7474,2026-03-11,15:00,106,Vestido Premium,Vestido,Cinza,G,3,201.43,0.0,604.29,Cartão de Crédito,Online,535.0,5
7475,2026-06-12,13:30,172,Camiseta Social,Camiseta,Rosa,G,3,281.43,0.0,844.29,PIX,Física,571.0,13
7476,2026-03-02,09:00,111,Acessório Esporte,Acessório,Rosa,M,2,333.04,99.91,566.17,PIX,Física,261.0,15
7477,2026-04-24,16:30,24,Blusa X,Blusa,Cinza,GG,3,80.81,0.0,242.43,Cartão de Crédito,Online,139.0,23
7478,2026-07-20,13:15,125,Vestido Esporte,Vestido,Vermelha,P,1,67.79,6.78,61.01,pix,Física,258.0,2
7479,2026-05-31,17:30,170,Blusa Premium,Blusa,Azul,G,4,154.9,92.94,526.66,PIX,Online,238.0,13
7480,2026-06-18,09:30,159,Acessório Slim,Acessório,Azul,G,1,201.01,0.0,201.01,PIX,Física,504.0,7
7481,2026-05-30,21:30,153,Vestido Básica,Vestido,Preta,G,3,129.37,0.0,388.11,PIX,Física,542.0,2
7482,2026-06-04,10:15,26,Bermuda Slim,Bermuda,Branca,P,3,207.97,0.0,623.91,Cartão de Crédito,Online,517.0,3
7483,2026-08-24,13:00,9,Jaqueta Social,Jaqueta,Rosa,G,1,97.54,14.63,82.91,cartao credito,Física,525.0,5
7484,2026-03-10,19:30,20,Calça X,Calça,Vermelha,P,1,211.81,31.77,180.04,PIX,Física,333.0,11
7485,2026-05-24,10:45,78,Blusa Casual,Blusa,Cinza,M,1,332.45,0.0,"R$ 332,45",Cartão de Crédito,Online,,3
7486,2026-03-28,17:00,92,Calça Casual,Calça,Rosa,G,2,164.58,49.37,279.79,Cartão de Crédito,Física,323.0,20
7487,2026-08-01,16:15,37,Bermuda Básica,Bermuda,Branca,M,1,197.74,0.0,197.74,Cartão de Débito,Física,196.0,20
7488,2026-07-14,20:45,167,Acessório Casual,Acessório,Preta,P,3,326.38,146.87,832.27,Cartão de Débito,Física,178.0,1
7489,2026-06-14,20:45,98,Vestido Social,Vestido,Branca,G,2,290.16,87.05,493.27,PIX,Online,281.0,8
7490,2026-07-12,19:00,32,Bermuda Premium,Bermuda,Azul,GG,4,298.98,119.59,"R$ 1.076,33",Dinheiro,Online,138.0,10
7491,2026-07-08,13:00,24,Blusa X,Blusa,Cinza,GG,1,80.81,0.0,80.81,CARTÃO DE CRÉDITO,Física,503.0,5
7492,2026-03-15,10:15,91,Camiseta Casual,Camiseta,Branca,P,2,29.36,0.0,58.72,Crediário,Física,242.0,11
7493,2026-04-03,11:15,89,Acessório Slim,Acessório,Preta,P,2,283.36,0.0,566.72,Cartão de Crédito,Física,493.0,20
7494,2026-03-07,15:00,88,Camiseta Básica,Camiseta,Branca,GG,2,270.48,0.0,540.96,Cartão de Crédito,Online,462.0,23
7495,2026-04-01,19:45,87,Camiseta Casual,Camiseta,Rosa,G,3,25.88,0.0,77.64,Cartão de Crédito,Online,48.0,13
7496,2026-05-12,10:15,112,Calça Básica,Calça,Azul,M,4,318.38,127.35,1146.17,Cartão de Crédito,Online,386.0,4
7497,2026-04-19,11:45,111,Acessório Esporte,Acessório,Rosa,M,1,333.04,0.0,"R$ 333,04",PIX,Física,50.0,18
7498,2026-04-07,13:30,13,Calça X,Calça,Verde,M,3,118.99,0.0,356.97,Crediário,Física,33.0,21
7499,04-06-2026,09:30,108,Bermuda Social,Bermuda,Vermelha,P,2,179.79,0.0,359.58,PIX,Online,146.0,19
7500,2026-03-31,18:15,25,Blusa Social,Blusa,Rosa,M,3,285.55,42.83,813.82,Cartão de Crédito,Online,399.0,18
7501,2026-03-06,14:30,29,Blusa Esporte,Blusa,Branca,M,3,318.44,1717.5035959818927,907.55,PIX,Física,444.0,10
7502,2026-06-09,18:00,120,Vestido Premium,Vestido,Rosa,GG,1,304.25,0.0,304.25,Cartão de Crédito,Física,172.0,19
7503,2026-04-25,20:00,22,Vestido Social,Vestido,Rosa,G,1,289.54,0.0,289.54,Cartão de Crédito,Online,174.0,14
7504,2026-07-23,12:00,147,Bermuda Básica,Bermuda,Branca,P,4,44.8,8.96,170.24,Cartão De Débito,Física,329.0,22
7505,2026-06-06,09:45,116,Blusa Casual,Blusa,Azul,G,2,332.71,0.0,665.42,Cartão de Débito,Física,212.0,13
7506,2026-06-22,16:45,89,Acessório Slim,Acessório,Preta,P,4,283.36,113.34,1020.1,PIX,Física,236.0,22
7507,2026-09-16,13:15,130,Blusa Esporte,Blusa,Verde,GG,3,154.8,69.66,394.74,Crediário,Online,297.0,19
7508,2026-04-06,21:00,147,Bermuda Básica,Bermuda,Branca,P,1,44.8,0.0,44.8,Cartão de Crédito,Física,95.0,20
7509,2026-06-05,14:00,113,Blusa Social,Blusa,Rosa,P,1,270.36,0.0,270.36,Dinheiro,Online,270.0,1
7510,2026-05-29,20:15,24,Blusa X,Blusa,Cinza,GG,1,80.81,12.12,68.69,Cartão de Crédito,Física,247.0,16
7511,2026-05-26,19:00,121,Vestido Casual,Vestido,Verde,G,1,101.83,15.27,86.56,Dinheiro,Física,122.0,11
7512,2026-06-06,09:00,43,Vestido Básica,Vestido,Rosa,G,3,212.4,0.0,637.2,Cartão de Crédito,Física,34.0,18
7513,2026-07-06,18:30,37,Bermuda Básica,Bermuda,Branca,M,2,197.74,39.55,355.93,Cartão de Crédito,Física,326.0,17
7514,2026-04-07,21:30,103,Jaqueta Social,Jaqueta,Verde,G,2,239.05,0.0,478.1,Crediário,Online,218.0,11
7515,2026-07-11,12:30,78,Blusa Casual,Blusa,Cinza,M,3,332.45,99.74,897.61,Cartão de Débito,Online,113.0,3
7516,2026-07-15,19:00,135,Camiseta Slim,Camiseta,Preta,GG,3,333.31,0.0,999.93,Dinheiro,Online,512.0,13
7517,2026-06-30, 16:15,92,Calça Casual,Calça,Rosa,G,3,164.58,49.37,444.37,Cartão de Débito,Online,455.0,4
7518,2026-03-13,10:45,180,Acessório X,Acessório,Cinza,G,3,73.69,22.11,198.96,Cartão de Débito,Física,461.0,8
7519,2026-07-20,13:00,20,Calça X,Calça,Vermelha,P,4,211.81,84.72,762.52,Cartão de Crédito,Física,30.0,1
7520,2026-08-15,13:15,123,Blusa Esporte,Blusa,Rosa,P,3,261.56,117.7,666.98,Crediário,Online,23.0,5
7521,30/06/26,19:30,18,Vestido Premium,Vestido,Vermelha,P,3,221.89,99.85,565.82,PIX,Online,546.0,14
7522,2026-03-06,10:15,2,Camiseta Básica,Camiseta,Cinza,P,3,57.67,0.0,173.01,PIX,Física,426.0,16
7523,2026-04-07,09:45,45,Blusa Social,Blusa,Cinza,G,2,158.82,31.76,285.88,Cartão de Crédito,Física,,7
7524,2026-09-14,20:30,71,Camiseta Esporte,Camiseta,Cinza,GG,1,252.73,37.91,214.82,Cartão de Crédito,Online,583.0,18
7525,2026-05-27,15:00,55,Vestido Premium,Vestido,Verde,P,4,95.27,57.16,323.92,Crediário,Online,,14
7526,2026-06-26,16:30,50,Blusa Esporte,Blusa,Vermelha,GG,3,189.51,28.43,540.1,Cartão de Débito,Física,88.0,9
7527,2026-06-26,18:15,160,Calça X,Calça,Verde,P,1,137.04,20.56,116.48,Cartão de Crédito,Física,472.0,24
7528,2026-09-15,10:30,19,Blusa Casual,Blusa,Preta,M,2,212.08,0.0,424.16,Cartão de Crédito,Online,190.0,24
7529,2026-04-17,12:45,74,Acessório Social,Acessório,Preta,GG,4,90.99,18.2,345.76,Cartão de Débito,Física,213.0,17
7530,2026-07-11,19:30,106,Vestido Premium,Vestido,Cinza,G,4,201.43,0.0,805.72,PIX,Física,130.0,17
7531,2026-09-12,16:45,3,Camiseta Social,Camiseta,Branca,GG,2,48.72,0.0,97.44,PIX,Física,444.0,19
7532,2026-09-02,17:30,73,Vestido Social,Vestido,Preta,P,3,83.59,37.62,213.15,Cartão de Débito,Física,539.0,15
7533,2026-04-06,11:45,9,Jaqueta Social,Jaqueta,Rosa,G,3,97.54,0.0,292.62,Cartão de Débito,Online,21.0,3
7534,2026-08-15,20:00,57,Jaqueta Básica,Jaqueta,Verde,GG,2,111.2,11.12,211.28,Cartão de Crédito,Online,461.0,11
7535,2026-03-27,09:45,18,Vestido Premium,Vestido,Vermelha,P,3,221.89,66.57,599.1,Cartão de Débito,Física,,24
7536,2026-03-09, 20:15,59,Acessório X,Acessório,Azul,G,3,137.62,41.29,371.57,PIX,Física,521.0,2
7537,2026-08-01,18:30,68,Jaqueta Premium,Jaqueta,Vermelha,G,4,65.29,0.0,261.16,Crediário,Física,,5
7538,2026-04-18,13:45,13,Calça X,Calça,Verde,M,3,118.99,35.7,321.27,Cartão de Débito,Online,593.0,16
7539,2026-03-09,14:00,37,Bermuda Básica,Bermuda,Branca,M,-2,197.74,29.66,563.56,Cartão de Débito,Física,464.0,17
7540,2026-08-11,20:15,30,Blusa Básica,Blusa,Preta,M,4,249.41,149.65,847.99,Dinheiro,Física,263.0,10
7541,2026-09-19,14:45  ,107,Blusa Slim,Blusa,Preta,M,4,264.43,158.66,899.06,Cartão de Crédito,Física,419.0,1
7542,2026-08-30,12:45,17,Acessório Casual,Acessório,Rosa,P,3,277.21,83.16,748.47,Dinheiro,Física,140.0,17
7543,2026-06-19,18:00,71,Camiseta Esporte,Camiseta,Cinza,GG,4,252.73,101.09,909.83,Cartão de Crédito,Online,503.0,4
7544,2026-05-31,10:15,116,Blusa Casual,Blusa,Azul,G,2,332.71,66.54,598.88,Cartão de Crédito,Online,464.0,22
7545,2026-04-13,21:00,171,Acessório X,Acessório,Verde,G,3,85.73,0.0,257.19,Cartão de Débito,Física,383.0,19
7546,2026-05-08,13:30,70,Blusa Slim,Blusa,Verde,GG,1,203.23,0.0,203.23,Cartão de Crédito,Física,447.0,4
7547,2026-05-09,10:15,127,Vestido Social,Vestido,Rosa,G,3,72.5,0.0,217.5,Cartão de Débito,Física,256.0,15
7548,2026-07-07,11:15,74,Acessório Social,Acessório,Preta,GG,4,90.99,18.2,345.76,Crediário,Online,239.0,6
7549,2026-04-14,12:00,65,Jaqueta Social,Jaqueta,Cinza,GG,3,77.68,34.96,198.08,Cartão de Crédito,Física,144.0,19
7550,2026-09-12,20:45,59,Acessório X,Acessório,Azul,G,3,137.62,0.0,412.86,PIX,Online,81.0,4
7551,08-09-2026,18:45,47,Vestido Premium,Vestido,Cinza,G,3,115.65,0.0,346.95,Cartão de Débito,Física,417.0,7
7552,2026-04-07,15:15,88,Camiseta Básica,Camiseta,Branca,GG,2,270.48,0.0,540.96,Cartão de Crédito,Online,164.0,2
7553,2026-07-01,12:30,69,Camiseta Social,Camiseta,Branca,M,4,96.99,58.19,329.77,Cartão de Débito,Física,,11
7554,2026-04-22,21:15,47,Vestido Premium,Vestido,Cinza,G,2,115.65,0.0,231.3,Cartão de Crédito,Online,45.0,21
7555,2026-03-11,19:45,137,Camiseta Esporte,Camiseta,Preta,M,4,149.09,0.0,596.36,Cartão de Débito,Física,97.0,3
7556,2026-03-13,20:30,168,Vestido Casual,Vestido,Azul,M,2,255.66,25.57,"485,75",PIX,Online,130.0,2
7557,2026-05-04, 16:15,84,Jaqueta Básica,Jaqueta,Verde,P,2,313.9,62.78,565.02,PIX,Online,194.0,2
7558,2026-06-05,12:00,128,Bermuda Básica,Bermuda,Preta,GG,4,193.28,115.97,657.15,Cartão de Crédito,Online,254.0,23
7559,2026-05-23,12:30,42,Bermuda Casual,Bermuda,Branca,P,4,336.75,134.7,1212.3,Cartão De Débito,Física,247.0,23
7560,2026-06-18,18:30,29,Blusa Esporte,Blusa,Branca,M,1,318.44,0.0,"R$ 318,44",Dinheiro,Online,,12
7561,2026-09-14,13:30,112,Calça Básica,Calça,Azul,M,3,318.38,0.0,955.14,Pix,Online,54.0,13
7562,2026-06-23,14:30,69,Camiseta Social,Camiseta,Branca,M,2,96.99,0.0,193.98,Cartão de Débito,Física,452.0,6
7563,2026-03-25, 21:00,123,Blusa Esporte,Blusa,Rosa,P,2,261.56,78.47,444.65,Cartão de Crédito,Online,415.0,5
7564,2026-04-03,16:00,148,Acessório Premium,Acessório,Vermelha,GG,3,36.52,16.43,93.13,Dinheiro,Online,497.0,13
7565,10-09-2026,10:30,176,Camiseta Premium,Camiseta,Vermelha,GG,1,225.97,0.0,225.97,Dinheiro,Online,512.0,15
7566,2026-08-07,11:15,1108,Jaqueta Básica,Jaqueta,Vermelha,M,1,148.57,14.86,133.71,Cartão de Débito,Online,301.0,5
7567,2026-08-27,18:00,120,Vestido Premium,Vestido,Rosa,GG,3,304.25,0.0,912.75,Cartão de Crédito,Online,579.0,5
7568,2026-03-26,20:00,45,Blusa Social,Blusa,Cinza,G,3,158.82,0.0,476.46,Cartão de Crédito,Física,241.0,18
7569,2026-08-10,10:30,119,Vestido Básica,Vestido,Azul,P,1,51.47,7.72,43.75,Cartão de Débito,Física,535.0,8
7570,2026-07-04, 20:30 ,45,Blusa Social,Blusa,Cinza,G,3,158.82,0.0,476.46,Dinheiro,Física,204.0,18
7571,2026-06-29,11:45,38,Calça X,Calça,Azul,G,2,234.51,0.0,469.02,Dinheiro,Física,59.0,22
7572,2026-06-18,14:00,163,Jaqueta Básica,Jaqueta,Branca,M,2,212.45,0.0,"424,90",Cartão de Débito,Física,479.0,8
7573,2026-05-10,09:15,96,Bermuda Casual,Bermuda,Branca,M,4,123.65,0.0,494.6,PIX,Online,506.0,16
7574,2026-07-31,18:00,178,Calça Básica,Calça,Azul,GG,1,144.41,7.22,137.19,Cartão de Débito,Física,66.0,12
7575,2026-08-09,15:15,88,Camiseta Básica,Camiseta,Branca,GG,3,270.48,0.0,"811,44",PIX,Física,154.0,6
7576,2026-06-16,11:00,73,Vestido Social,Vestido,Preta,P,3,83.59,12.54,238.23,Dinheiro,Física,364.0,12
7577,2026-06-13,13:30,136,Blusa Social,Blusa,Azul,P,4,114.45,45.78,412.02,Cartão de Débito,Física,411.0,3
7578,2026-05-28,19:45,58,Acessório Básica,Acessório,Cinza,P,1,304.84,0.0,304.84,Cartão de Débito,Física,60.0,7
7579,2026-04-09,12:15,150,Blusa Esporte,Blusa,Vermelha,M,4,241.11,48.22,916.22,cartao credito,Online,,4
7580,2026-06-24,19:30,109,Camiseta Básica,Camiseta,Cinza,P,1,128.12,0.0,128.12,CREDIÁRIO,Física,345.0,17
7581,2026-08-02,16:15,27,Vestido Premium,Vestido,Cinza,G,3,137.14,0.0,411.42,Cartão de Débito,Online,,3
7582,2026-03-27,14:15,26154,Calça X,Calça,Verde,P,3,137.04,61.67,349.45,PIX,Física,182.0,19
7583,2026-04-07,09:00,74,Acessório Social,Acessório,Preta,GG,4,90.99,0.0,363.96,PIX,Online,574.0,12
7584,2026-03-10,19:00,169,Vestido Esporte,Vestido,Rosa,M,1,120.16,12.02,108.14,PIX,Física,258.0,21
7585,2026-08-30,20:30,42,Bermuda Casual,Bermuda,Branca,P,3,336.75,50.51,959.74,Crediário,Física,571.0,4
7586,2026-03-20,15:15,159,Acessório Slim,Acessório,Azul,G,3,201.01,0.0,603.03,Dinheiro,Online,,7
7587,2026-04-16,17:30,47,Vestido Premium,Vestido,Cinza,G,2,115.65,11.57,219.73,Cartão de Crédito,Física,,7
7588,2026-03-08,19:00,147,Bermuda Básica,Bermuda,Branca,P,3,44.8,0.0,"134,40",Cartão de Débito,Física,,16
7589,2026-05-14,20:30,136,Blusa Social,Blusa,Azul,P,3,114.45,34.34,309.01,Dinheiro,Online,160.0,1
7590,2026-08-14,11:00,162,Blusa Premium,Blusa,Branca,M,1,219.23,0.0,219.23,Cartão de Crédito,Física,484.0,9
7591,2026-03-29,20:30,48,Camiseta Esporte,Camiseta,Preta,G,1,170.37,0.0,170.37,Cartão de Crédito,Física,185.0,22
7592,2026-06-11,19:15,13,Calça X,Calça,Verde,M,4,118.99,0.0,475.96,Cartão de Crédito,Online,43.0,10
7593,2026-09-12,19:15,8,Blusa Social,Blusa,Preta,M,4,290.68,58.14,1104.58,PIX,Física,214.0,25
7594,2026-05-05,11:00,124,Jaqueta Slim,Jaqueta,Verde,G,1,210.25,10.51,199.74,pix,Física,250.0,10
7595,2026-05-19,12:00,48,Camiseta Esporte,Camiseta,Preta,G,4,170.37,0.0,681.48,PIX,Física,253.0,11
7596,2026-06-13,13:15,18,Vestido Premium,Vestido,Vermelha,P,4,221.89,88.76,798.8,PIX,Física,403.0,15
7597,2026-04-17,15:30,145,Bermuda Esporte,Bermuda,Cinza,G,1,144.91,0.0,144.91,PIX,Online,99.0,15
7598,2026-09-07,13:15,10,Jaqueta Casual,Jaqueta,Cinza,GG,4,338.29,0.0,1353.16,Cartão de Débito,Online,416.0,19
7599,2026-08-16,11:00,142,Acessório Básica,Acessório,Cinza,G,1,333.62,16.68,316.94,Cartão de Crédito,Online,293.0,17
7600,2026-06-05,19:15,69,Camiseta Social,Camiseta,Branca,M,4,96.99,58.19,329.77,PIX,Online,534.0,15
7601,2026-08-05,14:45,179,Vestido Básica,Vestido,Azul,G,4,31.43,6.29,119.43,Cartão de Crédito,Física,450.0,5
7602,2026-07-31,19:30,51,Jaqueta Slim,Jaqueta,Verde,M,1,118.56,11.86,"106,70",Cartão de Débito,Online,229.0,23
7603,2026-07-11,16:30,118,Camiseta Esporte,Camiseta,Azul,M,2,214.08,64.22,363.94,Cartão de Débito,Física,155.0,24
7604,2026-03-17,10:45,52,Vestido Casual,Vestido,Rosa,GG,1,235.08,0.0,235.08,Cartão de Crédito,Física,,15
7605,2026-03-08,14:15,90,Blusa Premium,Blusa,Branca,G,1,177.57,8.88,168.69,PIX,Online,224.0,25
7606,2026-05-10,13:30,72,Blusa Premium,Blusa,Verde,GG,3,252.12,75.64,680.72,Cartão de Crédito,Física,24.0,19
7607,2026-08-28,09:45,21,Jaqueta Casual,Jaqueta,Cinza,G,2,186.68,0.0,373.36,Cartão de Débito,Online,207.0,7
7608,01/05/2026,09:30,46,Acessório X,Acessório,Cinza,M,4,184.96,0.0,739.84,Cartão de Débito,Física,396.0,15
7609,2026-06-30,11:15,15546,Vestido Social,Vestido,Azul,P,1,348.35,0.0,348.35,Cartão de Débito,Física,,9
7610,2026-09-20,11:15,24,Blusa X,Blusa,Cinza,GG,1,80.81,8.08,72.73,Cartão de Débito,Online,289.0,15
7611,2026-06-29,21:00,148,Acessório Premium,Acessório,Vermelha,GG,2,36.52,0.0,73.04,Cartão de Crédito,Online,555.0,17
7612,2026-04-24,19:45,138,Acessório Social,Acessório,Rosa,G,3,125.4,56.43,319.77,PIX,Física,341.0,10
7613,2026-04-17, 15:45,65,Jaqueta Social,Jaqueta,Cinza,GG,-2,77.68,0.0,77.68,PIX,Física,460.0,25
7614,2026-09-08,19:15,58,Acessório Básica,Acessório,Cinza,P,4,304.84,121.94,1097.42,Cartão de Crédito,Online,178.0,2
7615,2026-05-09,09:45,69,Camiseta Social,Camiseta,Branca,M,4,96.99,0.0,387.96,Cartão de Crédito,Online,66.0,19
7616,2026-09-23,14:15,8,Blusa Social,Blusa,Preta,M,3,290.68,87.2,784.84,PIX,Online,,8
7617,2026-03-09,11:45,81,Calça Social,Calça,Cinza,P,4,125.82,50.33,452.95,Cartão de Débito,Online,278.0,18
7618,2026-08-26,10:15,119,Vestido Básica,Vestido,Azul,P,2,51.47,0.0,102.94,PIX,Física,497.0,14
7619,2026-05-16,14:30,41,Jaqueta Casual,Jaqueta,Cinza,GG,2,274.27,0.0,548.54,PIX,Física,146.0,13
7620,2026-05-29,16:45,179,Vestido Básica,Vestido,Azul,G,2,31.43,9.43,53.43,pix,Física,283.0,19
7621,2026-09-17,10:15,133,Calça Social,Calça,Rosa,G,3,39.8,0.0,119.4,Cartão de Débito,Física,389.0,22
7622,2026-09-25,19:45,43,Vestido Básica,Vestido,Rosa,G,3,212.4,31.86,605.34,Cartão de Crédito,Online,405.0,17
7623,2026-04-21,15:15,103,Jaqueta Social,Jaqueta,Verde,G,1,239.05,0.0,239.05,Dinheiro,Online,202.0,13
7624,2026-06-01,12:00,17,Acessório Casual,Acessório,Rosa,P,2,277.21,55.44,498.98,Cartão de Crédito,Online,451.0,6
7625,2026-04-21,11:15,8,Blusa Social,Blusa,Preta,M,1,290.68,43.6,247.08,Cartão de Crédito,Física,557.0,9
7626,2026-04-13,13:00,28,Camiseta Social,Camiseta,Rosa,GG,4,276.72,0.0,1106.88,Cartão de Crédito,Online,,24
7627,2026-03-22,12:30,5,Jaqueta Slim,Jaqueta,Branca,GG,1,87.47,0.0,87.47,Crediário,Física,330.0,20
7628,2026-04-07,19:45,15,Blusa Social,Blusa,Azul,M,2,303.57,30.36,576.78,PIX,Online,447.0,18
7629,2026-07-09,21:15,94,Acessório Casual,Acessório,Verde,M,1,202.82,0.0,202.82,Crediário,Online,375.0,8
7630,2026-07-24, 11:45,78,Blusa Casual,Blusa,Cinza,M,2,332.45,66.49,598.41,Cartão de Crédito,Física,556.0,16
7631,2026-06-08,17:00,153,Vestido Básica,Vestido,Preta,G,3,129.37,0.0,388.11,pix,Online,468.0,25
7632,28-04-2026,14:30,16,Acessório Casual,Acessório,Verde,GG,3,160.59,0.0,481.77,Cartão de Crédito,Física,25.0,19
7633,2026-04-20,13:15,114,Jaqueta Esporte,Jaqueta,Verde,P,4,60.77,24.31,218.77,cartao credito,Online,141.0,20
7634,2026-06-05,14:15,109,Camiseta Básica,Camiseta,Cinza,P,1,128.12,12.81,115.31,Cartão de Crédito,Online,29.0,21
7635,2026-06-23,11:30,144,Calça Social,Calça,Cinza,GG,4,200.29,80.12,"R$ 721,04",Crediário,Física,122.0,25
7636,2026-03-12,14:15,141,Acessório Slim,Acessório,Rosa,G,3,250.39,37.56,713.61,Cartão de Crédito,Online,39.0,4
7637,2026-07-13,16:45,29,Blusa Esporte,Blusa,Branca,M,4,318.44,63.69,1210.07,CARTÃO DE DÉBITO,Física,363.0,21
7638,2026-03-07,14:45,117,Vestido Casual,Vestido,Azul,P,3,314.94,94.48,850.34,CARTÃO DE CRÉDITO,Física,313.0,25
7639,2026-03-05,12:30,25,Blusa Social,Blusa,Rosa,M,3,285.55,0.0,856.65,Cartão de Crédito,Física,557.0,15
7640,2026-08-10,13:15  ,34,Acessório Slim,Acessório,Azul,M,4,220.29,88.12,793.04,Dinheiro,Física,425.0,7
7641,2026-09-22,12:15,78,Blusa Casual,Blusa,Cinza,M,3,332.45,149.6,847.75,Cartão de Débito,Física,150.0,7
7642,2026-08-01,10:30,146,Acessório Esporte,Acessório,Vermelha,P,1,103.95,10.4,93.55,Crediário,Física,,9
7643,2026-08-16, 15:30,72,Blusa Premium,Blusa,Verde,GG,4,252.12,0.0,1008.48,Crediário,Física,21.0,21
7644,2026-03-15,15:45,104,Vestido Slim,Vestido,Verde,P,2,221.73,66.52,376.94,PIX,Física,428.0,8
7645,2026-08-31,12:30,118,Camiseta Esporte,Camiseta,Azul,M,3,214.08,0.0,642.24,Cartão de Débito,Online,315.0,10
7646,2026-05-20,20:00,102,Bermuda X,Bermuda,Azul,G,3,181.84,0.0,545.52,Cartão de Débito,Física,103.0,24
7647,2026-07-23,17:45,117,Vestido Casual,Vestido,Azul,P,1,314.94,0.0,314.94,Dinheiro,Física,304.0,8
7648,2026-09-20,09:30,99,Vestido Social,Vestido,Rosa,P,3,135.91,40.77,"R$ 366,96",Dinheiro,Online,319.0,18
7649,2026-08-15,09:30,47,Vestido Premium,Vestido,Cinza,G,3,115.65,34.7,312.25,Cartão de Débito,Física,41.0,11
7650,2026-03-29,13:30,72484,Camiseta Básica,Camiseta,Cinza,P,2,57.67,0.0,115.34,Crediário,Online,496.0,17
7651,2026-03-18,11:00,57,Jaqueta Básica,Jaqueta,Verde,GG,3,111.2,0.0,333.6,Dinheiro,Online,100.0,25
7652,2026-07-27,12:30,171,Acessório X,Acessório,Verde,G,4,85.73,0.0,342.92,Dinheiro,Online,555.0,10
7653,2026-04-10,14:45,11,Calça Básica,Calça,Vermelha,G,2,297.24,0.0,594.48,PIX,Online,90.0,22
7654,2026-06-13,18:00,104,Vestido Slim,Vestido,Verde,P,1,221.73,33.26,188.47,Dinheiro,Online,342.0,24
7655,2026-07-17,13:30,145,Bermuda Esporte,Bermuda,Cinza,G,3,144.91,0.0,434.73,Cartão de Débito,Online,385.0,1
7656,2026-08-25,10:30,1006,Calça X,Calça,Verde,M,2,118.99,11.9,226.08,cartão de crédito,Física,347.0,9
7657,2026-09-08,12:30,72,Blusa Premium,Blusa,Verde,GG,4,252.12,0.0,1008.48,Cartão de Débito,Online,370.0,6
7658,2026-04-05,13:45,14,Bermuda Social,Bermuda,Branca,P,1,125.8,0.0,125.8,Crediário,Física,2.0,24
7659,2026-03-09,09:15,14,Bermuda Social,Bermuda,Branca,P,3,125.8,18.87,358.53,Cartão De Débito,Online,559.0,25
7660,2026-03-28,19:45,35,Jaqueta Premium,Jaqueta,Preta,P,4,289.59,0.0,1158.36,Cartão de Crédito,Online,544.0,6
7661,2026-06-07,17:30,168,Vestido Casual,Vestido,Azul,M,3,255.66,0.0,766.98,PIX,Online,364.0,9
7662,2026-05-15,17:15,167,Acessório Casual,Acessório,Preta,P,4,326.38,130.55,1174.97,Cartão de Débito,Física,122.0,25
7663,2026-06-27,14:00,172,Camiseta Social,Camiseta,Rosa,G,2,281.43,0.0,562.86,Cartão de Crédito,Online,288.0,20
7664,2026-09-12,19:15,148,Acessório Premium,Acessório,Vermelha,GG,2,36.52,0.0,73.04,Cartão de Débito,Física,496.0,24
7665,2026-04-27,10:45,1,Acessório Premium,Acessório,Verde,G,4,129.26,0.0,517.04,Cartão de Crédito,Física,74.0,10
7666,2026-09-15,13:45,5,Jaqueta Slim,Jaqueta,Branca,GG,2,87.47,0.0,174.94,Cartão de Crédito,Online,218.0,21
7667,2026-04-16,09:30,4,Jaqueta Básica,Jaqueta,Vermelha,M,1,148.57,22.29,126.28,Cartão de Débito,Física,197.0,23
7668,2026-08-19,14:30,56,Bermuda Casual,Bermuda,Verde,P,2,269.73,26.97,512.49,Crediário,Física,344.0,10
7669,2026-07-26,19:00,117,Vestido Casual,Vestido,Azul,P,1,314.94,0.0,"314,94",Cartão de Débito,Física,542.0,10
7670,2026-08-27,13:30,172,Camiseta Social,Camiseta,Rosa,G,2,281.43,0.0,562.86,PIX,Física,116.0,13
7671,2026-07-04,11:00,168,Vestido Casual,Vestido,Azul,M,4,255.66,51.13,971.51,Dinheiro,Online,580.0,10
7672,2026-05-12, 18:15,146,Acessório Esporte,Acessório,Vermelha,P,4,103.95,62.37,353.43,PIX,Online,168.0,18
7673,2026-06-22,19:30,179,Vestido Básica,Vestido,Azul,G,4,31.43,0.0,125.72,Cartão de Crédito,Física,364.0,19
7674,2026-09-01,13:30,146,Acessório Esporte,Acessório,Vermelha,P,2,103.95,0.0,207.9,Cartão de Crédito,Física,513.0,2
7675,2026-06-13,18:00,44,Jaqueta Esporte,Jaqueta,Azul,GG,2,198.07,0.0,396.14,Cartão de Crédito,Online,180.0,18
7676,2026-03-13,09:30,145,Bermuda Esporte,Bermuda,Cinza,G,2,144.91,0.0,289.82,Cartão de Crédito,Física,564.0,18
7677,2026-03-13,12:45,177,Bermuda Básica,Bermuda,Branca,G,2,113.66,0.0,227.32,Cartão de Crédito,Online,,6
7678,2026-07-18,15:15,31,Vestido Slim,Vestido,Azul,P,2,35.57,7.11,64.03,PIX,Física,488.0,15
7679,2026-06-04,18:00,47,Vestido Premium,Vestido,Cinza,G,1,115.65,0.0,115.65,Dinheiro,Online,228.0,2
7680,2026-09-03, 11:45 ,111,Acessório Esporte,Acessório,Rosa,M,4,333.04,0.0,1332.16,Crediário,Física,463.0,3
7681,2026-06-01,11:30,154,Acessório Esporte,Acessório,Azul,M,4,140.03,0.0,560.12,Cartão de Crédito,Física,149.0,4
7682,2026-03-27,10:45,160,Calça X,Calça,Verde,P,3,137.04,20.56,390.56,Cartão de Crédito,Física,196.0,25
7683,2026-08-09,09:45,161,Vestido X,Vestido,Azul,G,4,67.98,0.0,271.92,Cartão de Crédito,Online,165.0,8
7684,2026-08-02,09:45,110,Bermuda Esporte,Bermuda,Branca,GG,3,116.53,17.48,332.11,Crediário,Física,67.0,2
7685,2026-04-23,10:15,22,Vestido Social,Vestido,Rosa,G,2,289.54,0.0,579.08,Cartão de Crédito,Online,272.0,23
7686,2026-04-10,09:15,154,Acessório Esporte,Acessório,Azul,M,2,140.03,0.0,280.06,PIX,Física,3.0,15
7687,2026-07-25,17:00,37,Bermuda Básica,Bermuda,Branca,M,2,197.74,19.77,375.71,Crediário,Online,390.0,22
7688,2026-05-22,12:45,174,Jaqueta Casual,Jaqueta,Preta,GG,3,214.83,0.0,644.49,PIX,Online,151.0,6
7689,2026-03-02,14:00,44,Jaqueta Esporte,Jaqueta,Azul,GG,3,198.07,89.13,505.08,PIX,Online,48.0,15
7690,2026-04-28, 14:30 ,57,Jaqueta Básica,Jaqueta,Verde,GG,1,111.2,0.0,111.2,PIX,Física,74.0,13
7691,2026-09-04,20:45,23,Blusa X,Blusa,Preta,P,4,219.84,0.0,879.36,DINHEIRO,Física,113.0,15
7692,2026-06-15,20:00,67,Bermuda Básica,Bermuda,Cinza,P,3,318.87,95.66,860.95,Cartão de Crédito,Física,40.0,6
7693,2026-05-28,10:15,172,Camiseta Social,Camiseta,Rosa,G,2,281.43,0.0,562.86,Cartão de Crédito,Online,117.0,18
7694,2026-06-04,16:45,95,Bermuda Básica,Bermuda,Verde,P,3,40.47,0.0,121.41,Cartão de Débito,Online,226.0,5
7695,2026-08-21,09:15,130,Blusa Esporte,Blusa,Verde,GG,4,154.8,92.88,526.32,Crediário,Física,443.0,23
7696,2026-05-01,10:00,72,Blusa Premium,Blusa,Verde,GG,4,252.12,50.42,958.06,Cartão de Débito,Física,447.0,16
7697,2026-09-24,11:30,137,Camiseta Esporte,Camiseta,Preta,M,4,149.09,59.64,536.72,Cartão de Crédito,Física,322.0,18
7698,2026-09-18,21:00,177,Bermuda Básica,Bermuda,Branca,G,2,113.66,34.1,193.22,PIX,Física,333.0,23
7699,2026-04-06,10:00,170,Blusa Premium,Blusa,Azul,G,3,154.9,0.0,464.7,Dinheiro,Física,36.0,7
7700,2026-04-13,10:15,161,Vestido X,Vestido,Azul,G,2,67.98,0.0,135.96,Cartão de Crédito,Física,508.0,19
7701,2026-06-18,16:30,3,Camiseta Social,Camiseta,Branca,GG,1,48.72,7.31,41.41,Cartão de Débito,Física,27.0,23
7702,2026-07-02,18:45,137,Camiseta Esporte,Camiseta,Preta,M,4,149.09,89.45,506.91,PIX,Online,555.0,21
7703,2026-09-25,19:45,82,Vestido Slim,Vestido,Vermelha,P,4,342.99,137.2,"R$ 1.234,76",PIX,Online,405.0,20
7704,2026-03-11,11:45,157,Blusa Social,Blusa,Rosa,GG,4,325.37,65.07,1236.41,PIX,Física,204.0,25
7705,2026-04-11,21:45,158,Blusa Social,Blusa,Rosa,M,2,185.68,37.14,334.22,Cartão de Crédito,Online,195.0,12
7706,2026-07-06,19:45,133,Calça Social,Calça,Rosa,G,2,39.8,3.98,75.62,Cartão de Crédito,Online,165.0,3
7707,2026-07-11,18:45,90,Blusa Premium,Blusa,Branca,G,1,177.57,0.0,177.57,Cartão de Débito,Online,507.0,23
7708,2026-06-29,15:30,91,Camiseta Casual,Camiseta,Branca,P,3,29.36,8.81,79.27,PIX,Online,71.0,19
7709,2026-04-22,17:15,137,Camiseta Esporte,Camiseta,Preta,M,3,149.09,44.73,402.54,Cartão de Débito,Online,514.0,12
7710,2026-05-15,11:45,97,Camiseta Slim,Camiseta,Azul,M,2,174.51,0.0,349.02,dinheiro,Física,558.0,5
7711,2026-08-08,10:30,104,Vestido Slim,Vestido,Verde,P,4,221.73,0.0,886.92,Cartão de Débito,Física,389.0,1
7712,2026-05-12,13:30,102,Bermuda X,Bermuda,Azul,G,3,181.84,81.83,463.69,Cartão de Débito,Física,394.0,16
7713,2026-08-06,18:30,13,Calça X,Calça,Verde,M,2,118.99,35.7,202.28,Cartão de Crédito,Física,194.0,10
7714,2026-08-18,12:15,38,Calça X,Calça,Azul,G,1,234.51,23.45,211.06,PIX,Online,50.0,12
7715,2026-05-18,10:30,35257,Vestido Social,Vestido,Rosa,P,1,135.91,20.39,115.52,DINHEIRO,Física,138.0,3
7716,2026-05-20,09:30,55,Vestido Premium,Vestido,Verde,P,1,95.27,4.76,90.51,PIX,Física,64.0,1
7717,2026-09-22, 14:45,46,Acessório X,Acessório,Cinza,M,3,184.96,0.0,554.88,CARTÃO DE CRÉDITO,Física,385.0,6
7718,2026-05-04,09:30,38,Calça X,Calça,Azul,G,1,234.51,0.0,234.51,Cartão De Crédito,Física,63.0,4
7719,2026-05-05,11:30,22,Vestido Social,Vestido,Rosa,G,2,289.54,28.95,550.13,Cartão de Crédito,Online,484.0,19
7720,2026-07-19,14:45,149,Calça Premium,Calça,Vermelha,P,3,296.39,133.38,755.79,Cartão de Crédito,Online,41.0,18
7721,2026-06-26,11:30,93,Blusa Social,Blusa,Vermelha,GG,2,327.13,98.14,556.12,Cartão de Crédito,Online,,16
7722,2026-07-07,14:15,21,Jaqueta Casual,Jaqueta,Cinza,G,3,186.68,0.0,560.04,Cartão de Crédito,Online,259.0,25
7723,2026-04-08,09:00,53,Camiseta Básica,Camiseta,Branca,P,2,204.54,0.0,409.08,Cartão de Débito,Online,501.0,10
7724,2026-08-26,12:15,46,Acessório X,Acessório,Cinza,M,3,184.96,0.0,554.88,Cartão de Débito,Online,590.0,9
7725,2026-07-25,14:15,42,Bermuda Casual,Bermuda,Branca,P,1,336.75,0.0,"R$ 336,75",Cartão de Crédito,Online,156.0,5
7726,2026-04-10,13:15,116,Blusa Casual,Blusa,Azul,G,1,332.71,0.0,332.71,Cartão de Crédito,Online,32.0,12
7727,2026-06-13,18:00,99,Vestido Social,Vestido,Rosa,P,2,135.91,0.0,271.82,Cartão de Débito,Online,19.0,9
7728,2026-04-25,15:45,74,Acessório Social,Acessório,Preta,GG,1,90.99,4.55,86.44,PIX,Online,413.0,13
7729,2026-08-13,12:30,10,Jaqueta Casual,Jaqueta,Cinza,GG,4,338.29,0.0,1353.16,Crediário,Física,88.0,21
7730,2026-06-24,16:15,20,Calça X,Calça,Vermelha,P,3,211.81,63.54,571.89,Cartão de Débito,Online,260.0,20
7731,2026-08-17,13:45,165,Blusa Casual,Blusa,Rosa,GG,2,156.99,0.0,313.98,Cartão de Crédito,Online,268.0,9
7732,2026-08-23,17:30,150,Blusa Esporte,Blusa,Vermelha,M,3,241.11,0.0,723.33,Dinheiro,Online,567.0,22
7733,2026-04-08,18:00,131,Vestido Básica,Vestido,Vermelha,M,4,38.91,0.0,155.64,Cartão de Crédito,Online,3.0,1
7734,2026-03-18,18:15,27,Vestido Premium,Vestido,Cinza,G,2,137.14,0.0,274.28,Cartão de Crédito,Online,65.0,10
7735,2026-09-15,11:30,90,Blusa Premium,Blusa,Branca,G,3,177.57,79.91,452.8,Cartão de Débito,Física,419.0,19
7736,2026-07-06,15:30,86,Bermuda Casual,Bermuda,Branca,P,3,211.18,0.0,633.54,PIX,Online,103.0,3
7737,2026-08-02,16:45  ,60,Acessório Esporte,Acessório,Azul,G,3,112.08,33.62,302.62,Cartão de Crédito,Online,,10
7738,2026-08-30, 13:00,138,Acessório Social,Acessório,Rosa,G,4,125.4,75.24,426.36,Cartão de Crédito,Online,123.0,15
7739,2026-05-02,17:30,179,Vestido Básica,Vestido,Azul,G,3,31.43,0.0,94.29,Crediário,Online,485.0,8
7740,2026-05-16,21:15,171,Acessório X,Acessório,Verde,G,4,85.73,17.15,325.77,PIX,Física,343.0,21
7741,2026-05-06,13:45,35,Jaqueta Premium,Jaqueta,Preta,P,1,289.59,0.0,289.59,Crediário,Online,266.0,16
7742,2026-05-02,12:30,166,Vestido Premium,Vestido,Vermelha,GG,4,194.42,0.0,777.68,Cartão de Débito,Física,539.0,21
7743,2026-03-07,16:30,131,Vestido Básica,Vestido,Vermelha,M,1,38.91,0.0,38.91,Cartão de Débito,Online,470.0,5
7744,2026-06-02,15:15,109,Camiseta Básica,Camiseta,Cinza,P,3,128.12,38.44,345.92,PIX,Online,327.0,22
7745,2026-08-26,17:45,129,Vestido X,Vestido,Branca,GG,1,295.38,44.31,251.07,Crediário,Online,308.0,5
7746,2026-05-02,20:45,27,Vestido Premium,Vestido,Cinza,G,1,137.14,0.0,137.14,PIX,Online,266.0,14
7747,2026-08-08,20:45  ,37,Bermuda Básica,Bermuda,Branca,M,2,197.74,0.0,395.48,Cartão de Crédito,Física,,22
7748,2026-08-09,10:30,29,Blusa Esporte,Blusa,Branca,M,1,318.44,47.77,270.67,Cartão de Crédito,Física,486.0,1
7749,2026-05-27, 11:00 ,30,Blusa Básica,Blusa,Preta,M,1,249.41,12.47,236.94,Cartão de Débito,Física,262.0,15
7750,2026-06-24,11:00,139,Acessório Slim,Acessório,Branca,P,1,227.76,0.0,227.76,Cartão de Débito,Online,551.0,17
7751,2026-09-25,20:00,152,Acessório Básica,Acessório,Verde,GG,4,238.11,0.0,952.44,Cartão de Crédito,Online,423.0,21
7752,2026-09-07,17:15,152,Acessório Básica,Acessório,Verde,GG,2,238.11,23.81,452.41,Cartão de Débito,Online,567.0,21
7753,2026-06-17, 13:15 ,130,Blusa Esporte,Blusa,Verde,GG,2,154.8,0.0,309.6,Dinheiro,Física,53.0,7
7754,2026-03-01,20:45,131,Vestido Básica,Vestido,Vermelha,M,1,38.91,3.89,35.02,Crediário,Online,,1
7755,2026-09-21,09:45,38,Calça X,Calça,Azul,G,3,234.51,105.53,598.0,Cartão de Débito,Física,164.0,13
7756,2026-05-02,09:30,133,Calça Social,Calça,Rosa,G,4,39.8,15.92,143.28,PIX,Física,575.0,4
7757,2026-06-25,14:45,158,Blusa Social,Blusa,Rosa,M,1,185.68,0.0,185.68,Crediário,Online,300.0,20
7758,2026-03-02,13:30,57,Jaqueta Básica,Jaqueta,Verde,GG,2,111.2,0.0,222.4,Crediário,Online,465.0,14
7759,08-07-2026,14:00,53,Camiseta Básica,Camiseta,Branca,P,4,204.54,122.72,695.44,Cartão de Débito,Física,562.0,12
7760,2026-05-28,17:15,67,Bermuda Básica,Bermuda,Cinza,P,1,318.87,15.94,"302,93",Cartão de Débito,Física,11.0,19
7761,2026-04-16,13:30,26,Bermuda Slim,Bermuda,Branca,P,2,207.97,41.59,374.35,Cartão de Débito,Online,364.0,9
7762,2026-06-05,16:00,149,Calça Premium,Calça,Vermelha,P,4,296.39,0.0,1185.56,Cartão de Débito,Online,126.0,9
7763,2026-07-14,14:45,106,Vestido Premium,Vestido,Cinza,G,4,201.43,80.57,725.15,Cartão de Débito,Online,459.0,22
7764,2026-04-04,14:15,109,Camiseta Básica,Camiseta,Cinza,P,3,128.12,0.0,384.36,Dinheiro,Online,423.0,23
7765,2026-09-25,11:30,3,Camiseta Social,Camiseta,Branca,GG,4,48.72,0.0,194.88,Cartão de Crédito,Física,356.0,22
7766,2026-07-09,13:30,99,Vestido Social,Vestido,Rosa,P,2,135.91,40.77,231.05,Cartão de Crédito,Online,560.0,16
7767,2026-05-01,10:30,48,Camiseta Esporte,Camiseta,Preta,G,2,170.37,34.07,306.67,Cartão de Débito,Física,380.0,5
7768,2026-03-13,17:45,76,Bermuda Premium,Bermuda,Vermelha,M,3,45.34,13.6,122.42,Dinheiro,Física,46.0,6
7769,2026-07-27,15:00,33,Blusa X,Blusa,Vermelha,P,2,230.83,0.0,461.66,Cartão de Débito,Online,164.0,22
7770,2026-07-06,18:15,101,Vestido Social,Vestido,Vermelha,GG,1,158.47,0.0,158.47,Cartão de Débito,Online,549.0,8
7771,2026-08-26,19:30,103,Jaqueta Social,Jaqueta,Verde,G,4,239.05,0.0,956.2,PIX,Física,449.0,24
7772,2026-06-23,09:30,133,Calça Social,Calça,Rosa,G,1,39.8,0.0,39.8,Cartão de Débito,Online,182.0,24
7773,2026-05-02,16:00,175,Calça Social,Calça,Rosa,P,2,90.45,9.04,171.86,Cartão de Débito,Online,180.0,23
7774,13/04/26,18:45  ,161,Vestido X,Vestido,Azul,G,2,67.98,0.0,135.96,Cartão de Débito,Física,7.0,2
7775,2026-04-10,18:45,51,Jaqueta Slim,Jaqueta,Verde,M,2,118.56,11.86,225.26,Cartão de Débito,Física,288.0,16
7776,2026-07-09,10:15,98,Vestido Social,Vestido,Branca,G,1,290.16,14.51,275.65,PIX,Online,345.0,18
7777,2026-05-25,17:15,55,Vestido Premium,Vestido,Verde,P,1,95.27,0.0,95.27,PIX,Física,491.0,8
7778,2026-05-22, 16:00,178,Calça Básica,Calça,Azul,GG,4,144.41,0.0,577.64,PIX,Física,179.0,24
7779,2026-03-26,13:15,83,Camiseta Básica,Camiseta,Rosa,M,2,221.65,0.0,443.3,PIX,Física,277.0,5
7780,2026-05-11,21:15,80,Jaqueta Casual,Jaqueta,Cinza,P,2,258.13,51.63,464.63,Cartão de Débito,Física,56.0,25
7781,2026-07-25,17:45,156,Jaqueta Básica,Jaqueta,Branca,G,3,292.56,0.0,877.68,PIX,Online,259.0,17
7782,2026-03-03,10:00,98,Vestido Social,Vestido,Branca,G,4,290.16,0.0,1160.64,Cartão de Débito,Online,528.0,23
7783,2026-05-29,16:45,157,Blusa Social,Blusa,Rosa,GG,3,325.37,146.42,829.69,Pix,Física,21.0,3
7784,2026-04-12,18:45,129,Vestido X,Vestido,Branca,GG,2,295.38,59.08,531.68,Crediário,Física,150.0,8
7785,2026-05-14,21:30,115,Jaqueta Social,Jaqueta,Preta,GG,3,278.18,41.73,792.81,Dinheiro,Física,386.0,6
7786,2026-07-31,11:00,34,Acessório Slim,Acessório,Azul,M,4,220.29,44.06,837.1,Cartão de Débito,Física,532.0,7
7787,2026-09-07,20:30,174,Jaqueta Casual,Jaqueta,Preta,GG,4,214.83,128.9,730.42,Cartão de Crédito,Online,120.0,13
7788,2026-03-25,21:15,33,Blusa X,Blusa,Vermelha,P,1,230.83,11.54,219.29,Crediário,Física,174.0,15
7789,2026-04-05,13:45,53,Camiseta Básica,Camiseta,Branca,P,3,204.54,0.0,613.62,Cartão de Crédito,Física,58.0,22
7790,2026-05-26,09:30,71,Camiseta Esporte,Camiseta,Cinza,GG,2,252.73,0.0,505.46,PIX,Online,398.0,13
7791,2026-03-24,16:30,41,Jaqueta Casual,Jaqueta,Cinza,GG,2,274.27,27.43,521.11,Cartão de Crédito,Física,,17
7792,2026-09-01,20:15,25,Blusa Social,Blusa,Rosa,M,1,285.55,0.0,285.55,Cartão de Crédito,Online,380.0,4
7793,2026-08-25, 10:00 ,11,Calça Básica,Calça,Vermelha,G,4,297.24,178.34,1010.62,PIX,Online,398.0,3
7794,2026-03-27,18:30,10,Jaqueta Casual,Jaqueta,Cinza,GG,2,338.29,0.0,676.58,Cartão de Débito,Online,,5
7795,2026-04-07,20:15,115,Jaqueta Social,Jaqueta,Preta,GG,3,278.18,0.0,834.54,Cartão de Crédito,Física,494.0,8
7796,2026-08-10,17:15,111,Acessório Esporte,Acessório,Rosa,M,3,333.04,0.0,999.12,Dinheiro,Física,521.0,11
7797,2026-08-27,11:30,33,Blusa X,Blusa,Vermelha,P,4,230.83,0.0,923.32,Cartão De Crédito,Física,353.0,3
7798,2026-07-28,15:30,51,Jaqueta Slim,Jaqueta,Verde,M,2,118.56,11.86,225.26,Cartão de Débito,Online,429.0,4
7799,07/09/2026,12:30,130,Blusa Esporte,Blusa,Verde,GG,4,154.8,0.0,619.2,Cartão de Crédito,Física,342.0,18
7800,09-04-2026,20:00,32,Bermuda Premium,Bermuda,Azul,GG,3,298.98,44.85,852.09,Cartão de Débito,Online,479.0,21
7801,30/05/2026,17:30,135,Camiseta Slim,Camiseta,Preta,GG,2,333.31,33.33,633.29,PIX,Física,462.0,16
7802,2026-05-19,18:15,98,Vestido Social,Vestido,Branca,G,3,290.16,0.0,870.48,cartão de crédito,Física,155.0,2
7803,2026-06-17,10:45,28,Camiseta Social,Camiseta,Rosa,GG,2,276.72,27.67,525.77,Cartão de Crédito,Física,428.0,18
7804,26/07/26,19:30,88,Camiseta Básica,Camiseta,Branca,GG,2,270.48,27.05,513.91,PIX,Online,150.0,1
7805,2026-08-08,19:00,55,Vestido Premium,Vestido,Verde,P,3,95.27,0.0,285.81,Cartão de Débito,Online,8.0,24
7806,2026-04-02,13:15,136,Blusa Social,Blusa,Azul,P,2,114.45,0.0,228.9,Cartão de Crédito,Online,482.0,12
7807,2026-06-08,15:45,29,Blusa Esporte,Blusa,Branca,M,1,318.44,47.77,270.67,Cartão de Crédito,Física,399.0,4
7808,2026-03-05,17:45,62,Camiseta Básica,Camiseta,Azul,GG,3,140.6,0.0,421.8,Cartão de Crédito,Física,,1
7809,2026-08-30,12:30,159,Acessório Slim,Acessório,Azul,G,4,201.01,0.0,804.04,Cartão de Crédito,Física,25.0,11
7810,2026-06-02,13:30,87,Camiseta Casual,Camiseta,Rosa,G,2,25.88,0.0,51.76,Cartão de Débito,Física,,18
7811,2026-05-29,12:00,100,Vestido Casual,Vestido,Preta,M,4,76.04,30.42,273.74,Cartão de Crédito,Online,61.0,10
7812,20/04/2026,09:00,108,Bermuda Social,Bermuda,Vermelha,P,3,179.79,0.0,"R$ 539,37",Cartão de Débito,Física,577.0,25
7813,2026-07-17,12:00,168,Vestido Casual,Vestido,Azul,M,1,255.66,0.0,255.66,Cartão de Crédito,Física,216.0,2
7814,2026-05-01,17:15,72,Blusa Premium,Blusa,Verde,GG,1,252.12,37.82,214.3,PIX,Online,86.0,14
7815,2026-07-30,15:30,107,Blusa Slim,Blusa,Preta,M,2,264.43,79.33,449.53,Cartão de Crédito,Online,307.0,14
7816,2026-04-04,12:45,174,Jaqueta Casual,Jaqueta,Preta,GG,2,214.83,0.0,429.66,Crediário,Física,21.0,21
7817,2026-05-06,21:45,51,Jaqueta Slim,Jaqueta,Verde,M,4,118.56,0.0,474.24,Cartão de Crédito,Online,280.0,18
7818,2026-04-28,17:15,51,Jaqueta Slim,Jaqueta,Verde,M,1,118.56,11.86,106.7,Dinheiro,Física,81.0,8
7819,2026-07-15,20:45,11,Calça Básica,Calça,Vermelha,G,2,297.24,89.17,505.31,PIX,Online,480.0,3
7820,2026-05-25,16:30,2,Camiseta Básica,Camiseta,Cinza,P,2,57.67,5.77,109.57,Crediário,Física,469.0,22
7821,2026-08-12,15:45,33,Blusa X,Blusa,Vermelha,P,1,230.83,0.0,230.83,Dinheiro,Online,395.0,18
7822,2026-09-08,13:15,128,Bermuda Básica,Bermuda,Preta,GG,4,193.28,0.0,773.12,Crediário,Física,527.0,5
7823,2026-07-31,12:00,50,Blusa Esporte,Blusa,Vermelha,GG,2,189.51,0.0,379.02,Dinheiro,Física,283.0,2
7824,2026-04-18,12:00,60,Acessório Esporte,Acessório,Azul,G,2,112.08,22.42,201.74,Cartão de Débito,Online,115.0,14
7825,22/05/2026,16:15,37,Bermuda Básica,Bermuda,Branca,M,2,197.74,0.0,395.48,Cartão de Débito,Física,441.0,15
7826,2026-08-16,20:15,154,Acessório Esporte,Acessório,Azul,M,4,140.03,0.0,560.12,Dinheiro,Física,160.0,8
7827,2026-09-10,20:30,41,Jaqueta Casual,Jaqueta,Cinza,GG,4,274.27,164.56,932.52,Pix,Online,584.0,13
7828,2026-05-16,20:00,119,Vestido Básica,Vestido,Azul,P,3,51.47,0.0,154.41,PIX,Online,375.0,11
7829,2026-04-10,09:30,25,Blusa Social,Blusa,Rosa,M,4,285.55,114.22,1027.98,PIX,Online,239.0,3
7830,2026-04-18,10:45,50,Blusa Esporte,Blusa,Vermelha,GG,4,189.51,0.0,758.04,Dinheiro,Online,405.0,12
7831,2026-03-09,18:15,124,Jaqueta Slim,Jaqueta,Verde,G,1,210.25,0.0,210.25,Dinheiro,Online,569.0,21
7832,2026-06-30,12:30,47,Vestido Premium,Vestido,Cinza,G,3,115.65,34.7,312.25,Cartão de Débito,Física,,25
7833,2026-05-25,18:00,176,Camiseta Premium,Camiseta,Vermelha,GG,4,225.97,0.0,903.88,Cartão de Débito,Física,,2
7834,2026-07-06,11:30,126,Vestido Slim,Vestido,Vermelha,M,4,262.43,0.0,1049.72,Cartão de Crédito,Física,426.0,2
7835,2026-04-15,13:00,19,Blusa Casual,Blusa,Preta,M,3,212.08,0.0,636.24,cartao credito,Física,285.0,16
7836,2026-06-08,20:15,84,Jaqueta Básica,Jaqueta,Verde,P,2,313.9,0.0,627.8,Dinheiro,Online,366.0,13
7837,2026-08-05,13:45,21,Jaqueta Casual,Jaqueta,Cinza,G,3,186.68,84.01,"R$ 476,03",PIX,Online,380.0,9
7838,2026-06-12,10:45,150,Blusa Esporte,Blusa,Vermelha,M,1,241.11,0.0,241.11,Crediário,Online,534.0,3
7839,2026-05-18,12:15,126,Vestido Slim,Vestido,Vermelha,M,3,262.43,0.0,787.29,PIX,Física,220.0,17
7840,2026-08-04,12:30,99,Vestido Social,Vestido,Rosa,P,1,135.91,20.39,115.52,Cartão de Crédito,Online,483.0,13
7841,2026-04-05,17:30,40,Bermuda Esporte,Bermuda,Azul,G,3,78.7,11.81,224.29,Cartão de Débito,Online,328.0,13
7842,2026-06-11,14:15,34,Acessório Slim,Acessório,Azul,M,2,220.29,0.0,440.58,PIX,Física,160.0,1
7843,2026-08-12,18:00,16,Acessório Casual,Acessório,Verde,GG,1,160.59,0.0,160.59,PIX,Física,168.0,13
7844,2026-07-17,12:30,14,Bermuda Social,Bermuda,Branca,P,2,125.8,0.0,251.6,Cartão de Débito,Online,505.0,10
7845,2026-03-02, 20:45 ,106,Vestido Premium,Vestido,Cinza,G,1,201.43,0.0,201.43,Cartão de Crédito,Física,92.0,21
7846,2026-03-16,18:30,26,Bermuda Slim,Bermuda,Branca,P,3,207.97,0.0,623.91,PIX,Física,56.0,11
7847,2026-06-25,20:00,126,Vestido Slim,Vestido,Vermelha,M,1,262.43,26.24,236.19,Cartão de Crédito,Online,414.0,3
7848,08/09/26, 18:00 ,78,Blusa Casual,Blusa,Cinza,M,4,332.45,0.0,1329.8,Cartão de Débito,Física,535.0,2
7849,2026-06-03,13:30,118,Camiseta Esporte,Camiseta,Azul,M,3,214.08,0.0,642.24,Crediário,Online,101.0,2
7850,2026-09-08,10:30,43,Vestido Básica,Vestido,Rosa,G,2,212.4,0.0,424.8,Dinheiro,Online,317.0,11
7851,2026-05-08,12:45,17,Acessório Casual,Acessório,Rosa,P,1,277.21,41.58,235.63,Dinheiro,Online,57.0,2
7852,2026-08-22,17:45,61,Acessório Básica,Acessório,Rosa,M,1,281.06,0.0,281.06,Cartão de Débito,Online,440.0,1
7853,2026-03-26,12:30,46,Acessório X,Acessório,Cinza,M,2,184.96,18.5,351.42,Cartão de Débito,Online,103.0,24
7854,2026-06-05,18:30,129,Vestido X,Vestido,Branca,GG,4,295.38,177.23,1004.29,Cartão de Crédito,Física,47.0,16
7855,2026-06-16,13:45,23,Blusa X,Blusa,Preta,P,4,219.84,87.94,791.42,Cartão de Crédito,Física,352.0,12
7856,2026-08-17,15:00,153,Vestido Básica,Vestido,Preta,G,1,129.37,12.94,116.43,Dinheiro,Física,500.0,16
7857,2026-03-26,20:15,168,Vestido Casual,Vestido,Azul,M,4,255.66,0.0,1022.64,Cartão de Débito,Física,579.0,16
7858,2026-05-24,09:45,33,Blusa X,Blusa,Vermelha,P,3,230.83,0.0,692.49,Cartão de Débito,Online,403.0,21
7859,2026-07-05,15:15,73,Vestido Social,Vestido,Preta,P,3,83.59,0.0,250.77,Cartão de Débito,Física,575.0,4
7860,2026-04-19,21:45,97,Camiseta Slim,Camiseta,Azul,M,4,174.51,0.0,698.04,Pix,Online,12796.0,20
7861,2026-03-19,21:45,78,Blusa Casual,Blusa,Cinza,M,1,332.45,0.0,332.45,Cartão de Débito,Física,257.0,12
7862,2026-09-07,12:30,130,Blusa Esporte,Blusa,Verde,GG,2,154.8,46.44,263.16,PIX,Física,137.0,22
7863,24/07/26,18:15,29,Blusa Esporte,Blusa,Branca,M,-1,318.44,0.0,1273.76,Cartão de Débito,Física,235.0,7
7864,2026-03-22,11:00,96,Bermuda Casual,Bermuda,Branca,M,1,123.65,0.0,123.65,Cartão de Crédito,Online,36.0,12
7865,2026-03-11,17:00,132,Acessório Básica,Acessório,Branca,P,2,296.32,59.26,533.38,PIX,Física,362.0,8
7866,2026-06-03,10:00,38,Calça X,Calça,Azul,G,3,234.51,70.35,633.18,Cartão de Crédito,Física,465.0,5
7867,2026-04-20,17:15,80,Jaqueta Casual,Jaqueta,Cinza,P,4,258.13,0.0,1032.52,PIX,Física,47.0,7
7868,2026-05-15, 12:15 ,77,Vestido X,Vestido,Rosa,G,1,195.59,0.0,195.59,Cartão de Débito,Online,411.0,7
7869,2026-08-26,18:45,38,Calça X,Calça,Azul,G,1,234.51,11.73,222.78,Dinheiro,Online,14.0,11
7870,2026-08-16,15:00,59715,Jaqueta Casual,Jaqueta,Cinza,GG,3,328.02,0.0,984.06,Cartão de Crédito,Física,368.0,7
7871,2026-06-13,19:45,93,Blusa Social,Blusa,Vermelha,GG,4,327.13,65.43,1243.09,Cartão de Crédito,Física,68.0,22
7872,2026-07-30,12:00,60,Acessório Esporte,Acessório,Azul,G,3,112.08,50.44,285.8,Cartão de Débito,Online,51.0,16
7873,2026-06-25,13:00,68,Jaqueta Premium,Jaqueta,Vermelha,G,3,65.29,0.0,"195,87",Cartão de Crédito,Física,18.0,3
7874,2026-05-19,19:15,151,Blusa Casual,Blusa,Preta,P,2,121.09,0.0,242.18,Dinheiro,Online,174.0,3
7875,2026-03-15,11:45,106,Vestido Premium,Vestido,Cinza,G,2,201.43,40.29,362.57,Cartão de Crédito,Física,461.0,25
7876,2026-03-05,16:30,88,Camiseta Básica,Camiseta,Branca,GG,4,270.48,0.0,1081.92,Cartão De Crédito,Online,270.0,16
7877,2026-08-03,15:30,104,Vestido Slim,Vestido,Verde,P,3,221.73,99.78,565.41,Cartão de Crédito,Física,16.0,7
7878,2026-07-22,10:30,9,Jaqueta Social,Jaqueta,Rosa,G,3,97.54,0.0,292.62,PIX,Online,505.0,11
7879,2026-04-24,11:30,164,Blusa X,Blusa,Cinza,G,2,193.36,19.34,367.38,Cartão de Débito,Física,68.0,7
7880,2026-08-10,18:45,35,Jaqueta Premium,Jaqueta,Preta,P,4,289.59,0.0,1158.36,Cartão de Débito,Física,95.0,23
7881,2026-08-07,20:00,19,Blusa Casual,Blusa,Preta,M,4,212.08,0.0,848.32,Dinheiro,Física,448.0,4
7882,2026-07-29,19:00,122,Bermuda Casual,Bermuda,Rosa,GG,3,286.85,86.06,774.49,Cartão de Débito,Online,77.0,19
7883,2026-08-05,09:15,4,Jaqueta Básica,Jaqueta,Vermelha,M,4,148.57,0.0,594.28,Crediário,Física,454.0,3
7884,2026-07-31,13:15,10,Jaqueta Casual,Jaqueta,Cinza,GG,1,338.29,33.83,304.46,Cartão de Crédito,Física,362.0,1
7885,2026-07-06,13:15,8,Blusa Social,Blusa,Preta,M,1,290.68,0.0,290.68,Crediário,Física,269.0,14
7886,2026-04-12,16:00  ,160,Calça X,Calça,Verde,P,3,137.04,61.67,349.45,Cartão de Débito,Online,122.0,20
7887,2026-08-06,18:30,110,Bermuda Esporte,Bermuda,Branca,GG,2,116.53,0.0,233.06,Cartão de Débito,Online,583.0,20
7888,2026-09-03,17:15,144,Calça Social,Calça,Cinza,GG,2,200.29,60.09,340.49,PIX,Online,441.0,18
7889,2026-08-06,19:15,88,Camiseta Básica,Camiseta,Branca,GG,1,270.48,435.0958644176045,229.91,Crediário,Física,105.0,16
7890,15/09/26,15:30,139,Acessório Slim,Acessório,Branca,P,1,227.76,0.0,227.76,Cartão de Débito,Física,71.0,10
7891,2026-03-13,16:15  ,102,Bermuda X,Bermuda,Azul,G,3,181.84,54.55,490.97,Cartão de Débito,Online,436.0,18
7892,2026-07-29,21:45,112,Calça Básica,Calça,Azul,M,3,318.38,47.76,907.38,Dinheiro,Física,99.0,4
7893,2026-03-21,20:45,112,Calça Básica,Calça,Azul,M,2,318.38,0.0,636.76,PIX,Física,248.0,22
7894,2026-06-01,21:45,93,Blusa Social,Blusa,Vermelha,GG,2,327.13,0.0,654.26,Cartão de Crédito,Online,484.0,9
7895,2026-04-29,17:30,122,Bermuda Casual,Bermuda,Rosa,GG,-1,286.85,0.0,1147.4,Dinheiro,Física,186.0,7
7896,2026-04-20,16:15,164,Blusa X,Blusa,Cinza,G,2,193.36,0.0,386.72,Cartão de Débito,Online,422.0,8
7897,2026-08-07,14:30,135,Camiseta Slim,Camiseta,Preta,GG,4,333.31,0.0,1333.24,Cartão de Crédito,Física,277.0,3
7898,2026-03-25,18:15,119,Vestido Básica,Vestido,Azul,P,1,51.47,0.0,51.47,Dinheiro,Online,279.0,20
7899,2026-08-14,21:45,140,Acessório Premium,Acessório,Rosa,G,4,155.17,62.07,558.61,PIX,Online,51.0,2
7900,2026-03-09, 12:45 ,143,Acessório Premium,Acessório,Rosa,M,1,297.19,29.72,267.47,PIX,Online,384.0,10
7901,2026-04-09,12:15,72657,Blusa Esporte,Blusa,Verde,GG,3,154.8,0.0,464.4,Cartão de Débito,Física,189.0,6
7902,2026-05-04,19:45,146,Acessório Esporte,Acessório,Vermelha,P,4,103.95,20.79,395.01,Cartão de Crédito,Online,132.0,6
7903,2026-03-27,11:45,119,Vestido Básica,Vestido,Azul,P,3,51.47,23.16,131.25,Cartão de Débito,Online,263.0,13
7904,2026-08-15,16:45,143,Acessório Premium,Acessório,Rosa,M,2,297.19,0.0,594.38,PIX,Online,136.0,8
7905,2026-06-12,15:45,155,Bermuda X,Bermuda,Preta,M,3,134.96,0.0,404.88,Cartão de Débito,Física,498.0,10
7906,2026-06-06,18:00,168,Vestido Casual,Vestido,Azul,M,3,255.66,0.0,766.98,PIX,Online,88.0,2
7907,2026-09-07,12:30,167,Acessório Casual,Acessório,Preta,P,4,326.38,130.55,1174.97,Cartão de Crédito,Física,92.0,1
7908,2026-05-30,12:15,126,Vestido Slim,Vestido,Vermelha,M,3,262.43,0.0,787.29,Cartão de Débito,Online,193.0,25
7909,2026-08-07,14:00,155,Bermuda X,Bermuda,Preta,M,1,134.96,13.5,121.46,Cartão de Crédito,Online,465.0,21
7910,2026-04-28,10:00,148,Acessório Premium,Acessório,Vermelha,GG,2,36.52,3.65,69.39,Cartão de Débito,Online,97.0,18
7911,2026-08-20,12:15,106,Vestido Premium,Vestido,Cinza,G,2,201.43,40.29,"R$ 362,57",Dinheiro,Online,383.0,15
7912,2026-07-11,09:45,46,Acessório X,Acessório,Cinza,M,4,184.96,0.0,739.84,Cartão de Crédito,Física,319.0,13
7913,2026-06-04,18:15,145,Bermuda Esporte,Bermuda,Cinza,G,3,144.91,65.21,369.52,Cartão de Crédito,Online,21.0,7
7914,2026-08-19,12:00,128,Bermuda Básica,Bermuda,Preta,GG,1,193.28,19.33,173.95,Dinheiro,Física,160.0,21
7915,2026-04-27,11:45,176,Camiseta Premium,Camiseta,Vermelha,GG,1,225.97,22.6,203.37,PIX,Física,83.0,21
7916,2026-08-31,19:15,174,Jaqueta Casual,Jaqueta,Preta,GG,1,214.83,0.0,214.83,Cartão de Crédito,Física,231.0,10
7917,2026-08-30,21:00,95,Bermuda Básica,Bermuda,Verde,P,3,40.47,18.21,103.2,Cartão de Débito,Física,355.0,4
7918,2026-05-04,19:30,113,Blusa Social,Blusa,Rosa,P,4,270.36,0.0,1081.44,PIX,Online,147.0,24
7919,2026-05-06,15:00,106,Vestido Premium,Vestido,Cinza,G,3,201.43,60.43,543.86,cartao credito,Online,382.0,12
7920,2026-09-15,11:30,150,Blusa Esporte,Blusa,Vermelha,M,4,241.11,96.44,868.0,Cartão de Crédito,Online,568.0,19
7921,2026-03-13,19:15,172,Camiseta Social,Camiseta,Rosa,G,3,281.43,0.0,844.29,PIX,Online,321.0,13
7922,2026-06-13,16:15,147,Bermuda Básica,Bermuda,Branca,P,4,44.8,26.88,152.32,Dinheiro,Física,341.0,11
7923,2026-03-21,15:45,177,Bermuda Básica,Bermuda,Branca,G,2,113.66,22.73,204.59,Cartão de Débito,Online,519.0,19
7924,2026-08-21,13:45,49,Calça Básica,Calça,Verde,GG,1,193.27,19.33,173.94,Crediário,Física,600.0,2
7925,2026-03-26,13:00,176,Camiseta Premium,Camiseta,Vermelha,GG,2,225.97,0.0,451.94,Dinheiro,Online,363.0,14
7926,2026-04-25,14:30,38,Calça X,Calça,Azul,G,2,234.51,70.35,398.67,Crediário,Física,90.0,20
7927,2026-07-30,11:15,166,Vestido Premium,Vestido,Vermelha,GG,4,194.42,77.77,699.91,Cartão de Débito,Online,184.0,11
7928,2026-07-04,15:00,117,Vestido Casual,Vestido,Azul,P,3,314.94,0.0,944.82,Cartão de Débito,Online,261.0,14
7929,2026-04-28,21:45,70,Blusa Slim,Blusa,Verde,GG,2,203.23,0.0,406.46,PIX,Online,461.0,12
7930,2026-09-03,11:00,38,Calça X,Calça,Azul,G,3,234.51,70.35,633.18,Crediário,Online,101.0,19
7931,2026-09-19,18:30,20,Calça X,Calça,Vermelha,P,1,211.81,0.0,211.81,PIX,Física,268.0,3
7932,2026-06-14,18:45,151,Blusa Casual,Blusa,Preta,P,2,121.09,12.11,230.07,Cartão de Crédito,Online,447.0,2
7933,2026-03-13, 21:30,125,Vestido Esporte,Vestido,Vermelha,P,3,67.79,10.17,193.2,Cartão de Crédito,Física,372.0,10
7934,2026-09-12,10:45,146,Acessório Esporte,Acessório,Vermelha,P,3,103.95,0.0,311.85,Cartão de Crédito,Física,47.0,22
7935,2026-04-25,18:30,7,Jaqueta Esporte,Jaqueta,Preta,P,3,33.34,15.0,85.02,Cartão de Débito,Física,152.0,22
7936,2026-06-22,21:00,156,Jaqueta Básica,Jaqueta,Branca,G,4,292.56,0.0,1170.24,Crediário,Online,530.0,2
7937,2026-04-09,13:15,114,Jaqueta Esporte,Jaqueta,Verde,P,3,60.77,27.35,154.96,Crediário,Física,314.0,12
7938,2026-06-22,17:30,140,Acessório Premium,Acessório,Rosa,G,4,155.17,998.4249321449255,527.58,Dinheiro,Física,465.0,1
7939,2026-07-06,14:00,26,Bermuda Slim,Bermuda,Branca,P,1,207.97,0.0,207.97,Crediário,Física,297.0,18
7940,08-08-2026,20:30,130,Blusa Esporte,Blusa,Verde,GG,4,154.8,0.0,619.2,Cartão de Crédito,Online,138.0,14
7941,2026-04-24,21:00,78,Blusa Casual,Blusa,Cinza,M,4,332.45,199.47,1130.33,Cartão de Crédito,Online,283.0,5
7942,2026-03-26,09:30,78847,Camiseta Esporte,Camiseta,Preta,M,1,149.09,7.45,141.64,Cartão de Crédito,Física,149.0,16
7943,2026-09-10,15:45,124,Jaqueta Slim,Jaqueta,Verde,G,1,210.25,0.0,210.25,Cartão de Débito,Online,539.0,16
7944,2026-06-19,10:30,52,Vestido Casual,Vestido,Rosa,GG,3,235.08,0.0,705.24,Cartão de Crédito,Física,141.0,5
7945,2026-06-04,12:00,171,Acessório X,Acessório,Verde,G,4,85.73,0.0,342.92,Dinheiro,Física,250.0,23
7946,2026-06-03,10:00,14,Bermuda Social,Bermuda,Branca,P,4,125.8,0.0,503.2,Crediário,Física,238.0,4
7947,2026-04-29,09:30,58,Acessório Básica,Acessório,Cinza,P,2,304.84,0.0,609.68,PIX,Física,151.0,13
7948,2026-05-06,16:30  ,79,Camiseta X,Camiseta,Cinza,G,2,76.54,0.0,153.08,Cartão de Crédito,Física,91.0,15
7949,2026-09-16,15:30,86,Bermuda Casual,Bermuda,Branca,P,4,211.18,42.24,802.48,Cartão de Crédito,Física,307.0,21
7950,2026-04-23,17:00,4,Jaqueta Básica,Jaqueta,Vermelha,M,1,148.57,0.0,148.57,Crediário,Física,199.0,14
7951,2026-06-08,09:45,23,Blusa X,Blusa,Preta,P,1,219.84,21.98,197.86,Cartão de Crédito,Online,455.0,6
7952,2026-03-25,17:00,24,Blusa X,Blusa,Cinza,GG,1,80.81,0.0,80.81,Cartão de Débito,Física,94.0,17
7953,2026-08-17,17:15,131,Vestido Básica,Vestido,Vermelha,M,1,38.91,3.89,35.02,Cartão De Débito,Online,256.0,3
7954,2026-09-12,10:15,167,Acessório Casual,Acessório,Preta,P,1,326.38,48.96,277.42,Cartão de Crédito,Física,206.0,23
7955,2026-05-17,20:45,78,Blusa Casual,Blusa,Cinza,M,2,332.45,0.0,664.9,PIX,Física,499.0,17
7956,2026-07-26,09:15,147,Bermuda Básica,Bermuda,Branca,P,2,44.8,0.0,89.6,PIX,Online,331.0,9
7957,2026-09-13,09:15,19,Blusa Casual,Blusa,Preta,M,3,212.08,31.81,604.43,Dinheiro,Física,34.0,4
7958,2026-07-22,21:45,52,Vestido Casual,Vestido,Rosa,GG,2,235.08,0.0,470.16,PIX,Física,381.0,2
7959,2026-04-24,13:45,14,Bermuda Social,Bermuda,Branca,P,3,125.8,56.61,320.79,Cartão de Crédito,Online,377.0,2
7960,2026-07-19,09:00  ,158,Blusa Social,Blusa,Rosa,M,4,185.68,74.27,668.45,Cartão de Crédito,Física,560.0,22
7961,2026-07-20,20:15,38,Calça X,Calça,Azul,G,3,234.51,0.0,703.53,Crediário,Física,570.0,25
7962,2026-03-26,09:15,71,Camiseta Esporte,Camiseta,Cinza,GG,2,252.73,0.0,505.46,PIX,Física,456.0,22
7963,2026-04-24,17:00,164,Blusa X,Blusa,Cinza,G,4,193.36,0.0,773.44,Crediário,Física,131.0,19
7964,06/08/2026,09:15,92,Calça Casual,Calça,Rosa,G,4,164.58,0.0,658.32,Cartão de Crédito,Física,554.0,10
7965,2026-09-05,12:30,101,Vestido Social,Vestido,Vermelha,GG,2,158.47,15.85,301.09,Dinheiro,Física,442.0,5
7966,2026-07-26,20:15,18,Vestido Premium,Vestido,Vermelha,P,1,221.89,11.09,210.8,Cartão de Crédito,Online,33.0,4
7967,2026-06-16,18:15,178,Calça Básica,Calça,Azul,GG,3,144.41,64.98,368.25,Cartão de Débito,Física,40.0,22
7968,2026-04-13,10:00,126,Vestido Slim,Vestido,Vermelha,M,1,262.43,0.0,262.43,Cartão de Crédito,Online,41.0,22
7969,2026-09-25,19:30,43,Vestido Básica,Vestido,Rosa,G,1,212.4,21.24,191.16,Cartão de Débito,Física,429.0,11
7970,2026-08-30,12:30,141,Acessório Slim,Acessório,Rosa,G,1,250.39,25.04,225.35,Dinheiro,Online,76.0,14
7971,2026-08-21,11:15,18,Vestido Premium,Vestido,Vermelha,P,4,221.89,88.76,798.8,Cartão de Crédito,Online,326.0,3
7972,2026-07-18,09:45,153,Vestido Básica,Vestido,Preta,G,2,129.37,12.94,245.8,Cartão de Débito,Física,84.0,17
7973,2026-04-30,17:30,179,Vestido Básica,Vestido,Azul,G,1,31.43,4.71,26.72,Cartão de Crédito,Física,216.0,3
7974,2026-04-18,14:30,133,Calça Social,Calça,Rosa,G,1,39.8,0.0,39.8,PIX,Física,432.0,16
7975,2026-09-02,16:00,121,Vestido Casual,Vestido,Verde,G,1,101.83,10.18,91.65,PIX,Online,385.0,10
7976,2026-05-01,14:15,125,Vestido Esporte,Vestido,Vermelha,P,1,67.79,0.0,67.79,Cartão De Débito,Física,324.0,8
7977,2026-07-23,09:45,38,Calça X,Calça,Azul,G,4,234.51,0.0,938.04,Cartão de Crédito,Online,48.0,13
7978,2026-07-11,18:15,7,Jaqueta Esporte,Jaqueta,Preta,P,4,33.34,0.0,133.36,Cartão de Crédito,Online,334.0,3
7979,2026-09-13,11:00,25,Blusa Social,Blusa,Rosa,M,4,285.55,0.0,1142.2,PIX,Online,390.0,18
7980,2026-07-26,09:00,153,Vestido Básica,Vestido,Preta,G,1,129.37,244.827767298967,129.37,Cartão de Crédito,Online,53.0,20
7981,2026-06-17,18:30,3,Camiseta Social,Camiseta,Branca,GG,4,48.72,29.23,165.65,Crediário,Física,396.0,23
7982,2026-04-28,18:45,31,Vestido Slim,Vestido,Azul,P,4,35.57,21.34,120.94,Cartão de Débito,Online,380.0,14
7983,2026-06-22,18:00,138,Acessório Social,Acessório,Rosa,G,2,125.4,12.54,238.26,PIX,Física,483.0,9
7984,2026-05-28,19:15,174,Jaqueta Casual,Jaqueta,Preta,GG,1,214.83,10.74,204.09,Cartão de Débito,Online,423.0,9
7985,2026-07-30,16:45,180,Acessório X,Acessório,Cinza,G,1,73.69,3.68,70.01,Dinheiro,Física,68.0,4
7986,2026-07-05,21:30,122,Bermuda Casual,Bermuda,Rosa,GG,2,286.85,57.37,516.33,Dinheiro,Online,401.0,13
7987,2026-03-30,16:00,128,Bermuda Básica,Bermuda,Preta,GG,1,193.28,0.0,193.28,Cartão de Crédito,Online,475.0,13
7988,2026-09-11,16:00,126,Vestido Slim,Vestido,Vermelha,M,1,262.43,26.24,236.19,Cartão de Crédito,Online,71712.0,19
7989,2026-08-17,19:15,146,Acessório Esporte,Acessório,Vermelha,P,4,103.95,20.79,395.01,Cartão de Débito,Física,267.0,12
7990,2026-05-17,13:00,38,Calça X,Calça,Azul,G,3,234.51,105.53,598.0,PIX,Física,195.0,1
7991,2026-03-19,21:30,120,Vestido Premium,Vestido,Rosa,GG,1,304.25,0.0,304.25,PIX,Física,299.0,4
7992,2026-05-27,10:30,22,Vestido Social,Vestido,Rosa,G,2,289.54,57.91,521.17,Cartão de Débito,Física,207.0,20
7993,2026-04-13,18:00,44,Jaqueta Esporte,Jaqueta,Azul,GG,1,198.07,0.0,198.07,PIX,Online,441.0,6
7994,2026-08-30,14:45,117,Vestido Casual,Vestido,Azul,P,1,314.94,0.0,314.94,Dinheiro,Física,459.0,11
7995,2026-05-17,11:00,114,Jaqueta Esporte,Jaqueta,Verde,P,2,60.77,18.23,103.31,Cartão De Débito,Física,81.0,24
7996,2026-03-27,17:00,1,Acessório Premium,Acessório,Verde,G,2,129.26,0.0,258.52,PIX,Online,449.0,18
7997,2026-08-26,13:45,102,Bermuda X,Bermuda,Azul,G,2,181.84,36.37,327.31,PIX,Online,33.0,24
7998,2026-05-21,20:45,120,Vestido Premium,Vestido,Rosa,GG,1,304.25,45.64,258.61,Cartão de Crédito,Online,21.0,3
7999,2026-09-12,18:15,113,Blusa Social,Blusa,Rosa,P,3,270.36,0.0,811.08,PIX,Online,50.0,25
8000,2026-03-08,19:45,98,Vestido Social,Vestido,Branca,G,1,290.16,29.02,261.14,PIX,Física,331.0,22
8001,2026-09-07,21:15,15,Blusa Social,Blusa,Azul,M,1,303.57,30.36,273.21,Dinheiro,Física,454.0,25
8002,2026-09-24,09:45,118,Camiseta Esporte,Camiseta,Azul,M,1,214.08,0.0,214.08,PIX,Física,463.0,11
8003,2026-03-05,13:15,98,Vestido Social,Vestido,Branca,G,2,290.16,0.0,580.32,Cartão De Débito,Online,75.0,11
8004,2026-08-01,17:15,136,Blusa Social,Blusa,Azul,P,2,114.45,34.34,194.56,Cartão de Crédito,Online,50.0,5
8005,2026-06-07,14:30,171,Acessório X,Acessório,Verde,G,1,85.73,8.57,77.16,Cartão de Débito,Física,497.0,18
8006,2026-04-09,16:15,117,Vestido Casual,Vestido,Azul,P,4,314.94,188.96,1070.8,PIX,Online,424.0,18
8007,2026-04-03,15:15,173,Jaqueta Casual,Jaqueta,Cinza,GG,4,328.02,65.6,1246.48,Cartão de Débito,Online,595.0,12
8008,2026-04-18,17:30,76,Bermuda Premium,Bermuda,Vermelha,M,2,45.34,9.07,81.61,Cartão de Crédito,Física,518.0,14
8009,2026-08-22,17:30,150,Blusa Esporte,Blusa,Vermelha,M,2,241.11,0.0,482.22,Cartão de Crédito,Física,367.0,8
8010,2026-09-22,18:30,57,Jaqueta Básica,Jaqueta,Verde,GG,1,111.2,0.0,111.2,Cartão de Débito,Física,287.0,15
8011,2026-07-23,15:30,158,Blusa Social,Blusa,Rosa,M,4,185.68,37.14,705.58,Cartão de Débito,Física,398.0,11
8012,2026-05-24,21:45,119,Vestido Básica,Vestido,Azul,P,2,51.47,0.0,102.94,Crediário,Online,351.0,9
8013,2026-08-21,09:30,83,Camiseta Básica,Camiseta,Rosa,M,2,221.65,66.5,376.8,Dinheiro,Física,488.0,18
8014,2026-09-22,11:00,62,Camiseta Básica,Camiseta,Azul,GG,4,140.6,84.36,478.04,PIX,Física,139.0,11
8015,2026-05-31,12:45,141,Acessório Slim,Acessório,Rosa,G,1,250.39,0.0,250.39,Cartão de Débito,Online,,16
8016,2026-06-26,14:15,160,Calça X,Calça,Verde,P,3,137.04,0.0,411.12,Cartão de Crédito,Física,316.0,12
8017,2026-07-29,12:30,112,Calça Básica,Calça,Azul,M,3,318.38,143.27,811.87,PIX,Online,68.0,22
8018,2026-09-15,12:15,11,Calça Básica,Calça,Vermelha,G,2,297.24,0.0,594.48,Cartão De Débito,Física,232.0,1
8019,2026-08-08,11:30,47,Vestido Premium,Vestido,Cinza,G,1,115.65,5.78,109.87,Cartão de Crédito,Online,475.0,11
8020,2026-07-21,14:15,175,Calça Social,Calça,Rosa,P,1,90.45,0.0,90.45,PIX,Online,448.0,14
8021,2026-03-30,19:00,52,Vestido Casual,Vestido,Rosa,GG,1,235.08,0.0,235.08,Dinheiro,Online,583.0,25
8022,2026-03-08,12:15,1,Acessório Premium,Acessório,Verde,G,4,129.26,0.0,517.04,Dinheiro,Física,173.0,5
8023,2026-05-16,10:30,85,Blusa Casual,Blusa,Vermelha,G,3,273.43,123.04,697.25,PIX,Online,14.0,10
8024,2026-05-12,09:30,78,Blusa Casual,Blusa,Cinza,M,1,332.45,49.87,282.58,Cartão de Débito,Física,170.0,23
8025,2026-03-18,13:15,6,Acessório X,Acessório,Azul,GG,3,334.07,0.0,1002.21,Cartão de Crédito,Online,152.0,2
8026,2026-06-27,21:00,151,Blusa Casual,Blusa,Preta,P,1,121.09,18.16,102.93,Cartão de Crédito,Física,290.0,6
8027,2026-06-09,18:15,43,Vestido Básica,Vestido,Rosa,G,2,212.4,21.24,403.56,Cartão de Débito,Online,51.0,2
8028,2026-09-14,21:15,93,Blusa Social,Blusa,Vermelha,GG,0,327.13,98.14,883.25,Dinheiro,Física,547.0,25
8029,2026-08-20,15:45,119,Vestido Básica,Vestido,Azul,P,1,51.47,0.0,51.47,Cartão de Débito,Online,43.0,1
8030,2026-05-30,10:45,165,Blusa Casual,Blusa,Rosa,GG,1,156.99,23.55,133.44,Cartão De Crédito,Online,120.0,3
8031,2026-05-30,13:30,120,Vestido Premium,Vestido,Rosa,GG,4,304.25,182.55,1034.45,PIX,Física,234.0,11
8032,2026-05-29,14:30,143,Acessório Premium,Acessório,Rosa,M,2,297.19,59.44,534.94,Dinheiro,Física,288.0,25
8033,2026-06-05,21:15,141,Acessório Slim,Acessório,Rosa,G,4,250.39,0.0,1001.56,Cartão de Débito,Física,374.0,2
8034,2026-04-19,15:45,62,Camiseta Básica,Camiseta,Azul,GG,-2,140.6,21.09,400.71,Cartão de Débito,Física,380.0,23
8035,2026-07-24,20:15,152,Acessório Básica,Acessório,Verde,GG,4,238.11,47.62,904.82,Cartão de Crédito,Física,208.0,19
8036,2026-05-20,11:00,53,Camiseta Básica,Camiseta,Branca,P,3,204.54,30.68,582.94,Cartão de Crédito,Online,95.0,10
8037,2026-05-25,12:30,109,Camiseta Básica,Camiseta,Cinza,P,4,128.12,0.0,512.48,PIX,Online,,17
8038,2026-09-04,17:00,180,Acessório X,Acessório,Cinza,G,3,73.69,0.0,221.07,Cartão de Crédito,Online,596.0,21
8039,2026-04-13,11:15,171,Acessório X,Acessório,Verde,G,2,85.73,8.57,162.89,PIX,Física,496.0,19
8040,2026-05-29,14:45,27,Vestido Premium,Vestido,Cinza,G,-2,137.14,0.0,411.42,Crediário,Online,383.0,16
8041,2026-05-30,18:30  ,110,Bermuda Esporte,Bermuda,Branca,GG,3,116.53,0.0,349.59,Dinheiro,Online,96.0,18
8042,2026-09-18,20:15,34,Acessório Slim,Acessório,Azul,M,1,220.29,33.04,187.25,Cartão de Crédito,Física,567.0,1
8043,2026-08-17,18:00,165,Blusa Casual,Blusa,Rosa,GG,4,156.99,94.19,533.77,PIX,Física,394.0,24
8044,2026-05-04,20:45,43,Vestido Básica,Vestido,Rosa,G,2,212.4,0.0,424.8,Cartão de Débito,Online,56.0,6
8045,2026-05-16,19:00,177,Bermuda Básica,Bermuda,Branca,G,2,113.66,34.1,193.22,Crediário,Online,106.0,11
8046,2026-08-12,15:15,161,Vestido X,Vestido,Azul,G,4,67.98,0.0,271.92,Cartão de Crédito,Online,376.0,4
8047,2026-06-20,14:30,71,Camiseta Esporte,Camiseta,Cinza,GG,4,252.73,151.64,859.28,Cartão de Débito,Online,285.0,23
8048,2026-04-08,20:00,175,Calça Social,Calça,Rosa,P,2,90.45,0.0,180.9,Dinheiro,Online,40.0,25
8049,2026-05-10,21:45,31,Vestido Slim,Vestido,Azul,P,1,35.57,5.34,30.23,Cartão de Débito,Física,20.0,3
8050,2026-05-12,14:15,137,Camiseta Esporte,Camiseta,Preta,M,3,149.09,0.0,447.27,PIX,Física,198.0,11
8051,2026-05-11,17:00,128,Bermuda Básica,Bermuda,Preta,GG,1,193.28,0.0,193.28,Cartão de Débito,Online,322.0,4
8052,2026-05-25,17:15,176,Camiseta Premium,Camiseta,Vermelha,GG,1,225.97,11.3,214.67,Cartão de Débito,Física,519.0,2
8053,2026-05-25,12:15,57,Jaqueta Básica,Jaqueta,Verde,GG,4,111.2,0.0,444.8,Cartão de Débito,Online,235.0,9
8054,2026-08-24,19:30,148,Acessório Premium,Acessório,Vermelha,GG,4,36.52,0.0,146.08,PIX,Online,383.0,23
8055,2026-06-30,12:15,87,Camiseta Casual,Camiseta,Rosa,G,2,25.88,0.0,51.76,Crediário,Online,42.0,2
8056,2026-06-15,15:15,36,Vestido Social,Vestido,Azul,P,4,348.35,209.01,1184.39,PIX,Física,21.0,14
8057,2026-09-12,19:45,13,Calça X,Calça,Verde,M,4,118.99,0.0,475.96,Cartão de Débito,Física,347.0,24
8058,2026-05-27,10:30,85,Blusa Casual,Blusa,Vermelha,G,2,273.43,0.0,546.86,PIX,Online,,5
8059,2026-06-03,16:30,113,Blusa Social,Blusa,Rosa,P,4,270.36,162.22,919.22,Cartão de Crédito,Física,550.0,25
8060,2026-05-31,16:45,116,Blusa Casual,Blusa,Azul,G,3,332.71,0.0,998.13,Cartão de Débito,Online,473.0,13
8061,2026-07-06,14:00,8,Blusa Social,Blusa,Preta,M,3,290.68,1650.3022817916917,872.04,Cartão de Débito,Física,225.0,2
8062,2026-03-26,19:15,87,Camiseta Casual,Camiseta,Rosa,G,4,25.88,5.18,98.34,dinheiro,Física,261.0,13
8063,2026-06-22,11:00,154,Acessório Esporte,Acessório,Azul,M,3,140.03,0.0,420.09,Pix,Física,333.0,22
8064,2026-07-07,17:00,51,Jaqueta Slim,Jaqueta,Verde,M,2,118.56,11.86,225.26,PIX,Online,212.0,5
8065,2026-04-23,19:45,10,Jaqueta Casual,Jaqueta,Cinza,GG,2,338.29,0.0,676.58,Dinheiro,Online,345.0,21
8066,2026-03-25,09:15,25,Blusa Social,Blusa,Rosa,M,2,285.55,85.66,485.44,PIX,Online,,25
8067,2026-04-29,11:15,96,Bermuda Casual,Bermuda,Branca,M,3,123.65,18.55,352.4,Cartão de Débito,Online,172.0,8
8068,2026-06-06,14:30,102,Bermuda X,Bermuda,Azul,G,1,181.84,18.18,163.66,Dinheiro,Online,370.0,11
8069,2026-08-05, 16:30 ,164,Blusa X,Blusa,Cinza,G,3,193.36,58.01,522.07,Cartão de Débito,Online,329.0,10
8070,2026-09-04,12:45,27,Vestido Premium,Vestido,Cinza,G,1,137.14,0.0,137.14,Cartão de Débito,Online,286.0,5
8071,2026-09-20,09:45,12,Bermuda Esporte,Bermuda,Cinza,M,4,327.44,0.0,1309.76,Dinheiro,Física,,4
8072,15/08/2026,20:30,136,Blusa Social,Blusa,Azul,P,4,114.45,0.0,457.8,Dinheiro,Online,306.0,6
8073,2026-03-29,16:00,24,Blusa X,Blusa,Cinza,GG,2,80.81,8.08,153.54,PIX,Online,420.0,16
8074,2026-04-12,13:15,60,Acessório Esporte,Acessório,Azul,G,3,112.08,0.0,336.24,Dinheiro,Online,308.0,15
8075,23/08/26,14:30,50,Blusa Esporte,Blusa,Vermelha,GG,3,189.51,56.85,511.68,PIX,Física,414.0,18
8076,2026-04-20,13:30,71,Camiseta Esporte,Camiseta,Cinza,GG,3,252.73,37.91,720.28,Cartão de Crédito,Online,430.0,9
8077,2026-07-14,10:45,175,Calça Social,Calça,Rosa,P,2,90.45,0.0,180.9,Cartão de Débito,Física,384.0,5
8078,2026-07-05,19:00,6,Acessório X,Acessório,Azul,GG,2,334.07,0.0,668.14,Cartão de Débito,Física,146.0,8
8079,2026-07-01,10:15,74,Acessório Social,Acessório,Preta,GG,2,90.99,0.0,181.98,Crediário,Online,,14
8080,2026-04-27,20:00,87,Camiseta Casual,Camiseta,Rosa,G,1,25.88,0.0,"25,88",PIX,Online,123.0,17
8081,2026-03-21,20:15,6,Acessório X,Acessório,Azul,GG,3,334.07,150.33,851.88,PIX,Física,174.0,25
8082,2026-04-27,15:00,68,Jaqueta Premium,Jaqueta,Vermelha,G,4,65.29,0.0,261.16,Crediário,Física,121.0,10
8083,2026-09-14,18:30  ,98,Vestido Social,Vestido,Branca,G,1,290.16,0.0,290.16,Cartão de Crédito,Online,454.0,25
8084,2026-06-07,21:00,177,Bermuda Básica,Bermuda,Branca,G,4,113.66,45.46,409.18,Cartão de Crédito,Online,565.0,10
8085,2026-09-07,20:30,176,Camiseta Premium,Camiseta,Vermelha,GG,3,225.97,101.69,576.22,Dinheiro,Online,130.0,19
8086,2026-07-03,10:15,132,Acessório Básica,Acessório,Branca,P,4,296.32,59.26,1126.02,PIX,Física,529.0,18
8087,2026-06-11,17:15,2,Camiseta Básica,Camiseta,Cinza,P,3,57.67,25.95,147.06,Cartão de Crédito,Física,55.0,24
8088,2026-07-23,20:15,136,Blusa Social,Blusa,Azul,P,3,114.45,0.0,343.35,Cartão de Débito,Física,36.0,1
8089,2026-05-27,16:00,85,Blusa Casual,Blusa,Vermelha,G,1,273.43,27.34,246.09,Cartão de Débito,Online,135.0,3
8090,2026-07-19,15:30,7,Jaqueta Esporte,Jaqueta,Preta,P,4,33.34,0.0,133.36,Cartão de Débito,Online,,9
8091,2026-06-04,20:00,51,Jaqueta Slim,Jaqueta,Verde,M,4,118.56,47.42,426.82,CARTÃO DE DÉBITO,Física,,24
8092,2026-05-15,19:00  ,40,Bermuda Esporte,Bermuda,Azul,G,1,78.7,0.0,78.7,Cartão de Crédito,Física,533.0,20
8093,2026-09-05,15:45,86,Bermuda Casual,Bermuda,Branca,P,3,211.18,0.0,633.54,Cartão de Débito,Online,451.0,22
8094,2026-07-23, 14:45,171,Acessório X,Acessório,Verde,G,4,85.73,0.0,342.92,Cartão de Débito,Online,523.0,9
8095,2026-08-11,21:00,26,Bermuda Slim,Bermuda,Branca,P,2,207.97,0.0,415.94,Crediário,Física,402.0,21
8096,2026-03-24,20:15,15,Blusa Social,Blusa,Azul,M,2,303.57,0.0,607.14,Cartão de Débito,Online,482.0,10
8097,2026-03-26,20:00,148,Acessório Premium,Acessório,Vermelha,GG,1,36.52,0.0,36.52,Cartão de Crédito,Online,,16
8098,2026-03-02,19:00  ,122,Bermuda Casual,Bermuda,Rosa,GG,3,286.85,43.03,817.52,Dinheiro,Online,69.0,7
8099,2026-05-04,21:45,165,Blusa Casual,Blusa,Rosa,GG,4,156.99,31.4,596.56,Cartão de Crédito,Física,336.0,7
8100,2026-08-02,09:15,55,Vestido Premium,Vestido,Verde,P,4,95.27,0.0,381.08,Crediário,Física,124.0,20
8101,2026-04-16,10:30,147,Bermuda Básica,Bermuda,Branca,P,1,44.8,0.0,44.8,Dinheiro,Física,93.0,17
8102,2026-07-29,10:30,51,Jaqueta Slim,Jaqueta,Verde,M,2,118.56,0.0,237.12,PIX,Física,92.0,3
8103,2026-07-06,20:15,38,Calça X,Calça,Azul,G,2,234.51,46.9,422.12,Cartão de Débito,Física,51.0,9
8104,2026-09-16, 16:30,59,Acessório X,Acessório,Azul,G,2,137.62,13.76,261.48,Cartão de Crédito,Física,247.0,5
8105,2026-03-03,11:15,28,Camiseta Social,Camiseta,Rosa,GG,2,276.72,0.0,553.44,Cartão de Débito,Online,405.0,2
8106,2026-07-20,10:30,116,Blusa Casual,Blusa,Azul,G,4,332.71,199.63,1131.21,Dinheiro,Online,175.0,17
8107,2026-06-08,16:45,15,Blusa Social,Blusa,Azul,M,1,303.57,0.0,303.57,Cartão de Débito,Online,182.0,12
8108,2026-08-12,21:00,152,Acessório Básica,Acessório,Verde,GG,1,238.11,0.0,238.11,PIX,Física,554.0,12
8109,2026-09-23,17:00  ,7,Jaqueta Esporte,Jaqueta,Preta,P,3,33.34,0.0,100.02,Dinheiro,Física,281.0,21
8110,2026-09-09,13:45,81,Calça Social,Calça,Cinza,P,1,125.82,6.29,119.53,Cartão de Débito,Física,,15
8111,2026-08-04,21:00,61,Acessório Básica,Acessório,Rosa,M,2,281.06,56.21,505.91,PIX,Online,445.0,14
8112,2026-07-08,13:00,141,Acessório Slim,Acessório,Rosa,G,4,250.39,50.08,951.48,Cartão de Crédito,Online,350.0,15
8113,2026-04-27,11:30,165,Blusa Casual,Blusa,Rosa,GG,4,156.99,94.19,"R$ 533,77",PIX,Física,,4
8114,2026-03-17,15:00,96,Bermuda Casual,Bermuda,Branca,M,4,123.65,0.0,494.6,Cartão de Crédito,Física,71.0,18
8115,2026-08-21,14:45,76,Bermuda Premium,Bermuda,Vermelha,M,2,45.34,9.07,81.61,PIX,Online,40.0,2
8116,2026-03-06,10:00,36,Vestido Social,Vestido,Azul,P,4,348.35,0.0,1393.4,PIX,Física,405.0,6
8117,2026-08-09,12:45,145,Bermuda Esporte,Bermuda,Cinza,G,1,144.91,21.74,123.17,Cartão de Crédito,Física,46.0,5
8118,2026-09-25,21:30,160,Calça X,Calça,Verde,P,4,137.04,0.0,548.16,Cartão de Débito,Física,59.0,20
8119,2026-06-12, 20:45 ,76,Bermuda Premium,Bermuda,Vermelha,M,4,45.34,0.0,181.36,Cartão de Débito,Física,195.0,4
8120,2026-07-17,11:45,58,Acessório Básica,Acessório,Cinza,P,4,304.84,121.94,1097.42,Dinheiro,Física,396.0,14
8121,2026-06-20,12:00,111,Acessório Esporte,Acessório,Rosa,M,1,333.04,49.96,283.08,PIX,Física,80075.0,11
8122,2026-06-12,10:45,66369,Calça Slim,Calça,Rosa,P,2,297.88,29.79,565.97,Dinheiro,Física,,6
8123,29/05/26,19:15,133,Calça Social,Calça,Rosa,G,1,39.8,0.0,39.8,PIX,Física,64.0,13
8124,2026-05-13,14:15,70,Blusa Slim,Blusa,Verde,GG,2,203.23,0.0,406.46,Cartão de Crédito,Online,67.0,24
8125,2026-06-29,19:00,174,Jaqueta Casual,Jaqueta,Preta,GG,3,214.83,0.0,644.49,Cartão de Crédito,Física,138.0,14
8126,2026-07-20,17:45,162,Blusa Premium,Blusa,Branca,M,4,219.23,0.0,876.92,Cartão de Crédito,Física,194.0,5
8127,2026-03-28,18:45,74,Acessório Social,Acessório,Preta,GG,1,90.99,0.0,90.99,Cartão de Débito,Online,263.0,12
8128,2026-08-24,20:45,58,Acessório Básica,Acessório,Cinza,P,1,304.84,0.0,304.84,Cartão de Débito,Física,158.0,21
8129,2026-07-07,16:30,103,Jaqueta Social,Jaqueta,Verde,G,3,239.05,0.0,717.15,Cartão de Crédito,Física,59.0,13
8130,2026-07-12,11:30,25,Blusa Social,Blusa,Rosa,M,1,285.55,0.0,285.55,Cartão de Débito,Física,286.0,25
8131,2026-03-01,17:00,73,Vestido Social,Vestido,Preta,P,2,83.59,16.72,150.46,Cartão de Débito,Física,,2
8132,2026-05-27,15:30,138,Acessório Social,Acessório,Rosa,G,3,125.4,0.0,376.2,Crediário,Física,13.0,16
8133,05-05-2026,20:15,85,Blusa Casual,Blusa,Vermelha,G,4,273.43,0.0,1093.72,Cartão de Crédito,Física,79.0,19
8134,2026-06-19,20:30,175,Calça Social,Calça,Rosa,P,3,90.45,0.0,271.35,PIX,Física,,1
8135,2026-04-14,13:00,9,Jaqueta Social,Jaqueta,Rosa,G,1,97.54,4.88,92.66,Dinheiro,Física,214.0,1
8136,2026-07-13,13:45,43,Vestido Básica,Vestido,Rosa,G,3,212.4,63.72,573.48,Cartão de Crédito,Online,472.0,23
8137,2026-03-27,16:30,124,Jaqueta Slim,Jaqueta,Verde,G,3,210.25,94.61,536.14,Cartão de Crédito,Física,119.0,9
8138,2026-08-09,17:45,56,Bermuda Casual,Bermuda,Verde,P,2,269.73,26.97,512.49,Cartão de Débito,Online,116.0,22
8139,2026-09-08,10:15,94,Acessório Casual,Acessório,Verde,M,2,202.82,40.56,365.08,Cartão de Crédito,Online,11.0,17
8140,2026-07-16,18:00,43,Vestido Básica,Vestido,Rosa,G,2,212.4,42.48,382.32,Cartão de Débito,Online,502.0,7
8141,2026-04-14,14:45,176,Camiseta Premium,Camiseta,Vermelha,GG,1,225.97,33.9,192.07,Cartão de Débito,Física,435.0,16
8142,2026-04-04,20:00,131,Vestido Básica,Vestido,Vermelha,M,2,38.91,0.0,77.82,Cartão de Débito,Online,330.0,15
8143,2026-09-09,17:45,98,Vestido Social,Vestido,Branca,G,4,290.16,58.03,1102.61,Cartão de Débito,Física,583.0,2
8144,2026-04-01, 10:15 ,62,Camiseta Básica,Camiseta,Azul,GG,4,140.6,56.24,506.16,Cartão de Crédito,Online,51.0,24
8145,2026-04-17,13:45,135,Camiseta Slim,Camiseta,Preta,GG,3,333.31,0.0,999.93,Cartão de Débito,Física,190.0,11
8146,2026-07-04,13:15,73,Vestido Social,Vestido,Preta,P,4,83.59,0.0,334.36,PIX,Física,408.0,5
8147,2026-07-18,21:45,76,Bermuda Premium,Bermuda,Vermelha,M,1,45.34,0.0,45.34,PIX,Online,61877.0,22
8148,2026-07-13,14:45,179,Vestido Básica,Vestido,Azul,G,2,31.43,9.43,53.43,Cartão de Débito,Física,440.0,3
8149,2026-08-17,20:00,174,Jaqueta Casual,Jaqueta,Preta,GG,3,214.83,0.0,644.49,Cartão de Débito,Física,246.0,23
8150,23-04-2026,09:00,137,Camiseta Esporte,Camiseta,Preta,M,2,149.09,29.82,268.36,Cartão de Débito,Online,592.0,20
8151,16/08/2026,15:15,64,Camiseta Básica,Camiseta,Rosa,M,2,108.86,21.77,195.95,Cartão de Crédito,Física,402.0,5
8152,2026-06-21,16:30,135,Camiseta Slim,Camiseta,Preta,GG,4,333.31,0.0,1333.24,Dinheiro,Online,,13
8153,2026-06-14,11:45,164,Blusa X,Blusa,Cinza,G,4,193.36,77.34,696.1,Cartão de Débito,Física,166.0,22
8154,2026-09-13,20:30,112,Calça Básica,Calça,Azul,M,3,318.38,95.51,859.63,PIX,Online,142.0,11
8155,2026-05-30,14:15,47,Vestido Premium,Vestido,Cinza,G,4,115.65,46.26,416.34,PIX,Física,40.0,22
8156,2026-04-24,11:30,20,Calça X,Calça,Vermelha,P,2,211.81,0.0,423.62,Cartão de Débito,Online,92.0,1
8157,2026-07-08,14:30,68,Jaqueta Premium,Jaqueta,Vermelha,G,2,65.29,0.0,130.58,Cartão de Crédito,Online,550.0,9
8158,2026-04-06,11:00,101,Vestido Social,Vestido,Vermelha,GG,1,158.47,7.92,150.55,Dinheiro,Física,178.0,16
8159,2026-03-07, 20:15,64,Camiseta Básica,Camiseta,Rosa,M,2,108.86,0.0,217.72,CARTÃO DE DÉBITO,Física,,15
8160,2026-08-08,15:45,57,Jaqueta Básica,Jaqueta,Verde,GG,2,111.2,22.24,200.16,Cartão de Débito,Física,485.0,8
8161,2026-03-16,10:30,1,Acessório Premium,Acessório,Verde,G,4,129.26,0.0,517.04,Cartão de Crédito,Online,51.0,3
8162,2026-07-19,09:30,75,Jaqueta Casual,Jaqueta,Azul,G,4,238.16,95.26,857.38,Cartão de Débito,Física,600.0,22
8163,2026-05-08,10:30,170,Blusa Premium,Blusa,Azul,G,1,154.9,0.0,154.9,Crediário,Online,302.0,7
8164,2026-04-01,10:30,157,Blusa Social,Blusa,Rosa,GG,3,325.37,48.81,927.3,PIX,Física,516.0,20
8165,2026-06-14,18:15,97,Camiseta Slim,Camiseta,Azul,M,3,174.51,0.0,523.53,Cartão de Crédito,Online,174.0,24
8166,2026-05-04,15:45,85,Blusa Casual,Blusa,Vermelha,G,3,273.43,0.0,820.29,Cartão de Débito,Física,519.0,11
8167,2026-06-02,09:00,148,Acessório Premium,Acessório,Vermelha,GG,3,36.52,0.0,"R$ 109,56",Cartão de Crédito,Online,498.0,24
8168,2026-03-14,14:15,63,Calça Premium,Calça,Vermelha,G,1,277.67,0.0,277.67,Cartão de Crédito,Online,243.0,11
8169,2026-08-05,14:00,150,Blusa Esporte,Blusa,Vermelha,M,4,241.11,144.67,819.77,Cartão de Crédito,Online,325.0,12
8170,2026-04-30,19:30,53,Camiseta Básica,Camiseta,Branca,P,2,204.54,0.0,409.08,Cartão de Crédito,Física,294.0,10
8171,2026-07-09,13:30,34,Acessório Slim,Acessório,Azul,M,4,220.29,88.12,793.04,Dinheiro,Física,93.0,19
8172,2026-07-29,19:15,79,Camiseta X,Camiseta,Cinza,G,4,76.54,0.0,306.16,Cartão de Débito,Online,17.0,13
8173,2026-05-14,19:15,170,Blusa Premium,Blusa,Azul,G,1,154.9,23.24,131.66,PIX,Online,486.0,5
8174,2026-09-01,10:45,69,Camiseta Social,Camiseta,Branca,M,1,96.99,0.0,96.99,Crediário,Física,31.0,7
8175,2026-05-22,21:15,15,Blusa Social,Blusa,Azul,M,1,303.57,0.0,303.57,Cartão de Crédito,Online,275.0,14
8176,2026-08-26,14:15,73,Vestido Social,Vestido,Preta,P,1,83.59,8.36,75.23,Crediário,Física,249.0,10
8177,2026-06-15,20:00,40,Bermuda Esporte,Bermuda,Azul,G,3,78.7,23.61,212.49,Crediário,Online,,12
8178,2026-03-08,13:45,102,Bermuda X,Bermuda,Azul,G,1,181.84,0.0,181.84,Crediário,Física,575.0,15
8179,2026-06-15,20:45,29,Blusa Esporte,Blusa,Branca,M,4,318.44,63.69,1210.07,Crediário,Online,527.0,13
8180,2026-06-25, 16:45 ,5,Jaqueta Slim,Jaqueta,Branca,GG,2,87.47,26.24,148.7,Cartão de Crédito,Online,425.0,4
8181,2026-07-12,19:30,44,Jaqueta Esporte,Jaqueta,Azul,GG,1,198.07,29.71,"168,36",Dinheiro,Online,96.0,25
8182,2026-03-21,17:45,88,Camiseta Básica,Camiseta,Branca,GG,2,270.48,0.0,540.96,PIX,Online,29.0,12
8183,2026-06-27,18:00,52,Vestido Casual,Vestido,Rosa,GG,3,235.08,105.79,599.45,Cartão de Débito,Online,349.0,5
8184,2026-07-02,10:00,84,Jaqueta Básica,Jaqueta,Verde,P,2,313.9,0.0,627.8,PIX,Online,537.0,6
8185,2026-09-10,15:45,47,Vestido Premium,Vestido,Cinza,G,4,115.65,69.39,393.21,Crediário,Física,223.0,14
8186,04/07/2026,20:15,28,Camiseta Social,Camiseta,Rosa,GG,4,276.72,0.0,1106.88,Cartão de Crédito,Física,21.0,5
8187,2026-07-19,20:15,30,Blusa Básica,Blusa,Preta,M,1,249.41,0.0,249.41,Cartão de Débito,Online,438.0,5
8188,2026-06-12,12:00,60,Acessório Esporte,Acessório,Azul,G,4,112.08,0.0,448.32,Crediário,Física,221.0,2
8189,2026-06-03,14:30,175,Calça Social,Calça,Rosa,P,3,90.45,13.57,257.78,PIX,Online,219.0,16
8190,2026-09-11,21:15,172,Camiseta Social,Camiseta,Rosa,G,3,281.43,0.0,844.29,Crediário,Física,539.0,1
8191,2026-08-17,21:45,118,Camiseta Esporte,Camiseta,Azul,M,4,214.08,85.63,770.69,Crediário,Online,66.0,15
8192,2026-03-28, 14:45,167,Acessório Casual,Acessório,Preta,P,2,326.38,97.91,554.85,PIX,Online,577.0,20
8193,2026-05-25,10:00,150,Blusa Esporte,Blusa,Vermelha,M,4,241.11,0.0,964.44,Cartão de Crédito,Física,513.0,7
8194,2026-06-24,16:30,131,Vestido Básica,Vestido,Vermelha,M,4,38.91,0.0,155.64,Cartão de Débito,Física,421.0,15
8195,2026-07-22,19:45,67,Bermuda Básica,Bermuda,Cinza,P,2,318.87,0.0,637.74,Dinheiro,Física,476.0,13
8196,2026-03-14,09:15,32,Bermuda Premium,Bermuda,Azul,GG,2,298.98,29.9,568.06,Cartão de Crédito,Online,53.0,1
8197,2026-09-12,17:00,52,Vestido Casual,Vestido,Rosa,GG,1,235.08,0.0,235.08,Cartão de Débito,Física,492.0,16
8198,2026-05-02,09:45,154,Acessório Esporte,Acessório,Azul,M,1,140.03,14.0,126.03,PIX,Online,1.0,4
8199,2026-05-28,18:45,26,Bermuda Slim,Bermuda,Branca,P,2,207.97,0.0,415.94,Cartão de Débito,Online,33.0,22
8200,2026-08-23,21:45,162,Blusa Premium,Blusa,Branca,M,2,219.23,65.77,372.69,Cartão de Crédito,Online,592.0,22
8201,2026-06-23,14:30,178,Calça Básica,Calça,Azul,GG,3,144.41,21.66,"411,57",Crediário,Física,581.0,16
8202,2026-04-10,09:45,105,Vestido Esporte,Vestido,Vermelha,P,3,168.87,0.0,506.61,Crediário,Física,46.0,7
8203,2026-08-03,17:45,59,Acessório X,Acessório,Azul,G,2,137.62,27.52,247.72,Cartão de Crédito,Online,257.0,16
8204,2026-09-02,18:15,159,Acessório Slim,Acessório,Azul,G,3,201.01,0.0,603.03,Cartão de Débito,Física,28.0,3
8205,2026-04-30,16:45,40,Bermuda Esporte,Bermuda,Azul,G,3,78.7,0.0,236.1,PIX,Online,408.0,2
8206,2026-04-28,16:45,29,Blusa Esporte,Blusa,Branca,M,2,318.44,63.69,573.19,Cartão de Crédito,Física,184.0,20
8207,2026-06-13,21:15,12,Bermuda Esporte,Bermuda,Cinza,M,4,327.44,0.0,1309.76,PIX,Física,53.0,7
8208,2026-07-16,14:00,134,Calça Slim,Calça,Rosa,P,3,297.88,44.68,848.96,PIX,Física,520.0,23
8209,2026-06-25,15:45,132,Acessório Básica,Acessório,Branca,P,4,296.32,0.0,1185.28,Cartão de Débito,Física,330.0,16
8210,2026-05-05,21:00,50,Blusa Esporte,Blusa,Vermelha,GG,2,189.51,37.9,341.12,Cartão de Crédito,Online,141.0,2
8211,2026-06-02,09:15,108,Bermuda Social,Bermuda,Vermelha,P,2,179.79,0.0,359.58,Cartão de Débito,Online,245.0,9
8212,2026-04-28,19:15,70,Blusa Slim,Blusa,Verde,GG,4,203.23,0.0,812.92,Cartão de Crédito,Online,330.0,11
8213,2026-07-23,13:30,60,Acessório Esporte,Acessório,Azul,G,1,112.08,0.0,112.08,Cartão de Crédito,Física,473.0,18
8214,2026-03-21,18:30,12,Bermuda Esporte,Bermuda,Cinza,M,4,327.44,0.0,1309.76,PIX,Online,554.0,24
8215,2026-09-09,13:30,128,Bermuda Básica,Bermuda,Preta,GG,4,193.28,38.66,734.46,Cartão de Crédito,Online,580.0,5
8216,2026-03-22,19:30,39,Calça Social,Calça,Vermelha,GG,3,327.41,98.22,884.01,pix,Online,60.0,2
8217,2026-09-14,14:30,7,Jaqueta Esporte,Jaqueta,Preta,P,4,33.34,0.0,133.36,Cartão de Débito,Online,536.0,7
8218,2026-04-04,15:00,33,Blusa X,Blusa,Vermelha,P,4,230.83,46.17,877.15,pix,Física,352.0,24
8219,2026-04-04,13:30,54,Calça Esporte,Calça,Verde,P,2,77.13,7.71,146.55,PIX,Online,153.0,5
8220,2026-03-04,18:15,145,Bermuda Esporte,Bermuda,Cinza,G,2,144.91,0.0,289.82,PIX,Física,92.0,22
8221,2026-05-17,18:15,145,Bermuda Esporte,Bermuda,Cinza,G,2,144.91,28.98,260.84,Cartão de Débito,Física,483.0,4
8222,2026-05-19,14:15,85,Blusa Casual,Blusa,Vermelha,G,2,273.43,27.34,519.52,Cartão de Débito,Física,,6
8223,2026-04-24,11:30,39,Calça Social,Calça,Vermelha,GG,1,327.41,49.11,"R$ 278,30",Crediário,Online,462.0,3
8224,2026-07-18,20:00,75,Jaqueta Casual,Jaqueta,Azul,G,2,238.16,23.82,452.5,Crediário,Online,449.0,23
8225,2026-05-12,15:00,99,Vestido Social,Vestido,Rosa,P,4,135.91,81.55,462.09,Dinheiro,Online,148.0,23
8226,2026-05-13,14:15,77,Vestido X,Vestido,Rosa,G,1,195.59,0.0,195.59,PIX,Física,213.0,2
8227,2026-04-28,15:00,2,Camiseta Básica,Camiseta,Cinza,P,3,57.67,0.0,173.01,Cartão de Débito,Online,,6
8228,2026-04-21,19:30,180,Acessório X,Acessório,Cinza,G,3,73.69,0.0,221.07,Crediário,Física,274.0,7
8229,2026-03-04,12:30,19,Blusa Casual,Blusa,Preta,M,4,212.08,0.0,848.32,Cartão de Débito,Física,294.0,11
8230,2026-08-21,18:30,129,Vestido X,Vestido,Branca,GG,1,295.38,0.0,295.38,Cartão de Crédito,Física,36.0,8
8231,2026-09-20,10:00,93,Blusa Social,Blusa,Vermelha,GG,4,327.13,65.43,1243.09,PIX,Física,234.0,2
8232,2026-04-20,19:45,30,Blusa Básica,Blusa,Preta,M,2,249.41,74.82,424.0,PIX,Online,549.0,12
8233,2026-04-11,11:00,139,Acessório Slim,Acessório,Branca,P,2,227.76,45.55,409.97,Dinheiro,Física,148.0,25
8234,2026-08-11,20:30,106,Vestido Premium,Vestido,Cinza,G,1,201.43,10.07,191.36,Dinheiro,Online,598.0,18
8235,2026-07-16,21:45,91,Camiseta Casual,Camiseta,Branca,P,4,29.36,11.74,105.7,Dinheiro,Online,339.0,21
8236,2026-03-07,19:15,98,Vestido Social,Vestido,Branca,G,4,290.16,174.1,986.54,PIX,Online,262.0,21
8237,2026-04-21,16:30,38,Calça X,Calça,Azul,G,1,234.51,23.45,211.06,PIX,Física,453.0,21
8238,2026-09-11,19:15,73,Vestido Social,Vestido,Preta,P,1,83.59,4.18,79.41,Cartão de Crédito,Online,,2
8239,2026-04-14,10:15,5,Jaqueta Slim,Jaqueta,Branca,GG,1,87.47,4.37,"R$ 83,10",Cartão de Crédito,Online,115.0,24
8240,2026-03-21,12:30,135,Camiseta Slim,Camiseta,Preta,GG,4,333.31,66.66,1266.58,Cartão de Débito,Online,367.0,2
8241,2026-06-02,15:45,4,Jaqueta Básica,Jaqueta,Vermelha,M,4,148.57,0.0,594.28,Dinheiro,Física,592.0,14
8242,2026-06-19,09:30,114,Jaqueta Esporte,Jaqueta,Verde,P,4,60.77,36.46,206.62,Cartão de Crédito,Online,424.0,3
8243,2026-07-16,21:45,38,Calça X,Calça,Azul,G,3,234.51,105.53,598.0,Crediário,Física,393.0,7
8244,2026-07-17,21:30,61,Acessório Básica,Acessório,Rosa,M,4,281.06,0.0,1124.24,Dinheiro,Online,515.0,11
8245,2026-06-10, 10:45 ,142,Acessório Básica,Acessório,Cinza,G,1,333.62,33.36,300.26,Cartão de Crédito,Online,445.0,17
8246,2026-05-31,14:30,59,Acessório X,Acessório,Azul,G,4,137.62,0.0,550.48,Cartão de Crédito,Física,330.0,13
8247,2026-07-23,16:30,23,Blusa X,Blusa,Preta,P,2,219.84,43.97,"395,71",Cartão de Débito,Online,,17
8248,2026-03-21,10:30,15,Blusa Social,Blusa,Azul,M,3,303.57,0.0,910.71,Dinheiro,Física,229.0,16
8249,2026-08-09,13:00,80,Jaqueta Casual,Jaqueta,Cinza,P,3,258.13,0.0,774.39,Crediário,Online,11.0,25
8250,2026-09-11,09:30,134,Calça Slim,Calça,Rosa,P,4,297.88,0.0,1191.52,Cartão de Crédito,Física,62.0,18
8251,05/04/26,19:45,17,Acessório Casual,Acessório,Rosa,P,4,277.21,110.88,997.96,Dinheiro,Física,567.0,18
8252,2026-05-26,19:15,171,Acessório X,Acessório,Verde,G,2,85.73,0.0,171.46,Crediário,Online,430.0,21
8253,2026-07-04,09:45,68,Jaqueta Premium,Jaqueta,Vermelha,G,1,65.29,0.0,65.29,Cartão de Crédito,Online,595.0,15
8254,2026-07-22,15:00,20,Calça X,Calça,Vermelha,P,1,211.81,10.59,201.22,Cartão de Débito,Física,500.0,25
8255,2026-07-22,20:15,18,Vestido Premium,Vestido,Vermelha,P,4,221.89,133.13,754.43,PIX,Online,262.0,6
8256,2026-03-16,18:00,108,Bermuda Social,Bermuda,Vermelha,P,4,179.79,0.0,719.16,Cartão de Débito,Online,58876.0,12
8257,2026-03-27,12:30,154,Acessório Esporte,Acessório,Azul,M,2,140.03,14.0,266.06,Cartão de Débito,Online,215.0,7
8258,2026-09-23,13:15,24,Blusa X,Blusa,Cinza,GG,3,80.81,0.0,242.43,Cartão de Crédito,Física,392.0,18
8259,2026-04-05,14:45,112,Calça Básica,Calça,Azul,M,4,318.38,0.0,1273.52,Dinheiro,Online,50.0,5
8260,2026-07-04,09:00,41,Jaqueta Casual,Jaqueta,Cinza,GG,4,274.27,0.0,1097.08,PIX,Física,315.0,23
8261,2026-09-07,12:00,37,Bermuda Básica,Bermuda,Branca,M,4,197.74,0.0,790.96,PIX,Online,554.0,12
8262,2026-03-17,10:30,129,Vestido X,Vestido,Branca,GG,4,295.38,0.0,1181.52,Cartão de Débito,Física,29557.0,19
8263,2026-07-26,20:45,172,Camiseta Social,Camiseta,Rosa,G,-2,281.43,84.43,478.43,Cartão de Crédito,Online,278.0,19
8264,2026-05-05,12:15,151,Blusa Casual,Blusa,Preta,P,4,121.09,0.0,484.36,Dinheiro,Física,125.0,1
8265,2026-08-22,09:45,16,Acessório Casual,Acessório,Verde,GG,1,160.59,8.03,152.56,Cartão de Débito,Online,550.0,11
8266,2026-03-19,19:45,126,Vestido Slim,Vestido,Vermelha,M,1,262.43,13.12,249.31,PIX,Online,171.0,1
8267,2026-05-29,15:15,113,Blusa Social,Blusa,Rosa,P,2,270.36,0.0,540.72,Cartão de Crédito,Online,459.0,13
8268,2026-04-12,21:00,42,Bermuda Casual,Bermuda,Branca,P,2,336.75,101.02,"R$ 572,48",Dinheiro,Online,262.0,10
8269,2026-09-15,09:45,136,Blusa Social,Blusa,Azul,P,3,114.45,34.34,309.01,Cartão de Crédito,Online,208.0,7
8270,2026-05-24,20:45,18,Vestido Premium,Vestido,Vermelha,P,1,221.89,11.09,210.8,Cartão de Débito,Física,130.0,25
8271,2026-04-26,11:15,69,Camiseta Social,Camiseta,Branca,M,3,96.99,0.0,290.97,Dinheiro,Online,58.0,23
8272,2026-05-24,13:00,115,Jaqueta Social,Jaqueta,Preta,GG,3,278.18,0.0,834.54,Cartão de Débito,Online,306.0,14
8273,2026-04-25,17:30,50,Blusa Esporte,Blusa,Vermelha,GG,2,189.51,37.9,341.12,PIX,Online,,11
8274,2026-06-11,09:15,116,Blusa Casual,Blusa,Azul,G,1,332.71,0.0,332.71,Cartão de Débito,Online,395.0,22
8275,2026-05-04,09:30,109,Camiseta Básica,Camiseta,Cinza,P,4,128.12,0.0,512.48,Cartão de Débito,Física,345.0,18
8276,2026-06-03,10:45,10,Jaqueta Casual,Jaqueta,Cinza,GG,2,338.29,67.66,608.92,Cartão de Crédito,Física,593.0,16
8277,2026-06-12,20:45,14,Bermuda Social,Bermuda,Branca,P,3,125.8,56.61,320.79,Cartão de Débito,Online,235.0,14
8278,2026-03-07,17:30,81,Calça Social,Calça,Cinza,P,1,125.82,18.87,106.95,PIX,Online,,4
8279,2026-04-26,11:00,155,Bermuda X,Bermuda,Preta,M,3,134.96,0.0,404.88,Dinheiro,Online,264.0,17
8280,02/04/26,17:00,64,Camiseta Básica,Camiseta,Rosa,M,1,108.86,10.89,97.97,Dinheiro,Física,468.0,19
8281,2026-07-02,16:30,97,Camiseta Slim,Camiseta,Azul,M,2,174.51,0.0,349.02,PIX,Física,32.0,2
8282,18/08/26,13:15,30,Blusa Básica,Blusa,Preta,M,1,249.41,24.94,224.47,PIX,Online,2.0,21
8283,2026-08-02,11:15,62,Camiseta Básica,Camiseta,Azul,GG,3,140.6,21.09,400.71,Cartão de Crédito,Física,3.0,16
8284,2026-07-03,18:45,126,Vestido Slim,Vestido,Vermelha,M,3,262.43,118.09,669.2,PIX,Online,11.0,3
8285,2026-03-06,20:00,1,Acessório Premium,Acessório,Verde,G,4,129.26,0.0,517.04,Cartão de Débito,Física,11.0,4
8286,2026-09-09,19:00,22,Vestido Social,Vestido,Rosa,G,2,289.54,86.86,"492,22",Cartão de Crédito,Online,491.0,17
8287,2026-06-09,11:30,65,Jaqueta Social,Jaqueta,Cinza,GG,1,77.68,0.0,77.68,Crediário,Física,2.0,13
8288,2026-05-16,11:15,21,Jaqueta Casual,Jaqueta,Cinza,G,1,186.68,9.33,177.35,Cartão de Débito,Online,574.0,22
8289,2026-03-19,12:45,2,Camiseta Básica,Camiseta,Cinza,P,3,57.67,0.0,173.01,Cartão de Crédito,Online,362.0,13
8290,2026-03-14,10:15,36,Vestido Social,Vestido,Azul,P,1,348.35,0.0,348.35,Cartão de Crédito,Online,343.0,23
8291,2026-06-21,20:30,132,Acessório Básica,Acessório,Branca,P,3,296.32,0.0,888.96,Cartão de Crédito,Online,524.0,20
8292,2026-08-28,09:00,36,Vestido Social,Vestido,Azul,P,1,348.35,0.0,348.35,PIX,Física,,12
8293,2026-08-05,13:45,128,Bermuda Básica,Bermuda,Preta,GG,2,193.28,19.33,367.23,Cartão de Débito,Online,36.0,2
8294,2026-08-14,11:30,153,Vestido Básica,Vestido,Preta,G,3,129.37,0.0,388.11,Cartão de Débito,Física,,11
8295,2026-05-16,10:45,122,Bermuda Casual,Bermuda,Rosa,GG,1,286.85,43.03,243.82,PIX,Online,78.0,24
8296,2026-05-29,15:30,119,Vestido Básica,Vestido,Azul,P,3,51.47,0.0,154.41,Dinheiro,Online,62.0,17
8297,2026-07-12,11:00,169,Vestido Esporte,Vestido,Rosa,M,3,120.16,0.0,"360,48",Cartão de Débito,Física,75.0,22
8298,2026-09-24,15:15,8,Blusa Social,Blusa,Preta,M,4,290.68,174.41,988.31,CARTÃO DE CRÉDITO,Física,536.0,14
8299,2026-03-03,16:15,36,Vestido Social,Vestido,Azul,P,1,348.35,17.42,330.93,Crediário,Física,553.0,18
8300,2026-04-29, 17:15 ,126,Vestido Slim,Vestido,Vermelha,M,4,262.43,157.46,892.26,Cartão de Crédito,Online,151.0,12
8301,2026-08-14,15:00,32,Bermuda Premium,Bermuda,Azul,GG,2,298.98,59.8,538.16,Cartão de Débito,Online,470.0,16
8302,2026-06-12,17:15,34,Acessório Slim,Acessório,Azul,M,4,220.29,0.0,881.16,Crediário,Online,,10
8303,2026-08-16,15:00,14,Bermuda Social,Bermuda,Branca,P,2,125.8,0.0,251.6,Cartão de Débito,Online,463.0,2
8304,30/04/26,13:15,2,Camiseta Básica,Camiseta,Cinza,P,4,57.67,23.07,207.61,Crediário,Física,536.0,11
8305,2026-04-24,18:00,3,Camiseta Social,Camiseta,Branca,GG,3,48.72,0.0,146.16,Cartão de Crédito,Física,484.0,11
8306,2026-08-01,21:30,129,Vestido X,Vestido,Branca,GG,1,295.38,29.54,265.84,Cartão de Crédito,Online,228.0,23
8307,2026-06-24,17:00,4,Jaqueta Básica,Jaqueta,Vermelha,M,4,148.57,89.14,505.14,Dinheiro,Online,172.0,7
8308,2026-06-09,18:00,158,Blusa Social,Blusa,Rosa,M,1,185.68,0.0,185.68,PIX,Física,51.0,21
8309,2026-04-17,16:45,140,Acessório Premium,Acessório,Rosa,G,4,155.17,0.0,620.68,Cartão de Crédito,Online,326.0,8
8310,2026-08-31,13:30,149,Calça Premium,Calça,Vermelha,P,3,296.39,44.46,844.71,Cartão de Crédito,Física,328.0,9
8311,2026-03-18,09:45,157,Blusa Social,Blusa,Rosa,GG,2,325.37,65.07,585.67,Cartão de Débito,Online,139.0,8
8312,2026-06-01,17:15,2,Camiseta Básica,Camiseta,Cinza,P,1,57.67,0.0,57.67,Cartão de Crédito,Física,70.0,23
8313,2026-06-01,18:15,29,Blusa Esporte,Blusa,Branca,M,4,318.44,127.38,1146.38,Cartão de Débito,Física,275.0,2
8314,2026-07-30,13:45,110,Bermuda Esporte,Bermuda,Branca,GG,1,116.53,5.83,110.7,Cartão de Crédito,Online,532.0,19
8315,2026-07-28,18:45,140,Acessório Premium,Acessório,Rosa,G,1,155.17,0.0,155.17,PIX,Física,47.0,4
8316,2026-08-07,14:15,10,Jaqueta Casual,Jaqueta,Cinza,GG,4,338.29,67.66,1285.5,cartao credito,Online,349.0,8
8317,2026-05-04,21:30,68,Jaqueta Premium,Jaqueta,Vermelha,G,3,65.29,29.38,166.49,Crediário,Física,597.0,22
8318,2026-07-16,10:30,46,Acessório X,Acessório,Cinza,M,4,184.96,0.0,739.84,PIX,Física,165.0,16
8319,2026-07-19,19:15,131,Vestido Básica,Vestido,Vermelha,M,4,38.91,0.0,155.64,Cartão de Débito,Online,29.0,6
8320,2026-08-05,16:30,92,Calça Casual,Calça,Rosa,G,4,164.58,32.92,625.4,Dinheiro,Online,297.0,20
8321,2026-04-10,15:00,86,Bermuda Casual,Bermuda,Branca,P,3,211.18,31.68,601.86,Crediário,Online,474.0,3
8322,2026-04-04,13:45,32,Bermuda Premium,Bermuda,Azul,GG,1,298.98,0.0,298.98,Cartão de Crédito,Física,179.0,25
8323,2026-03-06,20:00,29,Blusa Esporte,Blusa,Branca,M,4,318.44,63.69,1210.07,Cartão de Crédito,Física,233.0,13
8324,2026-08-24,15:30,26,Bermuda Slim,Bermuda,Branca,P,4,207.97,41.59,790.29,PIX,Física,151.0,8
8325,19-05-2026,11:30,130,Blusa Esporte,Blusa,Verde,GG,3,154.8,23.22,441.18,Crediário,Online,207.0,23
8326,19/09/2026,21:15,147,Bermuda Básica,Bermuda,Branca,P,4,44.8,0.0,179.2,Cartão de Crédito,Física,155.0,10
8327,2026-07-25,11:30,99,Vestido Social,Vestido,Rosa,P,1,135.91,13.59,122.32,Cartão de Crédito,Física,11.0,10
8328,2026-04-03,15:30,171,Acessório X,Acessório,Verde,G,4,85.73,0.0,342.92,Cartão de Crédito,Física,95.0,9
8329,2026-06-26,21:15,31,Vestido Slim,Vestido,Azul,P,3,35.57,0.0,106.71,Dinheiro,Online,219.0,1
8330,2026-05-30,09:15,174,Jaqueta Casual,Jaqueta,Preta,GG,3,214.83,0.0,644.49,PIX,Física,170.0,24
8331,2026-05-31,17:00,26,Bermuda Slim,Bermuda,Branca,P,2,207.97,62.39,353.55,Cartão de Crédito,Física,134.0,16
8332,2026-07-04,11:45,21,Jaqueta Casual,Jaqueta,Cinza,G,2,186.68,0.0,373.36,PIX,Física,494.0,11
8333,2026-04-15,19:30,119,Vestido Básica,Vestido,Azul,P,2,51.47,0.0,102.94,PIX,Física,538.0,9
8334,2026-04-16,20:00,115,Jaqueta Social,Jaqueta,Preta,GG,1,278.18,0.0,278.18,CREDIÁRIO,Física,589.0,8
8335,2026-03-31,13:45,154,Acessório Esporte,Acessório,Azul,M,4,140.03,56.01,504.11,Cartão de Débito,Física,400.0,11
8336,2026-04-09,20:15,11,Calça Básica,Calça,Vermelha,G,3,297.24,0.0,891.72,Dinheiro,Online,238.0,21
8337,2026-09-22,11:45,30,Blusa Básica,Blusa,Preta,M,1,249.41,0.0,249.41,PIX,Física,247.0,12
8338,2026-05-27,16:45,34,Acessório Slim,Acessório,Azul,M,2,220.29,0.0,440.58,PIX,Física,108.0,13
8339,2026-07-15,09:45,38,Calça X,Calça,Azul,G,2,234.51,70.35,398.67,Dinheiro,Online,28923.0,1
8340,2026-09-23,16:30,166,Vestido Premium,Vestido,Vermelha,GG,4,194.42,116.65,661.03,PIX,Online,113.0,20
8341,2026-08-24,19:30,139,Acessório Slim,Acessório,Branca,P,1,227.76,0.0,227.76,Cartão de Débito,Online,,20
8342,03-09-2026,16:15,1,Acessório Premium,Acessório,Verde,G,2,129.26,0.0,258.52,Cartão de Débito,Online,486.0,11
8343,2026-03-16,12:45,12,Bermuda Esporte,Bermuda,Cinza,M,1,327.44,0.0,327.44,Dinheiro,Física,168.0,17
8344,2026-07-26,09:45,59,Acessório X,Acessório,Azul,G,1,137.62,0.0,137.62,PIX,Online,129.0,3
8345,2026-08-20,11:30,21,Jaqueta Casual,Jaqueta,Cinza,G,2,186.68,56.0,317.36,Cartão de Crédito,Online,61.0,23
8346,2026-09-17,18:15  ,125,Vestido Esporte,Vestido,Vermelha,P,3,67.79,0.0,203.37,Cartão de Débito,Física,9.0,13
8347,2026-06-13,12:45,48,Camiseta Esporte,Camiseta,Preta,G,4,170.37,0.0,681.48,PIX,Online,102.0,6
8348,2026-07-02,14:45,49,Calça Básica,Calça,Verde,GG,3,193.27,0.0,579.81,PIX,Física,544.0,20
8349,2026-05-16,12:45,145,Bermuda Esporte,Bermuda,Cinza,G,3,144.91,21.74,412.99,PIX,Online,421.0,7
8350,2026-07-01,15:15,151,Blusa Casual,Blusa,Preta,P,1,121.09,18.16,102.93,Crediário,Física,8.0,7
8351,2026-03-18,14:00,108,Bermuda Social,Bermuda,Vermelha,P,4,179.79,71.92,647.24,Cartão de Débito,Online,499.0,1
8352,2026-08-07,15:15,149,Calça Premium,Calça,Vermelha,P,1,296.39,0.0,296.39,Cartão de Débito,Online,,15
8353,2026-05-02,11:30,71,Camiseta Esporte,Camiseta,Cinza,GG,1,252.73,0.0,252.73,Cartão de Débito,Online,372.0,21
8354,2026-07-15,21:15,92,Calça Casual,Calça,Rosa,G,1,164.58,0.0,164.58,Dinheiro,Online,282.0,4
8355,2026-05-16, 19:45,133,Calça Social,Calça,Rosa,G,1,39.8,5.97,33.83,Cartão de Débito,Online,309.0,11
8356,2026-08-17,20:45,180,Acessório X,Acessório,Cinza,G,4,73.69,29.48,265.28,Crediário,Física,133.0,2
8357,2026-05-14,16:45,122,Bermuda Casual,Bermuda,Rosa,GG,1,286.85,0.0,286.85,Cartão de Crédito,Online,66.0,11
8358,2026-07-01,17:30,52,Vestido Casual,Vestido,Rosa,GG,2,235.08,0.0,"R$ 470,16",Cartão de Débito,Online,368.0,13
8359,2026-08-07,20:00,110,Bermuda Esporte,Bermuda,Branca,GG,4,116.53,0.0,466.12,PIX,Online,539.0,16
8360,2026-06-22,13:30,106,Vestido Premium,Vestido,Cinza,G,1,201.43,0.0,201.43,Dinheiro,Online,483.0,9
8361,2026-03-02,16:45,155,Bermuda X,Bermuda,Preta,M,4,134.96,53.98,"R$ 485,86",Cartão de Débito,Física,73.0,3
8362,2026-05-24,19:45,5,Jaqueta Slim,Jaqueta,Branca,GG,1,87.47,4.37,83.1,Cartão de Débito,Online,552.0,12
8363,2026-05-28,18:45,124,Jaqueta Slim,Jaqueta,Verde,G,2,210.25,21.02,399.48,PIX,Física,44794.0,25
8364,2026-09-21,11:45,41,Jaqueta Casual,Jaqueta,Cinza,GG,1,274.27,41.14,233.13,PIX,Online,221.0,9
8365,2026-08-04,21:15,8,Blusa Social,Blusa,Preta,M,4,290.68,58.14,1104.58,Cartão de Débito,Física,595.0,23
8366,2026-09-03,21:45,140,Acessório Premium,Acessório,Rosa,G,3,155.17,0.0,465.51,Cartão de Crédito,Física,,2
8367,2026-04-28,10:45,75,Jaqueta Casual,Jaqueta,Azul,G,2,238.16,47.63,428.69,PIX,Física,143.0,7
8368,2026-05-03,09:00,11,Calça Básica,Calça,Vermelha,G,3,297.24,0.0,891.72,Cartão de Débito,Física,,14
8369,2026-07-23,13:00,134,Calça Slim,Calça,Rosa,P,3,297.88,89.36,804.28,Cartão de Débito,Online,106.0,14
8370,2026-08-29,19:00,63,Calça Premium,Calça,Vermelha,G,3,277.67,83.3,749.71,Cartão de Débito,Online,564.0,25
8371,29-07-2026,19:30,104,Vestido Slim,Vestido,Verde,P,1,221.73,33.26,188.47,Cartão de Débito,Física,141.0,5
8372,06/07/2026,14:00  ,174,Jaqueta Casual,Jaqueta,Preta,GG,3,214.83,0.0,644.49,Dinheiro,Física,328.0,19
8373,2026-07-13,09:30,164,Blusa X,Blusa,Cinza,G,2,193.36,0.0,386.72,PIX,Física,269.0,16
8374,2026-03-18,21:45,141,Acessório Slim,Acessório,Rosa,G,4,250.39,0.0,1001.56,Cartão de Crédito,Online,236.0,9
8375,2026-06-28,18:45,89,Acessório Slim,Acessório,Preta,P,3,283.36,0.0,850.08,Cartão de Débito,Física,213.0,6
8376,2026-05-20,11:00,49,Calça Básica,Calça,Verde,GG,4,193.27,77.31,695.77,Cartão de Crédito,Online,124.0,11
8377,2026-04-05,21:30,85,Blusa Casual,Blusa,Vermelha,G,4,273.43,109.37,984.35,PIX,Online,527.0,11
8378,2026-09-02,11:30,168,Vestido Casual,Vestido,Azul,M,1,255.66,12.78,242.88,Crediário,Online,169.0,5
8379,2026-08-01,17:15,89,Acessório Slim,Acessório,Preta,P,1,283.36,14.17,269.19,PIX,Online,153.0,18
8380,2026-05-21,13:30,51,Jaqueta Slim,Jaqueta,Verde,M,2,118.56,0.0,237.12,Crediário,Online,165.0,14
8381,2026-05-12,16:45,15,Blusa Social,Blusa,Azul,M,2,303.57,0.0,607.14,Cartão de Crédito,Online,15.0,24
8382,2026-08-12,19:45,26,Bermuda Slim,Bermuda,Branca,P,2,207.97,0.0,415.94,Cartão de Crédito,Física,16.0,15
8383,2026-06-30,18:30,126,Vestido Slim,Vestido,Vermelha,M,3,262.43,118.09,669.2,Cartão de Débito,Física,219.0,25
8384,2026-04-13,10:45,172,Camiseta Social,Camiseta,Rosa,G,2,281.43,0.0,562.86,Cartão de Débito,Online,137.0,25
8385,2026-03-20,12:45,74,Acessório Social,Acessório,Preta,GG,3,90.99,0.0,272.97,Cartão de Débito,Online,582.0,9
8386,2026-07-31,17:15,110,Bermuda Esporte,Bermuda,Branca,GG,3,116.53,0.0,349.59,PIX,Online,203.0,3
8387,2026-04-16,13:00,95,Bermuda Básica,Bermuda,Verde,P,4,40.47,24.28,137.6,Crediário,Física,220.0,11
8388,2026-04-01,15:30,142,Acessório Básica,Acessório,Cinza,G,1,333.62,0.0,333.62,Cartão de Crédito,Online,35.0,13
8389,2026-05-31,12:15,36,Vestido Social,Vestido,Azul,P,1,348.35,0.0,348.35,Cartão De Débito,Física,102.0,6
8390,2026-09-15,11:15,26,Bermuda Slim,Bermuda,Branca,P,1,207.97,10.4,197.57,Dinheiro,Física,502.0,6
8391,2026-08-14,14:30,150,Blusa Esporte,Blusa,Vermelha,M,4,241.11,144.67,819.77,Cartão de Débito,Física,327.0,10
8392,2026-06-16,19:30,143,Acessório Premium,Acessório,Rosa,M,1,297.19,44.58,252.61,Cartão de Débito,Física,543.0,24
8393,2026-09-25,17:45,46,Acessório X,Acessório,Cinza,M,2,184.96,18.5,351.42,Cartão de Crédito,Online,69.0,23
8394,2026-06-19,15:00,41,Jaqueta Casual,Jaqueta,Cinza,GG,2,274.27,82.28,466.26,PIX,Física,115.0,18
8395,2026-08-12,18:30,97,Camiseta Slim,Camiseta,Azul,M,1,174.51,0.0,174.51,Cartão de Crédito,Física,75920.0,13
8396,2026-09-23,17:15,154,Acessório Esporte,Acessório,Azul,M,2,140.03,0.0,280.06,PIX,Física,149.0,18
8397,2026-06-12,13:45,178,Calça Básica,Calça,Azul,GG,4,144.41,28.88,548.76,Cartão de Crédito,Online,105.0,12
8398,2026-04-18,09:15,80,Jaqueta Casual,Jaqueta,Cinza,P,1,258.13,0.0,258.13,cartão de crédito,Online,16.0,2
8399,2026-08-31,11:45,126,Vestido Slim,Vestido,Vermelha,M,3,262.43,0.0,787.29,Cartão de Débito,Online,,15
8400,2026-09-13,18:45,175,Calça Social,Calça,Rosa,P,1,90.45,13.57,76.88,Dinheiro,Física,,3
8401,2026-07-27,14:00,150,Blusa Esporte,Blusa,Vermelha,M,3,241.11,0.0,723.33,Crediário,Física,351.0,14
8402,2026-05-11,09:45,132,Acessório Básica,Acessório,Branca,P,2,296.32,0.0,592.64,Cartão de Débito,Online,358.0,2
8403,2026-04-10,11:00,159,Acessório Slim,Acessório,Azul,G,4,201.01,0.0,"R$ 804,04",Cartão de Crédito,Física,164.0,3
8404,2026-06-29,20:30,18,Vestido Premium,Vestido,Vermelha,P,2,221.89,0.0,443.78,Cartão de Débito,Física,124.0,13
8405,2026-07-15,17:30,155,Bermuda X,Bermuda,Preta,M,2,134.96,0.0,269.92,PIX,Física,280.0,12
8406,22/04/2026,11:00,77,Vestido X,Vestido,Rosa,G,4,195.59,0.0,782.36,Cartão de Crédito,Física,350.0,8
8407,2026-09-13,19:30,32,Bermuda Premium,Bermuda,Azul,GG,3,298.98,0.0,896.94,Cartão de Crédito,Online,406.0,23
8408,2026-05-22,17:30,176,Camiseta Premium,Camiseta,Vermelha,GG,3,225.97,0.0,677.91,Dinheiro,Física,140.0,16
8409,2026-04-07,16:00,76,Bermuda Premium,Bermuda,Vermelha,M,3,45.34,0.0,136.02,Cartão de Débito,Online,156.0,10
8410,2026-06-30,21:30,70,Blusa Slim,Blusa,Verde,GG,1,203.23,30.48,172.75,Pix,Online,104.0,15
8411,21/07/2026,16:45,132,Acessório Básica,Acessório,Branca,P,1,296.32,44.45,251.87,Cartão de Débito,Online,174.0,16
8412,2026-04-14,10:30,104,Vestido Slim,Vestido,Verde,P,2,221.73,0.0,443.46,Cartão de Débito,Online,268.0,11
8413,2026-05-22, 16:15,8,Blusa Social,Blusa,Preta,M,4,290.68,58.14,1104.58,Cartão De Crédito,Física,243.0,9
8414,2026-05-06,18:45,33,Blusa X,Blusa,Vermelha,P,1,230.83,0.0,230.83,Cartão de Débito,Física,400.0,10
8415,2026-09-07,10:45,136,Blusa Social,Blusa,Azul,P,1,114.45,0.0,114.45,Cartão de Crédito,Online,525.0,12
8416,2026-03-02,19:45,168,Vestido Casual,Vestido,Azul,M,1,255.66,0.0,255.66,Crediário,Online,459.0,13
8417,2026-05-06,14:00,106,Vestido Premium,Vestido,Cinza,G,3,201.43,0.0,604.29,Crediário,Física,,17
8418,2026-09-01,19:45,123,Blusa Esporte,Blusa,Rosa,P,4,261.56,0.0,1046.24,PIX,Online,477.0,21
8419,10/05/26,13:15,156,Jaqueta Básica,Jaqueta,Branca,G,4,292.56,0.0,1170.24,Crediário,Física,483.0,4
8420,2026-07-13,13:15,114,Jaqueta Esporte,Jaqueta,Verde,P,1,60.77,9.12,51.65,Cartão de Débito,Online,564.0,8
8421,2026-04-30,12:00,132,Acessório Básica,Acessório,Branca,P,3,296.32,44.45,844.51,Cartão de Débito,Física,410.0,17
8422,2026-03-07,09:00,173,Jaqueta Casual,Jaqueta,Cinza,GG,2,328.02,0.0,656.04,Cartão de Crédito,Online,,22
8423,2026-07-12,16:45,100,Vestido Casual,Vestido,Preta,M,4,76.04,0.0,304.16,Cartão de Débito,Online,415.0,2
8424,2026-07-14,14:45,162,Blusa Premium,Blusa,Branca,M,1,219.23,0.0,219.23,cartao credito,Online,22.0,2
8425,2026-08-05,12:30,59,Acessório X,Acessório,Azul,G,3,137.62,0.0,412.86,cartão de crédito,Online,293.0,12
8426,2026-05-21,19:45,80,Jaqueta Casual,Jaqueta,Cinza,P,4,258.13,103.25,929.27,Cartão de Débito,Física,527.0,12
8427,27-04-2026,13:00,38,Calça X,Calça,Azul,G,3,234.51,70.35,"633,18",Cartão de Crédito,Online,458.0,24
8428,2026-07-20,13:45,63,Calça Premium,Calça,Vermelha,G,1,277.67,41.65,236.02,Cartão de Crédito,Online,339.0,25
8429,2026-08-23,13:15,58,Acessório Básica,Acessório,Cinza,P,4,304.84,0.0,1219.36,Cartão de Débito,Física,373.0,8
8430,2026-06-06,15:00,135,Camiseta Slim,Camiseta,Preta,GG,4,333.31,133.32,1199.92,Cartão de Crédito,Física,281.0,8
8431,2026-06-10,18:15,112,Calça Básica,Calça,Azul,M,2,318.38,63.68,573.08,Dinheiro,Física,103.0,4
8432,2026-03-24,19:30,168,Vestido Casual,Vestido,Azul,M,2,255.66,25.57,485.75,PIX,Física,188.0,16
8433,2026-08-25,11:45,120,Vestido Premium,Vestido,Rosa,GG,3,304.25,91.28,821.47,Cartão de Débito,Física,447.0,20
8434,2026-04-22,09:45,91,Camiseta Casual,Camiseta,Branca,P,3,29.36,8.81,79.27,PIX,Física,58.0,24
8435,2026-05-18,13:30,15,Blusa Social,Blusa,Azul,M,3,303.57,91.07,819.64,PIX,Online,552.0,15
8436,2026-09-06,21:30,130,Blusa Esporte,Blusa,Verde,GG,4,154.8,30.96,588.24,Cartão de Crédito,Física,316.0,4
8437,2026-09-09,11:00,141,Acessório Slim,Acessório,Rosa,G,4,250.39,150.23,851.33,Cartão de Débito,Online,131.0,3
8438,2026-05-30,10:45,49,Calça Básica,Calça,Verde,GG,4,193.27,38.65,734.43,Cartão de Crédito,Online,487.0,14
8439,2026-07-08, 18:45 ,110,Bermuda Esporte,Bermuda,Branca,GG,3,116.53,52.44,297.15,Cartão de Débito,Online,28.0,2
8440,2026-07-16,10:15,128,Bermuda Básica,Bermuda,Preta,GG,2,193.28,0.0,386.56,Cartão de Crédito,Física,327.0,14
8441,2026-03-17,09:00,5,Jaqueta Slim,Jaqueta,Branca,GG,2,87.47,17.49,157.45,Cartão de Crédito,Física,540.0,6
8442,2026-03-20,14:30,65,Jaqueta Social,Jaqueta,Cinza,GG,3,77.68,0.0,233.04,PIX,Online,,15
8443,2026-03-06,19:45,20,Calça X,Calça,Vermelha,P,4,211.81,42.36,804.88,Cartão de Débito,Física,172.0,20
8444,2026-06-25,14:00,22,Vestido Social,Vestido,Rosa,G,2,289.54,0.0,579.08,Crediário,Física,219.0,8
8445,2026-09-13,12:30,14,Bermuda Social,Bermuda,Branca,P,2,125.8,37.74,213.86,Cartão de Débito,Online,2.0,20
8446,2026-09-02,16:15,32,Bermuda Premium,Bermuda,Azul,GG,3,298.98,89.69,807.25,Cartão de Débito,Física,234.0,15
8447,2026-04-17,21:45,142,Acessório Básica,Acessório,Cinza,G,3,333.62,0.0,1000.86,Cartão de Débito,Física,484.0,14
8448,2026-03-29,15:00,52,Vestido Casual,Vestido,Rosa,GG,1,235.08,11.75,223.33,Cartão de Crédito,Física,540.0,17
8449,2026-08-31,14:15,77,Vestido X,Vestido,Rosa,G,3,195.59,88.02,498.75,Dinheiro,Física,356.0,9
8450,2026-05-29,13:30,70,Blusa Slim,Blusa,Verde,GG,4,203.23,0.0,812.92,Cartão de Débito,Online,168.0,8
8451,2026-04-09,21:45,111,Acessório Esporte,Acessório,Rosa,M,2,333.04,66.61,599.47,Dinheiro,Online,439.0,16
8452,2026-09-09,13:30,31494,Vestido Social,Vestido,Rosa,G,2,289.54,0.0,579.08,Cartão de Crédito,Online,46.0,6
8453,2026-07-05,14:30,89,Acessório Slim,Acessório,Preta,P,4,283.36,170.02,963.42,Cartão de Débito,Online,424.0,17
8454,2026-09-24,20:45,158,Blusa Social,Blusa,Rosa,M,2,185.68,0.0,371.36,Cartão de Crédito,Física,,16
8455,2026-06-20,12:45,48,Camiseta Esporte,Camiseta,Preta,G,4,170.37,0.0,681.48,PIX,Online,106.0,24
8456,2026-06-23,20:45,69,Camiseta Social,Camiseta,Branca,M,4,96.99,38.8,349.16,Cartão de Débito,Online,233.0,9
8457,2026-09-12,21:15,122,Bermuda Casual,Bermuda,Rosa,GG,2,286.85,0.0,573.7,Dinheiro,Física,163.0,16
8458,2026-03-28,20:15,107,Blusa Slim,Blusa,Preta,M,3,264.43,0.0,793.29,Crediário,Física,320.0,8
8459,2026-06-14,17:30,48,Camiseta Esporte,Camiseta,Preta,G,3,170.37,0.0,511.11,PIX,Física,562.0,1
8460,2026-03-25,14:15,62,Camiseta Básica,Camiseta,Azul,GG,1,140.6,21.09,119.51,Dinheiro,Online,370.0,1
8461,2026-03-02,10:15,13,Calça X,Calça,Verde,M,2,118.99,0.0,237.98,Cartão de Débito,Online,567.0,18
8462,2026-06-13,21:15,163,Jaqueta Básica,Jaqueta,Branca,M,2,212.45,0.0,424.9,Cartão de Débito,Física,406.0,3
8463,2026-08-02,10:00,33,Blusa X,Blusa,Vermelha,P,2,230.83,0.0,461.66,Cartão de Crédito,Física,108.0,24
8464,2026-04-12,10:30,131,Vestido Básica,Vestido,Vermelha,M,3,38.91,11.67,105.06,Cartão de Débito,Física,67.0,5
8465,2026-06-11,15:00,26,Bermuda Slim,Bermuda,Branca,P,4,207.97,0.0,831.88,Crediário,Física,54.0,20
8466,2026-05-03,17:30,154,Acessório Esporte,Acessório,Azul,M,1,140.03,7.0,133.03,Cartão de Crédito,Online,87.0,3
8467,2026-08-01,16:30,135,Camiseta Slim,Camiseta,Preta,GG,2,333.31,99.99,566.63,PIX,Física,415.0,12
8468,2026-09-11,18:45,86,Bermuda Casual,Bermuda,Branca,P,2,211.18,0.0,422.36,Cartão de Crédito,Online,23.0,17
8469,2026-06-03,16:45,51,Jaqueta Slim,Jaqueta,Verde,M,3,118.56,0.0,355.68,PIX,Online,,8
8470,2026-05-09,16:45,112,Calça Básica,Calça,Azul,M,3,318.38,0.0,955.14,Cartão de Débito,Online,37.0,17
8471,2026-07-26,13:15,57,Jaqueta Básica,Jaqueta,Verde,GG,4,111.2,0.0,444.8,Cartão de Crédito,Física,576.0,19
8472,2026-07-17,11:30,104,Vestido Slim,Vestido,Verde,P,2,221.73,44.35,399.11,PIX,Online,534.0,9
8473,2026-06-28,15:00,168,Vestido Casual,Vestido,Azul,M,3,255.66,0.0,766.98,Dinheiro,Física,330.0,22
8474,2026-05-19,20:45,42,Bermuda Casual,Bermuda,Branca,P,2,336.75,101.02,572.48,PIX,Física,351.0,13
8475,2026-07-10,15:45,69,Camiseta Social,Camiseta,Branca,M,4,96.99,19.4,368.56,PIX,Online,351.0,15
8476,2026-04-02,16:00,131,Vestido Básica,Vestido,Vermelha,M,2,38.91,0.0,77.82,Crediário,Física,37.0,4
8477,2026-04-19,17:30,59,Acessório X,Acessório,Azul,G,4,137.62,0.0,550.48,PIX,Online,250.0,11
8478,2026-07-25,18:15,136,Blusa Social,Blusa,Azul,P,4,114.45,45.78,412.02,Cartão de Crédito,Online,144.0,6
8479,2026-03-10,16:30,148,Acessório Premium,Acessório,Vermelha,GG,1,36.52,0.0,36.52,Dinheiro,Online,362.0,20
8480,2026-07-08,16:45,79,Camiseta X,Camiseta,Cinza,G,2,76.54,0.0,153.08,Dinheiro,Online,560.0,24
8481,2026-05-22,16:30,152,Acessório Básica,Acessório,Verde,GG,3,238.11,107.15,"607,18",Cartão de Débito,Física,26175.0,5
8482,2026-06-09,12:45,176,Camiseta Premium,Camiseta,Vermelha,GG,1,225.97,22.6,203.37,Dinheiro,Física,420.0,13
8483,2026-07-29,13:45,44,Jaqueta Esporte,Jaqueta,Azul,GG,1,198.07,0.0,198.07,PIX,Física,7.0,17
8484,2026-09-09,09:30,103,Jaqueta Social,Jaqueta,Verde,G,1,239.05,0.0,239.05,Cartão de Crédito,Física,,25
8485,2026-03-12,14:30,146,Acessório Esporte,Acessório,Vermelha,P,1,103.95,0.0,103.95,Cartão de Crédito,Online,273.0,25
8486,2026-06-20,14:30,1,Acessório Premium,Acessório,Verde,G,1,129.26,0.0,129.26,Cartão de Crédito,Física,282.0,19
8487,2026-06-09,14:45,149,Calça Premium,Calça,Vermelha,P,4,296.39,177.83,1007.73,PIX,Física,54.0,17
8488,2026-03-20,12:00,84,Jaqueta Básica,Jaqueta,Verde,P,2,313.9,31.39,"R$ 596,41",Cartão de Crédito,Física,448.0,18
8489,2026-08-29,21:30,163,Jaqueta Básica,Jaqueta,Branca,M,3,212.45,0.0,637.35,Cartão de Crédito,Online,222.0,3
8490,2026-08-10,14:15,132,Acessório Básica,Acessório,Branca,P,2,296.32,0.0,592.64,Cartão de Débito,Online,478.0,20
8491,2026-09-21,19:15,161,Vestido X,Vestido,Azul,G,3,67.98,30.59,173.35,Cartão de Débito,Física,365.0,20
8492,2026-05-24,17:00,170,Blusa Premium,Blusa,Azul,G,1,154.9,0.0,154.9,Cartão de Crédito,Online,529.0,14
8493,2026-08-08,09:00,153,Vestido Básica,Vestido,Preta,G,1,129.37,0.0,129.37,Cartão de Débito,Física,339.0,6
8494,2026-09-14, 16:15,133,Calça Social,Calça,Rosa,G,1,39.8,0.0,39.8,PIX,Online,430.0,13
8495,2026-05-07,21:45,155,Bermuda X,Bermuda,Preta,M,4,134.96,0.0,539.84,Crediário,Online,547.0,17
8496,2026-04-04,14:30,122,Bermuda Casual,Bermuda,Rosa,GG,1,286.85,0.0,286.85,Crediário,Online,529.0,3
8497,2026-09-03,18:15,117,Vestido Casual,Vestido,Azul,P,3,314.94,47.24,897.58,Crediário,Online,92.0,13
8498,2026-07-08,17:00,85,Blusa Casual,Blusa,Vermelha,G,1,273.43,0.0,273.43,Dinheiro,Física,401.0,10
8499,2026-06-14,16:30,100,Vestido Casual,Vestido,Preta,M,4,76.04,30.42,273.74,Cartão de Crédito,Física,378.0,1
8500,2026-06-15,20:00,66,Bermuda X,Bermuda,Branca,G,2,98.66,0.0,197.32,Dinheiro,Online,417.0,10
8501,2026-03-03,17:15,88,Camiseta Básica,Camiseta,Branca,GG,1,270.48,13.52,256.96,PIX,Física,234.0,18
8502,2026-05-16,17:15,122,Bermuda Casual,Bermuda,Rosa,GG,3,286.85,86.06,774.49,Cartão de Crédito,Física,321.0,18
8503,2026-08-03,16:00,51,Jaqueta Slim,Jaqueta,Verde,M,2,118.56,0.0,237.12,Cartão de Crédito,Física,3.0,6
8504,2026-04-16,18:30,88,Camiseta Básica,Camiseta,Branca,GG,1,270.48,0.0,270.48,PIX,Física,459.0,10
8505,2026-04-08,13:45,17,Acessório Casual,Acessório,Rosa,P,1,277.21,41.58,235.63,Cartão de Crédito,Online,522.0,15
8506,2026-07-19,15:30,70,Blusa Slim,Blusa,Verde,GG,2,203.23,0.0,406.46,PIX,Física,570.0,13
8507,2026-03-20,14:45,83,Camiseta Básica,Camiseta,Rosa,M,4,221.65,0.0,"886,60",Dinheiro,Online,344.0,10
8508,2026-09-21,09:00,122,Bermuda Casual,Bermuda,Rosa,GG,1,286.85,0.0,286.85,Cartão de Débito,Online,207.0,23
8509,2026-08-20,16:00  ,115,Jaqueta Social,Jaqueta,Preta,GG,1,278.18,0.0,278.18,Cartão de Débito,Física,595.0,24
8510,2026-05-08,21:30,49,Calça Básica,Calça,Verde,GG,4,193.27,0.0,773.08,Cartão de Crédito,Física,269.0,3
8511,2026-06-11,09:15,76,Bermuda Premium,Bermuda,Vermelha,M,4,45.34,0.0,181.36,Cartão de Débito,Física,96.0,8
8512,2026-07-21,20:45,45,Blusa Social,Blusa,Cinza,G,1,158.82,7.94,150.88,PIX,Online,177.0,5
8513,2026-04-27,09:30,130,Blusa Esporte,Blusa,Verde,GG,2,154.8,30.96,278.64,Cartão de Débito,Online,512.0,10
8514,2026-03-25,19:15,101,Vestido Social,Vestido,Vermelha,GG,2,158.47,0.0,316.94,Cartão de Débito,Online,328.0,9
8515,2026-07-31,15:15,77,Vestido X,Vestido,Rosa,G,4,195.59,78.24,704.12,Cartão de Débito,Física,291.0,11
8516,2026-09-19,11:30,172,Camiseta Social,Camiseta,Rosa,G,3,281.43,0.0,844.29,Cartão de Crédito,Física,404.0,2
8517,2026-09-10,18:30,29,Blusa Esporte,Blusa,Branca,M,1,318.44,0.0,318.44,PIX,Física,472.0,9
8518,2026-03-30,12:00,164,Blusa X,Blusa,Cinza,G,3,193.36,0.0,580.08,Cartão de Débito,Online,7.0,15
8519,2026-03-13,21:00,165,Blusa Casual,Blusa,Rosa,GG,2,156.99,47.1,266.88,PIX,Física,58.0,10
8520,2026-05-03,12:30,27,Vestido Premium,Vestido,Cinza,G,2,137.14,0.0,274.28,Cartão de Crédito,Online,342.0,12
8521,2026-09-05,17:45,58,Acessório Básica,Acessório,Cinza,P,2,304.84,0.0,609.68,PIX,Online,484.0,11
8522,2026-04-09,10:00,158,Blusa Social,Blusa,Rosa,M,4,185.68,37.14,705.58,PIX,Física,338.0,16
8523,2026-07-01,19:15,117,Vestido Casual,Vestido,Azul,P,3,314.94,0.0,944.82,PIX,Física,584.0,7
8524,2026-04-21,12:45,104,Vestido Slim,Vestido,Verde,P,1,221.73,33.26,188.47,Dinheiro,Física,,16
8525,2026-08-13,09:00,6,Acessório X,Acessório,Azul,GG,1,334.07,0.0,334.07,Cartão de Débito,Física,,13
8526,2026-08-24,15:15,63,Calça Premium,Calça,Vermelha,G,3,277.67,83.3,749.71,Crediário,Física,,12
8527,2026-09-11,09:15,114,Jaqueta Esporte,Jaqueta,Verde,P,3,60.77,0.0,182.31,Cartão de Débito,Física,309.0,18
8528,2026-07-11,19:00,17,Acessório Casual,Acessório,Rosa,P,3,277.21,0.0,831.63,Crediário,Física,417.0,17
8529,2026-07-09,17:15,153,Vestido Básica,Vestido,Preta,G,1,129.37,0.0,129.37,Crediário,Física,590.0,13
8530,2026-09-07,09:15,30,Blusa Básica,Blusa,Preta,M,2,249.41,24.94,473.88,DINHEIRO,Online,456.0,23
8531,2026-04-12,17:00,90,Blusa Premium,Blusa,Branca,G,4,177.57,71.03,639.25,PIX,Online,568.0,16
8532,2026-07-05,18:00,26,Bermuda Slim,Bermuda,Branca,P,2,207.97,0.0,415.94,Crediário,Física,358.0,17
8533,2026-03-14,10:45,96,Bermuda Casual,Bermuda,Branca,M,1,123.65,0.0,123.65,Cartão De Débito,Física,480.0,22
8534,2026-05-23,12:30,109,Camiseta Básica,Camiseta,Cinza,P,4,128.12,0.0,512.48,Dinheiro,Física,325.0,3
8535,2026-03-17,16:15,158,Blusa Social,Blusa,Rosa,M,1,185.68,18.57,167.11,Dinheiro,Física,108.0,1
8536,2026-06-03,19:45,170,Blusa Premium,Blusa,Azul,G,4,154.9,92.94,526.66,Crediário,Online,573.0,17
8537,2026-07-21,12:15,137,Camiseta Esporte,Camiseta,Preta,M,4,149.09,0.0,596.36,Cartão de Débito,Física,101.0,5
8538,2026-04-10,14:00,8,Blusa Social,Blusa,Preta,M,3,290.68,0.0,872.04,Crediário,Online,,17
8539,2026-07-02,16:00,165,Blusa Casual,Blusa,Rosa,GG,1,156.99,0.0,156.99,PIX,Online,350.0,22
8540,17-09-2026,19:15,166,Vestido Premium,Vestido,Vermelha,GG,2,194.42,0.0,388.84,Cartão de Crédito,Física,437.0,24
8541,2026-06-22,17:30,176,Camiseta Premium,Camiseta,Vermelha,GG,2,225.97,0.0,451.94,PIX,Online,308.0,12
8542,2026-08-27,11:15,37,Bermuda Básica,Bermuda,Branca,M,1,197.74,0.0,197.74,Cartão de Débito,Online,596.0,1
8543,2026-08-30,18:00,39,Calça Social,Calça,Vermelha,GG,3,327.41,0.0,"R$ 982,23",Cartão de Crédito,Física,207.0,16
8544,2026-08-22,20:15,44,Jaqueta Esporte,Jaqueta,Azul,GG,3,198.07,0.0,594.21,Dinheiro,Física,13.0,5
8545,2026-03-15, 17:00 ,47,Vestido Premium,Vestido,Cinza,G,2,115.65,0.0,231.3,Cartão de Crédito,Física,10.0,4
8546,2026-07-31,14:45,111,Acessório Esporte,Acessório,Rosa,M,3,333.04,49.96,949.16,PIX,Online,137.0,6
8547,2026-08-27,15:30,89,Acessório Slim,Acessório,Preta,P,4,283.36,56.67,1076.77,Cartão De Crédito,Online,138.0,8
8548,2026-07-26,19:45,105,Vestido Esporte,Vestido,Vermelha,P,1,168.87,0.0,168.87,Cartão de Débito,Online,600.0,20
8549,2026-07-15,15:15,14,Bermuda Social,Bermuda,Branca,P,1,125.8,6.29,119.51,Cartão de Débito,Física,181.0,11
8550,2026-06-18,10:15,125,Vestido Esporte,Vestido,Vermelha,P,1,67.79,0.0,67.79,Cartão de Crédito,Online,243.0,21
8551,2026-08-08,19:15,87,Camiseta Casual,Camiseta,Rosa,G,3,25.88,11.65,65.99,Cartão de Crédito,Física,106.0,11
8552,2026-08-02,16:15,80,Jaqueta Casual,Jaqueta,Cinza,P,2,258.13,77.44,438.82,Dinheiro,Online,243.0,2
8553,2026-03-19,17:00,126,Vestido Slim,Vestido,Vermelha,M,4,262.43,104.97,944.75,Crediário,Online,453.0,19
8554,2026-05-29,17:15,43,Vestido Básica,Vestido,Rosa,G,2,212.4,21.24,403.56,Cartão de Débito,Física,,9
8555,2026-05-04,20:00,20,Calça X,Calça,Vermelha,P,2,211.81,0.0,423.62,Dinheiro,Online,,4
8556,2026-08-21,14:45,125,Vestido Esporte,Vestido,Vermelha,P,2,67.79,0.0,135.58,Cartão de Débito,Física,388.0,21
8557,2026-09-22,20:45,6,Acessório X,Acessório,Azul,GG,3,334.07,50.11,952.1,Cartão de Débito,Online,481.0,23
8558,2026-06-28,09:45,23,Blusa X,Blusa,Preta,P,2,219.84,65.95,"R$ 373,73",Dinheiro,Física,,11
8559,2026-04-17,13:30,25,Blusa Social,Blusa,Rosa,M,2,285.55,57.11,513.99,Cartão de Débito,Física,481.0,7
8560,2026-05-08,15:00,121,Vestido Casual,Vestido,Verde,G,4,101.83,0.0,407.32,Dinheiro,Online,184.0,24
8561,2026-06-27,16:15,111,Acessório Esporte,Acessório,Rosa,M,1,333.04,16.65,316.39,Cartão de Débito,Online,129.0,5
8562,2026-05-24,16:00,70,Blusa Slim,Blusa,Verde,GG,1,203.23,0.0,203.23,PIX,Física,362.0,7
8563,2026-09-08,10:30,174,Jaqueta Casual,Jaqueta,Preta,GG,4,214.83,0.0,859.32,PIX,Online,301.0,7
8564,26/07/26,15:30,11,Calça Básica,Calça,Vermelha,G,3,297.24,44.59,847.13,Cartão de Débito,Física,158.0,4
8565,2026-06-25,12:30,117,Vestido Casual,Vestido,Azul,P,4,314.94,125.98,1133.78,Cartão de Crédito,Online,238.0,21
8566,2026-05-18,19:30,97,Camiseta Slim,Camiseta,Azul,M,2,174.51,0.0,349.02,Cartão de Crédito,Online,306.0,14
8567,2026-04-23,19:30,123,Blusa Esporte,Blusa,Rosa,P,4,261.56,104.62,941.62,Cartão De Crédito,Física,298.0,24
8568,2026-08-19,12:00,9,Jaqueta Social,Jaqueta,Rosa,G,3,97.54,0.0,292.62,Dinheiro,Física,96.0,1
8569,2026-09-03,12:00,154,Acessório Esporte,Acessório,Azul,M,1,140.03,0.0,140.03,Cartão de Crédito,Física,77439.0,18
8570,2026-08-23,18:00,55,Vestido Premium,Vestido,Verde,P,4,95.27,0.0,381.08,Cartão de Crédito,Física,316.0,7
8571,2026-04-02,21:15,145,Bermuda Esporte,Bermuda,Cinza,G,1,144.91,0.0,144.91,Cartão de Débito,Física,160.0,16
8572,2026-09-14,18:15,73,Vestido Social,Vestido,Preta,P,3,83.59,0.0,250.77,PIX,Física,453.0,13
8573,10/04/26,11:15,123,Blusa Esporte,Blusa,Rosa,P,3,261.56,78.47,706.21,Dinheiro,Física,156.0,25
8574,2026-07-30,19:15,87,Camiseta Casual,Camiseta,Rosa,G,1,25.88,2.59,23.29,Cartão de Débito,Física,598.0,21
8575,2026-03-08,14:00,45,Blusa Social,Blusa,Cinza,G,3,158.82,47.65,428.81,Dinheiro,Online,253.0,11
8576,2026-09-09,15:00,161,Vestido X,Vestido,Azul,G,2,67.98,0.0,135.96,Cartão de Crédito,Física,437.0,20
8577,2026-03-31,16:45,153,Vestido Básica,Vestido,Preta,G,3,129.37,19.41,368.7,PIX,Física,505.0,4
8578,2026-07-23,16:00,104,Vestido Slim,Vestido,Verde,P,3,221.73,0.0,665.19,dinheiro,Online,215.0,17
8579,2026-08-16,09:15,66,Bermuda X,Bermuda,Branca,G,-2,98.66,39.46,355.18,Crediário,Online,138.0,6
8580,2026-03-27,14:00,137,Camiseta Esporte,Camiseta,Preta,M,4,149.09,0.0,596.36,Cartão de Crédito,Online,312.0,5
8581,2026-07-23,15:30,69,Camiseta Social,Camiseta,Branca,M,4,96.99,58.19,329.77,PIX,Física,590.0,14
8582,2026-04-04,19:15,34,Acessório Slim,Acessório,Azul,M,2,220.29,0.0,440.58,PIX,Física,539.0,14
8583,2026-05-03,16:00,50,Blusa Esporte,Blusa,Vermelha,GG,3,189.51,28.43,540.1,Cartão de Crédito,Online,412.0,12
8584,2026-03-19,10:45,43,Vestido Básica,Vestido,Rosa,G,2,212.4,0.0,424.8,PIX,Online,77.0,25
8585,2026-04-18,09:45,65,Jaqueta Social,Jaqueta,Cinza,GG,1,77.68,3.88,73.8,Crediário,Online,55.0,18
8586,2026-03-01,15:45,30,Blusa Básica,Blusa,Preta,M,4,249.41,149.65,847.99,Cartão de Crédito,Física,600.0,8
8587,2026-08-02,09:00,171,Acessório X,Acessório,Verde,G,4,85.73,0.0,342.92,Cartão de Débito,Física,71.0,8
8588,2026-06-08,16:30,82,Vestido Slim,Vestido,Vermelha,P,4,342.99,68.6,1303.36,Cartão de Crédito,Online,73.0,18
8589,2026-04-18,13:00,114,Jaqueta Esporte,Jaqueta,Verde,P,1,60.77,0.0,60.77,Cartão de Débito,Online,455.0,5
8590,2026-04-27,21:30,160,Calça X,Calça,Verde,P,4,137.04,0.0,548.16,Cartão de Débito,Online,107.0,8
8591,2026-03-22,14:15,14,Bermuda Social,Bermuda,Branca,P,3,125.8,56.61,320.79,Cartão de Crédito,Física,448.0,6
8592,2026-05-17,15:00,84,Jaqueta Básica,Jaqueta,Verde,P,3,313.9,94.17,847.53,Cartão de Débito,Online,348.0,10
8593,2026-04-24,13:45,81,Calça Social,Calça,Cinza,P,4,125.82,75.49,427.79,PIX,Física,391.0,9
8594,2026-04-23,20:30,33,Blusa X,Blusa,Vermelha,P,1,230.83,11.54,219.29,Cartão de Débito,Física,473.0,2
8595,2026-08-27,12:00,150,Blusa Esporte,Blusa,Vermelha,M,4,241.11,0.0,964.44,Cartão de Crédito,Física,107.0,6
8596,2026-06-06,21:30,113,Blusa Social,Blusa,Rosa,P,1,270.36,13.52,256.84,Cartão de Débito,Física,542.0,3
8597,2026-05-09,21:30,90,Blusa Premium,Blusa,Branca,G,2,177.57,0.0,355.14,PIX,Online,311.0,4
8598,2026-09-03,19:45,139,Acessório Slim,Acessório,Branca,P,1,227.76,0.0,227.76,Cartão de Débito,Online,454.0,2
8599,2026-05-23,10:15,135,Camiseta Slim,Camiseta,Preta,GG,4,333.31,0.0,1333.24,Dinheiro,Física,476.0,1
8600,2026-09-04,17:00,9,Jaqueta Social,Jaqueta,Rosa,G,1,97.54,0.0,97.54,Cartão de Débito,Online,480.0,4
8601,2026-09-15, 09:15 ,151,Blusa Casual,Blusa,Preta,P,1,121.09,0.0,121.09,Cartão de Crédito,Física,219.0,21
8602,2026-05-08,16:30,167,Acessório Casual,Acessório,Preta,P,1,326.38,0.0,326.38,Cartão de Débito,Online,53.0,11
8603,2026-09-01,10:00,96,Bermuda Casual,Bermuda,Branca,M,3,123.65,0.0,370.95,Cartão de Crédito,Física,179.0,22
8604,2026-05-20,14:30,33,Blusa X,Blusa,Vermelha,P,2,230.83,46.17,415.49,Cartão de Débito,Online,425.0,25
8605,2026-05-23,19:00,98,Vestido Social,Vestido,Branca,G,1,290.16,43.52,246.64,Cartão de Crédito,Física,178.0,17
8606,2026-09-11,15:30,92,Calça Casual,Calça,Rosa,G,2,164.58,16.46,312.7,Cartão de Crédito,Física,490.0,24
8607,2026-08-21,10:45,147,Bermuda Básica,Bermuda,Branca,P,4,44.8,0.0,179.2,Cartão de Crédito,Online,540.0,17
8608,18-06-2026,21:30,177,Bermuda Básica,Bermuda,Branca,G,4,113.66,0.0,454.64,PIX,Física,400.0,15
8609,2026-06-09,09:45,90,Blusa Premium,Blusa,Branca,G,3,177.57,0.0,532.71,PIX,Online,527.0,19
8610,2026-05-03,20:45,38,Calça X,Calça,Azul,G,1,234.51,35.18,199.33,Crediário,Online,57.0,10
8611,2026-03-24, 20:45,45,Blusa Social,Blusa,Cinza,G,4,158.82,0.0,635.28,Cartão de Crédito,Física,371.0,10
8612,2026-03-26,12:00,7,Jaqueta Esporte,Jaqueta,Preta,P,3,33.34,0.0,100.02,PIX,Física,223.0,16
8613,2026-09-19,11:30,49,Calça Básica,Calça,Verde,GG,3,193.27,57.98,521.83,Cartão de Crédito,Física,108.0,23
8614,2026-09-14,21:30,93,Blusa Social,Blusa,Vermelha,GG,4,327.13,196.28,1112.24,Dinheiro,Online,101.0,8
8615,2026-04-11,14:00,41,Jaqueta Casual,Jaqueta,Cinza,GG,1,274.27,13.71,260.56,Cartão de Débito,Física,361.0,17
8616,17/08/2026,13:30,77,Vestido X,Vestido,Rosa,G,2,195.59,39.12,352.06,PIX,Física,367.0,16
8617,2026-08-18,09:45,35,Jaqueta Premium,Jaqueta,Preta,P,4,289.59,57.92,1100.44,PIX,Online,471.0,15
8618,2026-05-29,21:15,74,Acessório Social,Acessório,Preta,GG,1,90.99,0.0,90.99,Cartão de Crédito,Online,411.0,8
8619,2026-07-27,09:15,141,Acessório Slim,Acessório,Rosa,G,1,250.39,0.0,250.39,PIX,Física,241.0,24
8620,03-06-2026,18:45,16,Acessório Casual,Acessório,Verde,GG,4,160.59,64.24,578.12,Cartão de Crédito,Online,405.0,6
8621,2026-06-20,20:00,60,Acessório Esporte,Acessório,Azul,G,4,112.08,0.0,448.32,Cartão de Débito,Física,535.0,16
8622,2026-03-03,21:00,36,Vestido Social,Vestido,Azul,P,3,348.35,0.0,1045.05,CARTÃO DE DÉBITO,Online,147.0,15
8623,2026-08-02,19:30,76,Bermuda Premium,Bermuda,Vermelha,M,4,45.34,0.0,181.36,Cartão de Crédito,Online,238.0,2
8624,2026-07-30,21:30,79,Camiseta X,Camiseta,Cinza,G,2,76.54,0.0,153.08,Crediário,Online,517.0,9
8625,2026-08-24,21:00,109,Camiseta Básica,Camiseta,Cinza,P,4,128.12,0.0,"512,48",Cartão de Crédito,Online,459.0,16
8626,2026-09-19,17:45,96,Bermuda Casual,Bermuda,Branca,M,1,123.65,12.37,111.28,Cartão de Crédito,Online,312.0,6
8627,2026-07-21,19:15,88,Camiseta Básica,Camiseta,Branca,GG,1,270.48,40.57,229.91,Cartão de Crédito,Online,309.0,10
8628,2026-05-10,14:30,72,Blusa Premium,Blusa,Verde,GG,3,252.12,0.0,756.36,Cartão de Crédito,Física,349.0,11
8629,2026-09-18,21:30,135,Camiseta Slim,Camiseta,Preta,GG,3,333.31,50.0,949.93,Cartão de Débito,Física,131.0,8
8630,2026-05-08,10:30,161,Vestido X,Vestido,Azul,G,2,67.98,6.8,129.16,Cartão de Crédito,Online,178.0,9
8631,2026-08-02,10:45,13,Calça X,Calça,Verde,M,3,118.99,0.0,356.97,Cartão de Crédito,Online,256.0,21
8632,2026-07-12,16:00,16,Acessório Casual,Acessório,Verde,GG,1,160.59,24.09,136.5,Cartão de Débito,Física,519.0,12
8633,2026-09-06,16:30,97753,Blusa Slim,Blusa,Preta,M,3,264.43,118.99,674.3,Cartão de Débito,Online,532.0,12
8634,2026-09-11,10:45,148,Acessório Premium,Acessório,Vermelha,GG,2,36.52,7.3,65.74,Cartão de Débito,Online,50.0,9
8635,2026-05-30,13:45,7,Jaqueta Esporte,Jaqueta,Preta,P,1,33.34,3.33,30.01,PIX,Online,41.0,2
8636,2026-07-07,15:15,132,Acessório Básica,Acessório,Branca,P,4,296.32,0.0,1185.28,Cartão de Crédito,Online,,21
8637,2026-04-10,12:15,22,Vestido Social,Vestido,Rosa,G,2,289.54,0.0,579.08,Dinheiro,Online,,23
8638,2026-07-13,18:30,171,Acessório X,Acessório,Verde,G,3,85.73,0.0,257.19,Crediário,Online,542.0,11
8639,01-05-2026,16:30,35,Jaqueta Premium,Jaqueta,Preta,P,4,289.59,0.0,1158.36,Crediário,Online,,5
8640,2026-07-09,13:00,70,Blusa Slim,Blusa,Verde,GG,3,203.23,0.0,609.69,Cartão de Débito,Online,424.0,22
8641,2026-08-15,19:00,164,Blusa X,Blusa,Cinza,G,0,193.36,19.34,174.02,Cartão de Crédito,Online,61.0,1
8642,2026-06-27,18:45,26,Bermuda Slim,Bermuda,Branca,P,1,207.97,0.0,207.97,PIX,Online,403.0,22
8643,2026-06-07,12:00,143,Acessório Premium,Acessório,Rosa,M,2,297.19,59.44,534.94,Cartão de Débito,Online,97.0,15
8644,2026-08-23,19:30,149,Calça Premium,Calça,Vermelha,P,3,296.39,88.92,800.25,Dinheiro,Física,293.0,24
8645,2026-04-25,19:30,22,Vestido Social,Vestido,Rosa,G,4,289.54,57.91,1100.25,PIX,Física,585.0,18
8646,2026-04-06,16:15,18,Vestido Premium,Vestido,Vermelha,P,4,221.89,88.76,798.8,PIX,Online,149.0,11
8647,2026-08-22,11:00,25,Blusa Social,Blusa,Rosa,M,2,285.55,28.56,542.54,Cartão de Crédito,Física,556.0,22
8648,2026-09-24,09:15,85,Blusa Casual,Blusa,Vermelha,G,2,273.43,0.0,546.86,Cartão de Crédito,Física,550.0,16
8649,2026-08-26,21:00,36,Vestido Social,Vestido,Azul,P,4,348.35,0.0,1393.4,PIX,Física,300.0,1
8650,2026-05-29,11:45,59,Acessório X,Acessório,Azul,G,3,137.62,20.64,392.22,Dinheiro,Online,83.0,20
8651,2026-07-04,16:15,149,Calça Premium,Calça,Vermelha,P,4,296.39,0.0,1185.56,PIX,Física,518.0,11
8652,2026-05-07,19:30,7,Jaqueta Esporte,Jaqueta,Preta,P,3,33.34,5.0,95.02,cartão de débito,Física,188.0,3
8653,2026-05-15,18:30,6,Acessório X,Acessório,Azul,GG,3,334.07,1612.1502543607016,851.88,Dinheiro,Física,183.0,18
8654,2026-06-02,12:30,151,Blusa Casual,Blusa,Preta,P,3,121.09,18.16,345.11,Cartão de Débito,Online,59.0,12
8655,2026-04-23,14:00,115,Jaqueta Social,Jaqueta,Preta,GG,3,278.18,0.0,834.54,Dinheiro,Online,165.0,12
8656,2026-07-01,20:45,83,Camiseta Básica,Camiseta,Rosa,M,3,221.65,66.5,598.45,Cartão de Débito,Física,87.0,9
8657,2026-07-20,14:15,28,Camiseta Social,Camiseta,Rosa,GG,3,276.72,124.52,705.64,CREDIÁRIO,Física,472.0,18
8658,2026-07-27,15:15,126,Vestido Slim,Vestido,Vermelha,M,4,262.43,0.0,1049.72,Crediário,Online,462.0,11
8659,2026-05-18,18:30,118,Camiseta Esporte,Camiseta,Azul,M,4,214.08,42.82,813.5,PIX,Física,527.0,18
8660,2026-07-24,12:15,87,Camiseta Casual,Camiseta,Rosa,G,1,25.88,3.88,22.0,Cartão de Crédito,Online,599.0,24
8661,2026-07-24,21:45,19153,Blusa Esporte,Blusa,Verde,GG,2,154.8,0.0,309.6,Cartão de Crédito,Física,523.0,16
8662,2026-05-13,16:30,16,Acessório Casual,Acessório,Verde,GG,4,160.59,0.0,"642,36",PIX,Física,510.0,9
8663,2026-04-12,17:00,162,Blusa Premium,Blusa,Branca,M,1,219.23,10.96,208.27,PIX,Online,437.0,22
8664,2026-03-10,15:15,152,Acessório Básica,Acessório,Verde,GG,1,238.11,23.81,214.3,Dinheiro,Online,395.0,6
8665,2026-07-02,19:30,92,Calça Casual,Calça,Rosa,G,1,164.58,0.0,164.58,Cartão de Crédito,Física,361.0,3
8666,2026-08-01,16:15,136,Blusa Social,Blusa,Azul,P,1,114.45,0.0,114.45,Dinheiro,Online,460.0,15
8667,2026-08-20,16:45,67,Bermuda Básica,Bermuda,Cinza,P,3,318.87,143.49,813.12,Dinheiro,Física,216.0,25
8668,23/04/26,10:15,142,Acessório Básica,Acessório,Cinza,G,2,333.62,100.09,567.15,Cartão de Débito,Física,541.0,18
8669,2026-07-21,17:30,42,Bermuda Casual,Bermuda,Branca,P,1,336.75,0.0,336.75,Cartão de Crédito,Online,560.0,12
8670,2026-04-06,17:15,61,Acessório Básica,Acessório,Rosa,M,1,281.06,0.0,281.06,Cartão de Débito,Física,582.0,15
8671,2026-07-02,20:00,128,Bermuda Básica,Bermuda,Preta,GG,3,193.28,57.98,521.86,Dinheiro,Física,441.0,8
8672,2026-05-12,16:00,129,Vestido X,Vestido,Branca,GG,3,295.38,88.61,797.53,Crediário,Online,111.0,8
8673,2026-09-18,13:30,41,Jaqueta Casual,Jaqueta,Cinza,GG,4,274.27,0.0,1097.08,Cartão de Débito,Física,14.0,14
8674,2026-07-22,12:45,18,Vestido Premium,Vestido,Vermelha,P,3,221.89,0.0,665.67,Cartão de Crédito,Online,81.0,14
8675,2026-09-20, 19:30 ,149,Calça Premium,Calça,Vermelha,P,1,296.39,0.0,296.39,Cartão de Débito,Online,429.0,2
8676,2026-04-09,20:15,112,Calça Básica,Calça,Azul,M,3,318.38,0.0,955.14,Dinheiro,Física,202.0,1
8677,2026-03-17,19:00,68,Jaqueta Premium,Jaqueta,Vermelha,G,4,65.29,13.06,248.1,CARTÃO DE DÉBITO,Física,480.0,2
8678,2026-08-30,11:30,147,Bermuda Básica,Bermuda,Branca,P,4,44.8,0.0,179.2,PIX,Física,211.0,24
8679,2026-09-02,11:15,67,Bermuda Básica,Bermuda,Cinza,P,1,318.87,31.89,286.98,PIX,Online,334.0,12
8680,2026-05-17,17:15,21,Jaqueta Casual,Jaqueta,Cinza,G,3,186.68,84.01,476.03,Cartão de Crédito,Online,97.0,3
8681,2026-06-20,10:15,69,Camiseta Social,Camiseta,Branca,M,1,96.99,0.0,96.99,Cartão de Débito,Online,530.0,22
8682,2026-09-09,18:30,180,Acessório X,Acessório,Cinza,G,4,73.69,0.0,294.76,Dinheiro,Física,235.0,4
8683,2026-07-26,11:15,123,Blusa Esporte,Blusa,Rosa,P,4,261.56,0.0,1046.24,Cartão de Débito,Física,,4
8684,2026-06-02,12:30  ,98,Vestido Social,Vestido,Branca,G,2,290.16,29.02,551.3,Cartão de Débito,Física,108.0,19
8685,2026-06-19,17:00,61,Acessório Básica,Acessório,Rosa,M,1,281.06,42.16,238.9,Cartão de Débito,Online,134.0,25
8686,2026-07-02,10:45,178,Calça Básica,Calça,Azul,GG,4,144.41,0.0,577.64,Cartão de Crédito,Online,61.0,11
8687,2026-03-01,19:00,111,Acessório Esporte,Acessório,Rosa,M,2,333.04,33.3,632.78,Cartão de Débito,Física,258.0,6
8688,2026-06-02,10:45,151,Blusa Casual,Blusa,Preta,P,4,121.09,24.22,460.14,PIX,Física,507.0,6
8689,2026-05-25,13:30,70,Blusa Slim,Blusa,Verde,GG,1,203.23,10.16,193.07,Cartão de Crédito,Online,468.0,6
8690,2026-03-24,14:15,37,Bermuda Básica,Bermuda,Branca,M,4,197.74,0.0,790.96,PIX,Online,43.0,16
8691,2026-07-21,21:45,170,Blusa Premium,Blusa,Azul,G,4,154.9,0.0,619.6,Dinheiro,Física,290.0,14
8692,2026-06-01,19:00,79,Camiseta X,Camiseta,Cinza,G,2,76.54,0.0,153.08,Cartão de Débito,Física,,3
8693,2026-06-01,19:00,161,Vestido X,Vestido,Azul,G,1,67.98,0.0,67.98,PIX,Física,330.0,8
8694,2026-05-04,14:15,121,Vestido Casual,Vestido,Verde,G,3,101.83,15.27,290.22,Cartão de Débito,Física,573.0,1
8695,2026-04-16,11:00,149,Calça Premium,Calça,Vermelha,P,2,296.39,0.0,592.78,Cartão de Crédito,Física,304.0,1
8696,2026-09-06,15:30,129,Vestido X,Vestido,Branca,GG,2,295.38,0.0,590.76,Cartão de Crédito,Online,508.0,20
8697,2026-05-03,15:00,124,Jaqueta Slim,Jaqueta,Verde,G,4,210.25,84.1,756.9,Cartão de Débito,Física,572.0,15
8698,2026-03-26,16:30  ,34,Acessório Slim,Acessório,Azul,M,3,220.29,0.0,660.87,Cartão de Débito,Física,539.0,24
8699,2026-03-09,12:15,14,Bermuda Social,Bermuda,Branca,P,4,125.8,50.32,452.88,cartão de crédito,Online,559.0,15
8700,2026-09-18,12:45,30,Blusa Básica,Blusa,Preta,M,2,249.41,0.0,498.82,Cartão de Crédito,Física,542.0,20
8701,2026-05-24,15:15,46,Acessório X,Acessório,Cinza,M,1,184.96,27.74,157.22,Crediário,Física,16.0,11
8702,2026-08-07,15:45,95199,Vestido Básica,Vestido,Preta,G,3,129.37,0.0,388.11,Crediário,Física,,15
8703,2026-03-27,13:30,7,Jaqueta Esporte,Jaqueta,Preta,P,2,33.34,0.0,66.68,cartão de crédito,Online,97.0,21
8704,2026-09-14,12:15,162,Blusa Premium,Blusa,Branca,M,1,219.23,0.0,219.23,Cartão de Débito,Física,555.0,13
8705,2026-06-11,17:15,163,Jaqueta Básica,Jaqueta,Branca,M,4,212.45,42.49,807.31,Crediário,Online,79.0,20
8706,2026-05-10,20:15,39,Calça Social,Calça,Vermelha,GG,3,327.41,0.0,982.23,Cartão de Débito,Online,493.0,13
8707,2026-03-18,10:45,17,Acessório Casual,Acessório,Rosa,P,3,277.21,0.0,831.63,Cartão De Débito,Física,,22
8708,2026-04-27,13:30,2,Camiseta Básica,Camiseta,Cinza,P,1,57.67,0.0,57.67,Cartão de Crédito,Física,284.0,12
8709,2026-05-09,17:45,45,Blusa Social,Blusa,Cinza,G,1,158.82,0.0,158.82,Cartão de Crédito,Física,305.0,25
8710,2026-05-05,13:30,131,Vestido Básica,Vestido,Vermelha,M,4,38.91,0.0,155.64,Cartão de Débito,Online,262.0,14
8711,2026-07-26,18:45,122,Bermuda Casual,Bermuda,Rosa,GG,3,286.85,0.0,860.55,Cartão de Débito,Física,399.0,21
8712,2026-03-09,11:00,20,Calça X,Calça,Vermelha,P,2,211.81,0.0,423.62,Cartão de Débito,Online,483.0,5
8713,2026-03-02,19:45,1,Acessório Premium,Acessório,Verde,G,3,129.26,19.39,368.39,Cartão de Débito,Física,,10
8714,2026-08-04,19:45  ,163,Jaqueta Básica,Jaqueta,Branca,M,2,212.45,0.0,424.9,Cartão de Débito,Física,253.0,25
8715,2026-04-19,19:30,33,Blusa X,Blusa,Vermelha,P,2,230.83,0.0,461.66,Cartão de Crédito,Online,227.0,20
8716,2026-09-08,10:45,31,Vestido Slim,Vestido,Azul,P,3,35.57,5.34,101.37,PIX,Online,160.0,11
8717,2026-05-05,16:30,33,Blusa X,Blusa,Vermelha,P,2,230.83,23.08,438.58,Cartão de Débito,Física,165.0,4
8718,2026-03-03,15:30  ,138,Acessório Social,Acessório,Rosa,G,2,125.4,25.08,225.72,PIX,Online,436.0,13
8719,2026-07-25,18:15,177,Bermuda Básica,Bermuda,Branca,G,1,113.66,0.0,113.66,Crediário,Física,306.0,6
8720,2026-04-01,17:45,164,Blusa X,Blusa,Cinza,G,4,193.36,0.0,773.44,Cartão de Crédito,Física,586.0,16
8721,2026-09-04,16:30,146,Acessório Esporte,Acessório,Vermelha,P,2,103.95,31.18,176.72,Crediário,Online,595.0,9
8722,2026-06-30,09:45,32,Bermuda Premium,Bermuda,Azul,GG,2,298.98,59.8,538.16,Cartão de Débito,Online,281.0,17
8723,2026-08-02,14:15,155,Bermuda X,Bermuda,Preta,M,3,134.96,40.49,364.39,Cartão de Débito,Física,431.0,18
8724,2026-09-02,15:00,171,Acessório X,Acessório,Verde,G,3,85.73,0.0,257.19,Cartão De Débito,Física,,14
8725,2026-06-09,09:00,56,Bermuda Casual,Bermuda,Verde,P,3,269.73,0.0,809.19,cartão de débito,Física,418.0,9
8726,2026-08-23,20:00,101,Vestido Social,Vestido,Vermelha,GG,4,158.47,95.08,538.8,Cartão de Crédito,Online,398.0,16
8727,2026-07-02,11:00,4,Jaqueta Básica,Jaqueta,Vermelha,M,1,148.57,22.29,126.28,Cartão de Crédito,Física,345.0,7
8728,2026-08-18,21:30,156,Jaqueta Básica,Jaqueta,Branca,G,2,292.56,0.0,585.12,PIX,Online,251.0,8
8729,2026-03-24,15:15,96,Bermuda Casual,Bermuda,Branca,M,3,123.65,37.1,333.85,Crediário,Física,165.0,12
8730,2026-03-09,11:00,106,Vestido Premium,Vestido,Cinza,G,1,201.43,0.0,201.43,Cartão de Débito,Online,332.0,4
8731,2026-07-31,09:15,131,Vestido Básica,Vestido,Vermelha,M,4,38.91,0.0,155.64,Cartão de Crédito,Online,277.0,3
8732,2026-09-10,17:00,26,Bermuda Slim,Bermuda,Branca,P,3,207.97,31.2,592.71,PIX,Online,600.0,21
8733,2026-03-30,18:30,22,Vestido Social,Vestido,Rosa,G,4,289.54,0.0,1158.16,Cartão de Débito,Online,274.0,15
8734,2026-07-04,16:00,133,Calça Social,Calça,Rosa,G,3,39.8,0.0,119.4,Cartão de Débito,Física,,15
8735,2026-04-29,18:15,173,Jaqueta Casual,Jaqueta,Cinza,GG,1,328.02,0.0,328.02,Crediário,Online,565.0,6
8736,2026-05-21,14:45,2,Camiseta Básica,Camiseta,Cinza,P,1,57.67,0.0,57.67,Cartão de Crédito,Física,44.0,24
8737,2026-09-19,18:15,58,Acessório Básica,Acessório,Cinza,P,4,304.84,60.97,1158.39,Cartão de Débito,Física,59879.0,2
8738,2026-09-21,13:15,15,Blusa Social,Blusa,Azul,M,3,303.57,45.54,865.17,PIX,Online,,21
8739,2026-07-08,16:30,171,Acessório X,Acessório,Verde,G,2,85.73,0.0,171.46,Cartão de Crédito,Física,600.0,16
8740,2026-07-19,14:00,146,Acessório Esporte,Acessório,Vermelha,P,2,103.95,0.0,207.9,Cartão de Débito,Física,1.0,12
8741,2026-08-03,19:45,10,Jaqueta Casual,Jaqueta,Cinza,GG,3,338.29,0.0,1014.87,Cartão de Crédito,Online,212.0,23
8742,2026-03-21,17:15,116,Blusa Casual,Blusa,Azul,G,2,332.71,99.81,565.61,Cartão de Débito,Online,135.0,18
8743,2026-09-20,19:30,55,Vestido Premium,Vestido,Verde,P,-1,95.27,0.0,190.54,PIX,Online,178.0,6
8744,2026-04-16,16:15,89,Acessório Slim,Acessório,Preta,P,4,283.36,56.67,1076.77,Cartão de Crédito,Online,315.0,10
8745,2026-03-27,19:15,101,Vestido Social,Vestido,Vermelha,GG,1,158.47,0.0,158.47,PIX,Física,419.0,23
8746,2026-09-18,11:30,59,Acessório X,Acessório,Azul,G,3,137.62,0.0,412.86,PIX,Física,312.0,14
8747,2026-09-01,10:45,110,Bermuda Esporte,Bermuda,Branca,GG,2,116.53,23.31,209.75,Cartão de Crédito,Física,383.0,22
8748,08/09/2026,14:45,122,Bermuda Casual,Bermuda,Rosa,GG,3,286.85,0.0,860.55,Cartão de Débito,Online,95038.0,8
8749,2026-03-25,10:00,19632,Vestido Básica,Vestido,Vermelha,M,4,38.91,0.0,155.64,Cartão de Crédito,Online,409.0,22
8750,2026-06-16,17:15,139,Acessório Slim,Acessório,Branca,P,4,227.76,0.0,911.04,Cartão de Débito,Online,170.0,7
8751,2026-04-08,18:30,174,Jaqueta Casual,Jaqueta,Preta,GG,3,214.83,96.67,"547,82",Cartão de Crédito,Online,307.0,23
8752,2026-05-10,21:30,2,Camiseta Básica,Camiseta,Cinza,P,2,57.67,11.53,103.81,PIX,Online,562.0,8
8753,2026-06-10,09:00,140,Acessório Premium,Acessório,Rosa,G,3,155.17,0.0,465.51,Dinheiro,Online,179.0,17
8754,2026-05-15,21:30,28,Camiseta Social,Camiseta,Rosa,GG,1,276.72,13.84,262.88,PIX,Física,488.0,2
8755,2026-09-09,13:45,52,Vestido Casual,Vestido,Rosa,GG,4,235.08,94.03,846.29,Cartão de Débito,Física,381.0,16
8756,2026-07-16,19:30,65,Jaqueta Social,Jaqueta,Cinza,GG,3,77.68,0.0,233.04,Crediário,Online,99.0,25
8757,2026-08-05,17:30,141,Acessório Slim,Acessório,Rosa,G,4,250.39,0.0,1001.56,Cartão de Crédito,Online,347.0,25
8758,2026-08-15, 12:45 ,104,Vestido Slim,Vestido,Verde,P,3,221.73,33.26,631.93,Crediário,Física,8.0,16
8759,2026-04-19,13:30,28,Camiseta Social,Camiseta,Rosa,GG,3,276.72,41.51,788.65,Cartão de Débito,Online,158.0,12
8760,2026-06-15,14:15,109,Camiseta Básica,Camiseta,Cinza,P,4,128.12,51.25,461.23,Cartão de Débito,Física,177.0,18
8761,2026-05-19,18:30,53,Camiseta Básica,Camiseta,Branca,P,4,204.54,0.0,818.16,Cartão de Crédito,Física,232.0,16
8762,2026-08-08,14:15,1,Acessório Premium,Acessório,Verde,G,1,129.26,6.46,122.8,PIX,Online,70.0,25
8763,28/05/26,21:15,109,Camiseta Básica,Camiseta,Cinza,P,2,128.12,12.81,243.43,Dinheiro,Física,155.0,22
8764,2026-04-22,20:30,44,Jaqueta Esporte,Jaqueta,Azul,GG,1,198.07,0.0,198.07,Crediário,Física,249.0,11
8765,2026-03-27,21:15,74,Acessório Social,Acessório,Preta,GG,3,90.99,27.3,245.67,Cartão de Débito,Física,55.0,4
8766,2026-04-01,12:00,61,Acessório Básica,Acessório,Rosa,M,4,281.06,168.64,955.6,Crediário,Online,448.0,4
8767,2026-05-09,18:15,34,Acessório Slim,Acessório,Azul,M,2,220.29,66.09,374.49,Dinheiro,Online,475.0,10
8768,2026-04-10,16:15,66,Bermuda X,Bermuda,Branca,G,1,98.66,14.8,83.86,Crediário,Física,475.0,10
8769,2026-05-14,12:00,17,Acessório Casual,Acessório,Rosa,P,2,277.21,0.0,554.42,Cartão de Débito,Online,256.0,12
8770,2026-08-16,18:45,17,Acessório Casual,Acessório,Rosa,P,4,277.21,0.0,"R$ 1.108,84",Cartão de Débito,Online,39.0,7
8771,2026-06-04, 21:45 ,87,Camiseta Casual,Camiseta,Rosa,G,2,25.88,0.0,51.76,Cartão de Débito,Online,458.0,5
8772,2026-08-25,16:45,86,Bermuda Casual,Bermuda,Branca,P,1,211.18,21.12,190.06,Cartão de Débito,Online,342.0,1
8773,2026-06-16,11:45,45,Blusa Social,Blusa,Cinza,G,2,158.82,0.0,317.64,PIX,Física,50.0,24
8774,2026-08-28,09:15,145,Bermuda Esporte,Bermuda,Cinza,G,4,144.91,0.0,579.64,PIX,Física,103.0,7
8775,2026-05-18,15:30,68,Jaqueta Premium,Jaqueta,Vermelha,G,1,65.29,3.26,62.03,Dinheiro,Online,348.0,1
8776,2026-05-22,21:30,21,Jaqueta Casual,Jaqueta,Cinza,G,1,186.68,0.0,186.68,Dinheiro,Física,43.0,19
8777,2026-04-25,12:00,43,Vestido Básica,Vestido,Rosa,G,4,212.4,0.0,849.6,Dinheiro,Física,191.0,5
8778,2026-05-07,10:15,1999,Bermuda Básica,Bermuda,Cinza,P,3,318.87,95.66,860.95,PIX,Online,307.0,23
8779,2026-05-16,12:00,35,Jaqueta Premium,Jaqueta,Preta,P,1,289.59,0.0,289.59,Cartão de Débito,Online,96.0,24
8780,2026-05-06,12:15,78,Blusa Casual,Blusa,Cinza,M,3,332.45,99.74,897.61,Cartão de Débito,Física,106.0,3
8781,2026-03-18,17:00,111,Acessório Esporte,Acessório,Rosa,M,1,333.04,16.65,316.39,Cartão de Débito,Online,,10
8782,2026-07-01,12:30,162,Blusa Premium,Blusa,Branca,M,1,219.23,21.92,197.31,PIX,Física,220.0,8
8783,2026-07-10,12:45,4,Jaqueta Básica,Jaqueta,Vermelha,M,1,148.57,0.0,148.57,Cartão de Crédito,Online,103.0,16
8784,2026-07-10,09:15,118,Camiseta Esporte,Camiseta,Azul,M,1,214.08,10.7,"203,38",CARTÃO DE CRÉDITO,Física,403.0,22
8785,2026-09-06,18:45,85,Blusa Casual,Blusa,Vermelha,G,1,273.43,0.0,273.43,Cartão de Débito,Online,243.0,25
8786,2026-03-11,09:30,170,Blusa Premium,Blusa,Azul,G,2,154.9,0.0,309.8,Cartão de Débito,Física,208.0,13
8787,2026-04-01,17:30,121,Vestido Casual,Vestido,Verde,G,1,101.83,0.0,101.83,Cartão de Débito,Física,305.0,7
8788,2026-03-11,10:45,109,Camiseta Básica,Camiseta,Cinza,P,4,128.12,0.0,512.48,Cartão de Crédito,Online,505.0,25
8789,2026-05-25,12:15,150,Blusa Esporte,Blusa,Vermelha,M,3,241.11,0.0,723.33,PIX,Física,,5
8790,29/07/26,11:15,165,Blusa Casual,Blusa,Rosa,GG,2,156.99,0.0,"313,98",Crediário,Física,,8
8791,2026-05-29,20:15,60,Acessório Esporte,Acessório,Azul,G,4,112.08,67.25,381.07,Crediário,Online,161.0,21
8792,2026-09-05,15:00,135,Camiseta Slim,Camiseta,Preta,GG,3,333.31,99.99,899.94,PIX,Física,168.0,25
8793,2026-04-17,12:00,86,Bermuda Casual,Bermuda,Branca,P,2,211.18,0.0,422.36,PIX,Física,282.0,20
8794,2026-03-28,12:00,62,Camiseta Básica,Camiseta,Azul,GG,3,140.6,0.0,421.8,Dinheiro,Física,15.0,1
8795,2026-08-16,18:15,104,Vestido Slim,Vestido,Verde,P,3,221.73,66.52,598.67,Cartão de Débito,Online,423.0,8
8796,2026-09-17,10:45,109,Camiseta Básica,Camiseta,Cinza,P,-2,128.12,0.0,384.36,Cartão de Débito,Online,213.0,2
8797,2026-05-08,19:15,163,Jaqueta Básica,Jaqueta,Branca,M,4,212.45,0.0,849.8,Cartão de Débito,Online,329.0,21
8798,2026-03-06,12:30,125,Vestido Esporte,Vestido,Vermelha,P,2,67.79,6.78,128.8,PIX,Física,19.0,14
8799,2026-08-13,20:00,180,Acessório X,Acessório,Cinza,G,2,73.69,22.11,125.27,PIX,Online,317.0,6
8800,2026-06-06,18:15,15,Blusa Social,Blusa,Azul,M,4,303.57,182.14,1032.14,Cartão de Débito,Física,313.0,4
8801,2026-04-30,21:45,81,Calça Social,Calça,Cinza,P,4,125.82,25.16,478.12,Cartão de Crédito,Física,536.0,16
8802,05/09/2026,17:15,14,Bermuda Social,Bermuda,Branca,P,3,125.8,0.0,377.4,Crediário,Física,455.0,9
8803,2026-07-22,12:15,106,Vestido Premium,Vestido,Cinza,G,1,201.43,0.0,201.43,Cartão de Débito,Online,540.0,8
8804,2026-03-31,20:00,15,Blusa Social,Blusa,Azul,M,2,303.57,0.0,"R$ 607,14",Dinheiro,Online,497.0,21
8805,2026-09-13,13:30,134,Calça Slim,Calça,Rosa,P,1,297.88,14.89,"282,99",Cartão de Débito,Online,281.0,17
8806,2026-07-04,09:30,150,Blusa Esporte,Blusa,Vermelha,M,2,241.11,0.0,482.22,PIX,Online,195.0,19
8807,2026-06-23,17:15,100,Vestido Casual,Vestido,Preta,M,1,76.04,7.6,68.44,Cartão de Débito,Física,,19
8808,2026-04-01,11:00,148,Acessório Premium,Acessório,Vermelha,GG,3,36.52,0.0,109.56,Dinheiro,Física,409.0,4
8809,2026-06-21,12:00,94,Acessório Casual,Acessório,Verde,M,2,202.82,0.0,405.64,PIX,Online,72.0,21
8810,2026-03-22,15:15,139,Acessório Slim,Acessório,Branca,P,4,227.76,0.0,911.04,Cartão de Crédito,Online,386.0,16
8811,2026-04-25,15:30  ,76,Bermuda Premium,Bermuda,Vermelha,M,1,45.34,0.0,45.34,Cartão de Crédito,Física,147.0,19
8812,2026-08-27, 15:15,164,Blusa X,Blusa,Cinza,G,1,193.36,19.34,"174,02",Cartão de Débito,Física,258.0,22
8813,2026-03-19,18:30,17,Acessório Casual,Acessório,Rosa,P,1,277.21,41.58,235.63,Cartão de Débito,Online,102.0,13
8814,2026-07-11,14:15,51,Jaqueta Slim,Jaqueta,Verde,M,4,118.56,0.0,474.24,PIX,Física,333.0,2
8815,2026-07-12,21:00,157,Blusa Social,Blusa,Rosa,GG,4,325.37,65.07,1236.41,Dinheiro,Física,343.0,7
8816,2026-06-26,15:30,111,Acessório Esporte,Acessório,Rosa,M,2,333.04,0.0,666.08,Dinheiro,Online,162.0,12
8817,2026-07-15,10:15,108,Bermuda Social,Bermuda,Vermelha,P,4,179.79,0.0,719.16,Dinheiro,Online,149.0,2
8818,2026-04-19,17:45,170,Blusa Premium,Blusa,Azul,G,1,154.9,0.0,154.9,Dinheiro,Online,157.0,8
8819,2026-05-04,10:30,138,Acessório Social,Acessório,Rosa,G,2,125.4,0.0,250.8,PIX,Física,558.0,11
8820,29-04-2026,13:45,125,Vestido Esporte,Vestido,Vermelha,P,4,67.79,13.56,257.6,Cartão de Crédito,Online,453.0,25
8821,2026-03-03,16:45,48,Camiseta Esporte,Camiseta,Preta,G,2,170.37,0.0,340.74,PIX,Física,350.0,15
8822,2026-06-04,12:15,58,Acessório Básica,Acessório,Cinza,P,2,304.84,0.0,609.68,PIX,Física,563.0,7
8823,2026-05-03,13:45,107,Blusa Slim,Blusa,Preta,M,4,264.43,0.0,1057.72,PIX,Online,252.0,21
8824,2026-06-14,14:15,93,Blusa Social,Blusa,Vermelha,GG,3,327.13,49.07,932.32,Cartão de Débito,Física,130.0,11
8825,2026-09-15,16:30,65,Jaqueta Social,Jaqueta,Cinza,GG,3,77.68,0.0,233.04,Cartão de Débito,Física,198.0,6
8826,2026-05-28,18:30,178,Calça Básica,Calça,Azul,GG,2,144.41,0.0,288.82,PIX,Física,,11
8827,2026-04-25,12:15,132,Acessório Básica,Acessório,Branca,P,0,296.32,59.26,1126.02,Cartão de Débito,Física,525.0,9
8828,2026-04-02,20:00,106,Vestido Premium,Vestido,Cinza,G,3,201.43,60.43,"543,86",Cartão de Crédito,Online,557.0,22
8829,2026-08-04,14:15,5,Jaqueta Slim,Jaqueta,Branca,GG,3,87.47,39.36,223.05,Crediário,Física,341.0,2
8830,2026-06-12,11:00,5,Jaqueta Slim,Jaqueta,Branca,GG,3,87.47,0.0,262.41,Cartão de Crédito,Online,18.0,13
8831,2026-07-15,11:45,13,Calça X,Calça,Verde,M,2,118.99,0.0,237.98,Dinheiro,Online,96.0,6
8832,2026-05-19,11:30,157,Blusa Social,Blusa,Rosa,GG,2,325.37,0.0,650.74,Cartão de Crédito,Física,61.0,5
8833,2026-08-04,11:00,92,Calça Casual,Calça,Rosa,G,4,164.58,0.0,658.32,cartão de crédito,Online,305.0,14
8834,2026-08-31,12:45,78,Blusa Casual,Blusa,Cinza,M,2,332.45,0.0,664.9,Cartão de Crédito,Online,594.0,9
8835,2026-06-30,16:45,62,Camiseta Básica,Camiseta,Azul,GG,3,140.6,63.27,358.53,Cartão de Débito,Online,63.0,13
8836,2026-07-01,19:30,70,Blusa Slim,Blusa,Verde,GG,2,203.23,0.0,406.46,Cartão de Crédito,Física,165.0,16
8837,2026-05-27,12:30,9,Jaqueta Social,Jaqueta,Rosa,G,2,97.54,9.75,185.33,Cartão de Crédito,Física,,16
8838,2026-08-20,21:15,34,Acessório Slim,Acessório,Azul,M,3,220.29,0.0,"R$ 660,87",crediário,Física,38.0,1
8839,2026-07-14,09:30,46,Acessório X,Acessório,Cinza,M,4,184.96,36.99,702.85,Crediário,Online,197.0,10
8840,2026-09-19,11:30,149,Calça Premium,Calça,Vermelha,P,1,296.39,44.46,251.93,Dinheiro,Física,,16
8841,2026-04-23,16:30,170,Blusa Premium,Blusa,Azul,G,4,154.9,61.96,557.64,Cartão de Débito,Online,394.0,15
8842,2026-08-27,18:00,177,Bermuda Básica,Bermuda,Branca,G,2,113.66,22.73,204.59,CARTÃO DE CRÉDITO,Online,298.0,16
8843,2026-03-26,13:45,3,Camiseta Social,Camiseta,Branca,GG,1,48.72,0.0,48.72,Cartão de Débito,Física,171.0,14
8844,2026-08-30,13:00,35,Jaqueta Premium,Jaqueta,Preta,P,2,289.59,0.0,579.18,PIX,Online,134.0,16
8845,2026-03-26,17:00,57,Jaqueta Básica,Jaqueta,Verde,GG,3,111.2,0.0,333.6,Cartão de Crédito,Online,593.0,18
8846,2026-04-12,13:30,163,Jaqueta Básica,Jaqueta,Branca,M,4,212.45,0.0,849.8,Cartão de Débito,Física,255.0,8
8847,2026-03-29,12:15,4,Jaqueta Básica,Jaqueta,Vermelha,M,2,148.57,44.57,252.57,Cartão de Débito,Física,573.0,11
8848,2026-07-05,16:15,141,Acessório Slim,Acessório,Rosa,G,2,250.39,50.08,450.7,PIX,Online,505.0,10
8849,2026-07-15,11:15,21,Jaqueta Casual,Jaqueta,Cinza,G,3,186.68,0.0,560.04,Crediário,Física,58.0,23
8850,2026-08-21,16:15,63,Calça Premium,Calça,Vermelha,G,2,277.67,0.0,555.34,Cartão de Débito,Física,231.0,6
8851,2026-06-08,10:45,48,Camiseta Esporte,Camiseta,Preta,G,2,170.37,17.04,323.7,Cartão de Débito,Física,388.0,16
8852,2026-09-02,10:15,170,Blusa Premium,Blusa,Azul,G,4,154.9,30.98,588.62,Cartão de Crédito,Física,393.0,14
8853,2026-04-25,21:30,179,Vestido Básica,Vestido,Azul,G,2,31.43,0.0,62.86,PIX,Online,209.0,11
8854,2026-07-15,17:45,4,Jaqueta Básica,Jaqueta,Vermelha,M,4,148.57,0.0,594.28,Dinheiro,Física,572.0,16
8855,2026-09-01,18:00,75,Jaqueta Casual,Jaqueta,Azul,G,4,238.16,0.0,952.64,Dinheiro,Física,55.0,24
8856,2026-05-22,18:30,55,Vestido Premium,Vestido,Verde,P,2,95.27,19.05,171.49,Cartão de Crédito,Física,34.0,25
8857,2026-05-16,20:30,25,Blusa Social,Blusa,Rosa,M,2,285.55,57.11,513.99,Cartão de Débito,Online,394.0,1
8858,2026-06-02,13:15,130,Blusa Esporte,Blusa,Verde,GG,3,154.8,0.0,464.4,Cartão de Crédito,Online,535.0,14
8859,2026-03-26,11:45,28,Camiseta Social,Camiseta,Rosa,GG,3,276.72,83.02,747.14,Crediário,Física,93.0,9
8860,2026-03-27,13:45,169,Vestido Esporte,Vestido,Rosa,M,3,120.16,0.0,360.48,PIX,Física,35.0,6
8861,2026-07-09,20:30  ,11,Calça Básica,Calça,Vermelha,G,1,297.24,0.0,297.24,Crediário,Física,24.0,24
8862,2026-08-11,21:00,130,Blusa Esporte,Blusa,Verde,GG,3,154.8,0.0,464.4,Cartão de Crédito,Online,360.0,8
8863,2026-08-11,19:30,124,Jaqueta Slim,Jaqueta,Verde,G,1,210.25,0.0,210.25,Cartão de Débito,Online,315.0,11
8864,2026-06-03,17:45,169,Vestido Esporte,Vestido,Rosa,M,4,120.16,0.0,480.64,PIX,Online,451.0,9
8865,2026-04-21,19:45,11,Calça Básica,Calça,Vermelha,G,4,297.24,0.0,1188.96,Crediário,Física,561.0,12
8866,2026-03-03,20:00,54,Calça Esporte,Calça,Verde,P,1,77.13,7.71,69.42,Cartão de Crédito,Online,,5
8867,2026-08-27,20:45,94,Acessório Casual,Acessório,Verde,M,3,202.82,0.0,608.46,Dinheiro,Online,29.0,6
8868,2026-03-11,20:15,35,Jaqueta Premium,Jaqueta,Preta,P,1,289.59,28.96,260.63,PIX,Física,136.0,7
8869,2026-07-19,18:30,40,Bermuda Esporte,Bermuda,Azul,G,3,78.7,11.81,224.29,Cartão de Débito,Online,575.0,6
8870,2026-08-26,13:30,43,Vestido Básica,Vestido,Rosa,G,2,212.4,0.0,424.8,PIX,Online,,12
8871,2026-03-27, 14:00 ,76,Bermuda Premium,Bermuda,Vermelha,M,2,45.34,9.07,81.61,Dinheiro,Online,594.0,9
8872,2026-04-27,21:45,56,Bermuda Casual,Bermuda,Verde,P,1,269.73,0.0,269.73,PIX,Física,486.0,2
8873,2026-04-10,11:30,43,Vestido Básica,Vestido,Rosa,G,2,212.4,42.48,382.32,Cartão de Débito,Física,182.0,16
8874,2026-08-13, 11:15 ,161,Vestido X,Vestido,Azul,G,2,67.98,20.39,115.57,Cartão De Débito,Online,308.0,8
8875,2026-08-17,10:00  ,58,Acessório Básica,Acessório,Cinza,P,4,304.84,60.97,1158.39,Cartão de Débito,Física,406.0,16
8876,2026-07-05,14:30,179,Vestido Básica,Vestido,Azul,G,2,31.43,6.29,56.57,Cartão de Débito,Online,274.0,15
8877,2026-06-16,18:30,149,Calça Premium,Calça,Vermelha,P,2,296.39,0.0,592.78,Cartão de Crédito,Física,442.0,12
8878,2026-06-04,14:00,63,Calça Premium,Calça,Vermelha,G,3,277.67,0.0,833.01,Cartão de Débito,Física,269.0,5
8879,2026-03-19,21:00,22,Vestido Social,Vestido,Rosa,G,1,289.54,43.43,246.11,Cartão de Débito,Online,251.0,20
8880,2026-06-02,18:00,5,Jaqueta Slim,Jaqueta,Branca,GG,3,87.47,13.12,249.29,PIX,Online,191.0,12
8881,2026-03-16,15:15,25,Blusa Social,Blusa,Rosa,M,1,285.55,42.83,242.72,Cartão de Débito,Online,107.0,13
8882,2026-05-07,18:30,33,Blusa X,Blusa,Vermelha,P,3,230.83,103.87,588.62,Crediário,Física,475.0,5
8883,2026-08-20,11:15,153,Vestido Básica,Vestido,Preta,G,3,129.37,0.0,388.11,PIX,Online,430.0,16
8884,2026-09-23,17:30,80,Jaqueta Casual,Jaqueta,Cinza,P,-2,258.13,77.44,438.82,Cartão de Crédito,Online,497.0,12
8885,2026-04-18,18:00,87,Camiseta Casual,Camiseta,Rosa,G,1,25.88,0.0,25.88,Cartão de Débito,Física,103.0,12
8886,2026-03-19,14:15,155,Bermuda X,Bermuda,Preta,M,2,134.96,26.99,242.93,Cartão de Crédito,Online,280.0,22
8887,2026-08-18,18:45,23,Blusa X,Blusa,Preta,P,4,219.84,87.94,791.42,Cartão de Débito,Física,507.0,6
8888,2026-07-21,16:45,25,Blusa Social,Blusa,Rosa,M,3,285.55,0.0,856.65,Dinheiro,Online,337.0,18
8889,2026-09-06,14:00,148,Acessório Premium,Acessório,Vermelha,GG,1,36.52,3.65,32.87,PIX,Online,498.0,7
8890,2026-08-26,20:30,114,Jaqueta Esporte,Jaqueta,Verde,P,3,60.77,0.0,182.31,PIX,Online,,1
8891,2026-07-04,17:45,121,Vestido Casual,Vestido,Verde,G,1,101.83,10.18,91.65,PIX,Física,13.0,23
8892,2026-07-24,21:15  ,11,Calça Básica,Calça,Vermelha,G,1,297.24,14.86,282.38,Cartão de Débito,Online,443.0,5
8893,2026-07-27,10:30,8,Blusa Social,Blusa,Preta,M,4,290.68,116.27,1046.45,PIX,Online,183.0,23
8894,2026-06-10,19:15,80,Jaqueta Casual,Jaqueta,Cinza,P,2,258.13,25.81,490.45,Cartão de Crédito,Física,437.0,20
8895,2026-04-28,17:00,92,Calça Casual,Calça,Rosa,G,3,164.58,0.0,493.74,Cartão de Débito,Online,286.0,6
8896,2026-05-21,20:45,84,Jaqueta Básica,Jaqueta,Verde,P,3,313.9,141.26,800.44,PIX,Online,487.0,18
8897,2026-04-14,17:45,61,Acessório Básica,Acessório,Rosa,M,3,281.06,0.0,843.18,PIX,Online,216.0,4
8898,2026-03-14,09:15,139,Acessório Slim,Acessório,Branca,P,4,227.76,91.1,819.94,Cartão de Crédito,Física,489.0,22
8899,2026-09-22,09:15,151,Blusa Casual,Blusa,Preta,P,1,121.09,6.05,115.04,Cartão de Débito,Física,396.0,17
8900,2026-03-13,10:30,10,Jaqueta Casual,Jaqueta,Cinza,GG,2,338.29,33.83,642.75,Cartão de Débito,Online,225.0,7
8901,2026-07-02,11:45,33,Blusa X,Blusa,Vermelha,P,1,230.83,23.08,207.75,Cartão de Crédito,Online,116.0,6
8902,2026-04-18,11:15,10,Jaqueta Casual,Jaqueta,Cinza,GG,3,338.29,101.49,913.38,Cartão de Crédito,Online,201.0,1
8903,2026-09-22,16:45,22,Vestido Social,Vestido,Rosa,G,4,289.54,0.0,1158.16,Cartão de Débito,Física,331.0,21
8904,2026-05-16,10:45  ,28,Camiseta Social,Camiseta,Rosa,GG,2,276.72,55.34,498.1,Cartão de Débito,Online,158.0,4
8905,2026-09-13,21:00,64,Camiseta Básica,Camiseta,Rosa,M,3,108.86,0.0,326.58,PIX,Física,130.0,7
8906,2026-08-15,10:15,160,Calça X,Calça,Verde,P,4,137.04,0.0,548.16,Cartão de Crédito,Online,235.0,12
8907,2026-08-31,16:00,12,Bermuda Esporte,Bermuda,Cinza,M,4,327.44,0.0,1309.76,Cartão de Crédito,Física,449.0,5
8908,2026-09-24,16:00,147,Bermuda Básica,Bermuda,Branca,P,4,44.8,8.96,170.24,Cartão de Débito,Online,451.0,20
8909,2026-08-15,20:45,23,Blusa X,Blusa,Preta,P,4,219.84,43.97,835.39,PIX,Física,520.0,19
8910,2026-04-17,09:00,120,Vestido Premium,Vestido,Rosa,GG,4,304.25,0.0,1217.0,PIX,Física,232.0,19
8911,2026-05-20,11:00,64,Camiseta Básica,Camiseta,Rosa,M,1,108.86,5.44,103.42,Cartão de Crédito,Online,497.0,15
8912,2026-03-07,09:00,1,Acessório Premium,Acessório,Verde,G,1,129.26,12.93,116.33,PIX,Física,29.0,6
8913,2026-07-15,19:30,97,Camiseta Slim,Camiseta,Azul,M,4,174.51,34.9,663.14,Cartão de Débito,Online,210.0,13
8914,2026-04-14,14:30,94,Acessório Casual,Acessório,Verde,M,4,202.82,0.0,811.28,Dinheiro,Online,415.0,20
8915,2026-05-15,20:15,38,Calça X,Calça,Azul,G,4,234.51,46.9,891.14,PIX,Física,89.0,13
8916,2026-08-31,10:45,49,Calça Básica,Calça,Verde,GG,2,193.27,0.0,386.54,Cartão de Crédito,Física,183.0,22
8917,2026-06-20,13:30,66,Bermuda X,Bermuda,Branca,G,3,98.66,14.8,281.18,Cartão de Débito,Online,7.0,10
8918,2026-08-02,20:00,121,Vestido Casual,Vestido,Verde,G,2,101.83,0.0,203.66,Cartão de Crédito,Física,486.0,23
8919,2026-08-10,15:45,13,Calça X,Calça,Verde,M,2,118.99,35.7,202.28,Cartão de Débito,Online,,23
8920,2026-07-26,14:00,172,Camiseta Social,Camiseta,Rosa,G,2,281.43,84.43,478.43,Cartão de Crédito,Física,358.0,7
8921,2026-06-19,17:15,133,Calça Social,Calça,Rosa,G,1,39.8,1.99,37.81,Dinheiro,Física,550.0,21
8922,2026-06-15,10:15,3,Camiseta Social,Camiseta,Branca,GG,2,48.72,14.62,82.82,PIX,Física,581.0,24
8923,2026-03-05,11:00,173,Jaqueta Casual,Jaqueta,Cinza,GG,4,328.02,0.0,1312.08,cartao credito,Online,500.0,16
8924,2026-05-11,18:15,70,Blusa Slim,Blusa,Verde,GG,2,203.23,0.0,406.46,Cartão de Débito,Física,584.0,3
8925,2026-08-09,20:15,36,Vestido Social,Vestido,Azul,P,1,348.35,0.0,348.35,Cartão de Crédito,Física,40.0,10
8926,2026-07-17,14:00,170,Blusa Premium,Blusa,Azul,G,4,154.9,0.0,619.6,Cartão de Crédito,Online,32.0,15
8927,2026-06-05,13:45,101,Vestido Social,Vestido,Vermelha,GG,3,158.47,23.77,451.64,Cartão de Crédito,Online,121.0,20
8928,2026-07-14,20:00,124,Jaqueta Slim,Jaqueta,Verde,G,3,210.25,94.61,536.14,Cartão de Débito,Online,493.0,2
8929,2026-07-15,09:45,118,Camiseta Esporte,Camiseta,Azul,M,3,214.08,0.0,642.24,PIX,Online,76.0,16
8930,2026-08-18,17:00,18,Vestido Premium,Vestido,Vermelha,P,2,221.89,0.0,443.78,CARTÃO DE CRÉDITO,Online,,7
8931,2026-07-17,20:15,64,Camiseta Básica,Camiseta,Rosa,M,3,108.86,48.99,277.59,Dinheiro,Online,96.0,10
8932,2026-09-09,19:30,91,Camiseta Casual,Camiseta,Branca,P,4,29.36,11.74,"R$ 105,70",Cartão De Débito,Física,351.0,14
8933,2026-09-21,12:15  ,53,Camiseta Básica,Camiseta,Branca,P,4,204.54,40.91,777.25,Cartão de Débito,Online,581.0,14
8934,2026-03-31,10:30,122,Bermuda Casual,Bermuda,Rosa,GG,1,286.85,14.34,272.51,Cartão de Crédito,Online,24.0,10
8935,2026-07-18,17:15,110,Bermuda Esporte,Bermuda,Branca,GG,3,116.53,52.44,297.15,Cartão de Débito,Online,520.0,1
8936,2026-09-09,12:15,10,Jaqueta Casual,Jaqueta,Cinza,GG,3,338.29,50.74,964.13,Cartão de Débito,Online,467.0,5
8937,2026-05-15,12:15,98,Vestido Social,Vestido,Branca,G,3,290.16,0.0,870.48,Cartão de Débito,Física,385.0,8
8938,2026-09-24,13:45,77,Vestido X,Vestido,Rosa,G,1,195.59,29.34,166.25,PIX,Física,102.0,1
8939,2026-05-21,17:45,150,Blusa Esporte,Blusa,Vermelha,M,3,241.11,0.0,723.33,Cartão de Débito,Online,,23
8940,2026-07-04, 14:15 ,63,Calça Premium,Calça,Vermelha,G,4,277.67,0.0,1110.68,Dinheiro,Online,125.0,10
8941,2026-04-06,18:45,73,Vestido Social,Vestido,Preta,P,4,83.59,0.0,334.36,Cartão de Crédito,Física,465.0,25
8942,2026-06-03,10:45,119,Vestido Básica,Vestido,Azul,P,4,51.47,20.59,185.29,PIX,Física,121.0,19
8943,2026-06-26,09:15,100,Vestido Casual,Vestido,Preta,M,3,76.04,11.41,216.71,Cartão de Débito,Física,216.0,4
8944,2026-06-23,15:45,142,Acessório Básica,Acessório,Cinza,G,1,333.62,50.04,283.58,PIX,Física,112.0,25
8945,2026-09-17,21:00,127,Vestido Social,Vestido,Rosa,G,3,72.5,21.75,195.75,PIX,Física,488.0,15
8946,2026-07-06,12:15,45,Blusa Social,Blusa,Cinza,G,2,158.82,0.0,317.64,Cartão de Crédito,Online,242.0,22
8947,12/06/2026,13:00,73,Vestido Social,Vestido,Preta,P,2,83.59,8.36,158.82,Cartão de Débito,Física,371.0,11
8948,2026-04-29,12:45,54,Calça Esporte,Calça,Verde,P,2,77.13,0.0,154.26,Cartão de Débito,Física,561.0,2
8949,2026-04-04,10:30,112,Calça Básica,Calça,Azul,M,2,318.38,31.84,604.92,Cartão de Débito,Física,75682.0,25
8950,2026-04-13,11:00,169,Vestido Esporte,Vestido,Rosa,M,4,120.16,0.0,480.64,CREDIÁRIO,Online,378.0,20
8951,2026-06-27,18:15,137,Camiseta Esporte,Camiseta,Preta,M,4,149.09,59.64,536.72,Cartão de Crédito,Física,,16
8952,2026-03-18,16:45,101,Vestido Social,Vestido,Vermelha,GG,3,158.47,0.0,475.41,Cartão de Crédito,Online,228.0,4
8953,2026-06-20,20:45,22,Vestido Social,Vestido,Rosa,G,3,289.54,130.29,738.33,Cartão de Crédito,Física,301.0,22
8954,15/09/26,09:45,58,Acessório Básica,Acessório,Cinza,P,4,304.84,0.0,1219.36,Cartão de Débito,Online,449.0,17
8955,2026-09-25,19:30,33,Blusa X,Blusa,Vermelha,P,2,230.83,46.17,415.49,Dinheiro,Online,185.0,7
8956,2026-04-28,09:00,160,Calça X,Calça,Verde,P,2,137.04,27.41,246.67,Cartão de Débito,Física,326.0,17
8957,2026-07-14,14:00,107,Blusa Slim,Blusa,Preta,M,3,264.43,39.66,753.63,Dinheiro,Física,96.0,20
8958,2026-06-02,11:00,90532,Calça Casual,Calça,Rosa,G,4,164.58,98.75,559.57,Dinheiro,Física,30.0,6
8959,2026-08-04,19:15,58,Acessório Básica,Acessório,Cinza,P,2,304.84,0.0,609.68,Cartão de Crédito,Física,417.0,9
8960,2026-04-07,12:45,16,Acessório Casual,Acessório,Verde,GG,1,160.59,8.03,"R$ 152,56",Crediário,Online,280.0,25
8961,2026-04-01,11:30,6,Acessório X,Acessório,Azul,GG,3,334.07,50.11,952.1,PIX,Online,91926.0,20
8962,2026-04-16,16:00,84,Jaqueta Básica,Jaqueta,Verde,P,3,313.9,0.0,941.7,Dinheiro,Física,244.0,4
8963,2026-07-08,12:00,150,Blusa Esporte,Blusa,Vermelha,M,4,241.11,96.44,868.0,Cartão de Débito,Física,546.0,4
8964,2026-08-02,20:45,53,Camiseta Básica,Camiseta,Branca,P,2,204.54,20.45,388.63,Cartão de Débito,Física,,20
8965,2026-09-02,13:45,62,Camiseta Básica,Camiseta,Azul,GG,1,140.6,7.03,133.57,Cartão de Crédito,Física,104.0,9
8966,2026-04-24,14:00,67,Bermuda Básica,Bermuda,Cinza,P,3,318.87,47.83,908.78,PIX,Física,261.0,14
8967,2026-07-06,11:15,164,Blusa X,Blusa,Cinza,G,4,193.36,116.02,657.42,PIX,Online,16.0,1
8968,2026-05-11,18:45,165,Blusa Casual,Blusa,Rosa,GG,4,156.99,31.4,596.56,pix,Online,569.0,11
8969,18-06-2026,17:00,30,Blusa Básica,Blusa,Preta,M,1,249.41,12.47,236.94,Cartão de Débito,Física,318.0,12
8970,2026-03-09,21:15,31,Vestido Slim,Vestido,Azul,P,4,35.57,0.0,142.28,Crediário,Online,453.0,16
8971,2026-03-10,19:30,59,Acessório X,Acessório,Azul,G,2,137.62,13.76,261.48,Cartão de Débito,Online,533.0,15
8972,2026-09-20,11:30,69,Camiseta Social,Camiseta,Branca,M,2,96.99,0.0,193.98,Cartão de Débito,Online,424.0,21
8973,2026-03-17,18:15,152,Acessório Básica,Acessório,Verde,GG,4,238.11,47.62,904.82,cartao credito,Online,107.0,15
8974,2026-06-12,19:30,59,Acessório X,Acessório,Azul,G,4,137.62,82.57,467.91,Dinheiro,Online,185.0,12
8975,2026-07-07,12:00,40,Bermuda Esporte,Bermuda,Azul,G,1,78.7,3.94,74.76,Cartão de Débito,Física,148.0,13
8976,2026-08-09,18:15,128,Bermuda Básica,Bermuda,Preta,GG,2,193.28,0.0,"386,56",Cartão de Crédito,Online,528.0,2
8977,2026-07-02,14:15,3,Camiseta Social,Camiseta,Branca,GG,4,48.72,19.49,175.39,PIX,Online,99.0,19
8978,2026-04-08,18:45,83,Camiseta Básica,Camiseta,Rosa,M,1,221.65,11.08,210.57,Cartão de Débito,Online,586.0,11
8979,2026-03-13,09:45,83,Camiseta Básica,Camiseta,Rosa,M,1,221.65,33.25,188.4,Crediário,Física,350.0,17
8980,2026-08-28,20:45,125,Vestido Esporte,Vestido,Vermelha,P,3,67.79,30.51,172.86,Cartão de Débito,Online,409.0,13
8981,2026-03-04,18:15,112,Calça Básica,Calça,Azul,M,4,318.38,63.68,1209.84,Cartão de Débito,Online,394.0,11
8982,2026-09-22,14:00,113,Blusa Social,Blusa,Rosa,P,3,270.36,121.66,689.42,Dinheiro,Online,405.0,18
8983,2026-06-22,11:30,73,Vestido Social,Vestido,Preta,P,2,83.59,0.0,167.18,Cartão de Débito,Online,359.0,7
8984,2026-03-24,13:45,150,Blusa Esporte,Blusa,Vermelha,M,3,241.11,36.17,687.16,PIX,Online,480.0,9
8985,2026-08-17,13:45,72,Blusa Premium,Blusa,Verde,GG,3,252.12,37.82,718.54,Cartão de Crédito,Online,7.0,14
8986,2026-05-30,16:45,172,Camiseta Social,Camiseta,Rosa,G,2,281.43,0.0,562.86,PIX,Física,37.0,5
8987,2026-04-25,10:30,47,Vestido Premium,Vestido,Cinza,G,3,115.65,0.0,346.95,Dinheiro,Online,168.0,18
8988,2026-08-03,20:30,41,Jaqueta Casual,Jaqueta,Cinza,GG,1,274.27,0.0,274.27,Cartão de Crédito,Física,127.0,8
8989,2026-09-19,14:00,159,Acessório Slim,Acessório,Azul,G,2,201.01,0.0,402.02,Cartão de Débito,Física,,8
8990,2026-03-14,21:15,13,Calça X,Calça,Verde,M,4,118.99,0.0,475.96,Cartão de Débito,Online,153.0,22
8991,2026-08-31,13:45,93,Blusa Social,Blusa,Vermelha,GG,1,327.13,16.36,310.77,Dinheiro,Física,189.0,15
8992,2026-03-31,20:45,22,Vestido Social,Vestido,Rosa,G,2,289.54,0.0,579.08,Cartão de Débito,Física,21.0,3
8993,2026-03-21,19:15,92,Calça Casual,Calça,Rosa,G,4,164.58,98.75,559.57,Dinheiro,Online,555.0,19
8994,2026-09-06,18:45,32,Bermuda Premium,Bermuda,Azul,GG,3,298.98,89.69,807.25,Cartão de Crédito,Física,410.0,16
8995,2026-06-29,20:00,33,Blusa X,Blusa,Vermelha,P,2,230.83,0.0,461.66,PIX,Online,150.0,22
8996,2026-07-16,20:45,173,Jaqueta Casual,Jaqueta,Cinza,GG,2,328.02,98.41,557.63,Crediário,Online,391.0,13
8997,2026-06-24,18:45,171,Acessório X,Acessório,Verde,G,1,85.73,0.0,85.73,Cartão de Débito,Física,267.0,24
8998,2026-09-10,12:00,83,Camiseta Básica,Camiseta,Rosa,M,3,221.65,0.0,664.95,Cartão de Débito,Física,30.0,20
8999,2026-08-08,21:30,119,Vestido Básica,Vestido,Azul,P,1,51.47,2.57,48.9,Cartão de Débito,Física,589.0,1
9000,2026-05-10,13:00,86,Bermuda Casual,Bermuda,Branca,P,3,211.18,63.35,570.19,Dinheiro,Online,334.0,23
5107,2026-03-28,16:45,177,Bermuda Básica,Bermuda,Branca,G,1,113.66,5.68,107.98,Crediário,Online,383.0,21
2862,2026-07-06,16:15,157,Blusa Social,Blusa,Rosa,GG,3,325.37,0.0,976.11,Dinheiro,Física,121.0,3
4936,2026-08-04,20:45,12,Bermuda Esporte,Bermuda,Cinza,M,4,327.44,0.0,1309.76,PIX,Online,476.0,16
6969,2026-08-21,12:30,16,Acessório Casual,Acessório,Verde,GG,1,160.59,24.09,136.5,PIX,Online,567.0,15
8496,2026-04-04,14:30,122,Bermuda Casual,Bermuda,Rosa,GG,1,286.85,0.0,286.85,Crediário,Online,529.0,3
3104,2026-03-05,16:45,48,Camiseta Esporte,Camiseta,Preta,G,1,170.37,17.04,153.33,Cartão de Débito,Online,233.0,20
786,2026-06-08,21:00,20,Calça X,Calça,Vermelha,P,2,211.81,0.0,423.62,Cartão de Crédito,Online,137.0,10
16,2026-05-13,17:45,64,Camiseta Básica,Camiseta,Rosa,M,1,108.86,0.0,108.86,Dinheiro,Física,341.0,14
6814,2026-04-17,17:30,155,Bermuda X,Bermuda,Preta,M,4,134.96,0.0,539.84,Dinheiro,Online,235.0,15
2345,2026-03-04,21:15,58,Acessório Básica,Acessório,Cinza,P,4,304.84,0.0,1219.36,Cartão de Crédito,Física,267.0,18
4697,2026-08-01,18:15,172,Camiseta Social,Camiseta,Rosa,G,4,281.43,0.0,1125.72,Cartão de Débito,Física,224.0,20
2181,2026-07-07,09:15,52,Vestido Casual,Vestido,Rosa,GG,4,235.08,141.05,799.27,Cartão de Crédito,Física,490.0,20
4489,2026-05-01,13:00,171,Acessório X,Acessório,Verde,G,4,85.73,51.44,291.48,PIX,Física,134.0,7
714,2026-06-25,14:00,80,Jaqueta Casual,Jaqueta,Cinza,P,4,258.13,154.88,877.64,Crediário,Física,331.0,19
4303,2026-08-08,11:45,19,Blusa Casual,Blusa,Preta,M,2,212.08,42.42,381.74,Cartão de Débito,Física,548.0,25
1781,2026-06-07,14:45,89,Acessório Slim,Acessório,Preta,P,3,283.36,0.0,850.08,Dinheiro,Online,540.0,24
4898,2026-06-23,20:45,76,Bermuda Premium,Bermuda,Vermelha,M,1,45.34,4.53,40.81,Cartão de Débito,Online,343.0,2
7599,2026-08-16,11:00,142,Acessório Básica,Acessório,Cinza,G,1,333.62,16.68,316.94,Cartão de Crédito,Online,293.0,17
2222,2026-09-12,14:30,40,Bermuda Esporte,Bermuda,Azul,G,2,78.7,7.87,149.53,PIX,Online,513.0,13
6955,2026-07-27,13:15,29,Blusa Esporte,Blusa,Branca,M,3,318.44,95.53,859.79,PIX,Online,,2
5539,2026-03-22,13:00,35,Jaqueta Premium,Jaqueta,Preta,P,3,289.59,0.0,868.77,Cartão de Débito,Física,262.0,10
3203,2026-03-05,20:00,165,Blusa Casual,Blusa,Rosa,GG,3,156.99,23.55,447.42,PIX,Física,330.0,11
7637,2026-07-13,16:45,29,Blusa Esporte,Blusa,Branca,M,4,318.44,63.69,1210.07,Cartão de Débito,Física,363.0,21
3457,2026-08-27,11:45,118,Camiseta Esporte,Camiseta,Azul,M,4,214.08,0.0,856.32,Cartão de Crédito,Online,415.0,20
4910,2026-09-14,09:45,82,Vestido Slim,Vestido,Vermelha,P,1,342.99,51.45,"R$ 291,54",PIX,Física,590.0,14
6468,2026-09-22,10:00,111,Acessório Esporte,Acessório,Rosa,M,2,333.04,0.0,666.08,Cartão de Débito,Online,541.0,7
538,2026-05-09,14:30,158,Blusa Social,Blusa,Rosa,M,4,185.68,0.0,742.72,PIX,Física,500.0,7
2277,2026-08-06,12:15,135,Camiseta Slim,Camiseta,Preta,GG,0,333.31,0.0,1333.24,Crediário,Online,441.0,10
779,2026-08-24,20:45,138,Acessório Social,Acessório,Rosa,G,2,125.4,37.62,213.18,PIX,Online,487.0,17
7406,2026-06-09,12:00,142,Acessório Básica,Acessório,Cinza,G,1,333.62,50.04,283.58,PIX,Online,44.0,22
7166,2026-09-22,15:30,98,Vestido Social,Vestido,Branca,G,1,290.16,14.51,275.65,Cartão de Débito,Online,504.0,14
3352,2026-08-12,16:15,64,Camiseta Básica,Camiseta,Rosa,M,3,108.86,0.0,326.58,Crediário,Física,303.0,8
4840,2026-03-26,12:00,3,Camiseta Social,Camiseta,Branca,GG,2,48.72,4.87,92.57,PIX,Física,580.0,22
6775,2026-05-20,16:15,137,Camiseta Esporte,Camiseta,Preta,M,2,149.09,44.73,253.45,Cartão de Crédito,Online,468.0,25
7983,2026-06-22,18:00,138,Acessório Social,Acessório,Rosa,G,2,125.4,12.54,238.26,PIX,Física,483.0,9
8747,2026-09-01,10:45,110,Bermuda Esporte,Bermuda,Branca,GG,2,116.53,23.31,209.75,Cartão de Crédito,Física,383.0,22
2146,2026-08-07,13:00,38,Calça X,Calça,Azul,G,3,234.51,0.0,703.53,Cartão de Débito,Física,124.0,13
3121,2026-05-18,19:30,37,Bermuda Básica,Bermuda,Branca,M,4,197.74,0.0,790.96,Cartão de Débito,Física,180.0,4
2305,2026-06-09,10:15,2,Camiseta Básica,Camiseta,Cinza,P,1,57.67,8.65,49.02,Cartão de Crédito,Online,349.0,5
622,2026-04-10,13:00,61,Acessório Básica,Acessório,Rosa,M,1,281.06,28.11,252.95,Cartão de Crédito,Física,236.0,13
3711,2026-09-20,10:00,37,Bermuda Básica,Bermuda,Branca,M,2,197.74,39.55,355.93,Cartão de Débito,Online,307.0,24
5108,2026-08-02,10:45,122,Bermuda Casual,Bermuda,Rosa,GG,4,286.85,0.0,1147.4,Dinheiro,Online,160.0,14
2420,2026-03-29,20:15,101,Vestido Social,Vestido,Vermelha,GG,4,158.47,0.0,633.88,Crediário,Física,411.0,16
7519,2026-07-20,13:00,20,Calça X,Calça,Vermelha,P,4,211.81,84.72,762.52,Cartão de Crédito,Física,30.0,1
7057,2026-06-05,14:30,43,Vestido Básica,Vestido,Rosa,G,4,212.4,84.96,764.64,Dinheiro,Online,16.0,7
340,2026-06-30,11:00,7,Jaqueta Esporte,Jaqueta,Preta,P,4,33.34,13.34,120.02,Cartão de Débito,Física,343.0,17
6867,2026-03-28,11:00,78,Blusa Casual,Blusa,Cinza,M,3,332.45,0.0,997.35,Crediário,Física,,12
4260,2026-03-04,12:00,78,Blusa Casual,Blusa,Cinza,M,1,332.45,0.0,332.45,Crediário,Física,77.0,5
5149,2026-03-28,15:15,12,Bermuda Esporte,Bermuda,Cinza,M,4,327.44,130.98,1178.78,Cartão de Crédito,Física,157.0,3
2689,2026-06-23,19:45,24,Blusa X,Blusa,Cinza,GG,4,80.81,0.0,323.24,PIX,Física,82.0,19
8768,2026-04-10,16:15,66,Bermuda X,Bermuda,Branca,G,1,98.66,14.8,83.86,Crediário,Física,475.0,10
2896,2026-04-23,10:00,12,Bermuda Esporte,Bermuda,Cinza,M,2,327.44,98.23,556.65,Crediário,Online,408.0,11
1172,2026-05-24,21:30,70211,Camiseta Social,Camiseta,Branca,GG,4,48.72,9.74,185.14,Cartão de Débito,Online,2.0,10
3516,2026-05-29,10:00,44,Jaqueta Esporte,Jaqueta,Azul,GG,3,198.07,29.71,564.5,Cartão de Débito,Online,333.0,6
7807,2026-06-08,15:45,29,Blusa Esporte,Blusa,Branca,M,1,318.44,47.77,270.67,Cartão de Crédito,Física,399.0,4
4125,2026-06-14,09:15,7,Jaqueta Esporte,Jaqueta,Preta,P,4,33.34,13.34,120.02,PIX,Online,75.0,10
35,2026-08-06,10:00,144,Calça Social,Calça,Cinza,GG,1,200.29,0.0,200.29,Cartão de Crédito,Online,198.0,2
4195,2026-04-22,13:45,36,Vestido Social,Vestido,Azul,P,4,348.35,0.0,1393.4,PIX,Online,,1
6408,2026-04-09,20:45,99,Vestido Social,Vestido,Rosa,P,2,135.91,0.0,271.82,Cartão de Débito,Online,574.0,21
5114,2026-03-17,20:45,41,Jaqueta Casual,Jaqueta,Cinza,GG,4,274.27,0.0,1097.08,Crediário,Física,528.0,16
418,2026-03-09,18:00,37,Bermuda Básica,Bermuda,Branca,M,4,197.74,79.1,711.86,Crediário,Física,574.0,1
4374,2026-07-08,15:00,173,Jaqueta Casual,Jaqueta,Cinza,GG,4,328.02,131.21,1180.87,Cartão de Crédito,Online,312.0,24
8291,2026-06-21,20:30,132,Acessório Básica,Acessório,Branca,P,3,296.32,0.0,888.96,Cartão de Crédito,Online,524.0,20
3374,2026-07-26,15:15,89,Acessório Slim,Acessório,Preta,P,1,283.36,0.0,283.36,PIX,Online,135.0,22
2930,2026-03-31,19:00,28,Camiseta Social,Camiseta,Rosa,GG,4,276.72,166.03,940.85,Cartão de Débito,Física,502.0,12
3649,2026-07-10,14:45,109,Camiseta Básica,Camiseta,Cinza,P,3,128.12,57.65,326.71,PIX,Online,408.0,5
2629,2026-03-11,14:30,145,Bermuda Esporte,Bermuda,Cinza,G,1,144.91,0.0,144.91,Dinheiro,Física,,7
4529,2026-06-01,21:30,72,Blusa Premium,Blusa,Verde,GG,2,252.12,0.0,"R$ 504,24",Pix,Física,138.0,7
264,2026-06-07,14:45,131,Vestido Básica,Vestido,Vermelha,M,3,38.91,11.67,105.06,Dinheiro,Física,255.0,15
3743,2026-08-20,10:15,22,Vestido Social,Vestido,Rosa,G,1,289.54,28.95,260.59,Cartão de Crédito,Online,362.0,22
4528,2026-04-30, 09:15,79,Camiseta X,Camiseta,Cinza,G,1,76.54,0.0,76.54,Crediário,Online,507.0,4
7322,2026-09-17,16:15,173,Jaqueta Casual,Jaqueta,Cinza,GG,2,328.02,32.8,623.24,Cartão de Débito,Online,153.0,14
1478,2026-05-01,10:00,130,Blusa Esporte,Blusa,Verde,GG,4,154.8,61.92,557.28,Cartão de Débito,Online,152.0,10
2532,2026-04-16,10:15,104,Vestido Slim,Vestido,Verde,P,1,221.73,33.26,188.47,Cartão de Débito,Online,467.0,16
1591,2026-05-20,14:30,124,Jaqueta Slim,Jaqueta,Verde,G,3,210.25,31.54,599.21,Crediário,Online,153.0,23
5824,25-07-2026,15:45,132,Acessório Básica,Acessório,Branca,P,4,296.32,0.0,1185.28,PIX,Física,499.0,24
2183,2026-07-25,15:00  ,166,Vestido Premium,Vestido,Vermelha,GG,3,194.42,58.33,524.93,Cartão de Crédito,Online,61.0,16
7003,2026-07-18,21:15,49,Calça Básica,Calça,Verde,GG,1,193.27,19.33,173.94,Cartão de Débito,Física,358.0,23
5494,2026-07-02,21:45,105,Vestido Esporte,Vestido,Vermelha,P,3,168.87,0.0,506.61,Cartão de Crédito,Física,5.0,18
6270,2026-04-28,09:00,170,Blusa Premium,Blusa,Azul,G,4,154.9,0.0,619.6,Dinheiro,Física,576.0,17
3119,2026-05-15,20:30,101,Vestido Social,Vestido,Vermelha,GG,4,158.47,0.0,633.88,Cartão de Crédito,Física,434.0,14
5707,2026-08-30,09:15,27,Vestido Premium,Vestido,Cinza,G,3,137.14,0.0,411.42,Cartão de Débito,Online,356.0,12
1108,2026-06-04,09:00,47,Vestido Premium,Vestido,Cinza,G,1,115.65,11.57,104.08,CARTÃO DE DÉBITO,Online,,1
5390,2026-03-01,15:15,115,Jaqueta Social,Jaqueta,Preta,GG,1,278.18,27.82,250.36,PIX,Online,397.0,13
8384,2026-04-13,10:45,172,Camiseta Social,Camiseta,Rosa,G,2,281.43,0.0,562.86,Cartão de Débito,Online,137.0,25
623,2026-03-08,09:30,143,Acessório Premium,Acessório,Rosa,M,3,297.19,0.0,891.57,PIX,Física,225.0,1
3597,2026-07-17,16:15,2,Camiseta Básica,Camiseta,Cinza,P,4,57.67,23.07,207.61,Dinheiro,Online,279.0,9
3669,2026-03-14,11:45,55,Vestido Premium,Vestido,Verde,P,3,95.27,14.29,271.52,Cartão de Débito,Física,437.0,4
6130,2026-09-19,09:00,114,Jaqueta Esporte,Jaqueta,Verde,P,3,60.77,18.23,"164,08",Cartão de Débito,Online,225.0,5
5176,2026-06-14,21:30,64,Camiseta Básica,Camiseta,Rosa,M,2,108.86,10.89,206.83,Crediário,Física,517.0,14
5959,2026-09-24,13:45,156,Jaqueta Básica,Jaqueta,Branca,G,1,292.56,0.0,292.56,Cartão de Débito,Física,582.0,23
6390,2026-03-14,20:00,16,Acessório Casual,Acessório,Verde,GG,4,160.59,96.35,546.01,PIX,Online,48.0,10
6710,2026-06-13,15:15,12,Bermuda Esporte,Bermuda,Cinza,M,3,327.44,147.35,834.97,Cartão de Crédito,Online,235.0,11
799,2026-04-15,20:45,11,Calça Básica,Calça,Vermelha,G,4,297.24,178.34,1010.62,PIX,Online,12.0,23
8871,2026-03-27,14:00,76,Bermuda Premium,Bermuda,Vermelha,M,2,45.34,9.07,81.61,Dinheiro,Online,594.0,9
5388,2026-08-31,16:45,108,Bermuda Social,Bermuda,Vermelha,P,3,179.79,0.0,539.37,PIX,Física,22.0,21
26,28/05/26,19:15,131,Vestido Básica,Vestido,Vermelha,M,3,38.91,17.51,99.22,PIX,Online,350.0,23
1929,2026-03-03,10:30,63,Calça Premium,Calça,Vermelha,G,4,277.67,111.07,999.61,Cartão de Crédito,Online,,17
8705,2026-06-11,17:15,163,Jaqueta Básica,Jaqueta,Branca,M,4,212.45,42.49,807.31,Crediário,Online,79.0,20
2267,2026-04-10,16:45,98,Vestido Social,Vestido,Branca,G,2,290.16,29.02,551.3,Cartão de Crédito,Física,357.0,6
5949,2026-04-18,14:45,70,Blusa Slim,Blusa,Verde,GG,3,203.23,60.97,548.72,Dinheiro,Online,276.0,12
7594,05/05/2026,11:00,124,Jaqueta Slim,Jaqueta,Verde,G,1,210.25,10.51,199.74,PIX,Física,250.0,10
984,2026-08-28,14:15,154,Acessório Esporte,Acessório,Azul,M,2,140.03,14.0,266.06,Crediário,Online,487.0,7
758,27/06/26,21:15,98,Vestido Social,Vestido,Branca,G,4,290.16,0.0,1160.64,Cartão de Débito,Online,418.0,3
3661,2026-03-28,11:30,135,Camiseta Slim,Camiseta,Preta,GG,3,333.31,50.0,949.93,Cartão de Crédito,Online,227.0,13
1022,2026-06-21,11:45,178,Calça Básica,Calça,Azul,GG,3,144.41,0.0,433.23,Cartão de Débito,Física,388.0,1
7680,2026-09-03,11:45,111,Acessório Esporte,Acessório,Rosa,M,4,333.04,0.0,1332.16,Crediário,Física,463.0,3
2565,2026-08-25,16:45,128,Bermuda Básica,Bermuda,Preta,GG,4,193.28,0.0,773.12,Cartão De Débito,Online,549.0,15
7454,2026-09-05,17:45,176,Camiseta Premium,Camiseta,Vermelha,GG,2,225.97,0.0,451.94,Cartão de Crédito,Física,67.0,23
291,2026-09-06,21:45,85,Blusa Casual,Blusa,Vermelha,G,4,273.43,164.06,929.66,Cartão de Crédito,Online,587.0,7
3000,2026-05-31,14:45,143,Acessório Premium,Acessório,Rosa,M,4,297.19,0.0,1188.76,Cartão de Crédito,Física,,7
4045,2026-06-05,19:30,172,Camiseta Social,Camiseta,Rosa,G,3,281.43,0.0,844.29,Cartão de Débito,Física,323.0,3
2089,2026-07-23,17:30,50,Blusa Esporte,Blusa,Vermelha,GG,1,189.51,9.48,"180,03",PIX,Física,167.0,12
1166,2026-07-30,20:15,37,Bermuda Básica,Bermuda,Branca,M,2,197.74,0.0,395.48,Crediário,Física,87.0,15
2829,2026-08-28,18:00,99,Vestido Social,Vestido,Rosa,P,1,135.91,0.0,135.91,Dinheiro,Online,375.0,15
1660,2026-04-17,18:00,6,Acessório X,Acessório,Azul,GG,1,334.07,16.7,317.37,Cartão de Crédito,Online,136.0,8
1083,2026-07-04,18:45,93,Blusa Social,Blusa,Vermelha,GG,4,327.13,196.28,1112.24,PIX,Física,483.0,19
5714,13-08-2026,10:00,93,Blusa Social,Blusa,Vermelha,GG,1,327.13,16.36,310.77,Dinheiro,Online,339.0,5
8533,2026-03-14,10:45,96,Bermuda Casual,Bermuda,Branca,M,1,123.65,0.0,123.65,Cartão de Débito,Física,480.0,22
143,2026-05-05,12:30,104,Vestido Slim,Vestido,Verde,P,3,221.73,66.52,598.67,Cartão de Débito,Física,401.0,12
2188,2026-06-20,16:45,106,Vestido Premium,Vestido,Cinza,G,3,201.43,60.43,543.86,Cartão de Crédito,Online,,8
956,2026-07-02,09:30,68,Jaqueta Premium,Jaqueta,Vermelha,G,2,65.29,19.59,110.99,PIX,Online,413.0,2
6981,2026-03-25,13:45,158,Blusa Social,Blusa,Rosa,M,4,185.68,0.0,742.72,PIX,Online,105.0,20
4128,2026-07-11,13:00,108,Bermuda Social,Bermuda,Vermelha,P,2,179.79,17.98,341.6,Cartão de Débito,Online,354.0,15
7148,05/07/26,16:15,120,Vestido Premium,Vestido,Rosa,GG,4,304.25,0.0,1217.0,Cartão de Crédito,Online,,5
2885,2026-03-15,09:45,99,Vestido Social,Vestido,Rosa,P,4,135.91,27.18,516.46,Crediário,Física,209.0,3
8002,2026-09-24,09:45,118,Camiseta Esporte,Camiseta,Azul,M,1,214.08,0.0,214.08,PIX,Física,463.0,11
5733,2026-08-09,09:45,40,Bermuda Esporte,Bermuda,Azul,G,3,78.7,0.0,236.1,Dinheiro,Física,325.0,7
8488,2026-03-20,12:00,84,Jaqueta Básica,Jaqueta,Verde,P,2,313.9,31.39,596.41,Cartão de Crédito,Física,448.0,18
5040,05/04/2026,18:30,51,Jaqueta Slim,Jaqueta,Verde,M,2,118.56,35.57,201.55,Cartão de Crédito,Online,121.0,17
7549,2026-04-14,12:00,65,Jaqueta Social,Jaqueta,Cinza,GG,3,77.68,34.96,198.08,Cartão de Crédito,Física,144.0,19
5640,2026-07-09,17:30,180,Acessório X,Acessório,Cinza,G,3,73.69,0.0,221.07,cartao credito,Física,195.0,15
2059,2026-04-21,18:45,21,Jaqueta Casual,Jaqueta,Cinza,G,4,186.68,0.0,746.72,Cartão De Débito,Online,34.0,19
3256,2026-07-25,09:30,132,Acessório Básica,Acessório,Branca,P,3,296.32,0.0,888.96,Dinheiro,Online,277.0,6
6433,2026-09-09,18:30,10,Jaqueta Casual,Jaqueta,Cinza,GG,3,338.29,0.0,1014.87,Cartão de Débito,Online,233.0,7
8020,2026-07-21,14:15,175,Calça Social,Calça,Rosa,P,1,90.45,0.0,90.45,PIX,Online,448.0,14
6389,2026-04-28,12:00,115,Jaqueta Social,Jaqueta,Preta,GG,2,278.18,0.0,556.36,Dinheiro,Física,370.0,4
7722,2026-07-07,14:15,21,Jaqueta Casual,Jaqueta,Cinza,G,3,186.68,0.0,560.04,Cartão de Crédito,Online,259.0,25
1376,2026-07-31,20:15,154,Acessório Esporte,Acessório,Azul,M,2,140.03,0.0,280.06,Dinheiro,Online,314.0,8
6387,2026-09-12,13:45,165,Blusa Casual,Blusa,Rosa,GG,4,156.99,31.4,596.56,Cartão de Débito,Física,,2
6986,2026-04-30,15:45,39,Calça Social,Calça,Vermelha,GG,3,327.41,49.11,933.12,Cartão de Débito,Online,209.0,19
2841,2026-06-09,14:00,24,Blusa X,Blusa,Cinza,GG,3,80.81,36.36,"206,07",Cartão de Crédito,Física,120.0,24
5980,2026-04-10,18:15,153,Vestido Básica,Vestido,Preta,G,2,129.37,0.0,"258,74",Cartão de Crédito,Online,36.0,2
8711,2026-07-26,18:45,122,Bermuda Casual,Bermuda,Rosa,GG,-2,286.85,0.0,860.55,Cartão de Débito,Física,399.0,21
6513,2026-04-09,13:45,48,Camiseta Esporte,Camiseta,Preta,G,2,170.37,0.0,340.74,Cartão de Crédito,Física,377.0,22
6431,2026-04-25,11:30,145,Bermuda Esporte,Bermuda,Cinza,G,4,144.91,86.95,492.69,Cartão de Débito,Física,302.0,4
1039,2026-03-11,16:30,64,Camiseta Básica,Camiseta,Rosa,M,3,108.86,0.0,326.58,Cartão de Crédito,Física,231.0,5
4167,2026-07-02,16:30,9,Jaqueta Social,Jaqueta,Rosa,G,1,97.54,14.63,82.91,Dinheiro,Online,386.0,19
5224,2026-06-27,15:15,164,Blusa X,Blusa,Cinza,G,3,193.36,29.0,551.08,Cartão de Crédito,Online,392.0,5
8654,2026-06-02,12:30,151,Blusa Casual,Blusa,Preta,P,3,121.09,18.16,345.11,Cartão de Débito,Online,59.0,12
3253,2026-03-26,19:30,19,Blusa Casual,Blusa,Preta,M,4,212.08,0.0,848.32,Cartão de Débito,Física,489.0,23
1267,2026-03-13,16:00,153,Vestido Básica,Vestido,Preta,G,2,129.37,0.0,258.74,PIX,Física,545.0,22
8473,2026-06-28,15:00,168,Vestido Casual,Vestido,Azul,M,3,255.66,0.0,766.98,Dinheiro,Física,330.0,22
6258,2026-04-17,12:15,142,Acessório Básica,Acessório,Cinza,G,1,333.62,16.68,316.94,PIX,Física,590.0,8
3949,2026-04-29, 13:15 ,126,Vestido Slim,Vestido,Vermelha,M,1,262.43,26.24,236.19,Crediário,Online,508.0,12
3887,2026-03-04,21:00,56,Bermuda Casual,Bermuda,Verde,P,2,269.73,26.97,512.49,Dinheiro,Física,91.0,1
156,2026-07-10,09:00,35,Jaqueta Premium,Jaqueta,Preta,P,1,289.59,43.44,246.15,Cartão de Débito,Online,215.0,19
8710,2026-05-05,13:30,131,Vestido Básica,Vestido,Vermelha,M,4,38.91,0.0,155.64,Cartão de Débito,Online,262.0,14
7767,2026-05-01,10:30,48,Camiseta Esporte,Camiseta,Preta,G,2,170.37,34.07,306.67,Cartão de Débito,Física,380.0,5
7756,2026-05-02,09:30,133,Calça Social,Calça,Rosa,G,4,39.8,15.92,143.28,PIX,Física,575.0,4
3063,2026-06-26,13:15  ,15,Blusa Social,Blusa,Azul,M,2,303.57,91.07,516.07,Cartão de Débito,Online,507.0,20
4792,2026-04-04,15:30,116,Blusa Casual,Blusa,Azul,G,3,332.71,0.0,998.13,Cartão de Crédito,Física,63.0,10
1421,2026-04-20,11:15,121,Vestido Casual,Vestido,Verde,G,2,101.83,0.0,203.66,Cartão de Débito,Física,179.0,19
134,2026-07-02,13:00,157,Blusa Social,Blusa,Rosa,GG,2,325.37,97.61,553.13,Cartão de Débito,Online,15.0,5
3289,05/05/26,12:45,5,Jaqueta Slim,Jaqueta,Branca,GG,4,87.47,0.0,349.88,Cartão de Débito,Online,563.0,3
8330,2026-05-30,09:15,174,Jaqueta Casual,Jaqueta,Preta,GG,3,214.83,0.0,644.49,PIX,Física,170.0,24
7380,2026-09-11,10:45,66,Bermuda X,Bermuda,Branca,G,4,98.66,0.0,394.64,PIX,Física,129.0,3
2902,2026-06-18,20:45,58,Acessório Básica,Acessório,Cinza,P,2,304.84,0.0,"R$ 609,68",Cartão de Crédito,Online,118.0,4
3652,2026-04-15,16:45,109,Camiseta Básica,Camiseta,Cinza,P,2,128.12,0.0,256.24,Dinheiro,Física,410.0,25
7360,2026-04-11,20:30,56,Bermuda Casual,Bermuda,Verde,P,2,269.73,0.0,539.46,Crediário,Física,172.0,5
6446,2026-08-16,18:30,120,Vestido Premium,Vestido,Rosa,GG,3,304.25,45.64,867.11,Cartão de Débito,Física,515.0,21
267,2026-06-06,20:15,15,Blusa Social,Blusa,Azul,M,4,303.57,182.14,1032.14,Cartão de Crédito,Online,524.0,19
4262,2026-06-18,19:00,11,Calça Básica,Calça,Vermelha,G,4,297.24,118.9,1070.06,Cartão de Débito,Online,161.0,7
7035,2026-06-07,16:15,171,Acessório X,Acessório,Verde,G,4,85.73,0.0,342.92,PIX,Online,416.0,6
434,04/08/2026,19:15,25,Blusa Social,Blusa,Rosa,M,3,285.55,0.0,856.65,Cartão de Crédito,Online,151.0,19
8312,2026-06-01,17:15,2,Camiseta Básica,Camiseta,Cinza,P,1,57.67,0.0,"57,67",Cartão de Crédito,Física,70.0,23
6911,2026-04-13,17:15,52,Vestido Casual,Vestido,Rosa,GG,2,235.08,0.0,470.16,Cartão de Débito,Física,167.0,5
5706,2026-06-22,18:00,40,Bermuda Esporte,Bermuda,Azul,G,1,78.7,0.0,78.7,Crediário,Online,385.0,1
7773,2026-05-02,16:00,175,Calça Social,Calça,Rosa,P,2,90.45,9.04,"R$ 171,86",Cartão de Débito,Online,180.0,23
7679,2026-06-04,18:00,47,Vestido Premium,Vestido,Cinza,G,1,115.65,0.0,115.65,Dinheiro,Online,228.0,2
